E:\IMG\center_2025_12_05_11_40_58_783.jpg,E:\IMG\left_2025_12_05_11_40_58_783.jpg,E:\IMG\right_2025_12_05_11_40_58_783.jpg,0,0,0,4.187707E-06
E:\IMG\center_2025_12_05_11_40_58_870.jpg,E:\IMG\left_2025_12_05_11_40_58_870.jpg,E:\IMG\right_2025_12_05_11_40_58_870.jpg,0,0,0,8.848044E-06
E:\IMG\center_2025_12_05_11_40_58_939.jpg,E:\IMG\left_2025_12_05_11_40_58_939.jpg,E:\IMG\right_2025_12_05_11_40_58_939.jpg,0,0,0,2.08858E-05
E:\IMG\center_2025_12_05_11_40_59_030.jpg,E:\IMG\left_2025_12_05_11_40_59_030.jpg,E:\IMG\right_2025_12_05_11_40_59_030.jpg,0,0,0,1.636297E-05
E:\IMG\center_2025_12_05_11_40_59_099.jpg,E:\IMG\left_2025_12_05_11_40_59_099.jpg,E:\IMG\right_2025_12_05_11_40_59_099.jpg,0,0,0,3.198497E-06
E:\IMG\center_2025_12_05_11_40_59_167.jpg,E:\IMG\left_2025_12_05_11_40_59_167.jpg,E:\IMG\right_2025_12_05_11_40_59_167.jpg,0,0,0,9.256476E-06
E:\IMG\center_2025_12_05_11_40_59_236.jpg,E:\IMG\left_2025_12_05_11_40_59_236.jpg,E:\IMG\right_2025_12_05_11_40_59_236.jpg,0,0,0,1.878378E-06
E:\IMG\center_2025_12_05_11_40_59_306.jpg,E:\IMG\left_2025_12_05_11_40_59_306.jpg,E:\IMG\right_2025_12_05_11_40_59_306.jpg,0,0,0,6.866319E-06
E:\IMG\center_2025_12_05_11_40_59_397.jpg,E:\IMG\left_2025_12_05_11_40_59_397.jpg,E:\IMG\right_2025_12_05_11_40_59_397.jpg,0,0,0,4.059013E-06
E:\IMG\center_2025_12_05_11_40_59_466.jpg,E:\IMG\left_2025_12_05_11_40_59_466.jpg,E:\IMG\right_2025_12_05_11_40_59_466.jpg,0,0,0,1.16122E-05
E:\IMG\center_2025_12_05_11_40_59_534.jpg,E:\IMG\left_2025_12_05_11_40_59_534.jpg,E:\IMG\right_2025_12_05_11_40_59_534.jpg,0,0,0,2.066038E-05
E:\IMG\center_2025_12_05_11_40_59_626.jpg,E:\IMG\left_2025_12_05_11_40_59_626.jpg,E:\IMG\right_2025_12_05_11_40_59_626.jpg,0,0,0,3.726152E-06
E:\IMG\center_2025_12_05_11_40_59_693.jpg,E:\IMG\left_2025_12_05_11_40_59_693.jpg,E:\IMG\right_2025_12_05_11_40_59_693.jpg,0,0,0,1.718985E-06
E:\IMG\center_2025_12_05_11_40_59_766.jpg,E:\IMG\left_2025_12_05_11_40_59_766.jpg,E:\IMG\right_2025_12_05_11_40_59_766.jpg,0,0,0,1.610263E-05
E:\IMG\center_2025_12_05_11_40_59_856.jpg,E:\IMG\left_2025_12_05_11_40_59_856.jpg,E:\IMG\right_2025_12_05_11_40_59_856.jpg,0,0.0475971,0,0.06999022
E:\IMG\center_2025_12_05_11_40_59_949.jpg,E:\IMG\left_2025_12_05_11_40_59_949.jpg,E:\IMG\right_2025_12_05_11_40_59_949.jpg,0,0,0,0.06731458
E:\IMG\center_2025_12_05_11_41_00_033.jpg,E:\IMG\left_2025_12_05_11_41_00_033.jpg,E:\IMG\right_2025_12_05_11_41_00_033.jpg,0,0,0,0.06677449
E:\IMG\center_2025_12_05_11_41_00_103.jpg,E:\IMG\left_2025_12_05_11_41_00_103.jpg,E:\IMG\right_2025_12_05_11_41_00_103.jpg,0,0,0,0.06623869
E:\IMG\center_2025_12_05_11_41_00_171.jpg,E:\IMG\left_2025_12_05_11_41_00_171.jpg,E:\IMG\right_2025_12_05_11_41_00_171.jpg,0,0,0,0.06583975
E:\IMG\center_2025_12_05_11_41_00_240.jpg,E:\IMG\left_2025_12_05_11_41_00_240.jpg,E:\IMG\right_2025_12_05_11_41_00_240.jpg,0,0,0,0.06531158
E:\IMG\center_2025_12_05_11_41_00_308.jpg,E:\IMG\left_2025_12_05_11_41_00_308.jpg,E:\IMG\right_2025_12_05_11_41_00_308.jpg,-0.1,0,0,0.06481239
E:\IMG\center_2025_12_05_11_41_00_379.jpg,E:\IMG\left_2025_12_05_11_41_00_379.jpg,E:\IMG\right_2025_12_05_11_41_00_379.jpg,-0.3,0.2075562,0,0.1777529
E:\IMG\center_2025_12_05_11_41_00_446.jpg,E:\IMG\left_2025_12_05_11_41_00_446.jpg,E:\IMG\right_2025_12_05_11_41_00_446.jpg,-0.45,0.4086054,0,0.4201731
E:\IMG\center_2025_12_05_11_41_00_512.jpg,E:\IMG\left_2025_12_05_11_41_00_512.jpg,E:\IMG\right_2025_12_05_11_41_00_512.jpg,0,0.6103331,0,0.7836137
E:\IMG\center_2025_12_05_11_41_00_585.jpg,E:\IMG\left_2025_12_05_11_41_00_585.jpg,E:\IMG\right_2025_12_05_11_41_00_585.jpg,0,0.396231,0,1.269401
E:\IMG\center_2025_12_05_11_41_00_650.jpg,E:\IMG\left_2025_12_05_11_41_00_650.jpg,E:\IMG\right_2025_12_05_11_41_00_650.jpg,0,0.1941465,0,1.461455
E:\IMG\center_2025_12_05_11_41_00_721.jpg,E:\IMG\left_2025_12_05_11_41_00_721.jpg,E:\IMG\right_2025_12_05_11_41_00_721.jpg,0,0,0,1.503144
E:\IMG\center_2025_12_05_11_41_00_792.jpg,E:\IMG\left_2025_12_05_11_41_00_792.jpg,E:\IMG\right_2025_12_05_11_41_00_792.jpg,0,0.0659667,0,1.489361
E:\IMG\center_2025_12_05_11_41_00_861.jpg,E:\IMG\left_2025_12_05_11_41_00_861.jpg,E:\IMG\right_2025_12_05_11_41_00_861.jpg,0,0.2770734,0,1.664826
E:\IMG\center_2025_12_05_11_41_00_930.jpg,E:\IMG\left_2025_12_05_11_41_00_930.jpg,E:\IMG\right_2025_12_05_11_41_00_930.jpg,0,0.4830552,0,1.970747
E:\IMG\center_2025_12_05_11_41_00_998.jpg,E:\IMG\left_2025_12_05_11_41_00_998.jpg,E:\IMG\right_2025_12_05_11_41_00_998.jpg,0,0.6867902,0,2.512638
E:\IMG\center_2025_12_05_11_41_01_067.jpg,E:\IMG\left_2025_12_05_11_41_01_067.jpg,E:\IMG\right_2025_12_05_11_41_01_067.jpg,-0.15,0.8935715,0,3.117328
E:\IMG\center_2025_12_05_11_41_01_136.jpg,E:\IMG\left_2025_12_05_11_41_01_136.jpg,E:\IMG\right_2025_12_05_11_41_01_136.jpg,-0.35,1,0,4.029223
E:\IMG\center_2025_12_05_11_41_01_211.jpg,E:\IMG\left_2025_12_05_11_41_01_211.jpg,E:\IMG\right_2025_12_05_11_41_01_211.jpg,-0.5000001,0.9186988,0,4.696145
E:\IMG\center_2025_12_05_11_41_01_296.jpg,E:\IMG\left_2025_12_05_11_41_01_296.jpg,E:\IMG\right_2025_12_05_11_41_01_296.jpg,0,0.6642328,0,5.539413
E:\IMG\center_2025_12_05_11_41_01_365.jpg,E:\IMG\left_2025_12_05_11_41_01_365.jpg,E:\IMG\right_2025_12_05_11_41_01_365.jpg,0,0.4531009,0,5.897563
E:\IMG\center_2025_12_05_11_41_01_437.jpg,E:\IMG\left_2025_12_05_11_41_01_437.jpg,E:\IMG\right_2025_12_05_11_41_01_437.jpg,0,0.23923,0,6.14546
E:\IMG\center_2025_12_05_11_41_01_525.jpg,E:\IMG\left_2025_12_05_11_41_01_525.jpg,E:\IMG\right_2025_12_05_11_41_01_525.jpg,-0.15,0,0,6.185353
E:\IMG\center_2025_12_05_11_41_01_595.jpg,E:\IMG\left_2025_12_05_11_41_01_595.jpg,E:\IMG\right_2025_12_05_11_41_01_595.jpg,0,0,0,6.123899
E:\IMG\center_2025_12_05_11_41_01_667.jpg,E:\IMG\left_2025_12_05_11_41_01_667.jpg,E:\IMG\right_2025_12_05_11_41_01_667.jpg,0,0.2158443,0,6.178512
E:\IMG\center_2025_12_05_11_41_01_753.jpg,E:\IMG\left_2025_12_05_11_41_01_753.jpg,E:\IMG\right_2025_12_05_11_41_01_753.jpg,0,0.4770576,0,6.476939
E:\IMG\center_2025_12_05_11_41_01_828.jpg,E:\IMG\left_2025_12_05_11_41_01_828.jpg,E:\IMG\right_2025_12_05_11_41_01_828.jpg,0,0.5411577,0,6.967673
E:\IMG\center_2025_12_05_11_41_01_915.jpg,E:\IMG\left_2025_12_05_11_41_01_915.jpg,E:\IMG\right_2025_12_05_11_41_01_915.jpg,-0.2,0.2813745,0,7.343513
E:\IMG\center_2025_12_05_11_41_01_984.jpg,E:\IMG\left_2025_12_05_11_41_01_984.jpg,E:\IMG\right_2025_12_05_11_41_01_984.jpg,-0.35,0.07352848,0,7.395219
E:\IMG\center_2025_12_05_11_41_02_053.jpg,E:\IMG\left_2025_12_05_11_41_02_053.jpg,E:\IMG\right_2025_12_05_11_41_02_053.jpg,0,0,0,7.325429
E:\IMG\center_2025_12_05_11_41_02_123.jpg,E:\IMG\left_2025_12_05_11_41_02_123.jpg,E:\IMG\right_2025_12_05_11_41_02_123.jpg,0,0,0,7.256449
E:\IMG\center_2025_12_05_11_41_02_214.jpg,E:\IMG\left_2025_12_05_11_41_02_214.jpg,E:\IMG\right_2025_12_05_11_41_02_214.jpg,0,0,0,7.197563
E:\IMG\center_2025_12_05_11_41_02_282.jpg,E:\IMG\left_2025_12_05_11_41_02_282.jpg,E:\IMG\right_2025_12_05_11_41_02_282.jpg,-0.05,0,0,7.139306
E:\IMG\center_2025_12_05_11_41_02_353.jpg,E:\IMG\left_2025_12_05_11_41_02_353.jpg,E:\IMG\right_2025_12_05_11_41_02_353.jpg,-0.2,0,0,7.08803
E:\IMG\center_2025_12_05_11_41_02_443.jpg,E:\IMG\left_2025_12_05_11_41_02_443.jpg,E:\IMG\right_2025_12_05_11_41_02_443.jpg,-0.45,0.07095,0,6.99174
E:\IMG\center_2025_12_05_11_41_02_512.jpg,E:\IMG\left_2025_12_05_11_41_02_512.jpg,E:\IMG\right_2025_12_05_11_41_02_512.jpg,0,0.2777763,0,7.070932
E:\IMG\center_2025_12_05_11_41_02_581.jpg,E:\IMG\left_2025_12_05_11_41_02_581.jpg,E:\IMG\right_2025_12_05_11_41_02_581.jpg,0,0.4846083,0,7.391223
E:\IMG\center_2025_12_05_11_41_02_651.jpg,E:\IMG\left_2025_12_05_11_41_02_651.jpg,E:\IMG\right_2025_12_05_11_41_02_651.jpg,0,0.6928638,0,7.78849
E:\IMG\center_2025_12_05_11_41_02_724.jpg,E:\IMG\left_2025_12_05_11_41_02_724.jpg,E:\IMG\right_2025_12_05_11_41_02_724.jpg,0,0.6159171,0,8.417971
E:\IMG\center_2025_12_05_11_41_02_812.jpg,E:\IMG\left_2025_12_05_11_41_02_812.jpg,E:\IMG\right_2025_12_05_11_41_02_812.jpg,-0.15,0.3508458,0,8.801105
E:\IMG\center_2025_12_05_11_41_02_880.jpg,E:\IMG\left_2025_12_05_11_41_02_880.jpg,E:\IMG\right_2025_12_05_11_41_02_880.jpg,-0.35,0.1505292,0,8.927868
E:\IMG\center_2025_12_05_11_41_02_951.jpg,E:\IMG\left_2025_12_05_11_41_02_951.jpg,E:\IMG\right_2025_12_05_11_41_02_951.jpg,-0.5000001,0,0,8.869352
E:\IMG\center_2025_12_05_11_41_03_020.jpg,E:\IMG\left_2025_12_05_11_41_03_020.jpg,E:\IMG\right_2025_12_05_11_41_03_020.jpg,0,0,0,8.749263
E:\IMG\center_2025_12_05_11_41_03_091.jpg,E:\IMG\left_2025_12_05_11_41_03_091.jpg,E:\IMG\right_2025_12_05_11_41_03_091.jpg,0,0,0,8.691637
E:\IMG\center_2025_12_05_11_41_03_163.jpg,E:\IMG\left_2025_12_05_11_41_03_163.jpg,E:\IMG\right_2025_12_05_11_41_03_163.jpg,0,0.2160387,0,8.725852
E:\IMG\center_2025_12_05_11_41_03_252.jpg,E:\IMG\left_2025_12_05_11_41_03_252.jpg,E:\IMG\right_2025_12_05_11_41_03_252.jpg,0,0.4846977,0,9.008918
E:\IMG\center_2025_12_05_11_41_03_323.jpg,E:\IMG\left_2025_12_05_11_41_03_323.jpg,E:\IMG\right_2025_12_05_11_41_03_323.jpg,-0.1,0.6989012,0,9.511764
E:\IMG\center_2025_12_05_11_41_03_417.jpg,E:\IMG\left_2025_12_05_11_41_03_417.jpg,E:\IMG\right_2025_12_05_11_41_03_417.jpg,-0.35,0.4210556,0,10.02096
E:\IMG\center_2025_12_05_11_41_03_486.jpg,E:\IMG\left_2025_12_05_11_41_03_486.jpg,E:\IMG\right_2025_12_05_11_41_03_486.jpg,-0.5000001,0.2145824,0,10.14195
E:\IMG\center_2025_12_05_11_41_03_557.jpg,E:\IMG\left_2025_12_05_11_41_03_557.jpg,E:\IMG\right_2025_12_05_11_41_03_557.jpg,-0.7,0,0,10.06561
E:\IMG\center_2025_12_05_11_41_03_645.jpg,E:\IMG\left_2025_12_05_11_41_03_645.jpg,E:\IMG\right_2025_12_05_11_41_03_645.jpg,0,0,0,9.888713
E:\IMG\center_2025_12_05_11_41_03_721.jpg,E:\IMG\left_2025_12_05_11_41_03_721.jpg,E:\IMG\right_2025_12_05_11_41_03_721.jpg,0,0,0,9.792603
E:\IMG\center_2025_12_05_11_41_03_787.jpg,E:\IMG\left_2025_12_05_11_41_03_787.jpg,E:\IMG\right_2025_12_05_11_41_03_787.jpg,0,0,0,9.731743
E:\IMG\center_2025_12_05_11_41_03_875.jpg,E:\IMG\left_2025_12_05_11_41_03_875.jpg,E:\IMG\right_2025_12_05_11_41_03_875.jpg,-0.25,0,0,9.61966
E:\IMG\center_2025_12_05_11_41_03_941.jpg,E:\IMG\left_2025_12_05_11_41_03_941.jpg,E:\IMG\right_2025_12_05_11_41_03_941.jpg,-0.4,0.2023113,0,9.619367
E:\IMG\center_2025_12_05_11_41_04_009.jpg,E:\IMG\left_2025_12_05_11_41_04_009.jpg,E:\IMG\right_2025_12_05_11_41_04_009.jpg,-0.5500001,0.4052181,0,9.747107
E:\IMG\center_2025_12_05_11_41_04_080.jpg,E:\IMG\left_2025_12_05_11_41_04_080.jpg,E:\IMG\right_2025_12_05_11_41_04_080.jpg,0,0.6141681,0,10.14104
E:\IMG\center_2025_12_05_11_41_04_168.jpg,E:\IMG\left_2025_12_05_11_41_04_168.jpg,E:\IMG\right_2025_12_05_11_41_04_168.jpg,0,0.7381917,0,10.76651
E:\IMG\center_2025_12_05_11_41_04_259.jpg,E:\IMG\left_2025_12_05_11_41_04_259.jpg,E:\IMG\right_2025_12_05_11_41_04_259.jpg,0,0.4656366,0,11.43372
E:\IMG\center_2025_12_05_11_41_04_326.jpg,E:\IMG\left_2025_12_05_11_41_04_326.jpg,E:\IMG\right_2025_12_05_11_41_04_326.jpg,-0.1,0.2631849,0,11.24327
E:\IMG\center_2025_12_05_11_41_04_415.jpg,E:\IMG\left_2025_12_05_11_41_04_415.jpg,E:\IMG\right_2025_12_05_11_41_04_415.jpg,-0.3,0.001670115,0,11.36501
E:\IMG\center_2025_12_05_11_41_04_483.jpg,E:\IMG\left_2025_12_05_11_41_04_483.jpg,E:\IMG\right_2025_12_05_11_41_04_483.jpg,-0.5000001,0,0,11.2854
E:\IMG\center_2025_12_05_11_41_04_569.jpg,E:\IMG\left_2025_12_05_11_41_04_569.jpg,E:\IMG\right_2025_12_05_11_41_04_569.jpg,0,0,0,11.22033
E:\IMG\center_2025_12_05_11_41_04_636.jpg,E:\IMG\left_2025_12_05_11_41_04_636.jpg,E:\IMG\right_2025_12_05_11_41_04_636.jpg,0,0.0681762,0,11.11836
E:\IMG\center_2025_12_05_11_41_04_703.jpg,E:\IMG\left_2025_12_05_11_41_04_703.jpg,E:\IMG\right_2025_12_05_11_41_04_703.jpg,0,0.2719731,0,11.17484
E:\IMG\center_2025_12_05_11_41_04_789.jpg,E:\IMG\left_2025_12_05_11_41_04_789.jpg,E:\IMG\right_2025_12_05_11_41_04_789.jpg,0,0.5289774,0,11.59951
E:\IMG\center_2025_12_05_11_41_04_858.jpg,E:\IMG\left_2025_12_05_11_41_04_858.jpg,E:\IMG\right_2025_12_05_11_41_04_858.jpg,0,0.6077997,0,11.95397
E:\IMG\center_2025_12_05_11_41_04_947.jpg,E:\IMG\left_2025_12_05_11_41_04_947.jpg,E:\IMG\right_2025_12_05_11_41_04_947.jpg,-0.2,0.3448458,0,12.51635
E:\IMG\center_2025_12_05_11_41_05_031.jpg,E:\IMG\left_2025_12_05_11_41_05_031.jpg,E:\IMG\right_2025_12_05_11_41_05_031.jpg,-0.4,0.08714311,0,12.618
E:\IMG\center_2025_12_05_11_41_05_119.jpg,E:\IMG\left_2025_12_05_11_41_05_119.jpg,E:\IMG\right_2025_12_05_11_41_05_119.jpg,-0.6500001,0,0,12.02672
E:\IMG\center_2025_12_05_11_41_05_187.jpg,E:\IMG\left_2025_12_05_11_41_05_187.jpg,E:\IMG\right_2025_12_05_11_41_05_187.jpg,0,0,0,12.16418
E:\IMG\center_2025_12_05_11_41_05_257.jpg,E:\IMG\left_2025_12_05_11_41_05_257.jpg,E:\IMG\right_2025_12_05_11_41_05_257.jpg,0,0,0,12.1394
E:\IMG\center_2025_12_05_11_41_05_344.jpg,E:\IMG\left_2025_12_05_11_41_05_344.jpg,E:\IMG\right_2025_12_05_11_41_05_344.jpg,-0.1,0,0,12.00425
E:\IMG\center_2025_12_05_11_41_05_412.jpg,E:\IMG\left_2025_12_05_11_41_05_412.jpg,E:\IMG\right_2025_12_05_11_41_05_412.jpg,-0.25,0,0,11.69596
E:\IMG\center_2025_12_05_11_41_05_482.jpg,E:\IMG\left_2025_12_05_11_41_05_482.jpg,E:\IMG\right_2025_12_05_11_41_05_482.jpg,-0.45,0,0,11.62598
E:\IMG\center_2025_12_05_11_41_05_562.jpg,E:\IMG\left_2025_12_05_11_41_05_562.jpg,E:\IMG\right_2025_12_05_11_41_05_562.jpg,0,0,0,11.30294
E:\IMG\center_2025_12_05_11_41_05_652.jpg,E:\IMG\left_2025_12_05_11_41_05_652.jpg,E:\IMG\right_2025_12_05_11_41_05_652.jpg,0,0.1310325,0,11.19908
E:\IMG\center_2025_12_05_11_41_05_738.jpg,E:\IMG\left_2025_12_05_11_41_05_738.jpg,E:\IMG\right_2025_12_05_11_41_05_738.jpg,0,0.3920496,0,11.30892
E:\IMG\center_2025_12_05_11_41_05_827.jpg,E:\IMG\left_2025_12_05_11_41_05_827.jpg,E:\IMG\right_2025_12_05_11_41_05_827.jpg,0,0.6574311,0,11.82773
E:\IMG\center_2025_12_05_11_41_05_900.jpg,E:\IMG\left_2025_12_05_11_41_05_900.jpg,E:\IMG\right_2025_12_05_11_41_05_900.jpg,-0.2,0.5716101,0,12.27657
E:\IMG\center_2025_12_05_11_41_05_980.jpg,E:\IMG\left_2025_12_05_11_41_05_980.jpg,E:\IMG\right_2025_12_05_11_41_05_980.jpg,-0.4,0.3273537,0,12.67375
E:\IMG\center_2025_12_05_11_41_06_048.jpg,E:\IMG\left_2025_12_05_11_41_06_048.jpg,E:\IMG\right_2025_12_05_11_41_06_048.jpg,-0.5500001,0.1228037,0,12.8024
E:\IMG\center_2025_12_05_11_41_06_137.jpg,E:\IMG\left_2025_12_05_11_41_06_137.jpg,E:\IMG\right_2025_12_05_11_41_06_137.jpg,0,0,0,12.55342
E:\IMG\center_2025_12_05_11_41_06_206.jpg,E:\IMG\left_2025_12_05_11_41_06_206.jpg,E:\IMG\right_2025_12_05_11_41_06_206.jpg,0,0,0,12.41959
E:\IMG\center_2025_12_05_11_41_06_295.jpg,E:\IMG\left_2025_12_05_11_41_06_295.jpg,E:\IMG\right_2025_12_05_11_41_06_295.jpg,0,0,0,12.39057
E:\IMG\center_2025_12_05_11_41_06_362.jpg,E:\IMG\left_2025_12_05_11_41_06_362.jpg,E:\IMG\right_2025_12_05_11_41_06_362.jpg,0,0.0605949,0,12.39892
E:\IMG\center_2025_12_05_11_41_06_434.jpg,E:\IMG\left_2025_12_05_11_41_06_434.jpg,E:\IMG\right_2025_12_05_11_41_06_434.jpg,0,0.2771928,0,12.13231
E:\IMG\center_2025_12_05_11_41_06_518.jpg,E:\IMG\left_2025_12_05_11_41_06_518.jpg,E:\IMG\right_2025_12_05_11_41_06_518.jpg,0,0.5239962,0,12.78781
E:\IMG\center_2025_12_05_11_41_06_584.jpg,E:\IMG\left_2025_12_05_11_41_06_584.jpg,E:\IMG\right_2025_12_05_11_41_06_584.jpg,-0.05,0.7296279,0,12.93733
E:\IMG\center_2025_12_05_11_41_06_670.jpg,E:\IMG\left_2025_12_05_11_41_06_670.jpg,E:\IMG\right_2025_12_05_11_41_06_670.jpg,-0.25,0.9844587,0,13.68609
E:\IMG\center_2025_12_05_11_41_06_738.jpg,E:\IMG\left_2025_12_05_11_41_06_738.jpg,E:\IMG\right_2025_12_05_11_41_06_738.jpg,-0.45,0.7771245,0,14.42905
E:\IMG\center_2025_12_05_11_41_06_823.jpg,E:\IMG\left_2025_12_05_11_41_06_823.jpg,E:\IMG\right_2025_12_05_11_41_06_823.jpg,0,0.5239366,0,14.79536
E:\IMG\center_2025_12_05_11_41_06_901.jpg,E:\IMG\left_2025_12_05_11_41_06_901.jpg,E:\IMG\right_2025_12_05_11_41_06_901.jpg,0,0.3027577,0,14.98885
E:\IMG\center_2025_12_05_11_41_06_976.jpg,E:\IMG\left_2025_12_05_11_41_06_976.jpg,E:\IMG\right_2025_12_05_11_41_06_976.jpg,0,0.0693085,0,14.94619
E:\IMG\center_2025_12_05_11_41_07_064.jpg,E:\IMG\left_2025_12_05_11_41_07_064.jpg,E:\IMG\right_2025_12_05_11_41_07_064.jpg,0,0,0,14.82927
E:\IMG\center_2025_12_05_11_41_07_131.jpg,E:\IMG\left_2025_12_05_11_41_07_131.jpg,E:\IMG\right_2025_12_05_11_41_07_131.jpg,-0.05,0.063564,0,14.98151
E:\IMG\center_2025_12_05_11_41_07_217.jpg,E:\IMG\left_2025_12_05_11_41_07_217.jpg,E:\IMG\right_2025_12_05_11_41_07_217.jpg,-0.3,0.3197952,0,14.84061
E:\IMG\center_2025_12_05_11_41_07_286.jpg,E:\IMG\left_2025_12_05_11_41_07_286.jpg,E:\IMG\right_2025_12_05_11_41_07_286.jpg,-0.45,0.5232108,0,15.23886
E:\IMG\center_2025_12_05_11_41_07_370.jpg,E:\IMG\left_2025_12_05_11_41_07_370.jpg,E:\IMG\right_2025_12_05_11_41_07_370.jpg,-0.6500001,0.7818555,0,15.60177
E:\IMG\center_2025_12_05_11_41_07_437.jpg,E:\IMG\left_2025_12_05_11_41_07_437.jpg,E:\IMG\right_2025_12_05_11_41_07_437.jpg,0,0.7172289,0,16.20816
E:\IMG\center_2025_12_05_11_41_07_504.jpg,E:\IMG\left_2025_12_05_11_41_07_504.jpg,E:\IMG\right_2025_12_05_11_41_07_504.jpg,0,0.514789,0,16.40632
E:\IMG\center_2025_12_05_11_41_07_571.jpg,E:\IMG\left_2025_12_05_11_41_07_571.jpg,E:\IMG\right_2025_12_05_11_41_07_571.jpg,0,0.3145147,0,16.70474
E:\IMG\center_2025_12_05_11_41_07_749.jpg,E:\IMG\left_2025_12_05_11_41_07_749.jpg,E:\IMG\right_2025_12_05_11_41_07_749.jpg,-0.45,0,0,16.25222
E:\IMG\center_2025_12_05_11_41_07_925.jpg,E:\IMG\left_2025_12_05_11_41_07_925.jpg,E:\IMG\right_2025_12_05_11_41_07_925.jpg,0,0.3575712,0,16.40147
E:\IMG\center_2025_12_05_11_41_08_017.jpg,E:\IMG\left_2025_12_05_11_41_08_017.jpg,E:\IMG\right_2025_12_05_11_41_08_017.jpg,0,0.6514059,0,16.8431
E:\IMG\center_2025_12_05_11_41_08_112.jpg,E:\IMG\left_2025_12_05_11_41_08_112.jpg,E:\IMG\right_2025_12_05_11_41_08_112.jpg,0,0.9358539,0,17.56777
E:\IMG\center_2025_12_05_11_41_08_199.jpg,E:\IMG\left_2025_12_05_11_41_08_199.jpg,E:\IMG\right_2025_12_05_11_41_08_199.jpg,0,1,0,18.60698
E:\IMG\center_2025_12_05_11_41_08_270.jpg,E:\IMG\left_2025_12_05_11_41_08_270.jpg,E:\IMG\right_2025_12_05_11_41_08_270.jpg,0,1,0,19.22025
E:\IMG\center_2025_12_05_11_41_08_341.jpg,E:\IMG\left_2025_12_05_11_41_08_341.jpg,E:\IMG\right_2025_12_05_11_41_08_341.jpg,0,0.9264859,0,20.03537
E:\IMG\center_2025_12_05_11_41_08_412.jpg,E:\IMG\left_2025_12_05_11_41_08_412.jpg,E:\IMG\right_2025_12_05_11_41_08_412.jpg,0,0.7110064,0,20.51281
E:\IMG\center_2025_12_05_11_41_08_502.jpg,E:\IMG\left_2025_12_05_11_41_08_502.jpg,E:\IMG\right_2025_12_05_11_41_08_502.jpg,0,0.43981,0,21.00035
E:\IMG\center_2025_12_05_11_41_08_573.jpg,E:\IMG\left_2025_12_05_11_41_08_573.jpg,E:\IMG\right_2025_12_05_11_41_08_573.jpg,0,0.2275915,0,21.13826
E:\IMG\center_2025_12_05_11_41_08_661.jpg,E:\IMG\left_2025_12_05_11_41_08_661.jpg,E:\IMG\right_2025_12_05_11_41_08_661.jpg,-0.2,0,0,20.98747
E:\IMG\center_2025_12_05_11_41_08_732.jpg,E:\IMG\left_2025_12_05_11_41_08_732.jpg,E:\IMG\right_2025_12_05_11_41_08_732.jpg,-0.35,0,0,20.82941
E:\IMG\center_2025_12_05_11_41_08_800.jpg,E:\IMG\left_2025_12_05_11_41_08_800.jpg,E:\IMG\right_2025_12_05_11_41_08_800.jpg,0,0,0,20.56361
E:\IMG\center_2025_12_05_11_41_08_866.jpg,E:\IMG\left_2025_12_05_11_41_08_866.jpg,E:\IMG\right_2025_12_05_11_41_08_866.jpg,0,0,0,20.40568
E:\IMG\center_2025_12_05_11_41_08_937.jpg,E:\IMG\left_2025_12_05_11_41_08_937.jpg,E:\IMG\right_2025_12_05_11_41_08_937.jpg,0,0.2119707,0,20.37106
E:\IMG\center_2025_12_05_11_41_09_026.jpg,E:\IMG\left_2025_12_05_11_41_09_026.jpg,E:\IMG\right_2025_12_05_11_41_09_026.jpg,0,0.4793718,0,20.54084
E:\IMG\center_2025_12_05_11_41_09_098.jpg,E:\IMG\left_2025_12_05_11_41_09_098.jpg,E:\IMG\right_2025_12_05_11_41_09_098.jpg,0,0.4131474,0,20.87693
E:\IMG\center_2025_12_05_11_41_09_186.jpg,E:\IMG\left_2025_12_05_11_41_09_186.jpg,E:\IMG\right_2025_12_05_11_41_09_186.jpg,0,0.1491835,0,20.97886
E:\IMG\center_2025_12_05_11_41_09_253.jpg,E:\IMG\left_2025_12_05_11_41_09_253.jpg,E:\IMG\right_2025_12_05_11_41_09_253.jpg,0,0,0,20.88125
E:\IMG\center_2025_12_05_11_41_09_324.jpg,E:\IMG\left_2025_12_05_11_41_09_324.jpg,E:\IMG\right_2025_12_05_11_41_09_324.jpg,0,0,0,20.71044
E:\IMG\center_2025_12_05_11_41_09_391.jpg,E:\IMG\left_2025_12_05_11_41_09_391.jpg,E:\IMG\right_2025_12_05_11_41_09_391.jpg,0,0,0,20.58459
E:\IMG\center_2025_12_05_11_41_09_481.jpg,E:\IMG\left_2025_12_05_11_41_09_481.jpg,E:\IMG\right_2025_12_05_11_41_09_481.jpg,-0.25,0,0,20.34651
E:\IMG\center_2025_12_05_11_41_09_570.jpg,E:\IMG\left_2025_12_05_11_41_09_570.jpg,E:\IMG\right_2025_12_05_11_41_09_570.jpg,0,0,0,20.12571
E:\IMG\center_2025_12_05_11_41_09_638.jpg,E:\IMG\left_2025_12_05_11_41_09_638.jpg,E:\IMG\right_2025_12_05_11_41_09_638.jpg,0,0.0689964,0,19.95475
E:\IMG\center_2025_12_05_11_41_09_705.jpg,E:\IMG\left_2025_12_05_11_41_09_705.jpg,E:\IMG\right_2025_12_05_11_41_09_705.jpg,0,0.270774,0,19.94749
E:\IMG\center_2025_12_05_11_41_09_776.jpg,E:\IMG\left_2025_12_05_11_41_09_776.jpg,E:\IMG\right_2025_12_05_11_41_09_776.jpg,0,0.4831725,0,20.19907
E:\IMG\center_2025_12_05_11_41_09_843.jpg,E:\IMG\left_2025_12_05_11_41_09_843.jpg,E:\IMG\right_2025_12_05_11_41_09_843.jpg,0,0.4132197,0,20.44392
E:\IMG\center_2025_12_05_11_41_09_913.jpg,E:\IMG\left_2025_12_05_11_41_09_913.jpg,E:\IMG\right_2025_12_05_11_41_09_913.jpg,0,0.2044899,0,20.54279
E:\IMG\center_2025_12_05_11_41_09_985.jpg,E:\IMG\left_2025_12_05_11_41_09_985.jpg,E:\IMG\right_2025_12_05_11_41_09_985.jpg,0,0,0,20.47188
E:\IMG\center_2025_12_05_11_41_10_056.jpg,E:\IMG\left_2025_12_05_11_41_10_056.jpg,E:\IMG\right_2025_12_05_11_41_10_056.jpg,-0.1,0,0,20.30107
E:\IMG\center_2025_12_05_11_41_10_126.jpg,E:\IMG\left_2025_12_05_11_41_10_126.jpg,E:\IMG\right_2025_12_05_11_41_10_126.jpg,-0.25,0,0,20.14873
E:\IMG\center_2025_12_05_11_41_10_196.jpg,E:\IMG\left_2025_12_05_11_41_10_196.jpg,E:\IMG\right_2025_12_05_11_41_10_196.jpg,0,0,0,19.94839
E:\IMG\center_2025_12_05_11_41_10_266.jpg,E:\IMG\left_2025_12_05_11_41_10_266.jpg,E:\IMG\right_2025_12_05_11_41_10_266.jpg,0,0,0,19.81591
E:\IMG\center_2025_12_05_11_41_10_333.jpg,E:\IMG\left_2025_12_05_11_41_10_333.jpg,E:\IMG\right_2025_12_05_11_41_10_333.jpg,0,0.2007474,0,19.77105
E:\IMG\center_2025_12_05_11_41_10_405.jpg,E:\IMG\left_2025_12_05_11_41_10_405.jpg,E:\IMG\right_2025_12_05_11_41_10_405.jpg,0,0.4161573,0,19.90627
E:\IMG\center_2025_12_05_11_41_10_473.jpg,E:\IMG\left_2025_12_05_11_41_10_473.jpg,E:\IMG\right_2025_12_05_11_41_10_473.jpg,0,0.6214518,0,20.16893
E:\IMG\center_2025_12_05_11_41_10_543.jpg,E:\IMG\left_2025_12_05_11_41_10_543.jpg,E:\IMG\right_2025_12_05_11_41_10_543.jpg,0,0.6881412,0,20.71332
E:\IMG\center_2025_12_05_11_41_10_617.jpg,E:\IMG\left_2025_12_05_11_41_10_617.jpg,E:\IMG\right_2025_12_05_11_41_10_617.jpg,-0.1,0.4668854,0,21.06888
E:\IMG\center_2025_12_05_11_41_10_684.jpg,E:\IMG\left_2025_12_05_11_41_10_684.jpg,E:\IMG\right_2025_12_05_11_41_10_684.jpg,-0.25,0.2652147,0,21.18098
E:\IMG\center_2025_12_05_11_41_10_757.jpg,E:\IMG\left_2025_12_05_11_41_10_757.jpg,E:\IMG\right_2025_12_05_11_41_10_757.jpg,0,0.04829246,0,21.08619
E:\IMG\center_2025_12_05_11_41_10_825.jpg,E:\IMG\left_2025_12_05_11_41_10_825.jpg,E:\IMG\right_2025_12_05_11_41_10_825.jpg,0,0,0,20.94724
E:\IMG\center_2025_12_05_11_41_10_897.jpg,E:\IMG\left_2025_12_05_11_41_10_897.jpg,E:\IMG\right_2025_12_05_11_41_10_897.jpg,0,0,0,20.77749
E:\IMG\center_2025_12_05_11_41_10_968.jpg,E:\IMG\left_2025_12_05_11_41_10_968.jpg,E:\IMG\right_2025_12_05_11_41_10_968.jpg,0,0,0,20.6582
E:\IMG\center_2025_12_05_11_41_11_042.jpg,E:\IMG\left_2025_12_05_11_41_11_042.jpg,E:\IMG\right_2025_12_05_11_41_11_042.jpg,0,0.2200023,0,20.59542
E:\IMG\center_2025_12_05_11_41_11_110.jpg,E:\IMG\left_2025_12_05_11_41_11_110.jpg,E:\IMG\right_2025_12_05_11_41_11_110.jpg,0,0.42489,0,20.71115
E:\IMG\center_2025_12_05_11_41_11_182.jpg,E:\IMG\left_2025_12_05_11_41_11_182.jpg,E:\IMG\right_2025_12_05_11_41_11_182.jpg,0,0.4937934,0,21.0669
E:\IMG\center_2025_12_05_11_41_11_253.jpg,E:\IMG\left_2025_12_05_11_41_11_253.jpg,E:\IMG\right_2025_12_05_11_41_11_253.jpg,-0.1,0.2811393,0,21.20155
E:\IMG\center_2025_12_05_11_41_11_323.jpg,E:\IMG\left_2025_12_05_11_41_11_323.jpg,E:\IMG\right_2025_12_05_11_41_11_323.jpg,-0.3,0.06963445,0,21.15914
E:\IMG\center_2025_12_05_11_41_11_397.jpg,E:\IMG\left_2025_12_05_11_41_11_397.jpg,E:\IMG\right_2025_12_05_11_41_11_397.jpg,-0.5000001,0,0,20.89692
E:\IMG\center_2025_12_05_11_41_11_470.jpg,E:\IMG\left_2025_12_05_11_41_11_470.jpg,E:\IMG\right_2025_12_05_11_41_11_470.jpg,0,0,0,20.73313
E:\IMG\center_2025_12_05_11_41_11_538.jpg,E:\IMG\left_2025_12_05_11_41_11_538.jpg,E:\IMG\right_2025_12_05_11_41_11_538.jpg,0,0,0,20.55902
E:\IMG\center_2025_12_05_11_41_11_611.jpg,E:\IMG\left_2025_12_05_11_41_11_611.jpg,E:\IMG\right_2025_12_05_11_41_11_611.jpg,0,0.1390353,0,20.47382
E:\IMG\center_2025_12_05_11_41_11_684.jpg,E:\IMG\left_2025_12_05_11_41_11_684.jpg,E:\IMG\right_2025_12_05_11_41_11_684.jpg,0,0.3567876,0,20.54217
E:\IMG\center_2025_12_05_11_41_11_755.jpg,E:\IMG\left_2025_12_05_11_41_11_755.jpg,E:\IMG\right_2025_12_05_11_41_11_755.jpg,0,0.5720385,0,20.86915
E:\IMG\center_2025_12_05_11_41_11_828.jpg,E:\IMG\left_2025_12_05_11_41_11_828.jpg,E:\IMG\right_2025_12_05_11_41_11_828.jpg,0,0.7879476,0,21.22967
E:\IMG\center_2025_12_05_11_41_11_900.jpg,E:\IMG\left_2025_12_05_11_41_11_900.jpg,E:\IMG\right_2025_12_05_11_41_11_900.jpg,-0.2,0.5685351,0,21.70706
E:\IMG\center_2025_12_05_11_41_11_974.jpg,E:\IMG\left_2025_12_05_11_41_11_974.jpg,E:\IMG\right_2025_12_05_11_41_11_974.jpg,-0.4,0.3463623,0,21.86812
E:\IMG\center_2025_12_05_11_41_12_048.jpg,E:\IMG\left_2025_12_05_11_41_12_048.jpg,E:\IMG\right_2025_12_05_11_41_12_048.jpg,0,0.1259388,0,21.90936
E:\IMG\center_2025_12_05_11_41_12_117.jpg,E:\IMG\left_2025_12_05_11_41_12_117.jpg,E:\IMG\right_2025_12_05_11_41_12_117.jpg,0,0,0,21.78249
E:\IMG\center_2025_12_05_11_41_12_187.jpg,E:\IMG\left_2025_12_05_11_41_12_187.jpg,E:\IMG\right_2025_12_05_11_41_12_187.jpg,0,0,0,21.56025
E:\IMG\center_2025_12_05_11_41_12_261.jpg,E:\IMG\left_2025_12_05_11_41_12_261.jpg,E:\IMG\right_2025_12_05_11_41_12_261.jpg,0,0.0812202,0,21.39077
E:\IMG\center_2025_12_05_11_41_12_330.jpg,E:\IMG\left_2025_12_05_11_41_12_330.jpg,E:\IMG\right_2025_12_05_11_41_12_330.jpg,0,0.2894667,0,21.47593
E:\IMG\center_2025_12_05_11_41_12_403.jpg,E:\IMG\left_2025_12_05_11_41_12_403.jpg,E:\IMG\right_2025_12_05_11_41_12_403.jpg,0,0.5053158,0,21.67645
E:\IMG\center_2025_12_05_11_41_12_477.jpg,E:\IMG\left_2025_12_05_11_41_12_477.jpg,E:\IMG\right_2025_12_05_11_41_12_477.jpg,0,0.7287313,0,22.12449
E:\IMG\center_2025_12_05_11_41_12_552.jpg,E:\IMG\left_2025_12_05_11_41_12_552.jpg,E:\IMG\right_2025_12_05_11_41_12_552.jpg,-0.1,0.8009722,0,22.56709
E:\IMG\center_2025_12_05_11_41_12_623.jpg,E:\IMG\left_2025_12_05_11_41_12_623.jpg,E:\IMG\right_2025_12_05_11_41_12_623.jpg,-0.3,0.584865,0,23.01418
E:\IMG\center_2025_12_05_11_41_12_696.jpg,E:\IMG\left_2025_12_05_11_41_12_696.jpg,E:\IMG\right_2025_12_05_11_41_12_696.jpg,-0.5000001,0.3646344,0,23.16333
E:\IMG\center_2025_12_05_11_41_12_772.jpg,E:\IMG\left_2025_12_05_11_41_12_772.jpg,E:\IMG\right_2025_12_05_11_41_12_772.jpg,0,0.1411453,0,23.1049
E:\IMG\center_2025_12_05_11_41_12_851.jpg,E:\IMG\left_2025_12_05_11_41_12_851.jpg,E:\IMG\right_2025_12_05_11_41_12_851.jpg,0,0,0,22.93493
E:\IMG\center_2025_12_05_11_41_12_944.jpg,E:\IMG\left_2025_12_05_11_41_12_944.jpg,E:\IMG\right_2025_12_05_11_41_12_944.jpg,0,0.1458768,0,22.7338
E:\IMG\center_2025_12_05_11_41_13_017.jpg,E:\IMG\left_2025_12_05_11_41_13_017.jpg,E:\IMG\right_2025_12_05_11_41_13_017.jpg,0,0.365832,0,22.83032
E:\IMG\center_2025_12_05_11_41_13_094.jpg,E:\IMG\left_2025_12_05_11_41_13_094.jpg,E:\IMG\right_2025_12_05_11_41_13_094.jpg,0,0.5942169,0,23.0225
E:\IMG\center_2025_12_05_11_41_13_167.jpg,E:\IMG\left_2025_12_05_11_41_13_167.jpg,E:\IMG\right_2025_12_05_11_41_13_167.jpg,0,0.6724426,0,23.51521
E:\IMG\center_2025_12_05_11_41_13_241.jpg,E:\IMG\left_2025_12_05_11_41_13_241.jpg,E:\IMG\right_2025_12_05_11_41_13_241.jpg,0,0.4514553,0,23.8671
E:\IMG\center_2025_12_05_11_41_13_317.jpg,E:\IMG\left_2025_12_05_11_41_13_317.jpg,E:\IMG\right_2025_12_05_11_41_13_317.jpg,-0.1,0.2264839,0,23.96561
E:\IMG\center_2025_12_05_11_41_13_388.jpg,E:\IMG\left_2025_12_05_11_41_13_388.jpg,E:\IMG\right_2025_12_05_11_41_13_388.jpg,-0.25,0.009463549,0,23.88802
E:\IMG\center_2025_12_05_11_41_13_464.jpg,E:\IMG\left_2025_12_05_11_41_13_464.jpg,E:\IMG\right_2025_12_05_11_41_13_464.jpg,-0.45,0,0,23.59522
E:\IMG\center_2025_12_05_11_41_13_541.jpg,E:\IMG\left_2025_12_05_11_41_13_541.jpg,E:\IMG\right_2025_12_05_11_41_13_541.jpg,0,0,0,23.38639
E:\IMG\center_2025_12_05_11_41_13_609.jpg,E:\IMG\left_2025_12_05_11_41_13_609.jpg,E:\IMG\right_2025_12_05_11_41_13_609.jpg,0,0.069171,0,23.24137
E:\IMG\center_2025_12_05_11_41_13_682.jpg,E:\IMG\left_2025_12_05_11_41_13_682.jpg,E:\IMG\right_2025_12_05_11_41_13_682.jpg,0,0.2903781,0,23.22816
E:\IMG\center_2025_12_05_11_41_13_758.jpg,E:\IMG\left_2025_12_05_11_41_13_758.jpg,E:\IMG\right_2025_12_05_11_41_13_758.jpg,0,0.515682,0,23.46596
E:\IMG\center_2025_12_05_11_41_13_830.jpg,E:\IMG\left_2025_12_05_11_41_13_830.jpg,E:\IMG\right_2025_12_05_11_41_13_830.jpg,0,0.7334325,0,23.77007
E:\IMG\center_2025_12_05_11_41_13_908.jpg,E:\IMG\left_2025_12_05_11_41_13_908.jpg,E:\IMG\right_2025_12_05_11_41_13_908.jpg,0,0.5001861,0,24.19985
E:\IMG\center_2025_12_05_11_41_13_978.jpg,E:\IMG\left_2025_12_05_11_41_13_978.jpg,E:\IMG\right_2025_12_05_11_41_13_978.jpg,0,0.289974,0,24.39385
E:\IMG\center_2025_12_05_11_41_14_050.jpg,E:\IMG\left_2025_12_05_11_41_14_050.jpg,E:\IMG\right_2025_12_05_11_41_14_050.jpg,-0.05,0.07276198,0,24.38302
E:\IMG\center_2025_12_05_11_41_14_124.jpg,E:\IMG\left_2025_12_05_11_41_14_124.jpg,E:\IMG\right_2025_12_05_11_41_14_124.jpg,-0.25,0,0,24.16266
E:\IMG\center_2025_12_05_11_41_14_199.jpg,E:\IMG\left_2025_12_05_11_41_14_199.jpg,E:\IMG\right_2025_12_05_11_41_14_199.jpg,0,0,0,23.89432
E:\IMG\center_2025_12_05_11_41_14_275.jpg,E:\IMG\left_2025_12_05_11_41_14_275.jpg,E:\IMG\right_2025_12_05_11_41_14_275.jpg,0,0,0,23.69485
E:\IMG\center_2025_12_05_11_41_14_347.jpg,E:\IMG\left_2025_12_05_11_41_14_347.jpg,E:\IMG\right_2025_12_05_11_41_14_347.jpg,0,0,0,23.55076
E:\IMG\center_2025_12_05_11_41_14_418.jpg,E:\IMG\left_2025_12_05_11_41_14_418.jpg,E:\IMG\right_2025_12_05_11_41_14_418.jpg,0,0.214677,0,23.46107
E:\IMG\center_2025_12_05_11_41_14_499.jpg,E:\IMG\left_2025_12_05_11_41_14_499.jpg,E:\IMG\right_2025_12_05_11_41_14_499.jpg,0,0.4560306,0,23.61292
E:\IMG\center_2025_12_05_11_41_14_567.jpg,E:\IMG\left_2025_12_05_11_41_14_567.jpg,E:\IMG\right_2025_12_05_11_41_14_567.jpg,0,0.3876783,0,23.82336
E:\IMG\center_2025_12_05_11_41_14_640.jpg,E:\IMG\left_2025_12_05_11_41_14_640.jpg,E:\IMG\right_2025_12_05_11_41_14_640.jpg,0,0.1680573,0,23.90409
E:\IMG\center_2025_12_05_11_41_14_711.jpg,E:\IMG\left_2025_12_05_11_41_14_711.jpg,E:\IMG\right_2025_12_05_11_41_14_711.jpg,-0.15,0,0,23.79321
E:\IMG\center_2025_12_05_11_41_14_786.jpg,E:\IMG\left_2025_12_05_11_41_14_786.jpg,E:\IMG\right_2025_12_05_11_41_14_786.jpg,-0.35,0,0,23.54147
E:\IMG\center_2025_12_05_11_41_14_865.jpg,E:\IMG\left_2025_12_05_11_41_14_865.jpg,E:\IMG\right_2025_12_05_11_41_14_865.jpg,-0.5500001,0,0,23.21808
E:\IMG\center_2025_12_05_11_41_14_938.jpg,E:\IMG\left_2025_12_05_11_41_14_938.jpg,E:\IMG\right_2025_12_05_11_41_14_938.jpg,0,0,0,22.99805
E:\IMG\center_2025_12_05_11_41_15_008.jpg,E:\IMG\left_2025_12_05_11_41_15_008.jpg,E:\IMG\right_2025_12_05_11_41_15_008.jpg,0,0,0,22.85542
E:\IMG\center_2025_12_05_11_41_15_080.jpg,E:\IMG\left_2025_12_05_11_41_15_080.jpg,E:\IMG\right_2025_12_05_11_41_15_080.jpg,0,0,0,22.66934
E:\IMG\center_2025_12_05_11_41_15_154.jpg,E:\IMG\left_2025_12_05_11_41_15_154.jpg,E:\IMG\right_2025_12_05_11_41_15_154.jpg,0,0,0,22.48632
E:\IMG\center_2025_12_05_11_41_15_225.jpg,E:\IMG\left_2025_12_05_11_41_15_225.jpg,E:\IMG\right_2025_12_05_11_41_15_225.jpg,-0.1,0,0,22.34785
E:\IMG\center_2025_12_05_11_41_15_299.jpg,E:\IMG\left_2025_12_05_11_41_15_299.jpg,E:\IMG\right_2025_12_05_11_41_15_299.jpg,-0.3,0,0,22.1273
E:\IMG\center_2025_12_05_11_41_15_371.jpg,E:\IMG\left_2025_12_05_11_41_15_371.jpg,E:\IMG\right_2025_12_05_11_41_15_371.jpg,0,0,0,21.98752
E:\IMG\center_2025_12_05_11_41_15_445.jpg,E:\IMG\left_2025_12_05_11_41_15_445.jpg,E:\IMG\right_2025_12_05_11_41_15_445.jpg,0,0.1448304,0,21.842
E:\IMG\center_2025_12_05_11_41_15_516.jpg,E:\IMG\left_2025_12_05_11_41_15_516.jpg,E:\IMG\right_2025_12_05_11_41_15_516.jpg,0,0.3572418,0,21.94303
E:\IMG\center_2025_12_05_11_41_15_589.jpg,E:\IMG\left_2025_12_05_11_41_15_589.jpg,E:\IMG\right_2025_12_05_11_41_15_589.jpg,0,0.291063,0,22.06356
E:\IMG\center_2025_12_05_11_41_15_663.jpg,E:\IMG\left_2025_12_05_11_41_15_663.jpg,E:\IMG\right_2025_12_05_11_41_15_663.jpg,0,0.06916171,0,22.06564
E:\IMG\center_2025_12_05_11_41_15_737.jpg,E:\IMG\left_2025_12_05_11_41_15_737.jpg,E:\IMG\right_2025_12_05_11_41_15_737.jpg,0,0,0,21.89152
E:\IMG\center_2025_12_05_11_41_15_809.jpg,E:\IMG\left_2025_12_05_11_41_15_809.jpg,E:\IMG\right_2025_12_05_11_41_15_809.jpg,0,0,0,21.77372
E:\IMG\center_2025_12_05_11_41_15_883.jpg,E:\IMG\left_2025_12_05_11_41_15_883.jpg,E:\IMG\right_2025_12_05_11_41_15_883.jpg,0,0,0,21.59775
E:\IMG\center_2025_12_05_11_41_15_955.jpg,E:\IMG\left_2025_12_05_11_41_15_955.jpg,E:\IMG\right_2025_12_05_11_41_15_955.jpg,-0.15,0,0,21.41532
E:\IMG\center_2025_12_05_11_41_16_028.jpg,E:\IMG\left_2025_12_05_11_41_16_028.jpg,E:\IMG\right_2025_12_05_11_41_16_028.jpg,-0.3,0,0,21.23816
E:\IMG\center_2025_12_05_11_41_16_106.jpg,E:\IMG\left_2025_12_05_11_41_16_106.jpg,E:\IMG\right_2025_12_05_11_41_16_106.jpg,0,0,0,21.06166
E:\IMG\center_2025_12_05_11_41_16_175.jpg,E:\IMG\left_2025_12_05_11_41_16_175.jpg,E:\IMG\right_2025_12_05_11_41_16_175.jpg,0,0.1406628,0,20.95796
E:\IMG\center_2025_12_05_11_41_16_248.jpg,E:\IMG\left_2025_12_05_11_41_16_248.jpg,E:\IMG\right_2025_12_05_11_41_16_248.jpg,0,0.3603102,0,21.01229
E:\IMG\center_2025_12_05_11_41_16_320.jpg,E:\IMG\left_2025_12_05_11_41_16_320.jpg,E:\IMG\right_2025_12_05_11_41_16_320.jpg,0,0.5778018,0,21.29988
E:\IMG\center_2025_12_05_11_41_16_393.jpg,E:\IMG\left_2025_12_05_11_41_16_393.jpg,E:\IMG\right_2025_12_05_11_41_16_393.jpg,0,0.3615081,0,21.54119
E:\IMG\center_2025_12_05_11_41_16_466.jpg,E:\IMG\left_2025_12_05_11_41_16_466.jpg,E:\IMG\right_2025_12_05_11_41_16_466.jpg,0,0.1418301,0,21.61459
E:\IMG\center_2025_12_05_11_41_16_538.jpg,E:\IMG\left_2025_12_05_11_41_16_538.jpg,E:\IMG\right_2025_12_05_11_41_16_538.jpg,0,0,0,21.47564
E:\IMG\center_2025_12_05_11_41_16_615.jpg,E:\IMG\left_2025_12_05_11_41_16_615.jpg,E:\IMG\right_2025_12_05_11_41_16_615.jpg,-0.15,0,0,21.29669
E:\IMG\center_2025_12_05_11_41_16_684.jpg,E:\IMG\left_2025_12_05_11_41_16_684.jpg,E:\IMG\right_2025_12_05_11_41_16_684.jpg,-0.3,0,0,21.10425
E:\IMG\center_2025_12_05_11_41_16_757.jpg,E:\IMG\left_2025_12_05_11_41_16_757.jpg,E:\IMG\right_2025_12_05_11_41_16_757.jpg,0,0,0,20.92056
E:\IMG\center_2025_12_05_11_41_16_832.jpg,E:\IMG\left_2025_12_05_11_41_16_832.jpg,E:\IMG\right_2025_12_05_11_41_16_832.jpg,0,0.0739221,0,20.85032
E:\IMG\center_2025_12_05_11_41_16_904.jpg,E:\IMG\left_2025_12_05_11_41_16_904.jpg,E:\IMG\right_2025_12_05_11_41_16_904.jpg,0,0.2929698,0,20.88109
E:\IMG\center_2025_12_05_11_41_16_979.jpg,E:\IMG\left_2025_12_05_11_41_16_979.jpg,E:\IMG\right_2025_12_05_11_41_16_979.jpg,0,0.3548763,0,21.07343
E:\IMG\center_2025_12_05_11_41_17_049.jpg,E:\IMG\left_2025_12_05_11_41_17_049.jpg,E:\IMG\right_2025_12_05_11_41_17_049.jpg,0,0.1443144,0,21.00563
E:\IMG\center_2025_12_05_11_41_17_125.jpg,E:\IMG\left_2025_12_05_11_41_17_125.jpg,E:\IMG\right_2025_12_05_11_41_17_125.jpg,-0.05,0,0,20.8432
E:\IMG\center_2025_12_05_11_41_17_198.jpg,E:\IMG\left_2025_12_05_11_41_17_198.jpg,E:\IMG\right_2025_12_05_11_41_17_198.jpg,-0.25,0,0,20.6043
E:\IMG\center_2025_12_05_11_41_17_277.jpg,E:\IMG\left_2025_12_05_11_41_17_277.jpg,E:\IMG\right_2025_12_05_11_41_17_277.jpg,0,0,0,20.37225
E:\IMG\center_2025_12_05_11_41_17_344.jpg,E:\IMG\left_2025_12_05_11_41_17_344.jpg,E:\IMG\right_2025_12_05_11_41_17_344.jpg,0,0,0,20.5607
E:\IMG\center_2025_12_05_11_41_17_417.jpg,E:\IMG\left_2025_12_05_11_41_17_417.jpg,E:\IMG\right_2025_12_05_11_41_17_417.jpg,0,0,0,20.39915
E:\IMG\center_2025_12_05_11_41_17_500.jpg,E:\IMG\left_2025_12_05_11_41_17_500.jpg,E:\IMG\right_2025_12_05_11_41_17_500.jpg,0,0,0,20.23975
E:\IMG\center_2025_12_05_11_41_17_589.jpg,E:\IMG\left_2025_12_05_11_41_17_589.jpg,E:\IMG\right_2025_12_05_11_41_17_589.jpg,-0.1,0,0,20.07962
E:\IMG\center_2025_12_05_11_41_17_660.jpg,E:\IMG\left_2025_12_05_11_41_17_660.jpg,E:\IMG\right_2025_12_05_11_41_17_660.jpg,-0.3,0,0,19.87624
E:\IMG\center_2025_12_05_11_41_17_735.jpg,E:\IMG\left_2025_12_05_11_41_17_735.jpg,E:\IMG\right_2025_12_05_11_41_17_735.jpg,0,0,0,19.70765
E:\IMG\center_2025_12_05_11_41_17_809.jpg,E:\IMG\left_2025_12_05_11_41_17_809.jpg,E:\IMG\right_2025_12_05_11_41_17_809.jpg,0,0.0666951,0,19.20084
E:\IMG\center_2025_12_05_11_41_17_883.jpg,E:\IMG\left_2025_12_05_11_41_17_883.jpg,E:\IMG\right_2025_12_05_11_41_17_883.jpg,0,0.2866965,0,19.244
E:\IMG\center_2025_12_05_11_41_17_958.jpg,E:\IMG\left_2025_12_05_11_41_17_958.jpg,E:\IMG\right_2025_12_05_11_41_17_958.jpg,0,0.5115879,0,19.56706
E:\IMG\center_2025_12_05_11_41_18_031.jpg,E:\IMG\left_2025_12_05_11_41_18_031.jpg,E:\IMG\right_2025_12_05_11_41_18_031.jpg,0,0.5785295,0,20.13643
E:\IMG\center_2025_12_05_11_41_18_104.jpg,E:\IMG\left_2025_12_05_11_41_18_104.jpg,E:\IMG\right_2025_12_05_11_41_18_104.jpg,0,0.3555672,0,20.439
E:\IMG\center_2025_12_05_11_41_18_189.jpg,E:\IMG\left_2025_12_05_11_41_18_189.jpg,E:\IMG\right_2025_12_05_11_41_18_189.jpg,-0.05,0.1026495,0,20.5107
E:\IMG\center_2025_12_05_11_41_18_257.jpg,E:\IMG\left_2025_12_05_11_41_18_257.jpg,E:\IMG\right_2025_12_05_11_41_18_257.jpg,-0.25,0,0,20.34742
E:\IMG\center_2025_12_05_11_41_18_329.jpg,E:\IMG\left_2025_12_05_11_41_18_329.jpg,E:\IMG\right_2025_12_05_11_41_18_329.jpg,0,0,0,19.85691
E:\IMG\center_2025_12_05_11_41_18_403.jpg,E:\IMG\left_2025_12_05_11_41_18_403.jpg,E:\IMG\right_2025_12_05_11_41_18_403.jpg,0,0,0,19.67687
E:\IMG\center_2025_12_05_11_41_18_478.jpg,E:\IMG\left_2025_12_05_11_41_18_478.jpg,E:\IMG\right_2025_12_05_11_41_18_478.jpg,0,0,0,19.50678
E:\IMG\center_2025_12_05_11_41_18_549.jpg,E:\IMG\left_2025_12_05_11_41_18_549.jpg,E:\IMG\right_2025_12_05_11_41_18_549.jpg,0,0,0,19.7562
E:\IMG\center_2025_12_05_11_41_18_626.jpg,E:\IMG\left_2025_12_05_11_41_18_626.jpg,E:\IMG\right_2025_12_05_11_41_18_626.jpg,-0.2,0,0,19.59267
E:\IMG\center_2025_12_05_11_41_18_700.jpg,E:\IMG\left_2025_12_05_11_41_18_700.jpg,E:\IMG\right_2025_12_05_11_41_18_700.jpg,0,0,0,19.41643
E:\IMG\center_2025_12_05_11_41_18_776.jpg,E:\IMG\left_2025_12_05_11_41_18_776.jpg,E:\IMG\right_2025_12_05_11_41_18_776.jpg,0,0.076491,0,19.28444
E:\IMG\center_2025_12_05_11_41_18_849.jpg,E:\IMG\left_2025_12_05_11_41_18_849.jpg,E:\IMG\right_2025_12_05_11_41_18_849.jpg,0,0.2971407,0,18.89145
E:\IMG\center_2025_12_05_11_41_18_928.jpg,E:\IMG\left_2025_12_05_11_41_18_928.jpg,E:\IMG\right_2025_12_05_11_41_18_928.jpg,0,0.5353485,0,19.1796
E:\IMG\center_2025_12_05_11_41_19_001.jpg,E:\IMG\left_2025_12_05_11_41_19_001.jpg,E:\IMG\right_2025_12_05_11_41_19_001.jpg,0,0.6216909,0,19.70764
E:\IMG\center_2025_12_05_11_41_19_075.jpg,E:\IMG\left_2025_12_05_11_41_19_075.jpg,E:\IMG\right_2025_12_05_11_41_19_075.jpg,0,0.3996401,0,19.98158
E:\IMG\center_2025_12_05_11_41_19_150.jpg,E:\IMG\left_2025_12_05_11_41_19_150.jpg,E:\IMG\right_2025_12_05_11_41_19_150.jpg,0,0.1743869,0,20.3393
E:\IMG\center_2025_12_05_11_41_19_227.jpg,E:\IMG\left_2025_12_05_11_41_19_227.jpg,E:\IMG\right_2025_12_05_11_41_19_227.jpg,-0.1,0,0,20.25736
E:\IMG\center_2025_12_05_11_41_19_301.jpg,E:\IMG\left_2025_12_05_11_41_19_301.jpg,E:\IMG\right_2025_12_05_11_41_19_301.jpg,-0.3,0,0,20.05091
E:\IMG\center_2025_12_05_11_41_19_376.jpg,E:\IMG\left_2025_12_05_11_41_19_376.jpg,E:\IMG\right_2025_12_05_11_41_19_376.jpg,0,0,0,19.85239
E:\IMG\center_2025_12_05_11_41_19_463.jpg,E:\IMG\left_2025_12_05_11_41_19_463.jpg,E:\IMG\right_2025_12_05_11_41_19_463.jpg,0,0,0,19.69371
E:\IMG\center_2025_12_05_11_41_19_550.jpg,E:\IMG\left_2025_12_05_11_41_19_550.jpg,E:\IMG\right_2025_12_05_11_41_19_550.jpg,0,0.2635926,0,19.64447
E:\IMG\center_2025_12_05_11_41_19_628.jpg,E:\IMG\left_2025_12_05_11_41_19_628.jpg,E:\IMG\right_2025_12_05_11_41_19_628.jpg,0,0.4970472,0,19.82432
E:\IMG\center_2025_12_05_11_41_19_714.jpg,E:\IMG\left_2025_12_05_11_41_19_714.jpg,E:\IMG\right_2025_12_05_11_41_19_714.jpg,0,0.2385141,0,20.04564
E:\IMG\center_2025_12_05_11_41_19_781.jpg,E:\IMG\left_2025_12_05_11_41_19_781.jpg,E:\IMG\right_2025_12_05_11_41_19_781.jpg,0,0.03687508,0,20.03569
E:\IMG\center_2025_12_05_11_41_19_856.jpg,E:\IMG\left_2025_12_05_11_41_19_856.jpg,E:\IMG\right_2025_12_05_11_41_19_856.jpg,-0.15,0,0,19.87935
E:\IMG\center_2025_12_05_11_41_19_932.jpg,E:\IMG\left_2025_12_05_11_41_19_932.jpg,E:\IMG\right_2025_12_05_11_41_19_932.jpg,-0.3,0,0,19.37959
E:\IMG\center_2025_12_05_11_41_20_009.jpg,E:\IMG\left_2025_12_05_11_41_20_009.jpg,E:\IMG\right_2025_12_05_11_41_20_009.jpg,0,0,0,19.15348
E:\IMG\center_2025_12_05_11_41_20_084.jpg,E:\IMG\left_2025_12_05_11_41_20_084.jpg,E:\IMG\right_2025_12_05_11_41_20_084.jpg,0,0,0,18.97046
E:\IMG\center_2025_12_05_11_41_20_160.jpg,E:\IMG\left_2025_12_05_11_41_20_160.jpg,E:\IMG\right_2025_12_05_11_41_20_160.jpg,0,0,0,18.79869
E:\IMG\center_2025_12_05_11_41_20_233.jpg,E:\IMG\left_2025_12_05_11_41_20_233.jpg,E:\IMG\right_2025_12_05_11_41_20_233.jpg,0,0.1498143,0,19.14731
E:\IMG\center_2025_12_05_11_41_20_319.jpg,E:\IMG\left_2025_12_05_11_41_20_319.jpg,E:\IMG\right_2025_12_05_11_41_20_319.jpg,0,0.4053615,0,18.94139
E:\IMG\center_2025_12_05_11_41_20_410.jpg,E:\IMG\left_2025_12_05_11_41_20_410.jpg,E:\IMG\right_2025_12_05_11_41_20_410.jpg,0,0.3792778,0,19.26739
E:\IMG\center_2025_12_05_11_41_20_483.jpg,E:\IMG\left_2025_12_05_11_41_20_483.jpg,E:\IMG\right_2025_12_05_11_41_20_483.jpg,0,0.1605327,0,19.34425
E:\IMG\center_2025_12_05_11_41_20_557.jpg,E:\IMG\left_2025_12_05_11_41_20_557.jpg,E:\IMG\right_2025_12_05_11_41_20_557.jpg,-0.1,0,0,19.19922
E:\IMG\center_2025_12_05_11_41_20_629.jpg,E:\IMG\left_2025_12_05_11_41_20_629.jpg,E:\IMG\right_2025_12_05_11_41_20_629.jpg,-0.25,0,0,19.41735
E:\IMG\center_2025_12_05_11_41_20_703.jpg,E:\IMG\left_2025_12_05_11_41_20_703.jpg,E:\IMG\right_2025_12_05_11_41_20_703.jpg,0,0,0,19.26503
E:\IMG\center_2025_12_05_11_41_20_786.jpg,E:\IMG\left_2025_12_05_11_41_20_786.jpg,E:\IMG\right_2025_12_05_11_41_20_786.jpg,0,0,0,19.12477
E:\IMG\center_2025_12_05_11_41_20_853.jpg,E:\IMG\left_2025_12_05_11_41_20_853.jpg,E:\IMG\right_2025_12_05_11_41_20_853.jpg,0,0.0711522,0,18.55284
E:\IMG\center_2025_12_05_11_41_20_923.jpg,E:\IMG\left_2025_12_05_11_41_20_923.jpg,E:\IMG\right_2025_12_05_11_41_20_923.jpg,0,0.2829246,0,18.58663
E:\IMG\center_2025_12_05_11_41_20_998.jpg,E:\IMG\left_2025_12_05_11_41_20_998.jpg,E:\IMG\right_2025_12_05_11_41_20_998.jpg,0,0.5092734,0,18.92948
E:\IMG\center_2025_12_05_11_41_21_070.jpg,E:\IMG\left_2025_12_05_11_41_21_070.jpg,E:\IMG\right_2025_12_05_11_41_21_070.jpg,0,0.2928036,0,19.42091
E:\IMG\center_2025_12_05_11_41_21_142.jpg,E:\IMG\left_2025_12_05_11_41_21_142.jpg,E:\IMG\right_2025_12_05_11_41_21_142.jpg,0,0.07968996,0,19.4644
E:\IMG\center_2025_12_05_11_41_21_216.jpg,E:\IMG\left_2025_12_05_11_41_21_216.jpg,E:\IMG\right_2025_12_05_11_41_21_216.jpg,-0.2,0,0,19.31298
E:\IMG\center_2025_12_05_11_41_21_287.jpg,E:\IMG\left_2025_12_05_11_41_21_287.jpg,E:\IMG\right_2025_12_05_11_41_21_287.jpg,0,0,0,18.77852
E:\IMG\center_2025_12_05_11_41_21_369.jpg,E:\IMG\left_2025_12_05_11_41_21_369.jpg,E:\IMG\right_2025_12_05_11_41_21_369.jpg,0,0,0,18.59292
E:\IMG\center_2025_12_05_11_41_21_438.jpg,E:\IMG\left_2025_12_05_11_41_21_438.jpg,E:\IMG\right_2025_12_05_11_41_21_438.jpg,0,0,0,18.4224
E:\IMG\center_2025_12_05_11_41_21_506.jpg,E:\IMG\left_2025_12_05_11_41_21_506.jpg,E:\IMG\right_2025_12_05_11_41_21_506.jpg,0,0.1450479,0,18.80261
E:\IMG\center_2025_12_05_11_41_21_575.jpg,E:\IMG\left_2025_12_05_11_41_21_575.jpg,E:\IMG\right_2025_12_05_11_41_21_575.jpg,0,0.356586,0,18.89514
E:\IMG\center_2025_12_05_11_41_21_648.jpg,E:\IMG\left_2025_12_05_11_41_21_648.jpg,E:\IMG\right_2025_12_05_11_41_21_648.jpg,0,0.4260852,0,18.78347
E:\IMG\center_2025_12_05_11_41_21_720.jpg,E:\IMG\left_2025_12_05_11_41_21_720.jpg,E:\IMG\right_2025_12_05_11_41_21_720.jpg,0,0.2117778,0,18.90429
E:\IMG\center_2025_12_05_11_41_21_792.jpg,E:\IMG\left_2025_12_05_11_41_21_792.jpg,E:\IMG\right_2025_12_05_11_41_21_792.jpg,0,0,0,19.22228
E:\IMG\center_2025_12_05_11_41_21_864.jpg,E:\IMG\left_2025_12_05_11_41_21_864.jpg,E:\IMG\right_2025_12_05_11_41_21_864.jpg,-0.2,0,0,19.064
E:\IMG\center_2025_12_05_11_41_21_935.jpg,E:\IMG\left_2025_12_05_11_41_21_935.jpg,E:\IMG\right_2025_12_05_11_41_21_935.jpg,0,0,0,18.90243
E:\IMG\center_2025_12_05_11_41_22_014.jpg,E:\IMG\left_2025_12_05_11_41_22_014.jpg,E:\IMG\right_2025_12_05_11_41_22_014.jpg,0,0,0,18.30562
E:\IMG\center_2025_12_05_11_41_22_081.jpg,E:\IMG\left_2025_12_05_11_41_22_081.jpg,E:\IMG\right_2025_12_05_11_41_22_081.jpg,0,0,0,18.14896
E:\IMG\center_2025_12_05_11_41_22_149.jpg,E:\IMG\left_2025_12_05_11_41_22_149.jpg,E:\IMG\right_2025_12_05_11_41_22_149.jpg,0,0.2022378,0,18.57235
E:\IMG\center_2025_12_05_11_41_22_223.jpg,E:\IMG\left_2025_12_05_11_41_22_223.jpg,E:\IMG\right_2025_12_05_11_41_22_223.jpg,0,0.4252824,0,18.69731
E:\IMG\center_2025_12_05_11_41_22_293.jpg,E:\IMG\left_2025_12_05_11_41_22_293.jpg,E:\IMG\right_2025_12_05_11_41_22_293.jpg,0,0.6355603,0,18.64611
E:\IMG\center_2025_12_05_11_41_22_373.jpg,E:\IMG\left_2025_12_05_11_41_22_373.jpg,E:\IMG\right_2025_12_05_11_41_22_373.jpg,0,0.7415103,0,19.27861
E:\IMG\center_2025_12_05_11_41_22_461.jpg,E:\IMG\left_2025_12_05_11_41_22_461.jpg,E:\IMG\right_2025_12_05_11_41_22_461.jpg,-0.05,0.4756887,0,20.02475
E:\IMG\center_2025_12_05_11_41_22_528.jpg,E:\IMG\left_2025_12_05_11_41_22_528.jpg,E:\IMG\right_2025_12_05_11_41_22_528.jpg,-0.2,0.2742417,0,19.90372
E:\IMG\center_2025_12_05_11_41_22_598.jpg,E:\IMG\left_2025_12_05_11_41_22_598.jpg,E:\IMG\right_2025_12_05_11_41_22_598.jpg,0,0.06553894,0,19.86043
E:\IMG\center_2025_12_05_11_41_22_672.jpg,E:\IMG\left_2025_12_05_11_41_22_672.jpg,E:\IMG\right_2025_12_05_11_41_22_672.jpg,0,0,0,20.05963
E:\IMG\center_2025_12_05_11_41_22_740.jpg,E:\IMG\left_2025_12_05_11_41_22_740.jpg,E:\IMG\right_2025_12_05_11_41_22_740.jpg,0,0,0,19.90563
E:\IMG\center_2025_12_05_11_41_22_809.jpg,E:\IMG\left_2025_12_05_11_41_22_809.jpg,E:\IMG\right_2025_12_05_11_41_22_809.jpg,0,0.206097,0,19.5143
E:\IMG\center_2025_12_05_11_41_22_890.jpg,E:\IMG\left_2025_12_05_11_41_22_890.jpg,E:\IMG\right_2025_12_05_11_41_22_890.jpg,0,0.4495551,0,19.71704
E:\IMG\center_2025_12_05_11_41_22_978.jpg,E:\IMG\left_2025_12_05_11_41_22_978.jpg,E:\IMG\right_2025_12_05_11_41_22_978.jpg,0,0.5822142,0,20.47221
E:\IMG\center_2025_12_05_11_41_23_050.jpg,E:\IMG\left_2025_12_05_11_41_23_050.jpg,E:\IMG\right_2025_12_05_11_41_23_050.jpg,0,0.3665448,0,20.49463
E:\IMG\center_2025_12_05_11_41_23_118.jpg,E:\IMG\left_2025_12_05_11_41_23_118.jpg,E:\IMG\right_2025_12_05_11_41_23_118.jpg,-0.1,0.1623543,0,20.5133
E:\IMG\center_2025_12_05_11_41_23_195.jpg,E:\IMG\left_2025_12_05_11_41_23_195.jpg,E:\IMG\right_2025_12_05_11_41_23_195.jpg,-0.3,0,0,20.33647
E:\IMG\center_2025_12_05_11_41_23_283.jpg,E:\IMG\left_2025_12_05_11_41_23_283.jpg,E:\IMG\right_2025_12_05_11_41_23_283.jpg,0,0,0,20.15658
E:\IMG\center_2025_12_05_11_41_23_356.jpg,E:\IMG\left_2025_12_05_11_41_23_356.jpg,E:\IMG\right_2025_12_05_11_41_23_356.jpg,0,0,0,19.98651
E:\IMG\center_2025_12_05_11_41_23_427.jpg,E:\IMG\left_2025_12_05_11_41_23_427.jpg,E:\IMG\right_2025_12_05_11_41_23_427.jpg,0,0.1484811,0,20.22287
E:\IMG\center_2025_12_05_11_41_23_501.jpg,E:\IMG\left_2025_12_05_11_41_23_501.jpg,E:\IMG\right_2025_12_05_11_41_23_501.jpg,0,0.3701793,0,20.29911
E:\IMG\center_2025_12_05_11_41_23_569.jpg,E:\IMG\left_2025_12_05_11_41_23_569.jpg,E:\IMG\right_2025_12_05_11_41_23_569.jpg,0,0.5749008,0,20.27645
E:\IMG\center_2025_12_05_11_41_23_640.jpg,E:\IMG\left_2025_12_05_11_41_23_640.jpg,E:\IMG\right_2025_12_05_11_41_23_640.jpg,0,0.5265245,0,20.7534
E:\IMG\center_2025_12_05_11_41_23_715.jpg,E:\IMG\left_2025_12_05_11_41_23_715.jpg,E:\IMG\right_2025_12_05_11_41_23_715.jpg,0,0.2998091,0,20.95122
E:\IMG\center_2025_12_05_11_41_23_784.jpg,E:\IMG\left_2025_12_05_11_41_23_784.jpg,E:\IMG\right_2025_12_05_11_41_23_784.jpg,0,0.09712914,0,21.19195
E:\IMG\center_2025_12_05_11_41_23_854.jpg,E:\IMG\left_2025_12_05_11_41_23_854.jpg,E:\IMG\right_2025_12_05_11_41_23_854.jpg,-0.15,0,0,21.04777
E:\IMG\center_2025_12_05_11_41_23_927.jpg,E:\IMG\left_2025_12_05_11_41_23_927.jpg,E:\IMG\right_2025_12_05_11_41_23_927.jpg,-0.3,0,0,20.58101
E:\IMG\center_2025_12_05_11_41_23_999.jpg,E:\IMG\left_2025_12_05_11_41_23_999.jpg,E:\IMG\right_2025_12_05_11_41_23_999.jpg,0,0,0,20.37761
E:\IMG\center_2025_12_05_11_41_24_072.jpg,E:\IMG\left_2025_12_05_11_41_24_072.jpg,E:\IMG\right_2025_12_05_11_41_24_072.jpg,0,0,0,20.56833
E:\IMG\center_2025_12_05_11_41_24_145.jpg,E:\IMG\left_2025_12_05_11_41_24_145.jpg,E:\IMG\right_2025_12_05_11_41_24_145.jpg,0,0.2178672,0,20.48468
E:\IMG\center_2025_12_05_11_41_24_219.jpg,E:\IMG\left_2025_12_05_11_41_24_219.jpg,E:\IMG\right_2025_12_05_11_41_24_219.jpg,0,0.4366593,0,20.64801
E:\IMG\center_2025_12_05_11_41_24_288.jpg,E:\IMG\left_2025_12_05_11_41_24_288.jpg,E:\IMG\right_2025_12_05_11_41_24_288.jpg,0,0.3602277,0,20.6132
E:\IMG\center_2025_12_05_11_41_24_361.jpg,E:\IMG\left_2025_12_05_11_41_24_361.jpg,E:\IMG\right_2025_12_05_11_41_24_361.jpg,0,0.1434855,0,20.6707
E:\IMG\center_2025_12_05_11_41_24_432.jpg,E:\IMG\left_2025_12_05_11_41_24_432.jpg,E:\IMG\right_2025_12_05_11_41_24_432.jpg,0,0,0,20.86085
E:\IMG\center_2025_12_05_11_41_24_507.jpg,E:\IMG\left_2025_12_05_11_41_24_507.jpg,E:\IMG\right_2025_12_05_11_41_24_507.jpg,0,0,0,20.69835
E:\IMG\center_2025_12_05_11_41_24_580.jpg,E:\IMG\left_2025_12_05_11_41_24_580.jpg,E:\IMG\right_2025_12_05_11_41_24_580.jpg,0,0,0,20.53605
E:\IMG\center_2025_12_05_11_41_24_650.jpg,E:\IMG\left_2025_12_05_11_41_24_650.jpg,E:\IMG\right_2025_12_05_11_41_24_650.jpg,0,0.2129775,0,20.16909
E:\IMG\center_2025_12_05_11_41_24_721.jpg,E:\IMG\left_2025_12_05_11_41_24_721.jpg,E:\IMG\right_2025_12_05_11_41_24_721.jpg,0,0.4292781,0,20.34177
E:\IMG\center_2025_12_05_11_41_24_792.jpg,E:\IMG\left_2025_12_05_11_41_24_792.jpg,E:\IMG\right_2025_12_05_11_41_24_792.jpg,0,0.6379665,0,20.84212
E:\IMG\center_2025_12_05_11_41_24_863.jpg,E:\IMG\left_2025_12_05_11_41_24_863.jpg,E:\IMG\right_2025_12_05_11_41_24_863.jpg,0,0.8523336,0,21.3627
E:\IMG\center_2025_12_05_11_41_24_935.jpg,E:\IMG\left_2025_12_05_11_41_24_935.jpg,E:\IMG\right_2025_12_05_11_41_24_935.jpg,0,1,0,22.09324
E:\IMG\center_2025_12_05_11_41_25_008.jpg,E:\IMG\left_2025_12_05_11_41_25_008.jpg,E:\IMG\right_2025_12_05_11_41_25_008.jpg,-0.15,0.8550412,0,22.59655
E:\IMG\center_2025_12_05_11_41_25_082.jpg,E:\IMG\left_2025_12_05_11_41_25_082.jpg,E:\IMG\right_2025_12_05_11_41_25_082.jpg,0,0.6355168,0,23.10323
E:\IMG\center_2025_12_05_11_41_25_153.jpg,E:\IMG\left_2025_12_05_11_41_25_153.jpg,E:\IMG\right_2025_12_05_11_41_25_153.jpg,0,0.4200079,0,23.36781
E:\IMG\center_2025_12_05_11_41_25_226.jpg,E:\IMG\left_2025_12_05_11_41_25_226.jpg,E:\IMG\right_2025_12_05_11_41_25_226.jpg,0,0.3436951,0,23.48405
E:\IMG\center_2025_12_05_11_41_25_303.jpg,E:\IMG\left_2025_12_05_11_41_25_303.jpg,E:\IMG\right_2025_12_05_11_41_25_303.jpg,0,0.5769643,0,23.73752
E:\IMG\center_2025_12_05_11_41_25_372.jpg,E:\IMG\left_2025_12_05_11_41_25_372.jpg,E:\IMG\right_2025_12_05_11_41_25_372.jpg,0,0.6414847,0,24.09725
E:\IMG\center_2025_12_05_11_41_25_445.jpg,E:\IMG\left_2025_12_05_11_41_25_445.jpg,E:\IMG\right_2025_12_05_11_41_25_445.jpg,0,0.420992,0,24.42295
E:\IMG\center_2025_12_05_11_41_25_517.jpg,E:\IMG\left_2025_12_05_11_41_25_517.jpg,E:\IMG\right_2025_12_05_11_41_25_517.jpg,0,0.2065016,0,24.50473
E:\IMG\center_2025_12_05_11_41_25_587.jpg,E:\IMG\left_2025_12_05_11_41_25_587.jpg,E:\IMG\right_2025_12_05_11_41_25_587.jpg,0,0,0,24.44151
E:\IMG\center_2025_12_05_11_41_25_661.jpg,E:\IMG\left_2025_12_05_11_41_25_661.jpg,E:\IMG\right_2025_12_05_11_41_25_661.jpg,0,0.0687327,0,24.24148
E:\IMG\center_2025_12_05_11_41_25_736.jpg,E:\IMG\left_2025_12_05_11_41_25_736.jpg,E:\IMG\right_2025_12_05_11_41_25_736.jpg,0,0.2904798,0,24.25166
E:\IMG\center_2025_12_05_11_41_25_811.jpg,E:\IMG\left_2025_12_05_11_41_25_811.jpg,E:\IMG\right_2025_12_05_11_41_25_811.jpg,0,0.5152805,0,24.38288
E:\IMG\center_2025_12_05_11_41_25_884.jpg,E:\IMG\left_2025_12_05_11_41_25_884.jpg,E:\IMG\right_2025_12_05_11_41_25_884.jpg,0,0.7364178,0,24.78397
E:\IMG\center_2025_12_05_11_41_25_958.jpg,E:\IMG\left_2025_12_05_11_41_25_958.jpg,E:\IMG\right_2025_12_05_11_41_25_958.jpg,0,0.9560955,0,25.4282
E:\IMG\center_2025_12_05_11_41_26_034.jpg,E:\IMG\left_2025_12_05_11_41_26_034.jpg,E:\IMG\right_2025_12_05_11_41_26_034.jpg,0,1,0,25.98996
E:\IMG\center_2025_12_05_11_41_26_111.jpg,E:\IMG\left_2025_12_05_11_41_26_111.jpg,E:\IMG\right_2025_12_05_11_41_26_111.jpg,0,0.9250033,0,26.74972
E:\IMG\center_2025_12_05_11_41_26_185.jpg,E:\IMG\left_2025_12_05_11_41_26_185.jpg,E:\IMG\right_2025_12_05_11_41_26_185.jpg,-0.2,0.7008532,0,27.31835
E:\IMG\center_2025_12_05_11_41_26_262.jpg,E:\IMG\left_2025_12_05_11_41_26_262.jpg,E:\IMG\right_2025_12_05_11_41_26_262.jpg,0,0.4727413,0,27.60529
E:\IMG\center_2025_12_05_11_41_26_336.jpg,E:\IMG\left_2025_12_05_11_41_26_336.jpg,E:\IMG\right_2025_12_05_11_41_26_336.jpg,0,0.2518735,0,27.71348
E:\IMG\center_2025_12_05_11_41_26_411.jpg,E:\IMG\left_2025_12_05_11_41_26_411.jpg,E:\IMG\right_2025_12_05_11_41_26_411.jpg,0,0.1788394,0,27.66407
E:\IMG\center_2025_12_05_11_41_26_489.jpg,E:\IMG\left_2025_12_05_11_41_26_489.jpg,E:\IMG\right_2025_12_05_11_41_26_489.jpg,0,0.4103623,0,27.7133
E:\IMG\center_2025_12_05_11_41_26_564.jpg,E:\IMG\left_2025_12_05_11_41_26_564.jpg,E:\IMG\right_2025_12_05_11_41_26_564.jpg,0,0.6362032,0,27.99307
E:\IMG\center_2025_12_05_11_41_26_642.jpg,E:\IMG\left_2025_12_05_11_41_26_642.jpg,E:\IMG\right_2025_12_05_11_41_26_642.jpg,0,0.5587766,0,28.41113
E:\IMG\center_2025_12_05_11_41_26_720.jpg,E:\IMG\left_2025_12_05_11_41_26_720.jpg,E:\IMG\right_2025_12_05_11_41_26_720.jpg,0,0.3231776,0,28.58383
E:\IMG\center_2025_12_05_11_41_26_797.jpg,E:\IMG\left_2025_12_05_11_41_26_797.jpg,E:\IMG\right_2025_12_05_11_41_26_797.jpg,0,0.09071657,0,28.53694
E:\IMG\center_2025_12_05_11_41_26_876.jpg,E:\IMG\left_2025_12_05_11_41_26_876.jpg,E:\IMG\right_2025_12_05_11_41_26_876.jpg,-0.2,0,0,28.30966
E:\IMG\center_2025_12_05_11_41_26_953.jpg,E:\IMG\left_2025_12_05_11_41_26_953.jpg,E:\IMG\right_2025_12_05_11_41_26_953.jpg,0,0,0,28.10063
E:\IMG\center_2025_12_05_11_41_27_031.jpg,E:\IMG\left_2025_12_05_11_41_27_031.jpg,E:\IMG\right_2025_12_05_11_41_27_031.jpg,0,0,0,27.8728
E:\IMG\center_2025_12_05_11_41_27_110.jpg,E:\IMG\left_2025_12_05_11_41_27_110.jpg,E:\IMG\right_2025_12_05_11_41_27_110.jpg,0,0.1613286,0,27.67599
E:\IMG\center_2025_12_05_11_41_27_191.jpg,E:\IMG\left_2025_12_05_11_41_27_191.jpg,E:\IMG\right_2025_12_05_11_41_27_191.jpg,0,0.4028868,0,27.70231
E:\IMG\center_2025_12_05_11_41_27_270.jpg,E:\IMG\left_2025_12_05_11_41_27_270.jpg,E:\IMG\right_2025_12_05_11_41_27_270.jpg,0,0.6387672,0,27.9677
E:\IMG\center_2025_12_05_11_41_27_350.jpg,E:\IMG\left_2025_12_05_11_41_27_350.jpg,E:\IMG\right_2025_12_05_11_41_27_350.jpg,0,0.7255319,0,28.4536
E:\IMG\center_2025_12_05_11_41_27_426.jpg,E:\IMG\left_2025_12_05_11_41_27_426.jpg,E:\IMG\right_2025_12_05_11_41_27_426.jpg,0,0.4943465,0,28.82886
E:\IMG\center_2025_12_05_11_41_27_506.jpg,E:\IMG\left_2025_12_05_11_41_27_506.jpg,E:\IMG\right_2025_12_05_11_41_27_506.jpg,0,0.255116,0,28.96589
E:\IMG\center_2025_12_05_11_41_27_589.jpg,E:\IMG\left_2025_12_05_11_41_27_589.jpg,E:\IMG\right_2025_12_05_11_41_27_589.jpg,-0.1,0.00674063,0,28.86984
E:\IMG\center_2025_12_05_11_41_27_670.jpg,E:\IMG\left_2025_12_05_11_41_27_670.jpg,E:\IMG\right_2025_12_05_11_41_27_670.jpg,0,0,0,28.60287
E:\IMG\center_2025_12_05_11_41_27_750.jpg,E:\IMG\left_2025_12_05_11_41_27_750.jpg,E:\IMG\right_2025_12_05_11_41_27_750.jpg,0,0,0,28.37218
E:\IMG\center_2025_12_05_11_41_27_829.jpg,E:\IMG\left_2025_12_05_11_41_27_829.jpg,E:\IMG\right_2025_12_05_11_41_27_829.jpg,0,0,0,28.14369
E:\IMG\center_2025_12_05_11_41_27_910.jpg,E:\IMG\left_2025_12_05_11_41_27_910.jpg,E:\IMG\right_2025_12_05_11_41_27_910.jpg,0,0.1606848,0,27.94432
E:\IMG\center_2025_12_05_11_41_27_991.jpg,E:\IMG\left_2025_12_05_11_41_27_991.jpg,E:\IMG\right_2025_12_05_11_41_27_991.jpg,0,0.4021716,0,27.96977
E:\IMG\center_2025_12_05_11_41_28_071.jpg,E:\IMG\left_2025_12_05_11_41_28_071.jpg,E:\IMG\right_2025_12_05_11_41_28_071.jpg,0,0.6421183,0,28.23785
E:\IMG\center_2025_12_05_11_41_28_152.jpg,E:\IMG\left_2025_12_05_11_41_28_152.jpg,E:\IMG\right_2025_12_05_11_41_28_152.jpg,0,0.3980584,0,28.54094
E:\IMG\center_2025_12_05_11_41_28_230.jpg,E:\IMG\left_2025_12_05_11_41_28_230.jpg,E:\IMG\right_2025_12_05_11_41_28_230.jpg,0,0.1670824,0,28.60307
E:\IMG\center_2025_12_05_11_41_28_312.jpg,E:\IMG\left_2025_12_05_11_41_28_312.jpg,E:\IMG\right_2025_12_05_11_41_28_312.jpg,0,0,0,28.44045
E:\IMG\center_2025_12_05_11_41_28_392.jpg,E:\IMG\left_2025_12_05_11_41_28_392.jpg,E:\IMG\right_2025_12_05_11_41_28_392.jpg,0,0,0,28.2142
E:\IMG\center_2025_12_05_11_41_28_473.jpg,E:\IMG\left_2025_12_05_11_41_28_473.jpg,E:\IMG\right_2025_12_05_11_41_28_473.jpg,0,0,0,27.98748
E:\IMG\center_2025_12_05_11_41_28_560.jpg,E:\IMG\left_2025_12_05_11_41_28_560.jpg,E:\IMG\right_2025_12_05_11_41_28_560.jpg,0,0.0926256,0,27.7387
E:\IMG\center_2025_12_05_11_41_28_638.jpg,E:\IMG\left_2025_12_05_11_41_28_638.jpg,E:\IMG\right_2025_12_05_11_41_28_638.jpg,0,0.3260715,0,27.73544
E:\IMG\center_2025_12_05_11_41_28_721.jpg,E:\IMG\left_2025_12_05_11_41_28_721.jpg,E:\IMG\right_2025_12_05_11_41_28_721.jpg,0,0.5742744,0,27.96984
E:\IMG\center_2025_12_05_11_41_28_800.jpg,E:\IMG\left_2025_12_05_11_41_28_800.jpg,E:\IMG\right_2025_12_05_11_41_28_800.jpg,0,0.8159862,0,28.4149
E:\IMG\center_2025_12_05_11_41_28_887.jpg,E:\IMG\left_2025_12_05_11_41_28_887.jpg,E:\IMG\right_2025_12_05_11_41_28_887.jpg,0,1,0,29.08815
E:\IMG\center_2025_12_05_11_41_28_964.jpg,E:\IMG\left_2025_12_05_11_41_28_964.jpg,E:\IMG\right_2025_12_05_11_41_28_964.jpg,0,1,0,29.82367
E:\IMG\center_2025_12_05_11_41_29_049.jpg,E:\IMG\left_2025_12_05_11_41_29_049.jpg,E:\IMG\right_2025_12_05_11_41_29_049.jpg,0,0.9160465,0,30.18973
E:\IMG\center_2025_12_05_11_41_29_136.jpg,E:\IMG\left_2025_12_05_11_41_29_136.jpg,E:\IMG\right_2025_12_05_11_41_29_136.jpg,-0.1,0.6548422,0,30.09545
E:\IMG\center_2025_12_05_11_41_29_218.jpg,E:\IMG\left_2025_12_05_11_41_29_218.jpg,E:\IMG\right_2025_12_05_11_41_29_218.jpg,0,0.4095283,0,30.0353
E:\IMG\center_2025_12_05_11_41_29_304.jpg,E:\IMG\left_2025_12_05_11_41_29_304.jpg,E:\IMG\right_2025_12_05_11_41_29_304.jpg,0,0.1477102,0,29.99008
E:\IMG\center_2025_12_05_11_41_29_390.jpg,E:\IMG\left_2025_12_05_11_41_29_390.jpg,E:\IMG\right_2025_12_05_11_41_29_390.jpg,0,0,0,29.79708
E:\IMG\center_2025_12_05_11_41_29_476.jpg,E:\IMG\left_2025_12_05_11_41_29_476.jpg,E:\IMG\right_2025_12_05_11_41_29_476.jpg,0,0.2552451,0,29.66434
E:\IMG\center_2025_12_05_11_41_29_558.jpg,E:\IMG\left_2025_12_05_11_41_29_558.jpg,E:\IMG\right_2025_12_05_11_41_29_558.jpg,0,0.5036547,0,29.79411
E:\IMG\center_2025_12_05_11_41_29_644.jpg,E:\IMG\left_2025_12_05_11_41_29_644.jpg,E:\IMG\right_2025_12_05_11_41_29_644.jpg,0,0.7611927,0,30.1063
E:\IMG\center_2025_12_05_11_41_29_731.jpg,E:\IMG\left_2025_12_05_11_41_29_731.jpg,E:\IMG\right_2025_12_05_11_41_29_731.jpg,0,1,0,30.18117
E:\IMG\center_2025_12_05_11_41_29_814.jpg,E:\IMG\left_2025_12_05_11_41_29_814.jpg,E:\IMG\right_2025_12_05_11_41_29_814.jpg,0,0.8321344,0,30.14408
E:\IMG\center_2025_12_05_11_41_29_899.jpg,E:\IMG\left_2025_12_05_11_41_29_899.jpg,E:\IMG\right_2025_12_05_11_41_29_899.jpg,0,0.5785919,0,30.07689
E:\IMG\center_2025_12_05_11_41_29_980.jpg,E:\IMG\left_2025_12_05_11_41_29_980.jpg,E:\IMG\right_2025_12_05_11_41_29_980.jpg,0,0.3338276,0,30.04221
E:\IMG\center_2025_12_05_11_41_30_067.jpg,E:\IMG\left_2025_12_05_11_41_30_067.jpg,E:\IMG\right_2025_12_05_11_41_30_067.jpg,-0.05,0.07565963,0,29.9514
E:\IMG\center_2025_12_05_11_41_30_151.jpg,E:\IMG\left_2025_12_05_11_41_30_151.jpg,E:\IMG\right_2025_12_05_11_41_30_151.jpg,-0.25,0,0,29.68468
E:\IMG\center_2025_12_05_11_41_30_237.jpg,E:\IMG\left_2025_12_05_11_41_30_237.jpg,E:\IMG\right_2025_12_05_11_41_30_237.jpg,0,0.1544835,0,29.45046
E:\IMG\center_2025_12_05_11_41_30_327.jpg,E:\IMG\left_2025_12_05_11_41_30_327.jpg,E:\IMG\right_2025_12_05_11_41_30_327.jpg,0,0.4249173,0,29.47933
E:\IMG\center_2025_12_05_11_41_30_409.jpg,E:\IMG\left_2025_12_05_11_41_30_409.jpg,E:\IMG\right_2025_12_05_11_41_30_409.jpg,0,0.5084877,0,29.75741
E:\IMG\center_2025_12_05_11_41_30_492.jpg,E:\IMG\left_2025_12_05_11_41_30_492.jpg,E:\IMG\right_2025_12_05_11_41_30_492.jpg,0,0.2594619,0,29.91027
E:\IMG\center_2025_12_05_11_41_30_579.jpg,E:\IMG\left_2025_12_05_11_41_30_579.jpg,E:\IMG\right_2025_12_05_11_41_30_579.jpg,0,0,0,29.75749
E:\IMG\center_2025_12_05_11_41_30_665.jpg,E:\IMG\left_2025_12_05_11_41_30_665.jpg,E:\IMG\right_2025_12_05_11_41_30_665.jpg,0,0,0,29.51924
E:\IMG\center_2025_12_05_11_41_30_755.jpg,E:\IMG\left_2025_12_05_11_41_30_755.jpg,E:\IMG\right_2025_12_05_11_41_30_755.jpg,0,0,0,29.22287
E:\IMG\center_2025_12_05_11_41_30_838.jpg,E:\IMG\left_2025_12_05_11_41_30_838.jpg,E:\IMG\right_2025_12_05_11_41_30_838.jpg,0,0.172905,0,29.06395
E:\IMG\center_2025_12_05_11_41_30_927.jpg,E:\IMG\left_2025_12_05_11_41_30_927.jpg,E:\IMG\right_2025_12_05_11_41_30_927.jpg,0,0.4408209,0,29.11764
E:\IMG\center_2025_12_05_11_41_31_011.jpg,E:\IMG\left_2025_12_05_11_41_31_011.jpg,E:\IMG\right_2025_12_05_11_41_31_011.jpg,0,0.6939744,0,29.42622
E:\IMG\center_2025_12_05_11_41_31_098.jpg,E:\IMG\left_2025_12_05_11_41_31_098.jpg,E:\IMG\right_2025_12_05_11_41_31_098.jpg,-0.1,0.774026,0,30.07711
E:\IMG\center_2025_12_05_11_41_31_185.jpg,E:\IMG\left_2025_12_05_11_41_31_185.jpg,E:\IMG\right_2025_12_05_11_41_31_185.jpg,0,0.5130851,0,30.08596
E:\IMG\center_2025_12_05_11_41_31_267.jpg,E:\IMG\left_2025_12_05_11_41_31_267.jpg,E:\IMG\right_2025_12_05_11_41_31_267.jpg,0,0.266273,0,30.02538
E:\IMG\center_2025_12_05_11_41_31_351.jpg,E:\IMG\left_2025_12_05_11_41_31_351.jpg,E:\IMG\right_2025_12_05_11_41_31_351.jpg,0,0.1838237,0,29.91276
E:\IMG\center_2025_12_05_11_41_31_441.jpg,E:\IMG\left_2025_12_05_11_41_31_441.jpg,E:\IMG\right_2025_12_05_11_41_31_441.jpg,0,0.4538972,0,30.01332
E:\IMG\center_2025_12_05_11_41_31_525.jpg,E:\IMG\left_2025_12_05_11_41_31_525.jpg,E:\IMG\right_2025_12_05_11_41_31_525.jpg,0,0.7043689,0,30.09154
E:\IMG\center_2025_12_05_11_41_31_609.jpg,E:\IMG\left_2025_12_05_11_41_31_609.jpg,E:\IMG\right_2025_12_05_11_41_31_609.jpg,0,0.9582013,0,30.15766
E:\IMG\center_2025_12_05_11_41_31_701.jpg,E:\IMG\left_2025_12_05_11_41_31_701.jpg,E:\IMG\right_2025_12_05_11_41_31_701.jpg,0,1,0,30.19029
E:\IMG\center_2025_12_05_11_41_31_789.jpg,E:\IMG\left_2025_12_05_11_41_31_789.jpg,E:\IMG\right_2025_12_05_11_41_31_789.jpg,0,0.809746,0,30.16247
E:\IMG\center_2025_12_05_11_41_31_867.jpg,E:\IMG\left_2025_12_05_11_41_31_867.jpg,E:\IMG\right_2025_12_05_11_41_31_867.jpg,0,0.577216,0,30.10733
E:\IMG\center_2025_12_05_11_41_31_962.jpg,E:\IMG\left_2025_12_05_11_41_31_962.jpg,E:\IMG\right_2025_12_05_11_41_31_962.jpg,-0.25,0.2935078,0,29.99056
E:\IMG\center_2025_12_05_11_41_32_041.jpg,E:\IMG\left_2025_12_05_11_41_32_041.jpg,E:\IMG\right_2025_12_05_11_41_32_041.jpg,0,0.05435592,0,29.90242
E:\IMG\center_2025_12_05_11_41_32_133.jpg,E:\IMG\left_2025_12_05_11_41_32_133.jpg,E:\IMG\right_2025_12_05_11_41_32_133.jpg,0,0.1870413,0,29.71917
E:\IMG\center_2025_12_05_11_41_32_219.jpg,E:\IMG\left_2025_12_05_11_41_32_219.jpg,E:\IMG\right_2025_12_05_11_41_32_219.jpg,0,0.4434924,0,29.81114
E:\IMG\center_2025_12_05_11_41_32_309.jpg,E:\IMG\left_2025_12_05_11_41_32_309.jpg,E:\IMG\right_2025_12_05_11_41_32_309.jpg,0,0.7138347,0,30.09018
E:\IMG\center_2025_12_05_11_41_32_390.jpg,E:\IMG\left_2025_12_05_11_41_32_390.jpg,E:\IMG\right_2025_12_05_11_41_32_390.jpg,0,0.9563808,0,30.15509
E:\IMG\center_2025_12_05_11_41_32_477.jpg,E:\IMG\left_2025_12_05_11_41_32_477.jpg,E:\IMG\right_2025_12_05_11_41_32_477.jpg,0,0.6951513,0,30.11007
E:\IMG\center_2025_12_05_11_41_32_568.jpg,E:\IMG\left_2025_12_05_11_41_32_568.jpg,E:\IMG\right_2025_12_05_11_41_32_568.jpg,0,0.4214052,0,30.07092
E:\IMG\center_2025_12_05_11_41_32_649.jpg,E:\IMG\left_2025_12_05_11_41_32_649.jpg,E:\IMG\right_2025_12_05_11_41_32_649.jpg,-0.15,0.1775343,0,29.99456
E:\IMG\center_2025_12_05_11_41_32_736.jpg,E:\IMG\left_2025_12_05_11_41_32_736.jpg,E:\IMG\right_2025_12_05_11_41_32_736.jpg,0,0,0,29.73413
E:\IMG\center_2025_12_05_11_41_32_823.jpg,E:\IMG\left_2025_12_05_11_41_32_823.jpg,E:\IMG\right_2025_12_05_11_41_32_823.jpg,0,0,0,29.49359
E:\IMG\center_2025_12_05_11_41_32_911.jpg,E:\IMG\left_2025_12_05_11_41_32_911.jpg,E:\IMG\right_2025_12_05_11_41_32_911.jpg,0,0.2651346,0,29.3712
E:\IMG\center_2025_12_05_11_41_32_995.jpg,E:\IMG\left_2025_12_05_11_41_32_995.jpg,E:\IMG\right_2025_12_05_11_41_32_995.jpg,0,0.5173953,0,29.56668
E:\IMG\center_2025_12_05_11_41_33_081.jpg,E:\IMG\left_2025_12_05_11_41_33_081.jpg,E:\IMG\right_2025_12_05_11_41_33_081.jpg,0,0.7737135,0,29.97185
E:\IMG\center_2025_12_05_11_41_33_163.jpg,E:\IMG\left_2025_12_05_11_41_33_163.jpg,E:\IMG\right_2025_12_05_11_41_33_163.jpg,0,1,0,30.17526
E:\IMG\center_2025_12_05_11_41_33_231.jpg,E:\IMG\left_2025_12_05_11_41_33_231.jpg,E:\IMG\right_2025_12_05_11_41_33_231.jpg,0,1,0,30.19077
E:\IMG\center_2025_12_05_11_41_33_307.jpg,E:\IMG\left_2025_12_05_11_41_33_307.jpg,E:\IMG\right_2025_12_05_11_41_33_307.jpg,0,0.7688809,0,30.14758
E:\IMG\center_2025_12_05_11_41_33_388.jpg,E:\IMG\left_2025_12_05_11_41_33_388.jpg,E:\IMG\right_2025_12_05_11_41_33_388.jpg,0,0.5261315,0,30.09495
E:\IMG\center_2025_12_05_11_41_33_473.jpg,E:\IMG\left_2025_12_05_11_41_33_473.jpg,E:\IMG\right_2025_12_05_11_41_33_473.jpg,0,0.2702407,0,30.01895
E:\IMG\center_2025_12_05_11_41_33_564.jpg,E:\IMG\left_2025_12_05_11_41_33_564.jpg,E:\IMG\right_2025_12_05_11_41_33_564.jpg,0,0,0,29.85373
E:\IMG\center_2025_12_05_11_41_33_647.jpg,E:\IMG\left_2025_12_05_11_41_33_647.jpg,E:\IMG\right_2025_12_05_11_41_33_647.jpg,0,0,0,29.615
E:\IMG\center_2025_12_05_11_41_33_733.jpg,E:\IMG\left_2025_12_05_11_41_33_733.jpg,E:\IMG\right_2025_12_05_11_41_33_733.jpg,0,0.2583264,0,29.47822
E:\IMG\center_2025_12_05_11_41_33_822.jpg,E:\IMG\left_2025_12_05_11_41_33_822.jpg,E:\IMG\right_2025_12_05_11_41_33_822.jpg,0,0.5244585,0,29.6598
E:\IMG\center_2025_12_05_11_41_33_899.jpg,E:\IMG\left_2025_12_05_11_41_33_899.jpg,E:\IMG\right_2025_12_05_11_41_33_899.jpg,0,0.7545861,0,30.05262
E:\IMG\center_2025_12_05_11_41_33_987.jpg,E:\IMG\left_2025_12_05_11_41_33_987.jpg,E:\IMG\right_2025_12_05_11_41_33_987.jpg,-0.15,0.8385252,0,30.16536
E:\IMG\center_2025_12_05_11_41_34_076.jpg,E:\IMG\left_2025_12_05_11_41_34_076.jpg,E:\IMG\right_2025_12_05_11_41_34_076.jpg,0,0.5728626,0,30.07692
E:\IMG\center_2025_12_05_11_41_34_161.jpg,E:\IMG\left_2025_12_05_11_41_34_161.jpg,E:\IMG\right_2025_12_05_11_41_34_161.jpg,0,0.3139113,0,30.03869
E:\IMG\center_2025_12_05_11_41_34_248.jpg,E:\IMG\left_2025_12_05_11_41_34_248.jpg,E:\IMG\right_2025_12_05_11_41_34_248.jpg,0,0.2330061,0,29.93774
E:\IMG\center_2025_12_05_11_41_34_334.jpg,E:\IMG\left_2025_12_05_11_41_34_334.jpg,E:\IMG\right_2025_12_05_11_41_34_334.jpg,0,0.4917588,0,30.06487
E:\IMG\center_2025_12_05_11_41_34_424.jpg,E:\IMG\left_2025_12_05_11_41_34_424.jpg,E:\IMG\right_2025_12_05_11_41_34_424.jpg,0,0.7608615,0,30.13618
E:\IMG\center_2025_12_05_11_41_34_505.jpg,E:\IMG\left_2025_12_05_11_41_34_505.jpg,E:\IMG\right_2025_12_05_11_41_34_505.jpg,0,1,0,30.16936
E:\IMG\center_2025_12_05_11_41_34_590.jpg,E:\IMG\left_2025_12_05_11_41_34_590.jpg,E:\IMG\right_2025_12_05_11_41_34_590.jpg,0,1,0,30.19001
E:\IMG\center_2025_12_05_11_41_34_677.jpg,E:\IMG\left_2025_12_05_11_41_34_677.jpg,E:\IMG\right_2025_12_05_11_41_34_677.jpg,0,0.827578,0,30.14271
E:\IMG\center_2025_12_05_11_41_34_763.jpg,E:\IMG\left_2025_12_05_11_41_34_763.jpg,E:\IMG\right_2025_12_05_11_41_34_763.jpg,-0.2,0.569923,0,30.0936
E:\IMG\center_2025_12_05_11_41_34_850.jpg,E:\IMG\left_2025_12_05_11_41_34_850.jpg,E:\IMG\right_2025_12_05_11_41_34_850.jpg,0,0.3096076,0,30.04062
E:\IMG\center_2025_12_05_11_41_34_933.jpg,E:\IMG\left_2025_12_05_11_41_34_933.jpg,E:\IMG\right_2025_12_05_11_41_34_933.jpg,0,0.05810316,0,29.94989
E:\IMG\center_2025_12_05_11_41_35_018.jpg,E:\IMG\left_2025_12_05_11_41_35_018.jpg,E:\IMG\right_2025_12_05_11_41_35_018.jpg,0,0.1575873,0,29.72527
E:\IMG\center_2025_12_05_11_41_35_103.jpg,E:\IMG\left_2025_12_05_11_41_35_103.jpg,E:\IMG\right_2025_12_05_11_41_35_103.jpg,0,0.413454,0,29.75368
E:\IMG\center_2025_12_05_11_41_35_191.jpg,E:\IMG\left_2025_12_05_11_41_35_191.jpg,E:\IMG\right_2025_12_05_11_41_35_191.jpg,0,0.6768096,0,30.03705
E:\IMG\center_2025_12_05_11_41_35_277.jpg,E:\IMG\left_2025_12_05_11_41_35_277.jpg,E:\IMG\right_2025_12_05_11_41_35_277.jpg,0,0.9323536,0,30.17654
E:\IMG\center_2025_12_05_11_41_35_363.jpg,E:\IMG\left_2025_12_05_11_41_35_363.jpg,E:\IMG\right_2025_12_05_11_41_35_363.jpg,0,1,0,30.19086
E:\IMG\center_2025_12_05_11_41_35_449.jpg,E:\IMG\left_2025_12_05_11_41_35_449.jpg,E:\IMG\right_2025_12_05_11_41_35_449.jpg,0,1,0,30.19031
E:\IMG\center_2025_12_05_11_41_35_517.jpg,E:\IMG\left_2025_12_05_11_41_35_517.jpg,E:\IMG\right_2025_12_05_11_41_35_517.jpg,0,1,0,30.19023
E:\IMG\center_2025_12_05_11_41_35_594.jpg,E:\IMG\left_2025_12_05_11_41_35_594.jpg,E:\IMG\right_2025_12_05_11_41_35_594.jpg,0,1,0,30.1903
E:\IMG\center_2025_12_05_11_41_35_681.jpg,E:\IMG\left_2025_12_05_11_41_35_681.jpg,E:\IMG\right_2025_12_05_11_41_35_681.jpg,0,1,0,30.19029
E:\IMG\center_2025_12_05_11_41_35_765.jpg,E:\IMG\left_2025_12_05_11_41_35_765.jpg,E:\IMG\right_2025_12_05_11_41_35_765.jpg,0,0.9160327,0,30.19034
E:\IMG\center_2025_12_05_11_41_35_860.jpg,E:\IMG\left_2025_12_05_11_41_35_860.jpg,E:\IMG\right_2025_12_05_11_41_35_860.jpg,-0.25,0.6312954,0,30.071
E:\IMG\center_2025_12_05_11_41_35_935.jpg,E:\IMG\left_2025_12_05_11_41_35_935.jpg,E:\IMG\right_2025_12_05_11_41_35_935.jpg,0,0.4053999,0,30.03352
E:\IMG\center_2025_12_05_11_41_36_029.jpg,E:\IMG\left_2025_12_05_11_41_36_029.jpg,E:\IMG\right_2025_12_05_11_41_36_029.jpg,0,0.5200068,0,30.07423
E:\IMG\center_2025_12_05_11_41_36_103.jpg,E:\IMG\left_2025_12_05_11_41_36_103.jpg,E:\IMG\right_2025_12_05_11_41_36_103.jpg,0,0.7441518,0,30.1028
E:\IMG\center_2025_12_05_11_41_36_187.jpg,E:\IMG\left_2025_12_05_11_41_36_187.jpg,E:\IMG\right_2025_12_05_11_41_36_187.jpg,0,0.9959652,0,30.1703
E:\IMG\center_2025_12_05_11_41_36_270.jpg,E:\IMG\left_2025_12_05_11_41_36_270.jpg,E:\IMG\right_2025_12_05_11_41_36_270.jpg,0,0.7466934,0,30.14067
E:\IMG\center_2025_12_05_11_41_36_353.jpg,E:\IMG\left_2025_12_05_11_41_36_353.jpg,E:\IMG\right_2025_12_05_11_41_36_353.jpg,0,0.4956754,0,30.07252
E:\IMG\center_2025_12_05_11_41_36_448.jpg,E:\IMG\left_2025_12_05_11_41_36_448.jpg,E:\IMG\right_2025_12_05_11_41_36_448.jpg,0,0.2169712,0,29.98625
E:\IMG\center_2025_12_05_11_41_36_532.jpg,E:\IMG\left_2025_12_05_11_41_36_532.jpg,E:\IMG\right_2025_12_05_11_41_36_532.jpg,0,0,0,29.86186
E:\IMG\center_2025_12_05_11_41_36_606.jpg,E:\IMG\left_2025_12_05_11_41_36_606.jpg,E:\IMG\right_2025_12_05_11_41_36_606.jpg,0,0,0,29.61727
E:\IMG\center_2025_12_05_11_41_36_676.jpg,E:\IMG\left_2025_12_05_11_41_36_676.jpg,E:\IMG\right_2025_12_05_11_41_36_676.jpg,0,0,0,29.37898
E:\IMG\center_2025_12_05_11_41_36_750.jpg,E:\IMG\left_2025_12_05_11_41_36_750.jpg,E:\IMG\right_2025_12_05_11_41_36_750.jpg,0,0,0,29.20163
E:\IMG\center_2025_12_05_11_41_36_834.jpg,E:\IMG\left_2025_12_05_11_41_36_834.jpg,E:\IMG\right_2025_12_05_11_41_36_834.jpg,0,0.0773142,0,28.96683
E:\IMG\center_2025_12_05_11_41_36_916.jpg,E:\IMG\left_2025_12_05_11_41_36_916.jpg,E:\IMG\right_2025_12_05_11_41_36_916.jpg,0,0.3287001,0,28.91286
E:\IMG\center_2025_12_05_11_41_37_001.jpg,E:\IMG\left_2025_12_05_11_41_37_001.jpg,E:\IMG\right_2025_12_05_11_41_37_001.jpg,0,0.578139,0,29.14895
E:\IMG\center_2025_12_05_11_41_37_075.jpg,E:\IMG\left_2025_12_05_11_41_37_075.jpg,E:\IMG\right_2025_12_05_11_41_37_075.jpg,0,0.8024094,0,29.60656
E:\IMG\center_2025_12_05_11_41_37_169.jpg,E:\IMG\left_2025_12_05_11_41_37_169.jpg,E:\IMG\right_2025_12_05_11_41_37_169.jpg,0,1,0,30.19027
E:\IMG\center_2025_12_05_11_41_37_254.jpg,E:\IMG\left_2025_12_05_11_41_37_254.jpg,E:\IMG\right_2025_12_05_11_41_37_254.jpg,-0.05,0.7457956,0,30.14037
E:\IMG\center_2025_12_05_11_41_37_340.jpg,E:\IMG\left_2025_12_05_11_41_37_340.jpg,E:\IMG\right_2025_12_05_11_41_37_340.jpg,0,0.4858861,0,30.05725
E:\IMG\center_2025_12_05_11_41_37_420.jpg,E:\IMG\left_2025_12_05_11_41_37_420.jpg,E:\IMG\right_2025_12_05_11_41_37_420.jpg,0,0.246277,0,30.01946
E:\IMG\center_2025_12_05_11_41_37_507.jpg,E:\IMG\left_2025_12_05_11_41_37_507.jpg,E:\IMG\right_2025_12_05_11_41_37_507.jpg,0,0.1498135,0,29.87541
E:\IMG\center_2025_12_05_11_41_37_590.jpg,E:\IMG\left_2025_12_05_11_41_37_590.jpg,E:\IMG\right_2025_12_05_11_41_37_590.jpg,0,0.4007398,0,29.89268
E:\IMG\center_2025_12_05_11_41_37_674.jpg,E:\IMG\left_2025_12_05_11_41_37_674.jpg,E:\IMG\right_2025_12_05_11_41_37_674.jpg,0,0.6506512,0,30.09244
E:\IMG\center_2025_12_05_11_41_37_758.jpg,E:\IMG\left_2025_12_05_11_41_37_758.jpg,E:\IMG\right_2025_12_05_11_41_37_758.jpg,0,0.9064281,0,30.16989
E:\IMG\center_2025_12_05_11_41_37_843.jpg,E:\IMG\left_2025_12_05_11_41_37_843.jpg,E:\IMG\right_2025_12_05_11_41_37_843.jpg,0,0.8230026,0,30.16944
E:\IMG\center_2025_12_05_11_41_37_925.jpg,E:\IMG\left_2025_12_05_11_41_37_925.jpg,E:\IMG\right_2025_12_05_11_41_37_925.jpg,-0.2,0.5770101,0,30.09562
E:\IMG\center_2025_12_05_11_41_38_007.jpg,E:\IMG\left_2025_12_05_11_41_38_007.jpg,E:\IMG\right_2025_12_05_11_41_38_007.jpg,0,0.3286812,0,30.04304
E:\IMG\center_2025_12_05_11_41_38_090.jpg,E:\IMG\left_2025_12_05_11_41_38_090.jpg,E:\IMG\right_2025_12_05_11_41_38_090.jpg,0,0.08073597,0,29.96273
E:\IMG\center_2025_12_05_11_41_38_167.jpg,E:\IMG\left_2025_12_05_11_41_38_167.jpg,E:\IMG\right_2025_12_05_11_41_38_167.jpg,0,0,0,29.7338
E:\IMG\center_2025_12_05_11_41_38_251.jpg,E:\IMG\left_2025_12_05_11_41_38_251.jpg,E:\IMG\right_2025_12_05_11_41_38_251.jpg,0,0.2514597,0,29.5914
E:\IMG\center_2025_12_05_11_41_38_336.jpg,E:\IMG\left_2025_12_05_11_41_38_336.jpg,E:\IMG\right_2025_12_05_11_41_38_336.jpg,0,0.5065705,0,29.76172
E:\IMG\center_2025_12_05_11_41_38_413.jpg,E:\IMG\left_2025_12_05_11_41_38_413.jpg,E:\IMG\right_2025_12_05_11_41_38_413.jpg,0,0.5794591,0,30.01604
E:\IMG\center_2025_12_05_11_41_38_502.jpg,E:\IMG\left_2025_12_05_11_41_38_502.jpg,E:\IMG\right_2025_12_05_11_41_38_502.jpg,-0.25,0.3152329,0,29.99646
E:\IMG\center_2025_12_05_11_41_38_580.jpg,E:\IMG\left_2025_12_05_11_41_38_580.jpg,E:\IMG\right_2025_12_05_11_41_38_580.jpg,0,0.08189408,0,29.90763
E:\IMG\center_2025_12_05_11_41_38_662.jpg,E:\IMG\left_2025_12_05_11_41_38_662.jpg,E:\IMG\right_2025_12_05_11_41_38_662.jpg,0,0,0,29.68235
E:\IMG\center_2025_12_05_11_41_38_740.jpg,E:\IMG\left_2025_12_05_11_41_38_740.jpg,E:\IMG\right_2025_12_05_11_41_38_740.jpg,0,0,0,29.4437
E:\IMG\center_2025_12_05_11_41_38_823.jpg,E:\IMG\left_2025_12_05_11_41_38_823.jpg,E:\IMG\right_2025_12_05_11_41_38_823.jpg,0,0.0806502,0,29.2069
E:\IMG\center_2025_12_05_11_41_38_900.jpg,E:\IMG\left_2025_12_05_11_41_38_900.jpg,E:\IMG\right_2025_12_05_11_41_38_900.jpg,0,0.3123531,0,29.18337
E:\IMG\center_2025_12_05_11_41_38_982.jpg,E:\IMG\left_2025_12_05_11_41_38_982.jpg,E:\IMG\right_2025_12_05_11_41_38_982.jpg,0,0.5582634,0,29.36274
E:\IMG\center_2025_12_05_11_41_39_060.jpg,E:\IMG\left_2025_12_05_11_41_39_060.jpg,E:\IMG\right_2025_12_05_11_41_39_060.jpg,0,0.7949562,0,29.80574
E:\IMG\center_2025_12_05_11_41_39_142.jpg,E:\IMG\left_2025_12_05_11_41_39_142.jpg,E:\IMG\right_2025_12_05_11_41_39_142.jpg,0,1,0,30.19317
E:\IMG\center_2025_12_05_11_41_39_218.jpg,E:\IMG\left_2025_12_05_11_41_39_218.jpg,E:\IMG\right_2025_12_05_11_41_39_218.jpg,0,1,0,30.19035
E:\IMG\center_2025_12_05_11_41_39_298.jpg,E:\IMG\left_2025_12_05_11_41_39_298.jpg,E:\IMG\right_2025_12_05_11_41_39_298.jpg,0,1,0,30.19032
E:\IMG\center_2025_12_05_11_41_39_380.jpg,E:\IMG\left_2025_12_05_11_41_39_380.jpg,E:\IMG\right_2025_12_05_11_41_39_380.jpg,0,1,0,30.1903
E:\IMG\center_2025_12_05_11_41_39_459.jpg,E:\IMG\left_2025_12_05_11_41_39_459.jpg,E:\IMG\right_2025_12_05_11_41_39_459.jpg,0,1,0,30.19028
E:\IMG\center_2025_12_05_11_41_39_538.jpg,E:\IMG\left_2025_12_05_11_41_39_538.jpg,E:\IMG\right_2025_12_05_11_41_39_538.jpg,0,1,0,30.1903
E:\IMG\center_2025_12_05_11_41_39_616.jpg,E:\IMG\left_2025_12_05_11_41_39_616.jpg,E:\IMG\right_2025_12_05_11_41_39_616.jpg,0,1,0,30.1903
E:\IMG\center_2025_12_05_11_41_39_691.jpg,E:\IMG\left_2025_12_05_11_41_39_691.jpg,E:\IMG\right_2025_12_05_11_41_39_691.jpg,0,1,0,30.19016
E:\IMG\center_2025_12_05_11_41_39_771.jpg,E:\IMG\left_2025_12_05_11_41_39_771.jpg,E:\IMG\right_2025_12_05_11_41_39_771.jpg,0,0.9204379,0,30.19031
E:\IMG\center_2025_12_05_11_41_39_844.jpg,E:\IMG\left_2025_12_05_11_41_39_844.jpg,E:\IMG\right_2025_12_05_11_41_39_844.jpg,0,0.6987779,0,30.13325
E:\IMG\center_2025_12_05_11_41_39_921.jpg,E:\IMG\left_2025_12_05_11_41_39_921.jpg,E:\IMG\right_2025_12_05_11_41_39_921.jpg,0,0.4688506,0,30.07727
E:\IMG\center_2025_12_05_11_41_40_002.jpg,E:\IMG\left_2025_12_05_11_41_40_002.jpg,E:\IMG\right_2025_12_05_11_41_40_002.jpg,-0.15,0.2257334,0,29.98299
E:\IMG\center_2025_12_05_11_41_40_077.jpg,E:\IMG\left_2025_12_05_11_41_40_077.jpg,E:\IMG\right_2025_12_05_11_41_40_077.jpg,0,0.001992449,0,29.8344
E:\IMG\center_2025_12_05_11_41_40_151.jpg,E:\IMG\left_2025_12_05_11_41_40_151.jpg,E:\IMG\right_2025_12_05_11_41_40_151.jpg,0,0,0,29.65604
E:\IMG\center_2025_12_05_11_41_40_225.jpg,E:\IMG\left_2025_12_05_11_41_40_225.jpg,E:\IMG\right_2025_12_05_11_41_40_225.jpg,0,0.1438608,0,29.44019
E:\IMG\center_2025_12_05_11_41_40_302.jpg,E:\IMG\left_2025_12_05_11_41_40_302.jpg,E:\IMG\right_2025_12_05_11_41_40_302.jpg,0,0.3750132,0,29.44632
E:\IMG\center_2025_12_05_11_41_40_374.jpg,E:\IMG\left_2025_12_05_11_41_40_374.jpg,E:\IMG\right_2025_12_05_11_41_40_374.jpg,0,0.5901982,0,29.61206
E:\IMG\center_2025_12_05_11_41_40_450.jpg,E:\IMG\left_2025_12_05_11_41_40_450.jpg,E:\IMG\right_2025_12_05_11_41_40_450.jpg,0,0.821397,0,30.05744
E:\IMG\center_2025_12_05_11_41_40_524.jpg,E:\IMG\left_2025_12_05_11_41_40_524.jpg,E:\IMG\right_2025_12_05_11_41_40_524.jpg,0,0.8814936,0,30.17948
E:\IMG\center_2025_12_05_11_41_40_603.jpg,E:\IMG\left_2025_12_05_11_41_40_603.jpg,E:\IMG\right_2025_12_05_11_41_40_603.jpg,-0.05,0.6459106,0,30.12105
E:\IMG\center_2025_12_05_11_41_40_679.jpg,E:\IMG\left_2025_12_05_11_41_40_679.jpg,E:\IMG\right_2025_12_05_11_41_40_679.jpg,-0.25,0.4177027,0,30.02243
E:\IMG\center_2025_12_05_11_41_40_757.jpg,E:\IMG\left_2025_12_05_11_41_40_757.jpg,E:\IMG\right_2025_12_05_11_41_40_757.jpg,0,0.1810822,0,29.97576
E:\IMG\center_2025_12_05_11_41_40_830.jpg,E:\IMG\left_2025_12_05_11_41_40_830.jpg,E:\IMG\right_2025_12_05_11_41_40_830.jpg,0,0,0,29.86311
E:\IMG\center_2025_12_05_11_41_40_907.jpg,E:\IMG\left_2025_12_05_11_41_40_907.jpg,E:\IMG\right_2025_12_05_11_41_40_907.jpg,0,0,0,29.62183
E:\IMG\center_2025_12_05_11_41_40_985.jpg,E:\IMG\left_2025_12_05_11_41_40_985.jpg,E:\IMG\right_2025_12_05_11_41_40_985.jpg,0,0,0,29.3835
E:\IMG\center_2025_12_05_11_41_41_062.jpg,E:\IMG\left_2025_12_05_11_41_41_062.jpg,E:\IMG\right_2025_12_05_11_41_41_062.jpg,0,0,0,29.14721
E:\IMG\center_2025_12_05_11_41_41_135.jpg,E:\IMG\left_2025_12_05_11_41_41_135.jpg,E:\IMG\right_2025_12_05_11_41_41_135.jpg,0,0,0,28.91282
E:\IMG\center_2025_12_05_11_41_41_210.jpg,E:\IMG\left_2025_12_05_11_41_41_210.jpg,E:\IMG\right_2025_12_05_11_41_41_210.jpg,0,0,0,28.73827
E:\IMG\center_2025_12_05_11_41_41_287.jpg,E:\IMG\left_2025_12_05_11_41_41_287.jpg,E:\IMG\right_2025_12_05_11_41_41_287.jpg,0,0.0806736,0,28.5072
E:\IMG\center_2025_12_05_11_41_41_363.jpg,E:\IMG\left_2025_12_05_11_41_41_363.jpg,E:\IMG\right_2025_12_05_11_41_41_363.jpg,0,0.3075114,0,28.46208
E:\IMG\center_2025_12_05_11_41_41_442.jpg,E:\IMG\left_2025_12_05_11_41_41_442.jpg,E:\IMG\right_2025_12_05_11_41_41_442.jpg,0,0.543708,0,28.67167
E:\IMG\center_2025_12_05_11_41_41_514.jpg,E:\IMG\left_2025_12_05_11_41_41_514.jpg,E:\IMG\right_2025_12_05_11_41_41_514.jpg,-0.1,0.7622052,0,29.08636
E:\IMG\center_2025_12_05_11_41_41_591.jpg,E:\IMG\left_2025_12_05_11_41_41_591.jpg,E:\IMG\right_2025_12_05_11_41_41_591.jpg,-0.25,0.835482,0,29.49813
E:\IMG\center_2025_12_05_11_41_41_670.jpg,E:\IMG\left_2025_12_05_11_41_41_670.jpg,E:\IMG\right_2025_12_05_11_41_41_670.jpg,0,0.5962905,0,29.96904
E:\IMG\center_2025_12_05_11_41_41_742.jpg,E:\IMG\left_2025_12_05_11_41_41_742.jpg,E:\IMG\right_2025_12_05_11_41_41_742.jpg,0,0.381333,0,30.05446
E:\IMG\center_2025_12_05_11_41_41_819.jpg,E:\IMG\left_2025_12_05_11_41_41_819.jpg,E:\IMG\right_2025_12_05_11_41_41_819.jpg,0,0.153117,0,29.9628
E:\IMG\center_2025_12_05_11_41_41_894.jpg,E:\IMG\left_2025_12_05_11_41_41_894.jpg,E:\IMG\right_2025_12_05_11_41_41_894.jpg,0,0,0,29.77216
E:\IMG\center_2025_12_05_11_41_41_970.jpg,E:\IMG\left_2025_12_05_11_41_41_970.jpg,E:\IMG\right_2025_12_05_11_41_41_970.jpg,0,0,0,29.59218
E:\IMG\center_2025_12_05_11_41_42_045.jpg,E:\IMG\left_2025_12_05_11_41_42_045.jpg,E:\IMG\right_2025_12_05_11_41_42_045.jpg,0,0.2238972,0,29.43934
E:\IMG\center_2025_12_05_11_41_42_122.jpg,E:\IMG\left_2025_12_05_11_41_42_122.jpg,E:\IMG\right_2025_12_05_11_41_42_122.jpg,0,0.4536837,0,29.53154
E:\IMG\center_2025_12_05_11_41_42_195.jpg,E:\IMG\left_2025_12_05_11_41_42_195.jpg,E:\IMG\right_2025_12_05_11_41_42_195.jpg,0,0.6734385,0,29.86172
E:\IMG\center_2025_12_05_11_41_42_270.jpg,E:\IMG\left_2025_12_05_11_41_42_270.jpg,E:\IMG\right_2025_12_05_11_41_42_270.jpg,0,0.9014133,0,30.14759
E:\IMG\center_2025_12_05_11_41_42_344.jpg,E:\IMG\left_2025_12_05_11_41_42_344.jpg,E:\IMG\right_2025_12_05_11_41_42_344.jpg,0,0.8102412,0,30.16408
E:\IMG\center_2025_12_05_11_41_42_419.jpg,E:\IMG\left_2025_12_05_11_41_42_419.jpg,E:\IMG\right_2025_12_05_11_41_42_419.jpg,0,0.5898798,0,30.08196
E:\IMG\center_2025_12_05_11_41_42_497.jpg,E:\IMG\left_2025_12_05_11_41_42_497.jpg,E:\IMG\right_2025_12_05_11_41_42_497.jpg,0,0.3531462,0,30.02084
E:\IMG\center_2025_12_05_11_41_42_570.jpg,E:\IMG\left_2025_12_05_11_41_42_570.jpg,E:\IMG\right_2025_12_05_11_41_42_570.jpg,-0.1,0.1344399,0,29.98435
E:\IMG\center_2025_12_05_11_41_42_645.jpg,E:\IMG\left_2025_12_05_11_41_42_645.jpg,E:\IMG\right_2025_12_05_11_41_42_645.jpg,-0.3,0,0,29.73683
E:\IMG\center_2025_12_05_11_41_42_725.jpg,E:\IMG\left_2025_12_05_11_41_42_725.jpg,E:\IMG\right_2025_12_05_11_41_42_725.jpg,0,0,0,29.49343
E:\IMG\center_2025_12_05_11_41_42_796.jpg,E:\IMG\left_2025_12_05_11_41_42_796.jpg,E:\IMG\right_2025_12_05_11_41_42_796.jpg,0,0,0,29.25525
E:\IMG\center_2025_12_05_11_41_42_873.jpg,E:\IMG\left_2025_12_05_11_41_42_873.jpg,E:\IMG\right_2025_12_05_11_41_42_873.jpg,0,0,0,29.07842
E:\IMG\center_2025_12_05_11_41_42_948.jpg,E:\IMG\left_2025_12_05_11_41_42_948.jpg,E:\IMG\right_2025_12_05_11_41_42_948.jpg,0,0,0,28.8445
E:\IMG\center_2025_12_05_11_41_43_021.jpg,E:\IMG\left_2025_12_05_11_41_43_021.jpg,E:\IMG\right_2025_12_05_11_41_43_021.jpg,0,0,0,28.61254
E:\IMG\center_2025_12_05_11_41_43_099.jpg,E:\IMG\left_2025_12_05_11_41_43_099.jpg,E:\IMG\right_2025_12_05_11_41_43_099.jpg,0,0,0,28.38246
E:\IMG\center_2025_12_05_11_41_43_173.jpg,E:\IMG\left_2025_12_05_11_41_43_173.jpg,E:\IMG\right_2025_12_05_11_41_43_173.jpg,-0.15,0,0,28.20248
E:\IMG\center_2025_12_05_11_41_43_248.jpg,E:\IMG\left_2025_12_05_11_41_43_248.jpg,E:\IMG\right_2025_12_05_11_41_43_248.jpg,-0.35,0,0,27.90746
E:\IMG\center_2025_12_05_11_41_43_325.jpg,E:\IMG\left_2025_12_05_11_41_43_325.jpg,E:\IMG\right_2025_12_05_11_41_43_325.jpg,0,0,0,27.67466
E:\IMG\center_2025_12_05_11_41_43_404.jpg,E:\IMG\left_2025_12_05_11_41_43_404.jpg,E:\IMG\right_2025_12_05_11_41_43_404.jpg,0,0.0877809,0,27.45041
E:\IMG\center_2025_12_05_11_41_43_473.jpg,E:\IMG\left_2025_12_05_11_41_43_473.jpg,E:\IMG\right_2025_12_05_11_41_43_473.jpg,0,0.2972337,0,27.4187
E:\IMG\center_2025_12_05_11_41_43_553.jpg,E:\IMG\left_2025_12_05_11_41_43_553.jpg,E:\IMG\right_2025_12_05_11_41_43_553.jpg,0,0.5346504,0,27.58107
E:\IMG\center_2025_12_05_11_41_43_624.jpg,E:\IMG\left_2025_12_05_11_41_43_624.jpg,E:\IMG\right_2025_12_05_11_41_43_624.jpg,0,0.4543664,0,27.90912
E:\IMG\center_2025_12_05_11_41_43_699.jpg,E:\IMG\left_2025_12_05_11_41_43_699.jpg,E:\IMG\right_2025_12_05_11_41_43_699.jpg,0,0.2302466,0,27.99417
E:\IMG\center_2025_12_05_11_41_43_769.jpg,E:\IMG\left_2025_12_05_11_41_43_769.jpg,E:\IMG\right_2025_12_05_11_41_43_769.jpg,0,0.01834914,0,27.93105
E:\IMG\center_2025_12_05_11_41_43_843.jpg,E:\IMG\left_2025_12_05_11_41_43_843.jpg,E:\IMG\right_2025_12_05_11_41_43_843.jpg,-0.2,0,0,27.6874
E:\IMG\center_2025_12_05_11_41_43_919.jpg,E:\IMG\left_2025_12_05_11_41_43_919.jpg,E:\IMG\right_2025_12_05_11_41_43_919.jpg,0,0,0,27.42729
E:\IMG\center_2025_12_05_11_41_43_989.jpg,E:\IMG\left_2025_12_05_11_41_43_989.jpg,E:\IMG\right_2025_12_05_11_41_43_989.jpg,0,0,0,27.25926
E:\IMG\center_2025_12_05_11_41_44_057.jpg,E:\IMG\left_2025_12_05_11_41_44_057.jpg,E:\IMG\right_2025_12_05_11_41_44_057.jpg,0,0,0,27.03944
E:\IMG\center_2025_12_05_11_41_44_130.jpg,E:\IMG\left_2025_12_05_11_41_44_130.jpg,E:\IMG\right_2025_12_05_11_41_44_130.jpg,0,0,0,26.87606
E:\IMG\center_2025_12_05_11_41_44_202.jpg,E:\IMG\left_2025_12_05_11_41_44_202.jpg,E:\IMG\right_2025_12_05_11_41_44_202.jpg,0,0,0,26.6599
E:\IMG\center_2025_12_05_11_41_44_273.jpg,E:\IMG\left_2025_12_05_11_41_44_273.jpg,E:\IMG\right_2025_12_05_11_41_44_273.jpg,0,0.2109228,0,26.56211
E:\IMG\center_2025_12_05_11_41_44_346.jpg,E:\IMG\left_2025_12_05_11_41_44_346.jpg,E:\IMG\right_2025_12_05_11_41_44_346.jpg,0,0.4315743,0,26.65016
E:\IMG\center_2025_12_05_11_41_44_417.jpg,E:\IMG\left_2025_12_05_11_41_44_417.jpg,E:\IMG\right_2025_12_05_11_41_44_417.jpg,0,0.6449283,0,26.97845
E:\IMG\center_2025_12_05_11_41_44_489.jpg,E:\IMG\left_2025_12_05_11_41_44_489.jpg,E:\IMG\right_2025_12_05_11_41_44_489.jpg,0,0.8594977,0,27.34571
E:\IMG\center_2025_12_05_11_41_44_565.jpg,E:\IMG\left_2025_12_05_11_41_44_565.jpg,E:\IMG\right_2025_12_05_11_41_44_565.jpg,0,1,0,28.05075
E:\IMG\center_2025_12_05_11_41_44_637.jpg,E:\IMG\left_2025_12_05_11_41_44_637.jpg,E:\IMG\right_2025_12_05_11_41_44_637.jpg,0,1,0,28.7905
E:\IMG\center_2025_12_05_11_41_44_706.jpg,E:\IMG\left_2025_12_05_11_41_44_706.jpg,E:\IMG\right_2025_12_05_11_41_44_706.jpg,0,1,0,29.34283
E:\IMG\center_2025_12_05_11_41_44_781.jpg,E:\IMG\left_2025_12_05_11_41_44_781.jpg,E:\IMG\right_2025_12_05_11_41_44_781.jpg,0,1,0,30.07415
E:\IMG\center_2025_12_05_11_41_44_855.jpg,E:\IMG\left_2025_12_05_11_41_44_855.jpg,E:\IMG\right_2025_12_05_11_41_44_855.jpg,0,0.9241918,0,30.16598
E:\IMG\center_2025_12_05_11_41_44_929.jpg,E:\IMG\left_2025_12_05_11_41_44_929.jpg,E:\IMG\right_2025_12_05_11_41_44_929.jpg,-0.05,0.7003456,0,30.12671
E:\IMG\center_2025_12_05_11_41_44_999.jpg,E:\IMG\left_2025_12_05_11_41_44_999.jpg,E:\IMG\right_2025_12_05_11_41_44_999.jpg,-0.25,0.4907344,0,30.06382
E:\IMG\center_2025_12_05_11_41_45_072.jpg,E:\IMG\left_2025_12_05_11_41_45_072.jpg,E:\IMG\right_2025_12_05_11_41_45_072.jpg,0,0.2705842,0,30.01647
E:\IMG\center_2025_12_05_11_41_45_148.jpg,E:\IMG\left_2025_12_05_11_41_45_148.jpg,E:\IMG\right_2025_12_05_11_41_45_148.jpg,0,0.04253593,0,29.9346
E:\IMG\center_2025_12_05_11_41_45_219.jpg,E:\IMG\left_2025_12_05_11_41_45_219.jpg,E:\IMG\right_2025_12_05_11_41_45_219.jpg,0,0,0,29.69878
E:\IMG\center_2025_12_05_11_41_45_292.jpg,E:\IMG\left_2025_12_05_11_41_45_292.jpg,E:\IMG\right_2025_12_05_11_41_45_292.jpg,0,0,0,29.51955
E:\IMG\center_2025_12_05_11_41_45_366.jpg,E:\IMG\left_2025_12_05_11_41_45_366.jpg,E:\IMG\right_2025_12_05_11_41_45_366.jpg,0,0.1500783,0,29.30869
E:\IMG\center_2025_12_05_11_41_45_437.jpg,E:\IMG\left_2025_12_05_11_41_45_437.jpg,E:\IMG\right_2025_12_05_11_41_45_437.jpg,0,0.3640236,0,29.31573
E:\IMG\center_2025_12_05_11_41_45_515.jpg,E:\IMG\left_2025_12_05_11_41_45_515.jpg,E:\IMG\right_2025_12_05_11_41_45_515.jpg,0,0.5944584,0,29.5681
E:\IMG\center_2025_12_05_11_41_45_585.jpg,E:\IMG\left_2025_12_05_11_41_45_585.jpg,E:\IMG\right_2025_12_05_11_41_45_585.jpg,0,0.383301,0,29.76095
E:\IMG\center_2025_12_05_11_41_45_656.jpg,E:\IMG\left_2025_12_05_11_41_45_656.jpg,E:\IMG\right_2025_12_05_11_41_45_656.jpg,-0.15,0.1704324,0,29.76196
E:\IMG\center_2025_12_05_11_41_45_731.jpg,E:\IMG\left_2025_12_05_11_41_45_731.jpg,E:\IMG\right_2025_12_05_11_41_45_731.jpg,-0.3,0,0,29.59623
E:\IMG\center_2025_12_05_11_41_45_800.jpg,E:\IMG\left_2025_12_05_11_41_45_800.jpg,E:\IMG\right_2025_12_05_11_41_45_800.jpg,0,0,0,29.35248
E:\IMG\center_2025_12_05_11_41_45_873.jpg,E:\IMG\left_2025_12_05_11_41_45_873.jpg,E:\IMG\right_2025_12_05_11_41_45_873.jpg,0,0,0,29.17433
E:\IMG\center_2025_12_05_11_41_45_946.jpg,E:\IMG\left_2025_12_05_11_41_45_946.jpg,E:\IMG\right_2025_12_05_11_41_45_946.jpg,0,0,0,28.93939
E:\IMG\center_2025_12_05_11_41_46_017.jpg,E:\IMG\left_2025_12_05_11_41_46_017.jpg,E:\IMG\right_2025_12_05_11_41_46_017.jpg,-0.1,0,0,28.70426
E:\IMG\center_2025_12_05_11_41_46_084.jpg,E:\IMG\left_2025_12_05_11_41_46_084.jpg,E:\IMG\right_2025_12_05_11_41_46_084.jpg,-0.25,0,0,28.50295
E:\IMG\center_2025_12_05_11_41_46_153.jpg,E:\IMG\left_2025_12_05_11_41_46_153.jpg,E:\IMG\right_2025_12_05_11_41_46_153.jpg,0,0,0,28.30806
E:\IMG\center_2025_12_05_11_41_46_227.jpg,E:\IMG\left_2025_12_05_11_41_46_227.jpg,E:\IMG\right_2025_12_05_11_41_46_227.jpg,0,0,0,28.07792
E:\IMG\center_2025_12_05_11_41_46_294.jpg,E:\IMG\left_2025_12_05_11_41_46_294.jpg,E:\IMG\right_2025_12_05_11_41_46_294.jpg,0,0,0,27.85163
E:\IMG\center_2025_12_05_11_41_46_367.jpg,E:\IMG\left_2025_12_05_11_41_46_367.jpg,E:\IMG\right_2025_12_05_11_41_46_367.jpg,0,0,0,27.68339
E:\IMG\center_2025_12_05_11_41_46_437.jpg,E:\IMG\left_2025_12_05_11_41_46_437.jpg,E:\IMG\right_2025_12_05_11_41_46_437.jpg,0,0.2084109,0,27.57974
E:\IMG\center_2025_12_05_11_41_46_505.jpg,E:\IMG\left_2025_12_05_11_41_46_505.jpg,E:\IMG\right_2025_12_05_11_41_46_505.jpg,0,0.4158804,0,27.62198
E:\IMG\center_2025_12_05_11_41_46_575.jpg,E:\IMG\left_2025_12_05_11_41_46_575.jpg,E:\IMG\right_2025_12_05_11_41_46_575.jpg,0,0.6210861,0,27.92489
E:\IMG\center_2025_12_05_11_41_46_643.jpg,E:\IMG\left_2025_12_05_11_41_46_643.jpg,E:\IMG\right_2025_12_05_11_41_46_643.jpg,-0.15,0.5499111,0,28.20726
E:\IMG\center_2025_12_05_11_41_46_713.jpg,E:\IMG\left_2025_12_05_11_41_46_713.jpg,E:\IMG\right_2025_12_05_11_41_46_713.jpg,-0.3,0.3423561,0,28.33376
E:\IMG\center_2025_12_05_11_41_46_786.jpg,E:\IMG\left_2025_12_05_11_41_46_786.jpg,E:\IMG\right_2025_12_05_11_41_46_786.jpg,0,0.1221868,0,28.3426
E:\IMG\center_2025_12_05_11_41_46_871.jpg,E:\IMG\left_2025_12_05_11_41_46_871.jpg,E:\IMG\right_2025_12_05_11_41_46_871.jpg,0,0,0,28.14293
E:\IMG\center_2025_12_05_11_41_46_942.jpg,E:\IMG\left_2025_12_05_11_41_46_942.jpg,E:\IMG\right_2025_12_05_11_41_46_942.jpg,0,0,0,27.9162
E:\IMG\center_2025_12_05_11_41_47_009.jpg,E:\IMG\left_2025_12_05_11_41_47_009.jpg,E:\IMG\right_2025_12_05_11_41_47_009.jpg,0,0,0,27.74761
E:\IMG\center_2025_12_05_11_41_47_078.jpg,E:\IMG\left_2025_12_05_11_41_47_078.jpg,E:\IMG\right_2025_12_05_11_41_47_078.jpg,-0.2,0,0,27.50754
E:\IMG\center_2025_12_05_11_41_47_147.jpg,E:\IMG\left_2025_12_05_11_41_47_147.jpg,E:\IMG\right_2025_12_05_11_41_47_147.jpg,-0.35,0,0,27.28494
E:\IMG\center_2025_12_05_11_41_47_239.jpg,E:\IMG\left_2025_12_05_11_41_47_239.jpg,E:\IMG\right_2025_12_05_11_41_47_239.jpg,0,0,0,26.96962
E:\IMG\center_2025_12_05_11_41_47_328.jpg,E:\IMG\left_2025_12_05_11_41_47_328.jpg,E:\IMG\right_2025_12_05_11_41_47_328.jpg,0,0,0,26.75014
E:\IMG\center_2025_12_05_11_41_47_398.jpg,E:\IMG\left_2025_12_05_11_41_47_398.jpg,E:\IMG\right_2025_12_05_11_41_47_398.jpg,0,0,0,26.53447
E:\IMG\center_2025_12_05_11_41_47_473.jpg,E:\IMG\left_2025_12_05_11_41_47_473.jpg,E:\IMG\right_2025_12_05_11_41_47_473.jpg,0,0.0838632,0,26.3742
E:\IMG\center_2025_12_05_11_41_47_557.jpg,E:\IMG\left_2025_12_05_11_41_47_557.jpg,E:\IMG\right_2025_12_05_11_41_47_557.jpg,0,0.3369867,0,26.37735
E:\IMG\center_2025_12_05_11_41_47_643.jpg,E:\IMG\left_2025_12_05_11_41_47_643.jpg,E:\IMG\right_2025_12_05_11_41_47_643.jpg,0,0.5929731,0,26.60752
E:\IMG\center_2025_12_05_11_41_47_710.jpg,E:\IMG\left_2025_12_05_11_41_47_710.jpg,E:\IMG\right_2025_12_05_11_41_47_710.jpg,0,0.7962999,0,26.94041
E:\IMG\center_2025_12_05_11_41_47_797.jpg,E:\IMG\left_2025_12_05_11_41_47_797.jpg,E:\IMG\right_2025_12_05_11_41_47_797.jpg,-0.2,0.8013451,0,27.71652
E:\IMG\center_2025_12_05_11_41_47_883.jpg,E:\IMG\left_2025_12_05_11_41_47_883.jpg,E:\IMG\right_2025_12_05_11_41_47_883.jpg,-0.4,0.5399391,0,28.06676
E:\IMG\center_2025_12_05_11_41_47_951.jpg,E:\IMG\left_2025_12_05_11_41_47_951.jpg,E:\IMG\right_2025_12_05_11_41_47_951.jpg,0,0.3358716,0,28.21007
E:\IMG\center_2025_12_05_11_41_48_038.jpg,E:\IMG\left_2025_12_05_11_41_48_038.jpg,E:\IMG\right_2025_12_05_11_41_48_038.jpg,0,0.07607042,0,28.1816
E:\IMG\center_2025_12_05_11_41_48_124.jpg,E:\IMG\left_2025_12_05_11_41_48_124.jpg,E:\IMG\right_2025_12_05_11_41_48_124.jpg,0,0,0,27.96769
E:\IMG\center_2025_12_05_11_41_48_211.jpg,E:\IMG\left_2025_12_05_11_41_48_211.jpg,E:\IMG\right_2025_12_05_11_41_48_211.jpg,0,0,0,27.74301
E:\IMG\center_2025_12_05_11_41_48_301.jpg,E:\IMG\left_2025_12_05_11_41_48_301.jpg,E:\IMG\right_2025_12_05_11_41_48_301.jpg,0,0.0829053,0,27.46446
E:\IMG\center_2025_12_05_11_41_48_384.jpg,E:\IMG\left_2025_12_05_11_41_48_384.jpg,E:\IMG\right_2025_12_05_11_41_48_384.jpg,0,0.3294267,0,27.43808
E:\IMG\center_2025_12_05_11_41_48_464.jpg,E:\IMG\left_2025_12_05_11_41_48_464.jpg,E:\IMG\right_2025_12_05_11_41_48_464.jpg,0,0.5691996,0,27.64708
E:\IMG\center_2025_12_05_11_41_48_550.jpg,E:\IMG\left_2025_12_05_11_41_48_550.jpg,E:\IMG\right_2025_12_05_11_41_48_550.jpg,0,0.8267808,0,28.08864
E:\IMG\center_2025_12_05_11_41_48_637.jpg,E:\IMG\left_2025_12_05_11_41_48_637.jpg,E:\IMG\right_2025_12_05_11_41_48_637.jpg,-0.15,1,0,28.94221
E:\IMG\center_2025_12_05_11_41_48_715.jpg,E:\IMG\left_2025_12_05_11_41_48_715.jpg,E:\IMG\right_2025_12_05_11_41_48_715.jpg,-0.35,0.7613643,0,29.50784
E:\IMG\center_2025_12_05_11_41_48_802.jpg,E:\IMG\left_2025_12_05_11_41_48_802.jpg,E:\IMG\right_2025_12_05_11_41_48_802.jpg,0,0.5043465,0,29.88149
E:\IMG\center_2025_12_05_11_41_48_886.jpg,E:\IMG\left_2025_12_05_11_41_48_886.jpg,E:\IMG\right_2025_12_05_11_41_48_886.jpg,0,0.2499024,0,30.00949
E:\IMG\center_2025_12_05_11_41_48_968.jpg,E:\IMG\left_2025_12_05_11_41_48_968.jpg,E:\IMG\right_2025_12_05_11_41_48_968.jpg,0,0.004701607,0,29.89482
E:\IMG\center_2025_12_05_11_41_49_055.jpg,E:\IMG\left_2025_12_05_11_41_49_055.jpg,E:\IMG\right_2025_12_05_11_41_49_055.jpg,-0.1,0,0,29.59043
E:\IMG\center_2025_12_05_11_41_49_130.jpg,E:\IMG\left_2025_12_05_11_41_49_130.jpg,E:\IMG\right_2025_12_05_11_41_49_130.jpg,-0.25,0,0,29.38328
E:\IMG\center_2025_12_05_11_41_49_214.jpg,E:\IMG\left_2025_12_05_11_41_49_214.jpg,E:\IMG\right_2025_12_05_11_41_49_214.jpg,0,0,0,29.14352
E:\IMG\center_2025_12_05_11_41_49_294.jpg,E:\IMG\left_2025_12_05_11_41_49_294.jpg,E:\IMG\right_2025_12_05_11_41_49_294.jpg,0,0,0,28.90857
E:\IMG\center_2025_12_05_11_41_49_370.jpg,E:\IMG\left_2025_12_05_11_41_49_370.jpg,E:\IMG\right_2025_12_05_11_41_49_370.jpg,0,0,0,28.67598
E:\IMG\center_2025_12_05_11_41_49_451.jpg,E:\IMG\left_2025_12_05_11_41_49_451.jpg,E:\IMG\right_2025_12_05_11_41_49_451.jpg,0,0.0625821,0,28.44538
E:\IMG\center_2025_12_05_11_41_49_534.jpg,E:\IMG\left_2025_12_05_11_41_49_534.jpg,E:\IMG\right_2025_12_05_11_41_49_534.jpg,-0.2,0.3086223,0,28.36691
E:\IMG\center_2025_12_05_11_41_49_610.jpg,E:\IMG\left_2025_12_05_11_41_49_610.jpg,E:\IMG\right_2025_12_05_11_41_49_610.jpg,-0.4,0.5390967,0,28.44973
E:\IMG\center_2025_12_05_11_41_49_686.jpg,E:\IMG\left_2025_12_05_11_41_49_686.jpg,E:\IMG\right_2025_12_05_11_41_49_686.jpg,0,0.4277028,0,28.7312
E:\IMG\center_2025_12_05_11_41_49_765.jpg,E:\IMG\left_2025_12_05_11_41_49_765.jpg,E:\IMG\right_2025_12_05_11_41_49_765.jpg,0,0.1945563,0,28.80563
E:\IMG\center_2025_12_05_11_41_49_843.jpg,E:\IMG\left_2025_12_05_11_41_49_843.jpg,E:\IMG\right_2025_12_05_11_41_49_843.jpg,-0.05,0,0,28.65554
E:\IMG\center_2025_12_05_11_41_49_924.jpg,E:\IMG\left_2025_12_05_11_41_49_924.jpg,E:\IMG\right_2025_12_05_11_41_49_924.jpg,-0.25,0,0,28.39852
E:\IMG\center_2025_12_05_11_41_50_000.jpg,E:\IMG\left_2025_12_05_11_41_50_000.jpg,E:\IMG\right_2025_12_05_11_41_50_000.jpg,-0.45,0,0,28.06511
E:\IMG\center_2025_12_05_11_41_50_073.jpg,E:\IMG\left_2025_12_05_11_41_50_073.jpg,E:\IMG\right_2025_12_05_11_41_50_073.jpg,0,0,0,27.88077
E:\IMG\center_2025_12_05_11_41_50_150.jpg,E:\IMG\left_2025_12_05_11_41_50_150.jpg,E:\IMG\right_2025_12_05_11_41_50_150.jpg,0,0,0,27.65181
E:\IMG\center_2025_12_05_11_41_50_225.jpg,E:\IMG\left_2025_12_05_11_41_50_225.jpg,E:\IMG\right_2025_12_05_11_41_50_225.jpg,0,0,0,27.42838
E:\IMG\center_2025_12_05_11_41_50_298.jpg,E:\IMG\left_2025_12_05_11_41_50_298.jpg,E:\IMG\right_2025_12_05_11_41_50_298.jpg,0,0.0567531,0,27.20762
E:\IMG\center_2025_12_05_11_41_50_375.jpg,E:\IMG\left_2025_12_05_11_41_50_375.jpg,E:\IMG\right_2025_12_05_11_41_50_375.jpg,0,0.2884341,0,27.14679
E:\IMG\center_2025_12_05_11_41_50_445.jpg,E:\IMG\left_2025_12_05_11_41_50_445.jpg,E:\IMG\right_2025_12_05_11_41_50_445.jpg,0,0.5011097,0,27.27294
E:\IMG\center_2025_12_05_11_41_50_519.jpg,E:\IMG\left_2025_12_05_11_41_50_519.jpg,E:\IMG\right_2025_12_05_11_41_50_519.jpg,0,0.7217123,0,27.64282
E:\IMG\center_2025_12_05_11_41_50_593.jpg,E:\IMG\left_2025_12_05_11_41_50_593.jpg,E:\IMG\right_2025_12_05_11_41_50_593.jpg,0,0.780767,0,28.05474
E:\IMG\center_2025_12_05_11_41_50_668.jpg,E:\IMG\left_2025_12_05_11_41_50_668.jpg,E:\IMG\right_2025_12_05_11_41_50_668.jpg,-0.2,0.501335,0,28.42052
E:\IMG\center_2025_12_05_11_41_50_742.jpg,E:\IMG\left_2025_12_05_11_41_50_742.jpg,E:\IMG\right_2025_12_05_11_41_50_742.jpg,-0.4,0.2786987,0,28.48927
E:\IMG\center_2025_12_05_11_41_50_820.jpg,E:\IMG\left_2025_12_05_11_41_50_820.jpg,E:\IMG\right_2025_12_05_11_41_50_820.jpg,0,0.04598479,0,28.41915
E:\IMG\center_2025_12_05_11_41_50_889.jpg,E:\IMG\left_2025_12_05_11_41_50_889.jpg,E:\IMG\right_2025_12_05_11_41_50_889.jpg,0,0,0,28.25122
E:\IMG\center_2025_12_05_11_41_50_959.jpg,E:\IMG\left_2025_12_05_11_41_50_959.jpg,E:\IMG\right_2025_12_05_11_41_50_959.jpg,0,0,0,28.02293
E:\IMG\center_2025_12_05_11_41_51_031.jpg,E:\IMG\left_2025_12_05_11_41_51_031.jpg,E:\IMG\right_2025_12_05_11_41_51_031.jpg,0,0,0,27.85358
E:\IMG\center_2025_12_05_11_41_51_102.jpg,E:\IMG\left_2025_12_05_11_41_51_102.jpg,E:\IMG\right_2025_12_05_11_41_51_102.jpg,0,0.2128116,0,27.71965
E:\IMG\center_2025_12_05_11_41_51_170.jpg,E:\IMG\left_2025_12_05_11_41_51_170.jpg,E:\IMG\right_2025_12_05_11_41_51_170.jpg,0,0.3749058,0,27.75979
E:\IMG\center_2025_12_05_11_41_51_245.jpg,E:\IMG\left_2025_12_05_11_41_51_245.jpg,E:\IMG\right_2025_12_05_11_41_51_245.jpg,0,0.6445909,0,28.03854
E:\IMG\center_2025_12_05_11_41_51_315.jpg,E:\IMG\left_2025_12_05_11_41_51_315.jpg,E:\IMG\right_2025_12_05_11_41_51_315.jpg,-0.2,0.4354753,0,28.3357
E:\IMG\center_2025_12_05_11_41_51_383.jpg,E:\IMG\left_2025_12_05_11_41_51_383.jpg,E:\IMG\right_2025_12_05_11_41_51_383.jpg,-0.35,0.2323294,0,28.34717
E:\IMG\center_2025_12_05_11_41_51_453.jpg,E:\IMG\left_2025_12_05_11_41_51_453.jpg,E:\IMG\right_2025_12_05_11_41_51_453.jpg,-0.5000001,0.07611069,0,28.18619
E:\IMG\center_2025_12_05_11_41_51_526.jpg,E:\IMG\left_2025_12_05_11_41_51_526.jpg,E:\IMG\right_2025_12_05_11_41_51_526.jpg,-0.7,0,0,27.75222
E:\IMG\center_2025_12_05_11_41_51_599.jpg,E:\IMG\left_2025_12_05_11_41_51_599.jpg,E:\IMG\right_2025_12_05_11_41_51_599.jpg,0,0,0,27.47663
E:\IMG\center_2025_12_05_11_41_51_670.jpg,E:\IMG\left_2025_12_05_11_41_51_670.jpg,E:\IMG\right_2025_12_05_11_41_51_670.jpg,0,0,0,27.30072
E:\IMG\center_2025_12_05_11_41_51_746.jpg,E:\IMG\left_2025_12_05_11_41_51_746.jpg,E:\IMG\right_2025_12_05_11_41_51_746.jpg,0,0,0,27.07734
E:\IMG\center_2025_12_05_11_41_51_814.jpg,E:\IMG\left_2025_12_05_11_41_51_814.jpg,E:\IMG\right_2025_12_05_11_41_51_814.jpg,0,0,0,26.85887
E:\IMG\center_2025_12_05_11_41_51_884.jpg,E:\IMG\left_2025_12_05_11_41_51_884.jpg,E:\IMG\right_2025_12_05_11_41_51_884.jpg,0,0.045186,0,26.69664
E:\IMG\center_2025_12_05_11_41_51_963.jpg,E:\IMG\left_2025_12_05_11_41_51_963.jpg,E:\IMG\right_2025_12_05_11_41_51_963.jpg,0,0.2813646,0,26.63193
E:\IMG\center_2025_12_05_11_41_52_046.jpg,E:\IMG\left_2025_12_05_11_41_52_046.jpg,E:\IMG\right_2025_12_05_11_41_52_046.jpg,0,0.5313417,0,26.80132
E:\IMG\center_2025_12_05_11_41_52_128.jpg,E:\IMG\left_2025_12_05_11_41_52_128.jpg,E:\IMG\right_2025_12_05_11_41_52_128.jpg,-0.05,0.7792293,0,27.18436
E:\IMG\center_2025_12_05_11_41_52_209.jpg,E:\IMG\left_2025_12_05_11_41_52_209.jpg,E:\IMG\right_2025_12_05_11_41_52_209.jpg,-0.25,0.538686,0,27.61155
E:\IMG\center_2025_12_05_11_41_52_292.jpg,E:\IMG\left_2025_12_05_11_41_52_292.jpg,E:\IMG\right_2025_12_05_11_41_52_292.jpg,-0.45,0.3409401,0,27.71108
E:\IMG\center_2025_12_05_11_41_52_374.jpg,E:\IMG\left_2025_12_05_11_41_52_374.jpg,E:\IMG\right_2025_12_05_11_41_52_374.jpg,0,0.04311485,0,27.58906
E:\IMG\center_2025_12_05_11_41_52_457.jpg,E:\IMG\left_2025_12_05_11_41_52_457.jpg,E:\IMG\right_2025_12_05_11_41_52_457.jpg,0,0,0,27.36694
E:\IMG\center_2025_12_05_11_41_52_536.jpg,E:\IMG\left_2025_12_05_11_41_52_536.jpg,E:\IMG\right_2025_12_05_11_41_52_536.jpg,-0.15,0,0,27.14278
E:\IMG\center_2025_12_05_11_41_52_618.jpg,E:\IMG\left_2025_12_05_11_41_52_618.jpg,E:\IMG\right_2025_12_05_11_41_52_618.jpg,-0.35,0,0,26.86895
E:\IMG\center_2025_12_05_11_41_52_698.jpg,E:\IMG\left_2025_12_05_11_41_52_698.jpg,E:\IMG\right_2025_12_05_11_41_52_698.jpg,0,0,0,26.54585
E:\IMG\center_2025_12_05_11_41_52_786.jpg,E:\IMG\left_2025_12_05_11_41_52_786.jpg,E:\IMG\right_2025_12_05_11_41_52_786.jpg,0,0,0,26.31753
E:\IMG\center_2025_12_05_11_41_52_860.jpg,E:\IMG\left_2025_12_05_11_41_52_860.jpg,E:\IMG\right_2025_12_05_11_41_52_860.jpg,0,0,0,26.10259
E:\IMG\center_2025_12_05_11_41_52_940.jpg,E:\IMG\left_2025_12_05_11_41_52_940.jpg,E:\IMG\right_2025_12_05_11_41_52_940.jpg,0,0.0900126,0,25.90778
E:\IMG\center_2025_12_05_11_41_53_018.jpg,E:\IMG\left_2025_12_05_11_41_53_018.jpg,E:\IMG\right_2025_12_05_11_41_53_018.jpg,0,0.3242601,0,25.90871
E:\IMG\center_2025_12_05_11_41_53_103.jpg,E:\IMG\left_2025_12_05_11_41_53_103.jpg,E:\IMG\right_2025_12_05_11_41_53_103.jpg,0,0.5769378,0,26.13595
E:\IMG\center_2025_12_05_11_41_53_171.jpg,E:\IMG\left_2025_12_05_11_41_53_171.jpg,E:\IMG\right_2025_12_05_11_41_53_171.jpg,-0.1,0.7393737,0,26.46417
E:\IMG\center_2025_12_05_11_41_53_244.jpg,E:\IMG\left_2025_12_05_11_41_53_244.jpg,E:\IMG\right_2025_12_05_11_41_53_244.jpg,-0.3,0.717907,0,26.96742
E:\IMG\center_2025_12_05_11_41_53_320.jpg,E:\IMG\left_2025_12_05_11_41_53_320.jpg,E:\IMG\right_2025_12_05_11_41_53_320.jpg,-0.5000001,0.4896834,0,27.22729
E:\IMG\center_2025_12_05_11_41_53_393.jpg,E:\IMG\left_2025_12_05_11_41_53_393.jpg,E:\IMG\right_2025_12_05_11_41_53_393.jpg,-0.6500001,0.2708793,0,27.20879
E:\IMG\center_2025_12_05_11_41_53_466.jpg,E:\IMG\left_2025_12_05_11_41_53_466.jpg,E:\IMG\right_2025_12_05_11_41_53_466.jpg,0,0.05184212,0,27.05647
E:\IMG\center_2025_12_05_11_41_53_538.jpg,E:\IMG\left_2025_12_05_11_41_53_538.jpg,E:\IMG\right_2025_12_05_11_41_53_538.jpg,0,0,0,26.82428
E:\IMG\center_2025_12_05_11_41_53_609.jpg,E:\IMG\left_2025_12_05_11_41_53_609.jpg,E:\IMG\right_2025_12_05_11_41_53_609.jpg,0,0,0,26.65844
E:\IMG\center_2025_12_05_11_41_53_685.jpg,E:\IMG\left_2025_12_05_11_41_53_685.jpg,E:\IMG\right_2025_12_05_11_41_53_685.jpg,0,0.1364679,0,26.46071
E:\IMG\center_2025_12_05_11_41_53_765.jpg,E:\IMG\left_2025_12_05_11_41_53_765.jpg,E:\IMG\right_2025_12_05_11_41_53_765.jpg,0,0.3746268,0,26.48643
E:\IMG\center_2025_12_05_11_41_53_844.jpg,E:\IMG\left_2025_12_05_11_41_53_844.jpg,E:\IMG\right_2025_12_05_11_41_53_844.jpg,0,0.3168189,0,26.65955
E:\IMG\center_2025_12_05_11_41_53_918.jpg,E:\IMG\left_2025_12_05_11_41_53_918.jpg,E:\IMG\right_2025_12_05_11_41_53_918.jpg,0,0.09357124,0,26.65118
E:\IMG\center_2025_12_05_11_41_53_997.jpg,E:\IMG\left_2025_12_05_11_41_53_997.jpg,E:\IMG\right_2025_12_05_11_41_53_997.jpg,0,0,0,26.45487
E:\IMG\center_2025_12_05_11_41_54_073.jpg,E:\IMG\left_2025_12_05_11_41_54_073.jpg,E:\IMG\right_2025_12_05_11_41_54_073.jpg,0,0,0,26.29543
E:\IMG\center_2025_12_05_11_41_54_149.jpg,E:\IMG\left_2025_12_05_11_41_54_149.jpg,E:\IMG\right_2025_12_05_11_41_54_149.jpg,-0.2,0,0,26.06574
E:\IMG\center_2025_12_05_11_41_54_224.jpg,E:\IMG\left_2025_12_05_11_41_54_224.jpg,E:\IMG\right_2025_12_05_11_41_54_224.jpg,0,0,0,25.81977
E:\IMG\center_2025_12_05_11_41_54_299.jpg,E:\IMG\left_2025_12_05_11_41_54_299.jpg,E:\IMG\right_2025_12_05_11_41_54_299.jpg,0,0,0,25.60944
E:\IMG\center_2025_12_05_11_41_54_368.jpg,E:\IMG\left_2025_12_05_11_41_54_368.jpg,E:\IMG\right_2025_12_05_11_41_54_368.jpg,0,0,0,25.45427
E:\IMG\center_2025_12_05_11_41_54_441.jpg,E:\IMG\left_2025_12_05_11_41_54_441.jpg,E:\IMG\right_2025_12_05_11_41_54_441.jpg,0,0.1740726,0,25.30474
E:\IMG\center_2025_12_05_11_41_54_520.jpg,E:\IMG\left_2025_12_05_11_41_54_520.jpg,E:\IMG\right_2025_12_05_11_41_54_520.jpg,0,0.4079592,0,25.37475
E:\IMG\center_2025_12_05_11_41_54_597.jpg,E:\IMG\left_2025_12_05_11_41_54_597.jpg,E:\IMG\right_2025_12_05_11_41_54_597.jpg,-0.15,0.6439346,0,25.66885
E:\IMG\center_2025_12_05_11_41_54_677.jpg,E:\IMG\left_2025_12_05_11_41_54_677.jpg,E:\IMG\right_2025_12_05_11_41_54_677.jpg,-0.35,0.5047358,0,25.99708
E:\IMG\center_2025_12_05_11_41_54_758.jpg,E:\IMG\left_2025_12_05_11_41_54_758.jpg,E:\IMG\right_2025_12_05_11_41_54_758.jpg,0,0.2617097,0,26.03485
E:\IMG\center_2025_12_05_11_41_54_836.jpg,E:\IMG\left_2025_12_05_11_41_54_836.jpg,E:\IMG\right_2025_12_05_11_41_54_836.jpg,0,0.02591507,0,25.93613
E:\IMG\center_2025_12_05_11_41_54_909.jpg,E:\IMG\left_2025_12_05_11_41_54_909.jpg,E:\IMG\right_2025_12_05_11_41_54_909.jpg,0,0,0,25.781
E:\IMG\center_2025_12_05_11_41_54_982.jpg,E:\IMG\left_2025_12_05_11_41_54_982.jpg,E:\IMG\right_2025_12_05_11_41_54_982.jpg,0,0,0,25.57205
E:\IMG\center_2025_12_05_11_41_55_064.jpg,E:\IMG\left_2025_12_05_11_41_55_064.jpg,E:\IMG\right_2025_12_05_11_41_55_064.jpg,-0.05,0,0,25.36585
E:\IMG\center_2025_12_05_11_41_55_142.jpg,E:\IMG\left_2025_12_05_11_41_55_142.jpg,E:\IMG\right_2025_12_05_11_41_55_142.jpg,-0.25,0,0,25.13457
E:\IMG\center_2025_12_05_11_41_55_226.jpg,E:\IMG\left_2025_12_05_11_41_55_226.jpg,E:\IMG\right_2025_12_05_11_41_55_226.jpg,-0.45,0,0,24.83359
E:\IMG\center_2025_12_05_11_41_55_307.jpg,E:\IMG\left_2025_12_05_11_41_55_307.jpg,E:\IMG\right_2025_12_05_11_41_55_307.jpg,0,0.0486234,0,24.61596
E:\IMG\center_2025_12_05_11_41_55_395.jpg,E:\IMG\left_2025_12_05_11_41_55_395.jpg,E:\IMG\right_2025_12_05_11_41_55_395.jpg,0,0.3132027,0,24.60006
E:\IMG\center_2025_12_05_11_41_55_472.jpg,E:\IMG\left_2025_12_05_11_41_55_472.jpg,E:\IMG\right_2025_12_05_11_41_55_472.jpg,0,0.4945881,0,24.73459
E:\IMG\center_2025_12_05_11_41_55_561.jpg,E:\IMG\left_2025_12_05_11_41_55_561.jpg,E:\IMG\right_2025_12_05_11_41_55_561.jpg,0,0.5764995,0,25.25661
E:\IMG\center_2025_12_05_11_41_55_635.jpg,E:\IMG\left_2025_12_05_11_41_55_635.jpg,E:\IMG\right_2025_12_05_11_41_55_635.jpg,0,0.3520019,0,25.50956
E:\IMG\center_2025_12_05_11_41_55_703.jpg,E:\IMG\left_2025_12_05_11_41_55_703.jpg,E:\IMG\right_2025_12_05_11_41_55_703.jpg,-0.1,0.1519016,0,25.52917
E:\IMG\center_2025_12_05_11_41_55_793.jpg,E:\IMG\left_2025_12_05_11_41_55_793.jpg,E:\IMG\right_2025_12_05_11_41_55_793.jpg,-0.3,0,0,25.33597
E:\IMG\center_2025_12_05_11_41_55_867.jpg,E:\IMG\left_2025_12_05_11_41_55_867.jpg,E:\IMG\right_2025_12_05_11_41_55_867.jpg,0,0,0,25.074
E:\IMG\center_2025_12_05_11_41_55_935.jpg,E:\IMG\left_2025_12_05_11_41_55_935.jpg,E:\IMG\right_2025_12_05_11_41_55_935.jpg,0,0,0,24.86658
E:\IMG\center_2025_12_05_11_41_56_016.jpg,E:\IMG\left_2025_12_05_11_41_56_016.jpg,E:\IMG\right_2025_12_05_11_41_56_016.jpg,0,0.1014072,0,24.68499
E:\IMG\center_2025_12_05_11_41_56_099.jpg,E:\IMG\left_2025_12_05_11_41_56_099.jpg,E:\IMG\right_2025_12_05_11_41_56_099.jpg,0,0.3467916,0,24.71712
E:\IMG\center_2025_12_05_11_41_56_168.jpg,E:\IMG\left_2025_12_05_11_41_56_168.jpg,E:\IMG\right_2025_12_05_11_41_56_168.jpg,0,0.5555694,0,24.87533
E:\IMG\center_2025_12_05_11_41_56_252.jpg,E:\IMG\left_2025_12_05_11_41_56_252.jpg,E:\IMG\right_2025_12_05_11_41_56_252.jpg,0,0.5909802,0,25.30434
E:\IMG\center_2025_12_05_11_41_56_335.jpg,E:\IMG\left_2025_12_05_11_41_56_335.jpg,E:\IMG\right_2025_12_05_11_41_56_335.jpg,-0.25,0.3422775,0,25.58569
E:\IMG\center_2025_12_05_11_41_56_403.jpg,E:\IMG\left_2025_12_05_11_41_56_403.jpg,E:\IMG\right_2025_12_05_11_41_56_403.jpg,0,0.1371879,0,25.5825
E:\IMG\center_2025_12_05_11_41_56_471.jpg,E:\IMG\left_2025_12_05_11_41_56_471.jpg,E:\IMG\right_2025_12_05_11_41_56_471.jpg,0,0,0,25.47176
E:\IMG\center_2025_12_05_11_41_56_550.jpg,E:\IMG\left_2025_12_05_11_41_56_550.jpg,E:\IMG\right_2025_12_05_11_41_56_550.jpg,0,0.0773256,0,25.26586
E:\IMG\center_2025_12_05_11_41_56_628.jpg,E:\IMG\left_2025_12_05_11_41_56_628.jpg,E:\IMG\right_2025_12_05_11_41_56_628.jpg,0,0.3125595,0,25.22895
E:\IMG\center_2025_12_05_11_41_56_706.jpg,E:\IMG\left_2025_12_05_11_41_56_706.jpg,E:\IMG\right_2025_12_05_11_41_56_706.jpg,0,0.5469051,0,25.44214
E:\IMG\center_2025_12_05_11_41_56_783.jpg,E:\IMG\left_2025_12_05_11_41_56_783.jpg,E:\IMG\right_2025_12_05_11_41_56_783.jpg,-0.1,0.7772871,0,25.86786
E:\IMG\center_2025_12_05_11_41_56_852.jpg,E:\IMG\left_2025_12_05_11_41_56_852.jpg,E:\IMG\right_2025_12_05_11_41_56_852.jpg,-0.25,0.6147141,0,26.19561
E:\IMG\center_2025_12_05_11_41_56_923.jpg,E:\IMG\left_2025_12_05_11_41_56_923.jpg,E:\IMG\right_2025_12_05_11_41_56_923.jpg,0,0.3565432,0,26.40258
E:\IMG\center_2025_12_05_11_41_56_989.jpg,E:\IMG\left_2025_12_05_11_41_56_989.jpg,E:\IMG\right_2025_12_05_11_41_56_989.jpg,0,0.156529,0,26.45119
E:\IMG\center_2025_12_05_11_41_57_061.jpg,E:\IMG\left_2025_12_05_11_41_57_061.jpg,E:\IMG\right_2025_12_05_11_41_57_061.jpg,0,0,0,26.29177
E:\IMG\center_2025_12_05_11_41_57_127.jpg,E:\IMG\left_2025_12_05_11_41_57_127.jpg,E:\IMG\right_2025_12_05_11_41_57_127.jpg,-0.1,0,0,26.13608
E:\IMG\center_2025_12_05_11_41_57_199.jpg,E:\IMG\left_2025_12_05_11_41_57_199.jpg,E:\IMG\right_2025_12_05_11_41_57_199.jpg,0,0,0,25.89766
E:\IMG\center_2025_12_05_11_41_57_266.jpg,E:\IMG\left_2025_12_05_11_41_57_266.jpg,E:\IMG\right_2025_12_05_11_41_57_266.jpg,0,0.0985383,0,25.75893
E:\IMG\center_2025_12_05_11_41_57_336.jpg,E:\IMG\left_2025_12_05_11_41_57_336.jpg,E:\IMG\right_2025_12_05_11_41_57_336.jpg,0,0.3101418,0,25.74282
E:\IMG\center_2025_12_05_11_41_57_405.jpg,E:\IMG\left_2025_12_05_11_41_57_405.jpg,E:\IMG\right_2025_12_05_11_41_57_405.jpg,0,0.5151135,0,25.88462
E:\IMG\center_2025_12_05_11_41_57_474.jpg,E:\IMG\left_2025_12_05_11_41_57_474.jpg,E:\IMG\right_2025_12_05_11_41_57_474.jpg,0,0.513474,0,26.22823
E:\IMG\center_2025_12_05_11_41_57_543.jpg,E:\IMG\left_2025_12_05_11_41_57_543.jpg,E:\IMG\right_2025_12_05_11_41_57_543.jpg,0,0.3077079,0,26.3681
E:\IMG\center_2025_12_05_11_41_57_612.jpg,E:\IMG\left_2025_12_05_11_41_57_612.jpg,E:\IMG\right_2025_12_05_11_41_57_612.jpg,-0.15,0.1489848,0,26.36765
E:\IMG\center_2025_12_05_11_41_57_681.jpg,E:\IMG\left_2025_12_05_11_41_57_681.jpg,E:\IMG\right_2025_12_05_11_41_57_681.jpg,-0.35,0,0,26.12414
E:\IMG\center_2025_12_05_11_41_57_751.jpg,E:\IMG\left_2025_12_05_11_41_57_751.jpg,E:\IMG\right_2025_12_05_11_41_57_751.jpg,-0.5000001,0,0,25.86527
E:\IMG\center_2025_12_05_11_41_57_821.jpg,E:\IMG\left_2025_12_05_11_41_57_821.jpg,E:\IMG\right_2025_12_05_11_41_57_821.jpg,0,0,0,25.63378
E:\IMG\center_2025_12_05_11_41_57_892.jpg,E:\IMG\left_2025_12_05_11_41_57_892.jpg,E:\IMG\right_2025_12_05_11_41_57_892.jpg,0,0,0,25.47474
E:\IMG\center_2025_12_05_11_41_57_963.jpg,E:\IMG\left_2025_12_05_11_41_57_963.jpg,E:\IMG\right_2025_12_05_11_41_57_963.jpg,0,0.156111,0,25.31334
E:\IMG\center_2025_12_05_11_41_58_035.jpg,E:\IMG\left_2025_12_05_11_41_58_035.jpg,E:\IMG\right_2025_12_05_11_41_58_035.jpg,0,0.3730494,0,25.3624
E:\IMG\center_2025_12_05_11_41_58_103.jpg,E:\IMG\left_2025_12_05_11_41_58_103.jpg,E:\IMG\right_2025_12_05_11_41_58_103.jpg,0,0.5759061,0,25.55951
E:\IMG\center_2025_12_05_11_41_58_174.jpg,E:\IMG\left_2025_12_05_11_41_58_174.jpg,E:\IMG\right_2025_12_05_11_41_58_174.jpg,0,0.788652,0,26.01139
E:\IMG\center_2025_12_05_11_41_58_247.jpg,E:\IMG\left_2025_12_05_11_41_58_247.jpg,E:\IMG\right_2025_12_05_11_41_58_247.jpg,-0.05,1,0,26.50769
E:\IMG\center_2025_12_05_11_41_58_315.jpg,E:\IMG\left_2025_12_05_11_41_58_315.jpg,E:\IMG\right_2025_12_05_11_41_58_315.jpg,-0.25,0.8416333,0,27.18546
E:\IMG\center_2025_12_05_11_41_58_387.jpg,E:\IMG\left_2025_12_05_11_41_58_387.jpg,E:\IMG\right_2025_12_05_11_41_58_387.jpg,-0.4,0.6274291,0,27.48839
E:\IMG\center_2025_12_05_11_41_58_461.jpg,E:\IMG\left_2025_12_05_11_41_58_461.jpg,E:\IMG\right_2025_12_05_11_41_58_461.jpg,0,0.4064803,0,27.76955
E:\IMG\center_2025_12_05_11_41_58_529.jpg,E:\IMG\left_2025_12_05_11_41_58_529.jpg,E:\IMG\right_2025_12_05_11_41_58_529.jpg,0,0.2016145,0,27.84543
E:\IMG\center_2025_12_05_11_41_58_600.jpg,E:\IMG\left_2025_12_05_11_41_58_600.jpg,E:\IMG\right_2025_12_05_11_41_58_600.jpg,0,0.3059911,0,27.8147
E:\IMG\center_2025_12_05_11_41_58_671.jpg,E:\IMG\left_2025_12_05_11_41_58_671.jpg,E:\IMG\right_2025_12_05_11_41_58_671.jpg,0,0.4689487,0,27.92632
E:\IMG\center_2025_12_05_11_41_58_744.jpg,E:\IMG\left_2025_12_05_11_41_58_744.jpg,E:\IMG\right_2025_12_05_11_41_58_744.jpg,0,0.7364944,0,28.29506
E:\IMG\center_2025_12_05_11_41_58_820.jpg,E:\IMG\left_2025_12_05_11_41_58_820.jpg,E:\IMG\right_2025_12_05_11_41_58_820.jpg,0,0.965713,0,28.87414
E:\IMG\center_2025_12_05_11_41_58_906.jpg,E:\IMG\left_2025_12_05_11_41_58_906.jpg,E:\IMG\right_2025_12_05_11_41_58_906.jpg,-0.15,0.8333461,0,29.55177
E:\IMG\center_2025_12_05_11_41_58_973.jpg,E:\IMG\left_2025_12_05_11_41_58_973.jpg,E:\IMG\right_2025_12_05_11_41_58_973.jpg,0,0.6799627,0,29.92003
E:\IMG\center_2025_12_05_11_41_59_047.jpg,E:\IMG\left_2025_12_05_11_41_59_047.jpg,E:\IMG\right_2025_12_05_11_41_59_047.jpg,0,0.4137237,0,30.05081
E:\IMG\center_2025_12_05_11_41_59_118.jpg,E:\IMG\left_2025_12_05_11_41_59_118.jpg,E:\IMG\right_2025_12_05_11_41_59_118.jpg,0,0.1972314,0,29.99741
E:\IMG\center_2025_12_05_11_41_59_192.jpg,E:\IMG\left_2025_12_05_11_41_59_192.jpg,E:\IMG\right_2025_12_05_11_41_59_192.jpg,0,0.4170669,0,30.00531
E:\IMG\center_2025_12_05_11_41_59_263.jpg,E:\IMG\left_2025_12_05_11_41_59_263.jpg,E:\IMG\right_2025_12_05_11_41_59_263.jpg,0,0.6304145,0,30.08834
E:\IMG\center_2025_12_05_11_41_59_336.jpg,E:\IMG\left_2025_12_05_11_41_59_336.jpg,E:\IMG\right_2025_12_05_11_41_59_336.jpg,0,0.8498406,0,30.14061
E:\IMG\center_2025_12_05_11_41_59_408.jpg,E:\IMG\left_2025_12_05_11_41_59_408.jpg,E:\IMG\right_2025_12_05_11_41_59_408.jpg,-0.05,1,0,30.19029
E:\IMG\center_2025_12_05_11_41_59_479.jpg,E:\IMG\left_2025_12_05_11_41_59_479.jpg,E:\IMG\right_2025_12_05_11_41_59_479.jpg,-0.25,0.8911387,0,30.1552
E:\IMG\center_2025_12_05_11_41_59_550.jpg,E:\IMG\left_2025_12_05_11_41_59_550.jpg,E:\IMG\right_2025_12_05_11_41_59_550.jpg,0,0.7261438,0,30.12957
E:\IMG\center_2025_12_05_11_41_59_625.jpg,E:\IMG\left_2025_12_05_11_41_59_625.jpg,E:\IMG\right_2025_12_05_11_41_59_625.jpg,0,0.4519168,0,30.06167
E:\IMG\center_2025_12_05_11_41_59_697.jpg,E:\IMG\left_2025_12_05_11_41_59_697.jpg,E:\IMG\right_2025_12_05_11_41_59_697.jpg,0,0.237358,0,30.00828
E:\IMG\center_2025_12_05_11_41_59_769.jpg,E:\IMG\left_2025_12_05_11_41_59_769.jpg,E:\IMG\right_2025_12_05_11_41_59_769.jpg,0,0.3536914,0,30.0122
E:\IMG\center_2025_12_05_11_41_59_846.jpg,E:\IMG\left_2025_12_05_11_41_59_846.jpg,E:\IMG\right_2025_12_05_11_41_59_846.jpg,0,0.5849392,0,30.05939
E:\IMG\center_2025_12_05_11_41_59_918.jpg,E:\IMG\left_2025_12_05_11_41_59_918.jpg,E:\IMG\right_2025_12_05_11_41_59_918.jpg,0,0.8027552,0,30.12647
E:\IMG\center_2025_12_05_11_41_59_993.jpg,E:\IMG\left_2025_12_05_11_41_59_993.jpg,E:\IMG\right_2025_12_05_11_41_59_993.jpg,-0.05,0.9103574,0,30.17456
E:\IMG\center_2025_12_05_11_42_00_065.jpg,E:\IMG\left_2025_12_05_11_42_00_065.jpg,E:\IMG\right_2025_12_05_11_42_00_065.jpg,-0.25,0.6921998,0,30.10831
E:\IMG\center_2025_12_05_11_42_00_143.jpg,E:\IMG\left_2025_12_05_11_42_00_143.jpg,E:\IMG\right_2025_12_05_11_42_00_143.jpg,0,0.4608785,0,30.05709
E:\IMG\center_2025_12_05_11_42_00_221.jpg,E:\IMG\left_2025_12_05_11_42_00_221.jpg,E:\IMG\right_2025_12_05_11_42_00_221.jpg,0,0.2253416,0,30.00819
E:\IMG\center_2025_12_05_11_42_00_292.jpg,E:\IMG\left_2025_12_05_11_42_00_292.jpg,E:\IMG\right_2025_12_05_11_42_00_292.jpg,0,0.185498,0,29.93602
E:\IMG\center_2025_12_05_11_42_00_370.jpg,E:\IMG\left_2025_12_05_11_42_00_370.jpg,E:\IMG\right_2025_12_05_11_42_00_370.jpg,0,0.4680707,0,30.00986
E:\IMG\center_2025_12_05_11_42_00_448.jpg,E:\IMG\left_2025_12_05_11_42_00_448.jpg,E:\IMG\right_2025_12_05_11_42_00_448.jpg,0,0.7031639,0,30.11027
E:\IMG\center_2025_12_05_11_42_00_525.jpg,E:\IMG\left_2025_12_05_11_42_00_525.jpg,E:\IMG\right_2025_12_05_11_42_00_525.jpg,0,0.6760781,0,30.11272
E:\IMG\center_2025_12_05_11_42_00_596.jpg,E:\IMG\left_2025_12_05_11_42_00_596.jpg,E:\IMG\right_2025_12_05_11_42_00_596.jpg,-0.15,0.4627073,0,30.05625
E:\IMG\center_2025_12_05_11_42_00_674.jpg,E:\IMG\left_2025_12_05_11_42_00_674.jpg,E:\IMG\right_2025_12_05_11_42_00_674.jpg,0,0.2297982,0,30.00703
E:\IMG\center_2025_12_05_11_42_00_753.jpg,E:\IMG\left_2025_12_05_11_42_00_753.jpg,E:\IMG\right_2025_12_05_11_42_00_753.jpg,0,0,0,29.91215
E:\IMG\center_2025_12_05_11_42_00_830.jpg,E:\IMG\left_2025_12_05_11_42_00_830.jpg,E:\IMG\right_2025_12_05_11_42_00_830.jpg,0,0,0,29.67036
E:\IMG\center_2025_12_05_11_42_00_903.jpg,E:\IMG\left_2025_12_05_11_42_00_903.jpg,E:\IMG\right_2025_12_05_11_42_00_903.jpg,0,0.1660494,0,29.47916
E:\IMG\center_2025_12_05_11_42_00_978.jpg,E:\IMG\left_2025_12_05_11_42_00_978.jpg,E:\IMG\right_2025_12_05_11_42_00_978.jpg,0,0.3886212,0,29.49913
E:\IMG\center_2025_12_05_11_42_01_050.jpg,E:\IMG\left_2025_12_05_11_42_01_050.jpg,E:\IMG\right_2025_12_05_11_42_01_050.jpg,0,0.5603175,0,29.66683
E:\IMG\center_2025_12_05_11_42_01_124.jpg,E:\IMG\left_2025_12_05_11_42_01_124.jpg,E:\IMG\right_2025_12_05_11_42_01_124.jpg,0,0.8298439,0,30.10261
E:\IMG\center_2025_12_05_11_42_01_196.jpg,E:\IMG\left_2025_12_05_11_42_01_196.jpg,E:\IMG\right_2025_12_05_11_42_01_196.jpg,0,1,0,30.19093
E:\IMG\center_2025_12_05_11_42_01_271.jpg,E:\IMG\left_2025_12_05_11_42_01_271.jpg,E:\IMG\right_2025_12_05_11_42_01_271.jpg,0,1,0,30.1903
E:\IMG\center_2025_12_05_11_42_01_341.jpg,E:\IMG\left_2025_12_05_11_42_01_341.jpg,E:\IMG\right_2025_12_05_11_42_01_341.jpg,0,1,0,30.19031
E:\IMG\center_2025_12_05_11_42_01_413.jpg,E:\IMG\left_2025_12_05_11_42_01_413.jpg,E:\IMG\right_2025_12_05_11_42_01_413.jpg,0,1,0,30.19032
E:\IMG\center_2025_12_05_11_42_01_483.jpg,E:\IMG\left_2025_12_05_11_42_01_483.jpg,E:\IMG\right_2025_12_05_11_42_01_483.jpg,0,1,0,30.19038
E:\IMG\center_2025_12_05_11_42_01_555.jpg,E:\IMG\left_2025_12_05_11_42_01_555.jpg,E:\IMG\right_2025_12_05_11_42_01_555.jpg,0,0.9398164,0,30.19033
E:\IMG\center_2025_12_05_11_42_01_625.jpg,E:\IMG\left_2025_12_05_11_42_01_625.jpg,E:\IMG\right_2025_12_05_11_42_01_625.jpg,0,0.7298809,0,30.13469
E:\IMG\center_2025_12_05_11_42_01_694.jpg,E:\IMG\left_2025_12_05_11_42_01_694.jpg,E:\IMG\right_2025_12_05_11_42_01_694.jpg,0,0.5221216,0,30.08002
E:\IMG\center_2025_12_05_11_42_01_763.jpg,E:\IMG\left_2025_12_05_11_42_01_763.jpg,E:\IMG\right_2025_12_05_11_42_01_763.jpg,-0.15,0.317812,0,30.02171
E:\IMG\center_2025_12_05_11_42_01_830.jpg,E:\IMG\left_2025_12_05_11_42_01_830.jpg,E:\IMG\right_2025_12_05_11_42_01_830.jpg,0,0.155395,0,29.96923
E:\IMG\center_2025_12_05_11_42_01_901.jpg,E:\IMG\left_2025_12_05_11_42_01_901.jpg,E:\IMG\right_2025_12_05_11_42_01_901.jpg,0,0.0876186,0,29.78587
E:\IMG\center_2025_12_05_11_42_01_968.jpg,E:\IMG\left_2025_12_05_11_42_01_968.jpg,E:\IMG\right_2025_12_05_11_42_01_968.jpg,0,0.2905467,0,29.71822
E:\IMG\center_2025_12_05_11_42_02_052.jpg,E:\IMG\left_2025_12_05_11_42_02_052.jpg,E:\IMG\right_2025_12_05_11_42_02_052.jpg,0,0.3929514,0,29.85534
E:\IMG\center_2025_12_05_11_42_02_121.jpg,E:\IMG\left_2025_12_05_11_42_02_121.jpg,E:\IMG\right_2025_12_05_11_42_02_121.jpg,0,0.1362483,0,29.86455
E:\IMG\center_2025_12_05_11_42_02_189.jpg,E:\IMG\left_2025_12_05_11_42_02_189.jpg,E:\IMG\right_2025_12_05_11_42_02_189.jpg,0,0,0,29.73806
E:\IMG\center_2025_12_05_11_42_02_258.jpg,E:\IMG\left_2025_12_05_11_42_02_258.jpg,E:\IMG\right_2025_12_05_11_42_02_258.jpg,-0.2,0,0,29.47951
E:\IMG\center_2025_12_05_11_42_02_329.jpg,E:\IMG\left_2025_12_05_11_42_02_329.jpg,E:\IMG\right_2025_12_05_11_42_02_329.jpg,0,0,0,29.28439
E:\IMG\center_2025_12_05_11_42_02_395.jpg,E:\IMG\left_2025_12_05_11_42_02_395.jpg,E:\IMG\right_2025_12_05_11_42_02_395.jpg,0,0,0,29.04747
E:\IMG\center_2025_12_05_11_42_02_467.jpg,E:\IMG\left_2025_12_05_11_42_02_467.jpg,E:\IMG\right_2025_12_05_11_42_02_467.jpg,0,0,0,28.87186
E:\IMG\center_2025_12_05_11_42_02_553.jpg,E:\IMG\left_2025_12_05_11_42_02_553.jpg,E:\IMG\right_2025_12_05_11_42_02_553.jpg,0,0.259179,0,28.71928
E:\IMG\center_2025_12_05_11_42_02_640.jpg,E:\IMG\left_2025_12_05_11_42_02_640.jpg,E:\IMG\right_2025_12_05_11_42_02_640.jpg,0,0.5180043,0,28.87896
E:\IMG\center_2025_12_05_11_42_02_718.jpg,E:\IMG\left_2025_12_05_11_42_02_718.jpg,E:\IMG\right_2025_12_05_11_42_02_718.jpg,0,0.3819225,0,29.1282
E:\IMG\center_2025_12_05_11_42_02_790.jpg,E:\IMG\left_2025_12_05_11_42_02_790.jpg,E:\IMG\right_2025_12_05_11_42_02_790.jpg,0,0.1650612,0,29.16479
E:\IMG\center_2025_12_05_11_42_02_871.jpg,E:\IMG\left_2025_12_05_11_42_02_871.jpg,E:\IMG\right_2025_12_05_11_42_02_871.jpg,0,0,0,29.01317
E:\IMG\center_2025_12_05_11_42_02_953.jpg,E:\IMG\left_2025_12_05_11_42_02_953.jpg,E:\IMG\right_2025_12_05_11_42_02_953.jpg,0,0,0,28.7792
E:\IMG\center_2025_12_05_11_42_03_023.jpg,E:\IMG\left_2025_12_05_11_42_03_023.jpg,E:\IMG\right_2025_12_05_11_42_03_023.jpg,0,0,0,28.54777
E:\IMG\center_2025_12_05_11_42_03_090.jpg,E:\IMG\left_2025_12_05_11_42_03_090.jpg,E:\IMG\right_2025_12_05_11_42_03_090.jpg,0,0,0,28.37542
E:\IMG\center_2025_12_05_11_42_03_173.jpg,E:\IMG\left_2025_12_05_11_42_03_173.jpg,E:\IMG\right_2025_12_05_11_42_03_173.jpg,0,0,0,28.14725
E:\IMG\center_2025_12_05_11_42_03_241.jpg,E:\IMG\left_2025_12_05_11_42_03_241.jpg,E:\IMG\right_2025_12_05_11_42_03_241.jpg,0,0.2557389,0,28.05178
E:\IMG\center_2025_12_05_11_42_03_309.jpg,E:\IMG\left_2025_12_05_11_42_03_309.jpg,E:\IMG\right_2025_12_05_11_42_03_309.jpg,0,0.4580979,0,28.11651
E:\IMG\center_2025_12_05_11_42_03_378.jpg,E:\IMG\left_2025_12_05_11_42_03_378.jpg,E:\IMG\right_2025_12_05_11_42_03_378.jpg,-0.2,0.5636997,0,28.41537
E:\IMG\center_2025_12_05_11_42_03_450.jpg,E:\IMG\left_2025_12_05_11_42_03_450.jpg,E:\IMG\right_2025_12_05_11_42_03_450.jpg,0,0.3506628,0,28.56535
E:\IMG\center_2025_12_05_11_42_03_534.jpg,E:\IMG\left_2025_12_05_11_42_03_534.jpg,E:\IMG\right_2025_12_05_11_42_03_534.jpg,0,0.1521774,0,28.58894
E:\IMG\center_2025_12_05_11_42_03_603.jpg,E:\IMG\left_2025_12_05_11_42_03_603.jpg,E:\IMG\right_2025_12_05_11_42_03_603.jpg,0,0.0568413,0,28.39457
E:\IMG\center_2025_12_05_11_42_03_670.jpg,E:\IMG\left_2025_12_05_11_42_03_670.jpg,E:\IMG\right_2025_12_05_11_42_03_670.jpg,0,0.2111157,0,28.31326
E:\IMG\center_2025_12_05_11_42_03_739.jpg,E:\IMG\left_2025_12_05_11_42_03_739.jpg,E:\IMG\right_2025_12_05_11_42_03_739.jpg,0,0.4650093,0,28.42227
E:\IMG\center_2025_12_05_11_42_03_809.jpg,E:\IMG\left_2025_12_05_11_42_03_809.jpg,E:\IMG\right_2025_12_05_11_42_03_809.jpg,-0.05,0.6292878,0,28.64254
E:\IMG\center_2025_12_05_11_42_03_879.jpg,E:\IMG\left_2025_12_05_11_42_03_879.jpg,E:\IMG\right_2025_12_05_11_42_03_879.jpg,-0.25,0.7802472,0,29.08226
E:\IMG\center_2025_12_05_11_42_03_946.jpg,E:\IMG\left_2025_12_05_11_42_03_946.jpg,E:\IMG\right_2025_12_05_11_42_03_946.jpg,0,0.5777786,0,29.44781
E:\IMG\center_2025_12_05_11_42_04_015.jpg,E:\IMG\left_2025_12_05_11_42_04_015.jpg,E:\IMG\right_2025_12_05_11_42_04_015.jpg,0,0.3719732,0,29.66132
E:\IMG\center_2025_12_05_11_42_04_089.jpg,E:\IMG\left_2025_12_05_11_42_04_089.jpg,E:\IMG\right_2025_12_05_11_42_04_089.jpg,0,0.1507706,0,29.68917
E:\IMG\center_2025_12_05_11_42_04_171.jpg,E:\IMG\left_2025_12_05_11_42_04_171.jpg,E:\IMG\right_2025_12_05_11_42_04_171.jpg,0,0.1095849,0,29.48787
E:\IMG\center_2025_12_05_11_42_04_239.jpg,E:\IMG\left_2025_12_05_11_42_04_239.jpg,E:\IMG\right_2025_12_05_11_42_04_239.jpg,-0.2,0.3136755,0,29.43064
E:\IMG\center_2025_12_05_11_42_04_310.jpg,E:\IMG\left_2025_12_05_11_42_04_310.jpg,E:\IMG\right_2025_12_05_11_42_04_310.jpg,-0.35,0.5228543,0,29.47139
E:\IMG\center_2025_12_05_11_42_04_381.jpg,E:\IMG\left_2025_12_05_11_42_04_381.jpg,E:\IMG\right_2025_12_05_11_42_04_381.jpg,0,0.7401809,0,29.83031
E:\IMG\center_2025_12_05_11_42_04_453.jpg,E:\IMG\left_2025_12_05_11_42_04_453.jpg,E:\IMG\right_2025_12_05_11_42_04_453.jpg,0,0.576439,0,30.09349
E:\IMG\center_2025_12_05_11_42_04_525.jpg,E:\IMG\left_2025_12_05_11_42_04_525.jpg,E:\IMG\right_2025_12_05_11_42_04_525.jpg,0,0.3096835,0,30.02565
E:\IMG\center_2025_12_05_11_42_04_597.jpg,E:\IMG\left_2025_12_05_11_42_04_597.jpg,E:\IMG\right_2025_12_05_11_42_04_597.jpg,0,0.0956887,0,29.95373
E:\IMG\center_2025_12_05_11_42_04_669.jpg,E:\IMG\left_2025_12_05_11_42_04_669.jpg,E:\IMG\right_2025_12_05_11_42_04_669.jpg,0,0.0568851,0,29.79508
E:\IMG\center_2025_12_05_11_42_04_739.jpg,E:\IMG\left_2025_12_05_11_42_04_739.jpg,E:\IMG\right_2025_12_05_11_42_04_739.jpg,0,0.2698746,0,29.70312
E:\IMG\center_2025_12_05_11_42_04_809.jpg,E:\IMG\left_2025_12_05_11_42_04_809.jpg,E:\IMG\right_2025_12_05_11_42_04_809.jpg,0,0.4788741,0,29.78691
E:\IMG\center_2025_12_05_11_42_04_883.jpg,E:\IMG\left_2025_12_05_11_42_04_883.jpg,E:\IMG\right_2025_12_05_11_42_04_883.jpg,0,0.5960523,0,30.10124
E:\IMG\center_2025_12_05_11_42_04_954.jpg,E:\IMG\left_2025_12_05_11_42_04_954.jpg,E:\IMG\right_2025_12_05_11_42_04_954.jpg,0,0.3801426,0,30.04366
E:\IMG\center_2025_12_05_11_42_05_027.jpg,E:\IMG\left_2025_12_05_11_42_05_027.jpg,E:\IMG\right_2025_12_05_11_42_05_027.jpg,0,0.1623819,0,29.98742
E:\IMG\center_2025_12_05_11_42_05_100.jpg,E:\IMG\left_2025_12_05_11_42_05_100.jpg,E:\IMG\right_2025_12_05_11_42_05_100.jpg,0,0,0,29.8107
E:\IMG\center_2025_12_05_11_42_05_171.jpg,E:\IMG\left_2025_12_05_11_42_05_171.jpg,E:\IMG\right_2025_12_05_11_42_05_171.jpg,0.15,0,0,29.62149
E:\IMG\center_2025_12_05_11_42_05_248.jpg,E:\IMG\left_2025_12_05_11_42_05_248.jpg,E:\IMG\right_2025_12_05_11_42_05_248.jpg,0.35,0,0,29.31087
E:\IMG\center_2025_12_05_11_42_05_318.jpg,E:\IMG\left_2025_12_05_11_42_05_318.jpg,E:\IMG\right_2025_12_05_11_42_05_318.jpg,0,0,0,29.06546
E:\IMG\center_2025_12_05_11_42_05_391.jpg,E:\IMG\left_2025_12_05_11_42_05_391.jpg,E:\IMG\right_2025_12_05_11_42_05_391.jpg,0,0.0626769,0,28.88748
E:\IMG\center_2025_12_05_11_42_05_463.jpg,E:\IMG\left_2025_12_05_11_42_05_463.jpg,E:\IMG\right_2025_12_05_11_42_05_463.jpg,0,0.2755554,0,28.80448
E:\IMG\center_2025_12_05_11_42_05_535.jpg,E:\IMG\left_2025_12_05_11_42_05_535.jpg,E:\IMG\right_2025_12_05_11_42_05_535.jpg,0,0.4955355,0,28.93526
E:\IMG\center_2025_12_05_11_42_05_607.jpg,E:\IMG\left_2025_12_05_11_42_05_607.jpg,E:\IMG\right_2025_12_05_11_42_05_607.jpg,-0.1,0.7106967,0,29.1949
E:\IMG\center_2025_12_05_11_42_05_681.jpg,E:\IMG\left_2025_12_05_11_42_05_681.jpg,E:\IMG\right_2025_12_05_11_42_05_681.jpg,-0.3,0.9324285,0,29.6892
E:\IMG\center_2025_12_05_11_42_05_753.jpg,E:\IMG\left_2025_12_05_11_42_05_753.jpg,E:\IMG\right_2025_12_05_11_42_05_753.jpg,0,0.8753283,0,30.15992
E:\IMG\center_2025_12_05_11_42_05_825.jpg,E:\IMG\left_2025_12_05_11_42_05_825.jpg,E:\IMG\right_2025_12_05_11_42_05_825.jpg,0,0.6028737,0,30.09811
E:\IMG\center_2025_12_05_11_42_05_897.jpg,E:\IMG\left_2025_12_05_11_42_05_897.jpg,E:\IMG\right_2025_12_05_11_42_05_897.jpg,0,0.3882975,0,30.04439
E:\IMG\center_2025_12_05_11_42_05_970.jpg,E:\IMG\left_2025_12_05_11_42_05_970.jpg,E:\IMG\right_2025_12_05_11_42_05_970.jpg,0,0.1695067,0,29.98547
E:\IMG\center_2025_12_05_11_42_06_043.jpg,E:\IMG\left_2025_12_05_11_42_06_043.jpg,E:\IMG\right_2025_12_05_11_42_06_043.jpg,0,0.05136935,0,29.81471
E:\IMG\center_2025_12_05_11_42_06_116.jpg,E:\IMG\left_2025_12_05_11_42_06_116.jpg,E:\IMG\right_2025_12_05_11_42_06_116.jpg,0,0.2739618,0,29.7205
E:\IMG\center_2025_12_05_11_42_06_188.jpg,E:\IMG\left_2025_12_05_11_42_06_188.jpg,E:\IMG\right_2025_12_05_11_42_06_188.jpg,0,0.4889088,0,29.81865
E:\IMG\center_2025_12_05_11_42_06_261.jpg,E:\IMG\left_2025_12_05_11_42_06_261.jpg,E:\IMG\right_2025_12_05_11_42_06_261.jpg,0,0.7054266,0,30.10441
E:\IMG\center_2025_12_05_11_42_06_336.jpg,E:\IMG\left_2025_12_05_11_42_06_336.jpg,E:\IMG\right_2025_12_05_11_42_06_336.jpg,0,0.4792613,0,30.06886
E:\IMG\center_2025_12_05_11_42_06_406.jpg,E:\IMG\left_2025_12_05_11_42_06_406.jpg,E:\IMG\right_2025_12_05_11_42_06_406.jpg,0.1,0.2689337,0,30.01293
E:\IMG\center_2025_12_05_11_42_06_479.jpg,E:\IMG\left_2025_12_05_11_42_06_479.jpg,E:\IMG\right_2025_12_05_11_42_06_479.jpg,0.3,0.0500081,0,29.87296
E:\IMG\center_2025_12_05_11_42_06_552.jpg,E:\IMG\left_2025_12_05_11_42_06_552.jpg,E:\IMG\right_2025_12_05_11_42_06_552.jpg,0,0,0,29.69318
E:\IMG\center_2025_12_05_11_42_06_624.jpg,E:\IMG\left_2025_12_05_11_42_06_624.jpg,E:\IMG\right_2025_12_05_11_42_06_624.jpg,0,0,0,29.45156
E:\IMG\center_2025_12_05_11_42_06_699.jpg,E:\IMG\left_2025_12_05_11_42_06_699.jpg,E:\IMG\right_2025_12_05_11_42_06_699.jpg,0,0,0,29.21297
E:\IMG\center_2025_12_05_11_42_06_771.jpg,E:\IMG\left_2025_12_05_11_42_06_771.jpg,E:\IMG\right_2025_12_05_11_42_06_771.jpg,0,0.1111596,0,29.03547
E:\IMG\center_2025_12_05_11_42_06_843.jpg,E:\IMG\left_2025_12_05_11_42_06_843.jpg,E:\IMG\right_2025_12_05_11_42_06_843.jpg,0,0.3289707,0,29.00781
E:\IMG\center_2025_12_05_11_42_06_921.jpg,E:\IMG\left_2025_12_05_11_42_06_921.jpg,E:\IMG\right_2025_12_05_11_42_06_921.jpg,0,0.5590965,0,29.19369
E:\IMG\center_2025_12_05_11_42_06_992.jpg,E:\IMG\left_2025_12_05_11_42_06_992.jpg,E:\IMG\right_2025_12_05_11_42_06_992.jpg,0,0.7720965,0,29.47494
E:\IMG\center_2025_12_05_11_42_07_064.jpg,E:\IMG\left_2025_12_05_11_42_07_064.jpg,E:\IMG\right_2025_12_05_11_42_07_064.jpg,0,0.9858537,0,30.07644
E:\IMG\center_2025_12_05_11_42_07_134.jpg,E:\IMG\left_2025_12_05_11_42_07_134.jpg,E:\IMG\right_2025_12_05_11_42_07_134.jpg,0,1,0,30.18998
E:\IMG\center_2025_12_05_11_42_07_211.jpg,E:\IMG\left_2025_12_05_11_42_07_211.jpg,E:\IMG\right_2025_12_05_11_42_07_211.jpg,-0.1,1,0,30.18733
E:\IMG\center_2025_12_05_11_42_07_283.jpg,E:\IMG\left_2025_12_05_11_42_07_283.jpg,E:\IMG\right_2025_12_05_11_42_07_283.jpg,0,0.9454204,0,30.19062
E:\IMG\center_2025_12_05_11_42_07_357.jpg,E:\IMG\left_2025_12_05_11_42_07_357.jpg,E:\IMG\right_2025_12_05_11_42_07_357.jpg,0,0.7242652,0,30.13171
E:\IMG\center_2025_12_05_11_42_07_431.jpg,E:\IMG\left_2025_12_05_11_42_07_431.jpg,E:\IMG\right_2025_12_05_11_42_07_431.jpg,0,0.5032501,0,30.07005
E:\IMG\center_2025_12_05_11_42_07_508.jpg,E:\IMG\left_2025_12_05_11_42_07_508.jpg,E:\IMG\right_2025_12_05_11_42_07_508.jpg,0,0.2696291,0,30.01741
E:\IMG\center_2025_12_05_11_42_07_578.jpg,E:\IMG\left_2025_12_05_11_42_07_578.jpg,E:\IMG\right_2025_12_05_11_42_07_578.jpg,0,0.06041235,0,29.92893
E:\IMG\center_2025_12_05_11_42_07_652.jpg,E:\IMG\left_2025_12_05_11_42_07_652.jpg,E:\IMG\right_2025_12_05_11_42_07_652.jpg,0,0,0,29.75734
E:\IMG\center_2025_12_05_11_42_07_729.jpg,E:\IMG\left_2025_12_05_11_42_07_729.jpg,E:\IMG\right_2025_12_05_11_42_07_729.jpg,0,0.0616848,0,29.51643
E:\IMG\center_2025_12_05_11_42_07_802.jpg,E:\IMG\left_2025_12_05_11_42_07_802.jpg,E:\IMG\right_2025_12_05_11_42_07_802.jpg,0,0.2809464,0,29.43199
E:\IMG\center_2025_12_05_11_42_07_876.jpg,E:\IMG\left_2025_12_05_11_42_07_876.jpg,E:\IMG\right_2025_12_05_11_42_07_876.jpg,0,0.5032728,0,29.56409
E:\IMG\center_2025_12_05_11_42_07_950.jpg,E:\IMG\left_2025_12_05_11_42_07_950.jpg,E:\IMG\right_2025_12_05_11_42_07_950.jpg,0,0.7276524,0,29.82314
E:\IMG\center_2025_12_05_11_42_08_025.jpg,E:\IMG\left_2025_12_05_11_42_08_025.jpg,E:\IMG\right_2025_12_05_11_42_08_025.jpg,0,0.9518895,0,30.1664
E:\IMG\center_2025_12_05_11_42_08_100.jpg,E:\IMG\left_2025_12_05_11_42_08_100.jpg,E:\IMG\right_2025_12_05_11_42_08_100.jpg,0,1,0,30.1902
E:\IMG\center_2025_12_05_11_42_08_175.jpg,E:\IMG\left_2025_12_05_11_42_08_175.jpg,E:\IMG\right_2025_12_05_11_42_08_175.jpg,0,1,0,30.18995
E:\IMG\center_2025_12_05_11_42_08_250.jpg,E:\IMG\left_2025_12_05_11_42_08_250.jpg,E:\IMG\right_2025_12_05_11_42_08_250.jpg,0,1,0,30.18993
E:\IMG\center_2025_12_05_11_42_08_329.jpg,E:\IMG\left_2025_12_05_11_42_08_329.jpg,E:\IMG\right_2025_12_05_11_42_08_329.jpg,0,1,0,30.18995
E:\IMG\center_2025_12_05_11_42_08_403.jpg,E:\IMG\left_2025_12_05_11_42_08_403.jpg,E:\IMG\right_2025_12_05_11_42_08_403.jpg,0,1,0,30.18995
E:\IMG\center_2025_12_05_11_42_08_480.jpg,E:\IMG\left_2025_12_05_11_42_08_480.jpg,E:\IMG\right_2025_12_05_11_42_08_480.jpg,0,1,0,30.18996
E:\IMG\center_2025_12_05_11_42_08_557.jpg,E:\IMG\left_2025_12_05_11_42_08_557.jpg,E:\IMG\right_2025_12_05_11_42_08_557.jpg,0,1,0,30.18993
E:\IMG\center_2025_12_05_11_42_08_633.jpg,E:\IMG\left_2025_12_05_11_42_08_633.jpg,E:\IMG\right_2025_12_05_11_42_08_633.jpg,0,1,0,30.18994
E:\IMG\center_2025_12_05_11_42_08_709.jpg,E:\IMG\left_2025_12_05_11_42_08_709.jpg,E:\IMG\right_2025_12_05_11_42_08_709.jpg,0,1,0,30.18994
E:\IMG\center_2025_12_05_11_42_08_789.jpg,E:\IMG\left_2025_12_05_11_42_08_789.jpg,E:\IMG\right_2025_12_05_11_42_08_789.jpg,0,1,0,30.18993
E:\IMG\center_2025_12_05_11_42_08_867.jpg,E:\IMG\left_2025_12_05_11_42_08_867.jpg,E:\IMG\right_2025_12_05_11_42_08_867.jpg,0,1,0,30.18995
E:\IMG\center_2025_12_05_11_42_08_944.jpg,E:\IMG\left_2025_12_05_11_42_08_944.jpg,E:\IMG\right_2025_12_05_11_42_08_944.jpg,0,1,0,30.18992
E:\IMG\center_2025_12_05_11_42_09_028.jpg,E:\IMG\left_2025_12_05_11_42_09_028.jpg,E:\IMG\right_2025_12_05_11_42_09_028.jpg,0,1,0,30.18992
E:\IMG\center_2025_12_05_11_42_09_108.jpg,E:\IMG\left_2025_12_05_11_42_09_108.jpg,E:\IMG\right_2025_12_05_11_42_09_108.jpg,0,0.817075,0,30.15719
E:\IMG\center_2025_12_05_11_42_09_186.jpg,E:\IMG\left_2025_12_05_11_42_09_186.jpg,E:\IMG\right_2025_12_05_11_42_09_186.jpg,-0.05,0.5851187,0,30.09593
E:\IMG\center_2025_12_05_11_42_09_266.jpg,E:\IMG\left_2025_12_05_11_42_09_266.jpg,E:\IMG\right_2025_12_05_11_42_09_266.jpg,0,0.3424888,0,30.03239
E:\IMG\center_2025_12_05_11_42_09_345.jpg,E:\IMG\left_2025_12_05_11_42_09_345.jpg,E:\IMG\right_2025_12_05_11_42_09_345.jpg,0,0.1044733,0,29.96484
E:\IMG\center_2025_12_05_11_42_09_426.jpg,E:\IMG\left_2025_12_05_11_42_09_426.jpg,E:\IMG\right_2025_12_05_11_42_09_426.jpg,0,0.3499408,0,29.92549
E:\IMG\center_2025_12_05_11_42_09_508.jpg,E:\IMG\left_2025_12_05_11_42_09_508.jpg,E:\IMG\right_2025_12_05_11_42_09_508.jpg,0,0.5922028,0,30.07493
E:\IMG\center_2025_12_05_11_42_09_577.jpg,E:\IMG\left_2025_12_05_11_42_09_577.jpg,E:\IMG\right_2025_12_05_11_42_09_577.jpg,0,0.5125669,0,30.08415
E:\IMG\center_2025_12_05_11_42_09_653.jpg,E:\IMG\left_2025_12_05_11_42_09_653.jpg,E:\IMG\right_2025_12_05_11_42_09_653.jpg,0,0.2831458,0,30.01488
E:\IMG\center_2025_12_05_11_42_09_737.jpg,E:\IMG\left_2025_12_05_11_42_09_737.jpg,E:\IMG\right_2025_12_05_11_42_09_737.jpg,0,0.03172024,0,29.91332
E:\IMG\center_2025_12_05_11_42_09_822.jpg,E:\IMG\left_2025_12_05_11_42_09_822.jpg,E:\IMG\right_2025_12_05_11_42_09_822.jpg,0,0,0,29.67441
E:\IMG\center_2025_12_05_11_42_09_909.jpg,E:\IMG\left_2025_12_05_11_42_09_909.jpg,E:\IMG\right_2025_12_05_11_42_09_909.jpg,0,0,0,29.43461
E:\IMG\center_2025_12_05_11_42_10_000.jpg,E:\IMG\left_2025_12_05_11_42_10_000.jpg,E:\IMG\right_2025_12_05_11_42_10_000.jpg,0,0,0,29.13752
E:\IMG\center_2025_12_05_11_42_10_078.jpg,E:\IMG\left_2025_12_05_11_42_10_078.jpg,E:\IMG\right_2025_12_05_11_42_10_078.jpg,0,0,0,28.902
E:\IMG\center_2025_12_05_11_42_10_167.jpg,E:\IMG\left_2025_12_05_11_42_10_167.jpg,E:\IMG\right_2025_12_05_11_42_10_167.jpg,0,0.2662818,0,28.77557
E:\IMG\center_2025_12_05_11_42_10_253.jpg,E:\IMG\left_2025_12_05_11_42_10_253.jpg,E:\IMG\right_2025_12_05_11_42_10_253.jpg,0,0.5257875,0,28.91534
E:\IMG\center_2025_12_05_11_42_10_336.jpg,E:\IMG\left_2025_12_05_11_42_10_336.jpg,E:\IMG\right_2025_12_05_11_42_10_336.jpg,0,0.7741066,0,29.4084
E:\IMG\center_2025_12_05_11_42_10_423.jpg,E:\IMG\left_2025_12_05_11_42_10_423.jpg,E:\IMG\right_2025_12_05_11_42_10_423.jpg,0,0.5126812,0,29.813
E:\IMG\center_2025_12_05_11_42_10_511.jpg,E:\IMG\left_2025_12_05_11_42_10_511.jpg,E:\IMG\right_2025_12_05_11_42_10_511.jpg,0,0.2463571,0,29.95079
E:\IMG\center_2025_12_05_11_42_10_579.jpg,E:\IMG\left_2025_12_05_11_42_10_579.jpg,E:\IMG\right_2025_12_05_11_42_10_579.jpg,0,0.04578459,0,29.85474
E:\IMG\center_2025_12_05_11_42_10_645.jpg,E:\IMG\left_2025_12_05_11_42_10_645.jpg,E:\IMG\right_2025_12_05_11_42_10_645.jpg,0,0,0,29.6778
E:\IMG\center_2025_12_05_11_42_10_734.jpg,E:\IMG\left_2025_12_05_11_42_10_734.jpg,E:\IMG\right_2025_12_05_11_42_10_734.jpg,0,0.1327779,0,29.45978
E:\IMG\center_2025_12_05_11_42_10_820.jpg,E:\IMG\left_2025_12_05_11_42_10_820.jpg,E:\IMG\right_2025_12_05_11_42_10_820.jpg,0,0.3939204,0,29.45114
E:\IMG\center_2025_12_05_11_42_10_888.jpg,E:\IMG\left_2025_12_05_11_42_10_888.jpg,E:\IMG\right_2025_12_05_11_42_10_888.jpg,0,0.5981562,0,29.62811
E:\IMG\center_2025_12_05_11_42_10_956.jpg,E:\IMG\left_2025_12_05_11_42_10_956.jpg,E:\IMG\right_2025_12_05_11_42_10_956.jpg,0,0.7995354,0,30.08292
E:\IMG\center_2025_12_05_11_42_11_050.jpg,E:\IMG\left_2025_12_05_11_42_11_050.jpg,E:\IMG\right_2025_12_05_11_42_11_050.jpg,0,0.9117748,0,30.19314
E:\IMG\center_2025_12_05_11_42_11_137.jpg,E:\IMG\left_2025_12_05_11_42_11_137.jpg,E:\IMG\right_2025_12_05_11_42_11_137.jpg,0,0.6541915,0,30.09727
E:\IMG\center_2025_12_05_11_42_11_205.jpg,E:\IMG\left_2025_12_05_11_42_11_205.jpg,E:\IMG\right_2025_12_05_11_42_11_205.jpg,0,0.4496023,0,30.06505
E:\IMG\center_2025_12_05_11_42_11_277.jpg,E:\IMG\left_2025_12_05_11_42_11_277.jpg,E:\IMG\right_2025_12_05_11_42_11_277.jpg,-0.15,0.2336482,0,29.98493
E:\IMG\center_2025_12_05_11_42_11_358.jpg,E:\IMG\left_2025_12_05_11_42_11_358.jpg,E:\IMG\right_2025_12_05_11_42_11_358.jpg,0,0,0,29.82314
E:\IMG\center_2025_12_05_11_42_11_439.jpg,E:\IMG\left_2025_12_05_11_42_11_439.jpg,E:\IMG\right_2025_12_05_11_42_11_439.jpg,0,0,0,29.58264
E:\IMG\center_2025_12_05_11_42_11_507.jpg,E:\IMG\left_2025_12_05_11_42_11_507.jpg,E:\IMG\right_2025_12_05_11_42_11_507.jpg,0,0,0,29.40302
E:\IMG\center_2025_12_05_11_42_11_585.jpg,E:\IMG\left_2025_12_05_11_42_11_585.jpg,E:\IMG\right_2025_12_05_11_42_11_585.jpg,0,0.0866208,0,29.16541
E:\IMG\center_2025_12_05_11_42_11_656.jpg,E:\IMG\left_2025_12_05_11_42_11_656.jpg,E:\IMG\right_2025_12_05_11_42_11_656.jpg,0,0.3006615,0,29.13274
E:\IMG\center_2025_12_05_11_42_11_723.jpg,E:\IMG\left_2025_12_05_11_42_11_723.jpg,E:\IMG\right_2025_12_05_11_42_11_723.jpg,0,0.5031222,0,29.23356
E:\IMG\center_2025_12_05_11_42_11_795.jpg,E:\IMG\left_2025_12_05_11_42_11_795.jpg,E:\IMG\right_2025_12_05_11_42_11_795.jpg,0,0.2891793,0,29.37008
E:\IMG\center_2025_12_05_11_42_11_869.jpg,E:\IMG\left_2025_12_05_11_42_11_869.jpg,E:\IMG\right_2025_12_05_11_42_11_869.jpg,0,0.06446037,0,29.33483
E:\IMG\center_2025_12_05_11_42_11_940.jpg,E:\IMG\left_2025_12_05_11_42_11_940.jpg,E:\IMG\right_2025_12_05_11_42_11_940.jpg,0,0,0,29.10701
E:\IMG\center_2025_12_05_11_42_12_013.jpg,E:\IMG\left_2025_12_05_11_42_12_013.jpg,E:\IMG\right_2025_12_05_11_42_12_013.jpg,0,0,0,28.93077
E:\IMG\center_2025_12_05_11_42_12_093.jpg,E:\IMG\left_2025_12_05_11_42_12_093.jpg,E:\IMG\right_2025_12_05_11_42_12_093.jpg,0,0,0,28.7134
E:\IMG\center_2025_12_05_11_42_12_161.jpg,E:\IMG\left_2025_12_05_11_42_12_161.jpg,E:\IMG\right_2025_12_05_11_42_12_161.jpg,0,0,0,28.4655
E:\IMG\center_2025_12_05_11_42_12_235.jpg,E:\IMG\left_2025_12_05_11_42_12_235.jpg,E:\IMG\right_2025_12_05_11_42_12_235.jpg,0,0,0,28.22909
E:\IMG\center_2025_12_05_11_42_12_308.jpg,E:\IMG\left_2025_12_05_11_42_12_308.jpg,E:\IMG\right_2025_12_05_11_42_12_308.jpg,0,0,0,28.06688
E:\IMG\center_2025_12_05_11_42_12_384.jpg,E:\IMG\left_2025_12_05_11_42_12_384.jpg,E:\IMG\right_2025_12_05_11_42_12_384.jpg,0,0,0,27.83237
E:\IMG\center_2025_12_05_11_42_12_463.jpg,E:\IMG\left_2025_12_05_11_42_12_463.jpg,E:\IMG\right_2025_12_05_11_42_12_463.jpg,0,0,0,27.60467
E:\IMG\center_2025_12_05_11_42_12_538.jpg,E:\IMG\left_2025_12_05_11_42_12_538.jpg,E:\IMG\right_2025_12_05_11_42_12_538.jpg,-0.1,0,0,27.37988
E:\IMG\center_2025_12_05_11_42_12_617.jpg,E:\IMG\left_2025_12_05_11_42_12_617.jpg,E:\IMG\right_2025_12_05_11_42_12_617.jpg,0,0,0,27.14311
E:\IMG\center_2025_12_05_11_42_12_696.jpg,E:\IMG\left_2025_12_05_11_42_12_696.jpg,E:\IMG\right_2025_12_05_11_42_12_696.jpg,0,0,0,26.92397
E:\IMG\center_2025_12_05_11_42_12_771.jpg,E:\IMG\left_2025_12_05_11_42_12_771.jpg,E:\IMG\right_2025_12_05_11_42_12_771.jpg,0,0,0,26.76127
E:\IMG\center_2025_12_05_11_42_12_850.jpg,E:\IMG\left_2025_12_05_11_42_12_850.jpg,E:\IMG\right_2025_12_05_11_42_12_850.jpg,0,0,0,26.54604
E:\IMG\center_2025_12_05_11_42_12_925.jpg,E:\IMG\left_2025_12_05_11_42_12_925.jpg,E:\IMG\right_2025_12_05_11_42_12_925.jpg,0,0,0,26.33257
E:\IMG\center_2025_12_05_11_42_13_002.jpg,E:\IMG\left_2025_12_05_11_42_13_002.jpg,E:\IMG\right_2025_12_05_11_42_13_002.jpg,0,0.2297508,0,26.22722
E:\IMG\center_2025_12_05_11_42_13_094.jpg,E:\IMG\left_2025_12_05_11_42_13_094.jpg,E:\IMG\right_2025_12_05_11_42_13_094.jpg,0,0.5061921,0,26.45531
E:\IMG\center_2025_12_05_11_42_13_183.jpg,E:\IMG\left_2025_12_05_11_42_13_183.jpg,E:\IMG\right_2025_12_05_11_42_13_183.jpg,0,0.4820898,0,26.80377
E:\IMG\center_2025_12_05_11_42_13_264.jpg,E:\IMG\left_2025_12_05_11_42_13_264.jpg,E:\IMG\right_2025_12_05_11_42_13_264.jpg,0,0.2409258,0,26.93361
E:\IMG\center_2025_12_05_11_42_13_334.jpg,E:\IMG\left_2025_12_05_11_42_13_334.jpg,E:\IMG\right_2025_12_05_11_42_13_334.jpg,0,0.02950917,0,26.87865
E:\IMG\center_2025_12_05_11_42_13_415.jpg,E:\IMG\left_2025_12_05_11_42_13_415.jpg,E:\IMG\right_2025_12_05_11_42_13_415.jpg,0,0,0,26.61087
E:\IMG\center_2025_12_05_11_42_13_487.jpg,E:\IMG\left_2025_12_05_11_42_13_487.jpg,E:\IMG\right_2025_12_05_11_42_13_487.jpg,-0.15,0,0,26.44138
E:\IMG\center_2025_12_05_11_42_13_563.jpg,E:\IMG\left_2025_12_05_11_42_13_563.jpg,E:\IMG\right_2025_12_05_11_42_13_563.jpg,0,0,0,26.2277
E:\IMG\center_2025_12_05_11_42_13_638.jpg,E:\IMG\left_2025_12_05_11_42_13_638.jpg,E:\IMG\right_2025_12_05_11_42_13_638.jpg,0,0,0,26.01658
E:\IMG\center_2025_12_05_11_42_13_711.jpg,E:\IMG\left_2025_12_05_11_42_13_711.jpg,E:\IMG\right_2025_12_05_11_42_13_711.jpg,0,0.0610365,0,25.8595
E:\IMG\center_2025_12_05_11_42_13_782.jpg,E:\IMG\left_2025_12_05_11_42_13_782.jpg,E:\IMG\right_2025_12_05_11_42_13_782.jpg,0,0.2721783,0,25.81702
E:\IMG\center_2025_12_05_11_42_13_857.jpg,E:\IMG\left_2025_12_05_11_42_13_857.jpg,E:\IMG\right_2025_12_05_11_42_13_857.jpg,0,0.3511806,0,25.95572
E:\IMG\center_2025_12_05_11_42_13_933.jpg,E:\IMG\left_2025_12_05_11_42_13_933.jpg,E:\IMG\right_2025_12_05_11_42_13_933.jpg,0,0.1223232,0,25.98782
E:\IMG\center_2025_12_05_11_42_14_009.jpg,E:\IMG\left_2025_12_05_11_42_14_009.jpg,E:\IMG\right_2025_12_05_11_42_14_009.jpg,-0.05,0,0,25.81816
E:\IMG\center_2025_12_05_11_42_14_108.jpg,E:\IMG\left_2025_12_05_11_42_14_108.jpg,E:\IMG\right_2025_12_05_11_42_14_108.jpg,0,0,0,25.55286
E:\IMG\center_2025_12_05_11_42_14_195.jpg,E:\IMG\left_2025_12_05_11_42_14_195.jpg,E:\IMG\right_2025_12_05_11_42_14_195.jpg,0,0,0,25.29608
E:\IMG\center_2025_12_05_11_42_14_270.jpg,E:\IMG\left_2025_12_05_11_42_14_270.jpg,E:\IMG\right_2025_12_05_11_42_14_270.jpg,0,0,0,25.14336
E:\IMG\center_2025_12_05_11_42_14_337.jpg,E:\IMG\left_2025_12_05_11_42_14_337.jpg,E:\IMG\right_2025_12_05_11_42_14_337.jpg,-0.15,0,0,24.93315
E:\IMG\center_2025_12_05_11_42_14_408.jpg,E:\IMG\left_2025_12_05_11_42_14_408.jpg,E:\IMG\right_2025_12_05_11_42_14_408.jpg,-0.3,0,0,24.74216
E:\IMG\center_2025_12_05_11_42_14_479.jpg,E:\IMG\left_2025_12_05_11_42_14_479.jpg,E:\IMG\right_2025_12_05_11_42_14_479.jpg,0,0,0,24.53744
E:\IMG\center_2025_12_05_11_42_14_554.jpg,E:\IMG\left_2025_12_05_11_42_14_554.jpg,E:\IMG\right_2025_12_05_11_42_14_554.jpg,0,0,0,24.33871
E:\IMG\center_2025_12_05_11_42_14_624.jpg,E:\IMG\left_2025_12_05_11_42_14_624.jpg,E:\IMG\right_2025_12_05_11_42_14_624.jpg,0,0,0,24.19144
E:\IMG\center_2025_12_05_11_42_14_698.jpg,E:\IMG\left_2025_12_05_11_42_14_698.jpg,E:\IMG\right_2025_12_05_11_42_14_698.jpg,0,0,0,23.99685
E:\IMG\center_2025_12_05_11_42_14_772.jpg,E:\IMG\left_2025_12_05_11_42_14_772.jpg,E:\IMG\right_2025_12_05_11_42_14_772.jpg,-0.15,0,0,23.84451
E:\IMG\center_2025_12_05_11_42_14_847.jpg,E:\IMG\left_2025_12_05_11_42_14_847.jpg,E:\IMG\right_2025_12_05_11_42_14_847.jpg,0,0,0,23.60979
E:\IMG\center_2025_12_05_11_42_14_919.jpg,E:\IMG\left_2025_12_05_11_42_14_919.jpg,E:\IMG\right_2025_12_05_11_42_14_919.jpg,0,0,0,23.4171
E:\IMG\center_2025_12_05_11_42_14_993.jpg,E:\IMG\left_2025_12_05_11_42_14_993.jpg,E:\IMG\right_2025_12_05_11_42_14_993.jpg,0,0,0,23.27557
E:\IMG\center_2025_12_05_11_42_15_066.jpg,E:\IMG\left_2025_12_05_11_42_15_066.jpg,E:\IMG\right_2025_12_05_11_42_15_066.jpg,-0.05,0,0,23.08779
E:\IMG\center_2025_12_05_11_42_15_140.jpg,E:\IMG\left_2025_12_05_11_42_15_140.jpg,E:\IMG\right_2025_12_05_11_42_15_140.jpg,-0.25,0,0,22.8756
E:\IMG\center_2025_12_05_11_42_15_213.jpg,E:\IMG\left_2025_12_05_11_42_15_213.jpg,E:\IMG\right_2025_12_05_11_42_15_213.jpg,-0.4,0,0,22.67436
E:\IMG\center_2025_12_05_11_42_15_286.jpg,E:\IMG\left_2025_12_05_11_42_15_286.jpg,E:\IMG\right_2025_12_05_11_42_15_286.jpg,0,0,0,22.37602
E:\IMG\center_2025_12_05_11_42_15_359.jpg,E:\IMG\left_2025_12_05_11_42_15_359.jpg,E:\IMG\right_2025_12_05_11_42_15_359.jpg,0,0,0,22.17381
E:\IMG\center_2025_12_05_11_42_15_427.jpg,E:\IMG\left_2025_12_05_11_42_15_427.jpg,E:\IMG\right_2025_12_05_11_42_15_427.jpg,0,0,0,22.03319
E:\IMG\center_2025_12_05_11_42_15_495.jpg,E:\IMG\left_2025_12_05_11_42_15_495.jpg,E:\IMG\right_2025_12_05_11_42_15_495.jpg,0,0.2057448,0,21.98649
E:\IMG\center_2025_12_05_11_42_15_567.jpg,E:\IMG\left_2025_12_05_11_42_15_567.jpg,E:\IMG\right_2025_12_05_11_42_15_567.jpg,0,0.4211313,0,22.06277
E:\IMG\center_2025_12_05_11_42_15_653.jpg,E:\IMG\left_2025_12_05_11_42_15_653.jpg,E:\IMG\right_2025_12_05_11_42_15_653.jpg,-0.05,0.4123641,0,22.35093
E:\IMG\center_2025_12_05_11_42_15_721.jpg,E:\IMG\left_2025_12_05_11_42_15_721.jpg,E:\IMG\right_2025_12_05_11_42_15_721.jpg,-0.25,0.2087913,0,22.45096
E:\IMG\center_2025_12_05_11_42_15_819.jpg,E:\IMG\left_2025_12_05_11_42_15_819.jpg,E:\IMG\right_2025_12_05_11_42_15_819.jpg,-0.5000001,0,0,22.21075
E:\IMG\center_2025_12_05_11_42_15_897.jpg,E:\IMG\left_2025_12_05_11_42_15_897.jpg,E:\IMG\right_2025_12_05_11_42_15_897.jpg,0,0,0,22.00473
E:\IMG\center_2025_12_05_11_42_15_964.jpg,E:\IMG\left_2025_12_05_11_42_15_964.jpg,E:\IMG\right_2025_12_05_11_42_15_964.jpg,0,0,0,21.84242
E:\IMG\center_2025_12_05_11_42_16_062.jpg,E:\IMG\left_2025_12_05_11_42_16_062.jpg,E:\IMG\right_2025_12_05_11_42_16_062.jpg,0,0.0925977,0,21.68967
E:\IMG\center_2025_12_05_11_42_16_141.jpg,E:\IMG\left_2025_12_05_11_42_16_141.jpg,E:\IMG\right_2025_12_05_11_42_16_141.jpg,0,0.33654,0,21.71768
E:\IMG\center_2025_12_05_11_42_16_209.jpg,E:\IMG\left_2025_12_05_11_42_16_209.jpg,E:\IMG\right_2025_12_05_11_42_16_209.jpg,0,0.5394564,0,21.84634
E:\IMG\center_2025_12_05_11_42_16_278.jpg,E:\IMG\left_2025_12_05_11_42_16_278.jpg,E:\IMG\right_2025_12_05_11_42_16_278.jpg,-0.2,0.6098673,0,22.2825
E:\IMG\center_2025_12_05_11_42_16_347.jpg,E:\IMG\left_2025_12_05_11_42_16_347.jpg,E:\IMG\right_2025_12_05_11_42_16_347.jpg,-0.35,0.404694,0,22.49513
E:\IMG\center_2025_12_05_11_42_16_437.jpg,E:\IMG\left_2025_12_05_11_42_16_437.jpg,E:\IMG\right_2025_12_05_11_42_16_437.jpg,0,0.1363125,0,22.52559
E:\IMG\center_2025_12_05_11_42_16_503.jpg,E:\IMG\left_2025_12_05_11_42_16_503.jpg,E:\IMG\right_2025_12_05_11_42_16_503.jpg,0,0,0,22.45174
E:\IMG\center_2025_12_05_11_42_16_573.jpg,E:\IMG\left_2025_12_05_11_42_16_573.jpg,E:\IMG\right_2025_12_05_11_42_16_573.jpg,0,0,0,22.29344
E:\IMG\center_2025_12_05_11_42_16_640.jpg,E:\IMG\left_2025_12_05_11_42_16_640.jpg,E:\IMG\right_2025_12_05_11_42_16_640.jpg,-0.1,0,0,22.11312
E:\IMG\center_2025_12_05_11_42_16_710.jpg,E:\IMG\left_2025_12_05_11_42_16_710.jpg,E:\IMG\right_2025_12_05_11_42_16_710.jpg,-0.25,0,0,21.97372
E:\IMG\center_2025_12_05_11_42_16_781.jpg,E:\IMG\left_2025_12_05_11_42_16_781.jpg,E:\IMG\right_2025_12_05_11_42_16_781.jpg,-0.45,0,0,21.70637
E:\IMG\center_2025_12_05_11_42_16_850.jpg,E:\IMG\left_2025_12_05_11_42_16_850.jpg,E:\IMG\right_2025_12_05_11_42_16_850.jpg,0,0,0,21.53733
E:\IMG\center_2025_12_05_11_42_16_919.jpg,E:\IMG\left_2025_12_05_11_42_16_919.jpg,E:\IMG\right_2025_12_05_11_42_16_919.jpg,0,0,0,21.35362
E:\IMG\center_2025_12_05_11_42_16_991.jpg,E:\IMG\left_2025_12_05_11_42_16_991.jpg,E:\IMG\right_2025_12_05_11_42_16_991.jpg,0,0,0,21.26143
E:\IMG\center_2025_12_05_11_42_17_078.jpg,E:\IMG\left_2025_12_05_11_42_17_078.jpg,E:\IMG\right_2025_12_05_11_42_17_078.jpg,-0.25,0,0,20.94295
E:\IMG\center_2025_12_05_11_42_17_145.jpg,E:\IMG\left_2025_12_05_11_42_17_145.jpg,E:\IMG\right_2025_12_05_11_42_17_145.jpg,-0.4,0,0,20.88721
E:\IMG\center_2025_12_05_11_42_17_216.jpg,E:\IMG\left_2025_12_05_11_42_17_216.jpg,E:\IMG\right_2025_12_05_11_42_17_216.jpg,0,0,0,20.71638
E:\IMG\center_2025_12_05_11_42_17_305.jpg,E:\IMG\left_2025_12_05_11_42_17_305.jpg,E:\IMG\right_2025_12_05_11_42_17_305.jpg,0,0,0,20.56448
E:\IMG\center_2025_12_05_11_42_17_375.jpg,E:\IMG\left_2025_12_05_11_42_17_375.jpg,E:\IMG\right_2025_12_05_11_42_17_375.jpg,-0.1,0,0,20.43378
E:\IMG\center_2025_12_05_11_42_17_443.jpg,E:\IMG\left_2025_12_05_11_42_17_443.jpg,E:\IMG\right_2025_12_05_11_42_17_443.jpg,-0.25,0,0,19.96981
E:\IMG\center_2025_12_05_11_42_17_511.jpg,E:\IMG\left_2025_12_05_11_42_17_511.jpg,E:\IMG\right_2025_12_05_11_42_17_511.jpg,-0.4,0,0,20.10956
E:\IMG\center_2025_12_05_11_42_17_581.jpg,E:\IMG\left_2025_12_05_11_42_17_581.jpg,E:\IMG\right_2025_12_05_11_42_17_581.jpg,0,0,0,19.84271
E:\IMG\center_2025_12_05_11_42_17_650.jpg,E:\IMG\left_2025_12_05_11_42_17_650.jpg,E:\IMG\right_2025_12_05_11_42_17_650.jpg,0,0.1424616,0,19.41675
E:\IMG\center_2025_12_05_11_42_17_718.jpg,E:\IMG\left_2025_12_05_11_42_17_718.jpg,E:\IMG\right_2025_12_05_11_42_17_718.jpg,0,0.3435447,0,19.54029
E:\IMG\center_2025_12_05_11_42_17_808.jpg,E:\IMG\left_2025_12_05_11_42_17_808.jpg,E:\IMG\right_2025_12_05_11_42_17_808.jpg,-0.1,0.6174294,0,19.87146
E:\IMG\center_2025_12_05_11_42_17_880.jpg,E:\IMG\left_2025_12_05_11_42_17_880.jpg,E:\IMG\right_2025_12_05_11_42_17_880.jpg,-0.3,0.6494775,0,20.36149
E:\IMG\center_2025_12_05_11_42_17_961.jpg,E:\IMG\left_2025_12_05_11_42_17_961.jpg,E:\IMG\right_2025_12_05_11_42_17_961.jpg,-0.5000001,0.4056603,0,20.61405
E:\IMG\center_2025_12_05_11_42_18_030.jpg,E:\IMG\left_2025_12_05_11_42_18_030.jpg,E:\IMG\right_2025_12_05_11_42_18_030.jpg,-0.6500001,0.1982025,0,20.79991
E:\IMG\center_2025_12_05_11_42_18_119.jpg,E:\IMG\left_2025_12_05_11_42_18_119.jpg,E:\IMG\right_2025_12_05_11_42_18_119.jpg,0,0,0,20.31557
E:\IMG\center_2025_12_05_11_42_18_204.jpg,E:\IMG\left_2025_12_05_11_42_18_204.jpg,E:\IMG\right_2025_12_05_11_42_18_204.jpg,0,0,0,20.09359
E:\IMG\center_2025_12_05_11_42_18_291.jpg,E:\IMG\left_2025_12_05_11_42_18_291.jpg,E:\IMG\right_2025_12_05_11_42_18_291.jpg,0,0,0,19.91868
E:\IMG\center_2025_12_05_11_42_18_378.jpg,E:\IMG\left_2025_12_05_11_42_18_378.jpg,E:\IMG\right_2025_12_05_11_42_18_378.jpg,-0.2,0,0,20.05214
E:\IMG\center_2025_12_05_11_42_18_470.jpg,E:\IMG\left_2025_12_05_11_42_18_470.jpg,E:\IMG\right_2025_12_05_11_42_18_470.jpg,-0.4,0,0,19.82143
E:\IMG\center_2025_12_05_11_42_18_538.jpg,E:\IMG\left_2025_12_05_11_42_18_538.jpg,E:\IMG\right_2025_12_05_11_42_18_538.jpg,-0.6000001,0,0,19.53706
E:\IMG\center_2025_12_05_11_42_18_622.jpg,E:\IMG\left_2025_12_05_11_42_18_622.jpg,E:\IMG\right_2025_12_05_11_42_18_622.jpg,-0.8000001,0,0,19.20799
E:\IMG\center_2025_12_05_11_42_18_709.jpg,E:\IMG\left_2025_12_05_11_42_18_709.jpg,E:\IMG\right_2025_12_05_11_42_18_709.jpg,-1,0,0,18.83192
E:\IMG\center_2025_12_05_11_42_18_798.jpg,E:\IMG\left_2025_12_05_11_42_18_798.jpg,E:\IMG\right_2025_12_05_11_42_18_798.jpg,0,0,0,18.09793
E:\IMG\center_2025_12_05_11_42_18_866.jpg,E:\IMG\left_2025_12_05_11_42_18_866.jpg,E:\IMG\right_2025_12_05_11_42_18_866.jpg,0,0.1322994,0,18.24362
E:\IMG\center_2025_12_05_11_42_18_933.jpg,E:\IMG\left_2025_12_05_11_42_18_933.jpg,E:\IMG\right_2025_12_05_11_42_18_933.jpg,0,0.3342624,0,17.93266
E:\IMG\center_2025_12_05_11_42_19_001.jpg,E:\IMG\left_2025_12_05_11_42_19_001.jpg,E:\IMG\right_2025_12_05_11_42_19_001.jpg,0,0.5380305,0,18.14024
E:\IMG\center_2025_12_05_11_42_19_069.jpg,E:\IMG\left_2025_12_05_11_42_19_069.jpg,E:\IMG\right_2025_12_05_11_42_19_069.jpg,-0.05,0.740826,0,18.79762
E:\IMG\center_2025_12_05_11_42_19_137.jpg,E:\IMG\left_2025_12_05_11_42_19_137.jpg,E:\IMG\right_2025_12_05_11_42_19_137.jpg,-0.25,0.9455142,0,19.4224
E:\IMG\center_2025_12_05_11_42_19_205.jpg,E:\IMG\left_2025_12_05_11_42_19_205.jpg,E:\IMG\right_2025_12_05_11_42_19_205.jpg,0,0.7424385,0,19.74645
E:\IMG\center_2025_12_05_11_42_19_273.jpg,E:\IMG\left_2025_12_05_11_42_19_273.jpg,E:\IMG\right_2025_12_05_11_42_19_273.jpg,0,0.5387919,0,20.23789
E:\IMG\center_2025_12_05_11_42_19_345.jpg,E:\IMG\left_2025_12_05_11_42_19_345.jpg,E:\IMG\right_2025_12_05_11_42_19_345.jpg,0,0.3184296,0,20.52193
E:\IMG\center_2025_12_05_11_42_19_434.jpg,E:\IMG\left_2025_12_05_11_42_19_434.jpg,E:\IMG\right_2025_12_05_11_42_19_434.jpg,-0.05,0.05537039,0,20.56724
E:\IMG\center_2025_12_05_11_42_19_523.jpg,E:\IMG\left_2025_12_05_11_42_19_523.jpg,E:\IMG\right_2025_12_05_11_42_19_523.jpg,-0.3,0,0,20.0192
E:\IMG\center_2025_12_05_11_42_19_594.jpg,E:\IMG\left_2025_12_05_11_42_19_594.jpg,E:\IMG\right_2025_12_05_11_42_19_594.jpg,-0.45,0,0,20.13599
E:\IMG\center_2025_12_05_11_42_19_668.jpg,E:\IMG\left_2025_12_05_11_42_19_668.jpg,E:\IMG\right_2025_12_05_11_42_19_668.jpg,0,0.2230944,0,20.04532
E:\IMG\center_2025_12_05_11_42_19_756.jpg,E:\IMG\left_2025_12_05_11_42_19_756.jpg,E:\IMG\right_2025_12_05_11_42_19_756.jpg,0,0.485211,0,20.04073
E:\IMG\center_2025_12_05_11_42_19_827.jpg,E:\IMG\left_2025_12_05_11_42_19_827.jpg,E:\IMG\right_2025_12_05_11_42_19_827.jpg,-0.1,0.7004838,0,20.56456
E:\IMG\center_2025_12_05_11_42_19_893.jpg,E:\IMG\left_2025_12_05_11_42_19_893.jpg,E:\IMG\right_2025_12_05_11_42_19_893.jpg,-0.3,0.9006906,0,21.13396
E:\IMG\center_2025_12_05_11_42_19_964.jpg,E:\IMG\left_2025_12_05_11_42_19_964.jpg,E:\IMG\right_2025_12_05_11_42_19_964.jpg,-0.45,0.6904266,0,21.41477
E:\IMG\center_2025_12_05_11_42_20_035.jpg,E:\IMG\left_2025_12_05_11_42_20_035.jpg,E:\IMG\right_2025_12_05_11_42_20_035.jpg,-0.6500001,0.477795,0,21.62629
E:\IMG\center_2025_12_05_11_42_20_107.jpg,E:\IMG\left_2025_12_05_11_42_20_107.jpg,E:\IMG\right_2025_12_05_11_42_20_107.jpg,-0.8000001,0.2614347,0,21.71183
E:\IMG\center_2025_12_05_11_42_20_176.jpg,E:\IMG\left_2025_12_05_11_42_20_176.jpg,E:\IMG\right_2025_12_05_11_42_20_176.jpg,0,0.0561291,0,21.47995
E:\IMG\center_2025_12_05_11_42_20_247.jpg,E:\IMG\left_2025_12_05_11_42_20_247.jpg,E:\IMG\right_2025_12_05_11_42_20_247.jpg,0,0,0,21.18022
E:\IMG\center_2025_12_05_11_42_20_325.jpg,E:\IMG\left_2025_12_05_11_42_20_325.jpg,E:\IMG\right_2025_12_05_11_42_20_325.jpg,0,0,0,20.96245
E:\IMG\center_2025_12_05_11_42_20_396.jpg,E:\IMG\left_2025_12_05_11_42_20_396.jpg,E:\IMG\right_2025_12_05_11_42_20_396.jpg,0,0,0,20.78787
E:\IMG\center_2025_12_05_11_42_20_477.jpg,E:\IMG\left_2025_12_05_11_42_20_477.jpg,E:\IMG\right_2025_12_05_11_42_20_477.jpg,0,0.1652718,0,20.69874
E:\IMG\center_2025_12_05_11_42_20_557.jpg,E:\IMG\left_2025_12_05_11_42_20_557.jpg,E:\IMG\right_2025_12_05_11_42_20_557.jpg,0,0.4025751,0,20.83836
E:\IMG\center_2025_12_05_11_42_20_629.jpg,E:\IMG\left_2025_12_05_11_42_20_629.jpg,E:\IMG\right_2025_12_05_11_42_20_629.jpg,-0.05,0.6214551,0,21.25414
E:\IMG\center_2025_12_05_11_42_20_700.jpg,E:\IMG\left_2025_12_05_11_42_20_700.jpg,E:\IMG\right_2025_12_05_11_42_20_700.jpg,-0.25,0.8307896,0,21.73568
E:\IMG\center_2025_12_05_11_42_20_773.jpg,E:\IMG\left_2025_12_05_11_42_20_773.jpg,E:\IMG\right_2025_12_05_11_42_20_773.jpg,-0.4,1,0,22.13921
E:\IMG\center_2025_12_05_11_42_20_846.jpg,E:\IMG\left_2025_12_05_11_42_20_846.jpg,E:\IMG\right_2025_12_05_11_42_20_846.jpg,0,0.9286411,0,22.86309
E:\IMG\center_2025_12_05_11_42_20_919.jpg,E:\IMG\left_2025_12_05_11_42_20_919.jpg,E:\IMG\right_2025_12_05_11_42_20_919.jpg,0,0.710122,0,23.46588
E:\IMG\center_2025_12_05_11_42_20_987.jpg,E:\IMG\left_2025_12_05_11_42_20_987.jpg,E:\IMG\right_2025_12_05_11_42_20_987.jpg,0,0.5064952,0,23.77543
E:\IMG\center_2025_12_05_11_42_21_060.jpg,E:\IMG\left_2025_12_05_11_42_21_060.jpg,E:\IMG\right_2025_12_05_11_42_21_060.jpg,-0.2,0.2842915,0,23.95593
E:\IMG\center_2025_12_05_11_42_21_136.jpg,E:\IMG\left_2025_12_05_11_42_21_136.jpg,E:\IMG\right_2025_12_05_11_42_21_136.jpg,-0.4,0.06221201,0,23.8252
E:\IMG\center_2025_12_05_11_42_21_208.jpg,E:\IMG\left_2025_12_05_11_42_21_208.jpg,E:\IMG\right_2025_12_05_11_42_21_208.jpg,0,0,0,23.61872
E:\IMG\center_2025_12_05_11_42_21_283.jpg,E:\IMG\left_2025_12_05_11_42_21_283.jpg,E:\IMG\right_2025_12_05_11_42_21_283.jpg,0,0,0,23.41024
E:\IMG\center_2025_12_05_11_42_21_357.jpg,E:\IMG\left_2025_12_05_11_42_21_357.jpg,E:\IMG\right_2025_12_05_11_42_21_357.jpg,0,0.2193726,0,23.35251
E:\IMG\center_2025_12_05_11_42_21_443.jpg,E:\IMG\left_2025_12_05_11_42_21_443.jpg,E:\IMG\right_2025_12_05_11_42_21_443.jpg,0,0.4782018,0,23.49568
E:\IMG\center_2025_12_05_11_42_21_523.jpg,E:\IMG\left_2025_12_05_11_42_21_523.jpg,E:\IMG\right_2025_12_05_11_42_21_523.jpg,0,0.7201239,0,23.88293
E:\IMG\center_2025_12_05_11_42_21_602.jpg,E:\IMG\left_2025_12_05_11_42_21_602.jpg,E:\IMG\right_2025_12_05_11_42_21_602.jpg,-0.05,0.9561402,0,24.50246
E:\IMG\center_2025_12_05_11_42_21_681.jpg,E:\IMG\left_2025_12_05_11_42_21_681.jpg,E:\IMG\right_2025_12_05_11_42_21_681.jpg,-0.25,0.8417395,0,25.20285
E:\IMG\center_2025_12_05_11_42_21_763.jpg,E:\IMG\left_2025_12_05_11_42_21_763.jpg,E:\IMG\right_2025_12_05_11_42_21_763.jpg,-0.45,0.5982538,0,25.59329
E:\IMG\center_2025_12_05_11_42_21_844.jpg,E:\IMG\left_2025_12_05_11_42_21_844.jpg,E:\IMG\right_2025_12_05_11_42_21_844.jpg,0,0.3540592,0,25.82788
E:\IMG\center_2025_12_05_11_42_21_925.jpg,E:\IMG\left_2025_12_05_11_42_21_925.jpg,E:\IMG\right_2025_12_05_11_42_21_925.jpg,0,0.1120827,0,25.83462
E:\IMG\center_2025_12_05_11_42_22_006.jpg,E:\IMG\left_2025_12_05_11_42_22_006.jpg,E:\IMG\right_2025_12_05_11_42_22_006.jpg,0,0,0,25.64324
E:\IMG\center_2025_12_05_11_42_22_094.jpg,E:\IMG\left_2025_12_05_11_42_22_094.jpg,E:\IMG\right_2025_12_05_11_42_22_094.jpg,-0.2,0,0,25.42264
E:\IMG\center_2025_12_05_11_42_22_176.jpg,E:\IMG\left_2025_12_05_11_42_22_176.jpg,E:\IMG\right_2025_12_05_11_42_22_176.jpg,-0.45,0,0,25.05706
E:\IMG\center_2025_12_05_11_42_22_269.jpg,E:\IMG\left_2025_12_05_11_42_22_269.jpg,E:\IMG\right_2025_12_05_11_42_22_269.jpg,0,0.2772744,0,24.95824
E:\IMG\center_2025_12_05_11_42_22_348.jpg,E:\IMG\left_2025_12_05_11_42_22_348.jpg,E:\IMG\right_2025_12_05_11_42_22_348.jpg,0,0.5150325,0,25.11928
E:\IMG\center_2025_12_05_11_42_22_438.jpg,E:\IMG\left_2025_12_05_11_42_22_438.jpg,E:\IMG\right_2025_12_05_11_42_22_438.jpg,0,0.7835493,0,25.66931
E:\IMG\center_2025_12_05_11_42_22_521.jpg,E:\IMG\left_2025_12_05_11_42_22_521.jpg,E:\IMG\right_2025_12_05_11_42_22_521.jpg,0,0.8497185,0,26.29325
E:\IMG\center_2025_12_05_11_42_22_604.jpg,E:\IMG\left_2025_12_05_11_42_22_604.jpg,E:\IMG\right_2025_12_05_11_42_22_604.jpg,0,0.5979372,0,26.79493
E:\IMG\center_2025_12_05_11_42_22_686.jpg,E:\IMG\left_2025_12_05_11_42_22_686.jpg,E:\IMG\right_2025_12_05_11_42_22_686.jpg,0,0.3538257,0,27.04025
E:\IMG\center_2025_12_05_11_42_22_769.jpg,E:\IMG\left_2025_12_05_11_42_22_769.jpg,E:\IMG\right_2025_12_05_11_42_22_769.jpg,-0.05,0.1043145,0,27.05332
E:\IMG\center_2025_12_05_11_42_22_850.jpg,E:\IMG\left_2025_12_05_11_42_22_850.jpg,E:\IMG\right_2025_12_05_11_42_22_850.jpg,-0.25,0,0,26.82887
E:\IMG\center_2025_12_05_11_42_22_931.jpg,E:\IMG\left_2025_12_05_11_42_22_931.jpg,E:\IMG\right_2025_12_05_11_42_22_931.jpg,0,0,0,26.61115
E:\IMG\center_2025_12_05_11_42_23_010.jpg,E:\IMG\left_2025_12_05_11_42_23_010.jpg,E:\IMG\right_2025_12_05_11_42_23_010.jpg,0,0,0,26.3966
E:\IMG\center_2025_12_05_11_42_23_088.jpg,E:\IMG\left_2025_12_05_11_42_23_088.jpg,E:\IMG\right_2025_12_05_11_42_23_088.jpg,0,0.0801717,0,26.18423
E:\IMG\center_2025_12_05_11_42_23_162.jpg,E:\IMG\left_2025_12_05_11_42_23_162.jpg,E:\IMG\right_2025_12_05_11_42_23_162.jpg,-0.15,0.3043326,0,26.15063
E:\IMG\center_2025_12_05_11_42_23_239.jpg,E:\IMG\left_2025_12_05_11_42_23_239.jpg,E:\IMG\right_2025_12_05_11_42_23_239.jpg,-0.35,0.5313399,0,26.31119
E:\IMG\center_2025_12_05_11_42_23_309.jpg,E:\IMG\left_2025_12_05_11_42_23_309.jpg,E:\IMG\right_2025_12_05_11_42_23_309.jpg,0,0.7434513,0,26.53004
E:\IMG\center_2025_12_05_11_42_23_383.jpg,E:\IMG\left_2025_12_05_11_42_23_383.jpg,E:\IMG\right_2025_12_05_11_42_23_383.jpg,0,0.5218806,0,26.92637
E:\IMG\center_2025_12_05_11_42_23_449.jpg,E:\IMG\left_2025_12_05_11_42_23_449.jpg,E:\IMG\right_2025_12_05_11_42_23_449.jpg,0,0.3200778,0,27.07568
E:\IMG\center_2025_12_05_11_42_23_525.jpg,E:\IMG\left_2025_12_05_11_42_23_525.jpg,E:\IMG\right_2025_12_05_11_42_23_525.jpg,0,0.09523381,0,27.07277
E:\IMG\center_2025_12_05_11_42_23_613.jpg,E:\IMG\left_2025_12_05_11_42_23_613.jpg,E:\IMG\right_2025_12_05_11_42_23_613.jpg,0,0,0,26.87085
E:\IMG\center_2025_12_05_11_42_23_683.jpg,E:\IMG\left_2025_12_05_11_42_23_683.jpg,E:\IMG\right_2025_12_05_11_42_23_683.jpg,0,0,0,26.65427
E:\IMG\center_2025_12_05_11_42_23_758.jpg,E:\IMG\left_2025_12_05_11_42_23_758.jpg,E:\IMG\right_2025_12_05_11_42_23_758.jpg,0,0,0,26.43989
E:\IMG\center_2025_12_05_11_42_23_836.jpg,E:\IMG\left_2025_12_05_11_42_23_836.jpg,E:\IMG\right_2025_12_05_11_42_23_836.jpg,0,0.1331979,0,26.26453
E:\IMG\center_2025_12_05_11_42_23_905.jpg,E:\IMG\left_2025_12_05_11_42_23_905.jpg,E:\IMG\right_2025_12_05_11_42_23_905.jpg,0,0.3387765,0,26.27113
E:\IMG\center_2025_12_05_11_42_23_978.jpg,E:\IMG\left_2025_12_05_11_42_23_978.jpg,E:\IMG\right_2025_12_05_11_42_23_978.jpg,0,0.5590737,0,26.52148
E:\IMG\center_2025_12_05_11_42_24_055.jpg,E:\IMG\left_2025_12_05_11_42_24_055.jpg,E:\IMG\right_2025_12_05_11_42_24_055.jpg,0,0.7884855,0,26.98292
E:\IMG\center_2025_12_05_11_42_24_128.jpg,E:\IMG\left_2025_12_05_11_42_24_128.jpg,E:\IMG\right_2025_12_05_11_42_24_128.jpg,0,0.8555238,0,27.45686
E:\IMG\center_2025_12_05_11_42_24_201.jpg,E:\IMG\left_2025_12_05_11_42_24_201.jpg,E:\IMG\right_2025_12_05_11_42_24_201.jpg,0,0.636727,0,27.9606
E:\IMG\center_2025_12_05_11_42_24_277.jpg,E:\IMG\left_2025_12_05_11_42_24_277.jpg,E:\IMG\right_2025_12_05_11_42_24_277.jpg,-0.2,0.4091188,0,28.19546
E:\IMG\center_2025_12_05_11_42_24_355.jpg,E:\IMG\left_2025_12_05_11_42_24_355.jpg,E:\IMG\right_2025_12_05_11_42_24_355.jpg,0,0.1760077,0,28.20699
E:\IMG\center_2025_12_05_11_42_24_434.jpg,E:\IMG\left_2025_12_05_11_42_24_434.jpg,E:\IMG\right_2025_12_05_11_42_24_434.jpg,0,0,0,28.08748
E:\IMG\center_2025_12_05_11_42_24_514.jpg,E:\IMG\left_2025_12_05_11_42_24_514.jpg,E:\IMG\right_2025_12_05_11_42_24_514.jpg,0,0,0,27.80496
E:\IMG\center_2025_12_05_11_42_24_597.jpg,E:\IMG\left_2025_12_05_11_42_24_597.jpg,E:\IMG\right_2025_12_05_11_42_24_597.jpg,0,0.0634905,0,27.58136
E:\IMG\center_2025_12_05_11_42_24_687.jpg,E:\IMG\left_2025_12_05_11_42_24_687.jpg,E:\IMG\right_2025_12_05_11_42_24_687.jpg,0,0.3333378,0,27.57242
E:\IMG\center_2025_12_05_11_42_24_761.jpg,E:\IMG\left_2025_12_05_11_42_24_761.jpg,E:\IMG\right_2025_12_05_11_42_24_761.jpg,0,0.5551617,0,27.79471
E:\IMG\center_2025_12_05_11_42_24_843.jpg,E:\IMG\left_2025_12_05_11_42_24_843.jpg,E:\IMG\right_2025_12_05_11_42_24_843.jpg,0,0.8011367,0,28.22176
E:\IMG\center_2025_12_05_11_42_24_933.jpg,E:\IMG\left_2025_12_05_11_42_24_933.jpg,E:\IMG\right_2025_12_05_11_42_24_933.jpg,0,0.6902636,0,28.77941
E:\IMG\center_2025_12_05_11_42_25_005.jpg,E:\IMG\left_2025_12_05_11_42_25_005.jpg,E:\IMG\right_2025_12_05_11_42_25_005.jpg,0,0.4733436,0,29.11893
E:\IMG\center_2025_12_05_11_42_25_085.jpg,E:\IMG\left_2025_12_05_11_42_25_085.jpg,E:\IMG\right_2025_12_05_11_42_25_085.jpg,0,0.2314869,0,29.22758
E:\IMG\center_2025_12_05_11_42_25_175.jpg,E:\IMG\left_2025_12_05_11_42_25_175.jpg,E:\IMG\right_2025_12_05_11_42_25_175.jpg,0,0,0,29.0488
E:\IMG\center_2025_12_05_11_42_25_249.jpg,E:\IMG\left_2025_12_05_11_42_25_249.jpg,E:\IMG\right_2025_12_05_11_42_25_249.jpg,0,0.0792813,0,28.87406
E:\IMG\center_2025_12_05_11_42_25_331.jpg,E:\IMG\left_2025_12_05_11_42_25_331.jpg,E:\IMG\right_2025_12_05_11_42_25_331.jpg,0,0.3273144,0,28.81708
E:\IMG\center_2025_12_05_11_42_25_408.jpg,E:\IMG\left_2025_12_05_11_42_25_408.jpg,E:\IMG\right_2025_12_05_11_42_25_408.jpg,0,0.5607606,0,29.00188
E:\IMG\center_2025_12_05_11_42_25_490.jpg,E:\IMG\left_2025_12_05_11_42_25_490.jpg,E:\IMG\right_2025_12_05_11_42_25_490.jpg,0,0.8042679,0,29.43089
E:\IMG\center_2025_12_05_11_42_25_565.jpg,E:\IMG\left_2025_12_05_11_42_25_565.jpg,E:\IMG\right_2025_12_05_11_42_25_565.jpg,0,0.709383,0,29.97531
E:\IMG\center_2025_12_05_11_42_25_641.jpg,E:\IMG\left_2025_12_05_11_42_25_641.jpg,E:\IMG\right_2025_12_05_11_42_25_641.jpg,0,0.4807377,0,30.08078
E:\IMG\center_2025_12_05_11_42_25_719.jpg,E:\IMG\left_2025_12_05_11_42_25_719.jpg,E:\IMG\right_2025_12_05_11_42_25_719.jpg,0,0.2513127,0,30.00642
E:\IMG\center_2025_12_05_11_42_25_787.jpg,E:\IMG\left_2025_12_05_11_42_25_787.jpg,E:\IMG\right_2025_12_05_11_42_25_787.jpg,0,0.04309016,0,29.94194
E:\IMG\center_2025_12_05_11_42_25_863.jpg,E:\IMG\left_2025_12_05_11_42_25_863.jpg,E:\IMG\right_2025_12_05_11_42_25_863.jpg,0,0,0,29.70605
E:\IMG\center_2025_12_05_11_42_25_956.jpg,E:\IMG\left_2025_12_05_11_42_25_956.jpg,E:\IMG\right_2025_12_05_11_42_25_956.jpg,0,0,0,29.40785
E:\IMG\center_2025_12_05_11_42_26_023.jpg,E:\IMG\left_2025_12_05_11_42_26_023.jpg,E:\IMG\right_2025_12_05_11_42_26_023.jpg,0,0,0,29.23031
E:\IMG\center_2025_12_05_11_42_26_098.jpg,E:\IMG\left_2025_12_05_11_42_26_098.jpg,E:\IMG\right_2025_12_05_11_42_26_098.jpg,0,0,0,28.99527
E:\IMG\center_2025_12_05_11_42_26_181.jpg,E:\IMG\left_2025_12_05_11_42_26_181.jpg,E:\IMG\right_2025_12_05_11_42_26_181.jpg,0,0,0,28.76211
E:\IMG\center_2025_12_05_11_42_26_251.jpg,E:\IMG\left_2025_12_05_11_42_26_251.jpg,E:\IMG\right_2025_12_05_11_42_26_251.jpg,0,0,0,28.58847
E:\IMG\center_2025_12_05_11_42_26_333.jpg,E:\IMG\left_2025_12_05_11_42_26_333.jpg,E:\IMG\right_2025_12_05_11_42_26_333.jpg,0,0,0,28.35859
E:\IMG\center_2025_12_05_11_42_26_403.jpg,E:\IMG\left_2025_12_05_11_42_26_403.jpg,E:\IMG\right_2025_12_05_11_42_26_403.jpg,0,0,0,28.13056
E:\IMG\center_2025_12_05_11_42_26_482.jpg,E:\IMG\left_2025_12_05_11_42_26_482.jpg,E:\IMG\right_2025_12_05_11_42_26_482.jpg,0,0,0,27.90435
E:\IMG\center_2025_12_05_11_42_26_565.jpg,E:\IMG\left_2025_12_05_11_42_26_565.jpg,E:\IMG\right_2025_12_05_11_42_26_565.jpg,0,0,0,27.67998
E:\IMG\center_2025_12_05_11_42_26_656.jpg,E:\IMG\left_2025_12_05_11_42_26_656.jpg,E:\IMG\right_2025_12_05_11_42_26_656.jpg,0,0,0,27.40204
E:\IMG\center_2025_12_05_11_42_26_729.jpg,E:\IMG\left_2025_12_05_11_42_26_729.jpg,E:\IMG\right_2025_12_05_11_42_26_729.jpg,0,0,0,27.23662
E:\IMG\center_2025_12_05_11_42_26_811.jpg,E:\IMG\left_2025_12_05_11_42_26_811.jpg,E:\IMG\right_2025_12_05_11_42_26_811.jpg,0,0,0,27.01761
E:\IMG\center_2025_12_05_11_42_26_891.jpg,E:\IMG\left_2025_12_05_11_42_26_891.jpg,E:\IMG\right_2025_12_05_11_42_26_891.jpg,0,0,0,26.80037
E:\IMG\center_2025_12_05_11_42_26_974.jpg,E:\IMG\left_2025_12_05_11_42_26_974.jpg,E:\IMG\right_2025_12_05_11_42_26_974.jpg,0,0,0,26.53127
E:\IMG\center_2025_12_05_11_42_27_056.jpg,E:\IMG\left_2025_12_05_11_42_27_056.jpg,E:\IMG\right_2025_12_05_11_42_27_056.jpg,0.15,0,0,26.3092
E:\IMG\center_2025_12_05_11_42_27_141.jpg,E:\IMG\left_2025_12_05_11_42_27_141.jpg,E:\IMG\right_2025_12_05_11_42_27_141.jpg,0,0,0,26.05065
E:\IMG\center_2025_12_05_11_42_27_220.jpg,E:\IMG\left_2025_12_05_11_42_27_220.jpg,E:\IMG\right_2025_12_05_11_42_27_220.jpg,0,0,0,25.83868
E:\IMG\center_2025_12_05_11_42_27_304.jpg,E:\IMG\left_2025_12_05_11_42_27_304.jpg,E:\IMG\right_2025_12_05_11_42_27_304.jpg,0,0,0,25.62996
E:\IMG\center_2025_12_05_11_42_27_384.jpg,E:\IMG\left_2025_12_05_11_42_27_384.jpg,E:\IMG\right_2025_12_05_11_42_27_384.jpg,0,0,0,25.42339
E:\IMG\center_2025_12_05_11_42_27_465.jpg,E:\IMG\left_2025_12_05_11_42_27_465.jpg,E:\IMG\right_2025_12_05_11_42_27_465.jpg,0,0,0,25.21841
E:\IMG\center_2025_12_05_11_42_27_548.jpg,E:\IMG\left_2025_12_05_11_42_27_548.jpg,E:\IMG\right_2025_12_05_11_42_27_548.jpg,0,0,0,25.01513
E:\IMG\center_2025_12_05_11_42_27_628.jpg,E:\IMG\left_2025_12_05_11_42_27_628.jpg,E:\IMG\right_2025_12_05_11_42_27_628.jpg,0,0,0,24.81357
E:\IMG\center_2025_12_05_11_42_27_711.jpg,E:\IMG\left_2025_12_05_11_42_27_711.jpg,E:\IMG\right_2025_12_05_11_42_27_711.jpg,0,0,0,24.61363
E:\IMG\center_2025_12_05_11_42_27_793.jpg,E:\IMG\left_2025_12_05_11_42_27_793.jpg,E:\IMG\right_2025_12_05_11_42_27_793.jpg,0,0,0,24.41529
E:\IMG\center_2025_12_05_11_42_27_875.jpg,E:\IMG\left_2025_12_05_11_42_27_875.jpg,E:\IMG\right_2025_12_05_11_42_27_875.jpg,0,0,0,24.16958
E:\IMG\center_2025_12_05_11_42_27_951.jpg,E:\IMG\left_2025_12_05_11_42_27_951.jpg,E:\IMG\right_2025_12_05_11_42_27_951.jpg,0,0.1129362,0,24.04541
E:\IMG\center_2025_12_05_11_42_28_033.jpg,E:\IMG\left_2025_12_05_11_42_28_033.jpg,E:\IMG\right_2025_12_05_11_42_28_033.jpg,0,0.3586872,0,24.07739
E:\IMG\center_2025_12_05_11_42_28_115.jpg,E:\IMG\left_2025_12_05_11_42_28_115.jpg,E:\IMG\right_2025_12_05_11_42_28_115.jpg,0,0.3567378,0,24.33116
E:\IMG\center_2025_12_05_11_42_28_191.jpg,E:\IMG\left_2025_12_05_11_42_28_191.jpg,E:\IMG\right_2025_12_05_11_42_28_191.jpg,0,0.1257498,0,24.35946
E:\IMG\center_2025_12_05_11_42_28_272.jpg,E:\IMG\left_2025_12_05_11_42_28_272.jpg,E:\IMG\right_2025_12_05_11_42_28_272.jpg,0,0,0,24.19618
E:\IMG\center_2025_12_05_11_42_28_349.jpg,E:\IMG\left_2025_12_05_11_42_28_349.jpg,E:\IMG\right_2025_12_05_11_42_28_349.jpg,0,0,0,24.00084
E:\IMG\center_2025_12_05_11_42_28_431.jpg,E:\IMG\left_2025_12_05_11_42_28_431.jpg,E:\IMG\right_2025_12_05_11_42_28_431.jpg,0.15,0,0,23.7988
E:\IMG\center_2025_12_05_11_42_28_510.jpg,E:\IMG\left_2025_12_05_11_42_28_510.jpg,E:\IMG\right_2025_12_05_11_42_28_510.jpg,0.35,0,0,23.54288
E:\IMG\center_2025_12_05_11_42_28_593.jpg,E:\IMG\left_2025_12_05_11_42_28_593.jpg,E:\IMG\right_2025_12_05_11_42_28_593.jpg,0,0,0,23.24615
E:\IMG\center_2025_12_05_11_42_28_670.jpg,E:\IMG\left_2025_12_05_11_42_28_670.jpg,E:\IMG\right_2025_12_05_11_42_28_670.jpg,0,0,0,23.04374
E:\IMG\center_2025_12_05_11_42_28_741.jpg,E:\IMG\left_2025_12_05_11_42_28_741.jpg,E:\IMG\right_2025_12_05_11_42_28_741.jpg,0,0,0,22.85543
E:\IMG\center_2025_12_05_11_42_28_817.jpg,E:\IMG\left_2025_12_05_11_42_28_817.jpg,E:\IMG\right_2025_12_05_11_42_28_817.jpg,0,0,0,22.67096
E:\IMG\center_2025_12_05_11_42_28_894.jpg,E:\IMG\left_2025_12_05_11_42_28_894.jpg,E:\IMG\right_2025_12_05_11_42_28_894.jpg,0,0,0,22.53369
E:\IMG\center_2025_12_05_11_42_28_970.jpg,E:\IMG\left_2025_12_05_11_42_28_970.jpg,E:\IMG\right_2025_12_05_11_42_28_970.jpg,0,0,0,22.35296
E:\IMG\center_2025_12_05_11_42_29_043.jpg,E:\IMG\left_2025_12_05_11_42_29_043.jpg,E:\IMG\right_2025_12_05_11_42_29_043.jpg,0,0.2217681,0,22.27502
E:\IMG\center_2025_12_05_11_42_29_122.jpg,E:\IMG\left_2025_12_05_11_42_29_122.jpg,E:\IMG\right_2025_12_05_11_42_29_122.jpg,0,0.4553838,0,22.41942
E:\IMG\center_2025_12_05_11_42_29_196.jpg,E:\IMG\left_2025_12_05_11_42_29_196.jpg,E:\IMG\right_2025_12_05_11_42_29_196.jpg,0.05,0.2330694,0,22.58354
E:\IMG\center_2025_12_05_11_42_29_269.jpg,E:\IMG\left_2025_12_05_11_42_29_269.jpg,E:\IMG\right_2025_12_05_11_42_29_269.jpg,0.2,0.01406731,0,22.52357
E:\IMG\center_2025_12_05_11_42_29_343.jpg,E:\IMG\left_2025_12_05_11_42_29_343.jpg,E:\IMG\right_2025_12_05_11_42_29_343.jpg,0.4,0,0,22.26549
E:\IMG\center_2025_12_05_11_42_29_417.jpg,E:\IMG\left_2025_12_05_11_42_29_417.jpg,E:\IMG\right_2025_12_05_11_42_29_417.jpg,0,0,0,21.96899
E:\IMG\center_2025_12_05_11_42_29_492.jpg,E:\IMG\left_2025_12_05_11_42_29_492.jpg,E:\IMG\right_2025_12_05_11_42_29_492.jpg,0,0,0,21.81593
E:\IMG\center_2025_12_05_11_42_29_564.jpg,E:\IMG\left_2025_12_05_11_42_29_564.jpg,E:\IMG\right_2025_12_05_11_42_29_564.jpg,0,0,0,21.63388
E:\IMG\center_2025_12_05_11_42_29_640.jpg,E:\IMG\left_2025_12_05_11_42_29_640.jpg,E:\IMG\right_2025_12_05_11_42_29_640.jpg,0,0,0,21.45937
E:\IMG\center_2025_12_05_11_42_29_711.jpg,E:\IMG\left_2025_12_05_11_42_29_711.jpg,E:\IMG\right_2025_12_05_11_42_29_711.jpg,0.05,0,0,21.33233
E:\IMG\center_2025_12_05_11_42_29_781.jpg,E:\IMG\left_2025_12_05_11_42_29_781.jpg,E:\IMG\right_2025_12_05_11_42_29_781.jpg,0.25,0,0,21.13577
E:\IMG\center_2025_12_05_11_42_29_857.jpg,E:\IMG\left_2025_12_05_11_42_29_857.jpg,E:\IMG\right_2025_12_05_11_42_29_857.jpg,0.45,0,0,20.87823
E:\IMG\center_2025_12_05_11_42_29_932.jpg,E:\IMG\left_2025_12_05_11_42_29_932.jpg,E:\IMG\right_2025_12_05_11_42_29_932.jpg,0,0,0,20.6979
E:\IMG\center_2025_12_05_11_42_30_001.jpg,E:\IMG\left_2025_12_05_11_42_30_001.jpg,E:\IMG\right_2025_12_05_11_42_30_001.jpg,0,0,0,20.51716
E:\IMG\center_2025_12_05_11_42_30_070.jpg,E:\IMG\left_2025_12_05_11_42_30_070.jpg,E:\IMG\right_2025_12_05_11_42_30_070.jpg,0.05,0,0,20.40557
E:\IMG\center_2025_12_05_11_42_30_139.jpg,E:\IMG\left_2025_12_05_11_42_30_139.jpg,E:\IMG\right_2025_12_05_11_42_30_139.jpg,0.25,0,0,20.23327
E:\IMG\center_2025_12_05_11_42_30_207.jpg,E:\IMG\left_2025_12_05_11_42_30_207.jpg,E:\IMG\right_2025_12_05_11_42_30_207.jpg,0.4,0,0,19.98974
E:\IMG\center_2025_12_05_11_42_30_278.jpg,E:\IMG\left_2025_12_05_11_42_30_278.jpg,E:\IMG\right_2025_12_05_11_42_30_278.jpg,0,0,0,19.7033
E:\IMG\center_2025_12_05_11_42_30_358.jpg,E:\IMG\left_2025_12_05_11_42_30_358.jpg,E:\IMG\right_2025_12_05_11_42_30_358.jpg,0,0,0,19.48383
E:\IMG\center_2025_12_05_11_42_30_427.jpg,E:\IMG\left_2025_12_05_11_42_30_427.jpg,E:\IMG\right_2025_12_05_11_42_30_427.jpg,0,0,0,19.56627
E:\IMG\center_2025_12_05_11_42_30_509.jpg,E:\IMG\left_2025_12_05_11_42_30_509.jpg,E:\IMG\right_2025_12_05_11_42_30_509.jpg,0,0.1544943,0,19.47352
E:\IMG\center_2025_12_05_11_42_30_593.jpg,E:\IMG\left_2025_12_05_11_42_30_593.jpg,E:\IMG\right_2025_12_05_11_42_30_593.jpg,0,0.3537003,0,19.55208
E:\IMG\center_2025_12_05_11_42_30_676.jpg,E:\IMG\left_2025_12_05_11_42_30_676.jpg,E:\IMG\right_2025_12_05_11_42_30_676.jpg,0.2,0.1598244,0,19.38185
E:\IMG\center_2025_12_05_11_42_30_756.jpg,E:\IMG\left_2025_12_05_11_42_30_756.jpg,E:\IMG\right_2025_12_05_11_42_30_756.jpg,0.4,0,0,19.18448
E:\IMG\center_2025_12_05_11_42_30_823.jpg,E:\IMG\left_2025_12_05_11_42_30_823.jpg,E:\IMG\right_2025_12_05_11_42_30_823.jpg,0.5500001,0,0,19.31568
E:\IMG\center_2025_12_05_11_42_30_908.jpg,E:\IMG\left_2025_12_05_11_42_30_908.jpg,E:\IMG\right_2025_12_05_11_42_30_908.jpg,0.7500002,0,0,19.00655
E:\IMG\center_2025_12_05_11_42_30_983.jpg,E:\IMG\left_2025_12_05_11_42_30_983.jpg,E:\IMG\right_2025_12_05_11_42_30_983.jpg,0,0,0,18.70277
E:\IMG\center_2025_12_05_11_42_31_060.jpg,E:\IMG\left_2025_12_05_11_42_31_060.jpg,E:\IMG\right_2025_12_05_11_42_31_060.jpg,0,0,0,18.52669
E:\IMG\center_2025_12_05_11_42_31_139.jpg,E:\IMG\left_2025_12_05_11_42_31_139.jpg,E:\IMG\right_2025_12_05_11_42_31_139.jpg,0,0,0,18.38287
E:\IMG\center_2025_12_05_11_42_31_217.jpg,E:\IMG\left_2025_12_05_11_42_31_217.jpg,E:\IMG\right_2025_12_05_11_42_31_217.jpg,0,0,0,18.2423
E:\IMG\center_2025_12_05_11_42_31_296.jpg,E:\IMG\left_2025_12_05_11_42_31_296.jpg,E:\IMG\right_2025_12_05_11_42_31_296.jpg,0.15,0,0,18.09885
E:\IMG\center_2025_12_05_11_42_31_375.jpg,E:\IMG\left_2025_12_05_11_42_31_375.jpg,E:\IMG\right_2025_12_05_11_42_31_375.jpg,0.35,0,0,17.89675
E:\IMG\center_2025_12_05_11_42_31_455.jpg,E:\IMG\left_2025_12_05_11_42_31_455.jpg,E:\IMG\right_2025_12_05_11_42_31_455.jpg,0.5500001,0,0,17.64743
E:\IMG\center_2025_12_05_11_42_31_535.jpg,E:\IMG\left_2025_12_05_11_42_31_535.jpg,E:\IMG\right_2025_12_05_11_42_31_535.jpg,0.7500002,0,0,17.35403
E:\IMG\center_2025_12_05_11_42_31_613.jpg,E:\IMG\left_2025_12_05_11_42_31_613.jpg,E:\IMG\right_2025_12_05_11_42_31_613.jpg,0.9000002,0,0,16.66618
E:\IMG\center_2025_12_05_11_42_31_694.jpg,E:\IMG\left_2025_12_05_11_42_31_694.jpg,E:\IMG\right_2025_12_05_11_42_31_694.jpg,1,0,0,16.72347
E:\IMG\center_2025_12_05_11_42_31_779.jpg,E:\IMG\left_2025_12_05_11_42_31_779.jpg,E:\IMG\right_2025_12_05_11_42_31_779.jpg,1,0,0,16.50416
E:\IMG\center_2025_12_05_11_42_31_846.jpg,E:\IMG\left_2025_12_05_11_42_31_846.jpg,E:\IMG\right_2025_12_05_11_42_31_846.jpg,0,0,0,15.86842
E:\IMG\center_2025_12_05_11_42_31_927.jpg,E:\IMG\left_2025_12_05_11_42_31_927.jpg,E:\IMG\right_2025_12_05_11_42_31_927.jpg,0,0,0,15.61697
E:\IMG\center_2025_12_05_11_42_31_997.jpg,E:\IMG\left_2025_12_05_11_42_31_997.jpg,E:\IMG\right_2025_12_05_11_42_31_997.jpg,0,0.0551967,0,15.3836
E:\IMG\center_2025_12_05_11_42_32_066.jpg,E:\IMG\left_2025_12_05_11_42_32_066.jpg,E:\IMG\right_2025_12_05_11_42_32_066.jpg,0,0.265038,0,15.84349
E:\IMG\center_2025_12_05_11_42_32_134.jpg,E:\IMG\left_2025_12_05_11_42_32_134.jpg,E:\IMG\right_2025_12_05_11_42_32_134.jpg,0,0.4704309,0,16.03747
E:\IMG\center_2025_12_05_11_42_32_204.jpg,E:\IMG\left_2025_12_05_11_42_32_204.jpg,E:\IMG\right_2025_12_05_11_42_32_204.jpg,0,0.4839309,0,15.94152
E:\IMG\center_2025_12_05_11_42_32_271.jpg,E:\IMG\left_2025_12_05_11_42_32_271.jpg,E:\IMG\right_2025_12_05_11_42_32_271.jpg,0,0.3334002,0,16.60798
E:\IMG\center_2025_12_05_11_42_32_341.jpg,E:\IMG\left_2025_12_05_11_42_32_341.jpg,E:\IMG\right_2025_12_05_11_42_32_341.jpg,0.2,0.07221336,0,16.66
E:\IMG\center_2025_12_05_11_42_32_409.jpg,E:\IMG\left_2025_12_05_11_42_32_409.jpg,E:\IMG\right_2025_12_05_11_42_32_409.jpg,0.35,0,0,16.01383
E:\IMG\center_2025_12_05_11_42_32_475.jpg,E:\IMG\left_2025_12_05_11_42_32_475.jpg,E:\IMG\right_2025_12_05_11_42_32_475.jpg,0.5500001,0,0,15.80045
E:\IMG\center_2025_12_05_11_42_32_544.jpg,E:\IMG\left_2025_12_05_11_42_32_544.jpg,E:\IMG\right_2025_12_05_11_42_32_544.jpg,0.7,0,0,16.09652
E:\IMG\center_2025_12_05_11_42_32_612.jpg,E:\IMG\left_2025_12_05_11_42_32_612.jpg,E:\IMG\right_2025_12_05_11_42_32_612.jpg,0.8500001,0,0,15.39968
E:\IMG\center_2025_12_05_11_42_32_681.jpg,E:\IMG\left_2025_12_05_11_42_32_681.jpg,E:\IMG\right_2025_12_05_11_42_32_681.jpg,0,0,0,15.17941
E:\IMG\center_2025_12_05_11_42_32_751.jpg,E:\IMG\left_2025_12_05_11_42_32_751.jpg,E:\IMG\right_2025_12_05_11_42_32_751.jpg,0,0.1064604,0,15.51199
E:\IMG\center_2025_12_05_11_42_32_825.jpg,E:\IMG\left_2025_12_05_11_42_32_825.jpg,E:\IMG\right_2025_12_05_11_42_32_825.jpg,0,0.3758718,0,15.60922
E:\IMG\center_2025_12_05_11_42_32_893.jpg,E:\IMG\left_2025_12_05_11_42_32_893.jpg,E:\IMG\right_2025_12_05_11_42_32_893.jpg,0,0.5270784,0,15.46822
E:\IMG\center_2025_12_05_11_42_32_964.jpg,E:\IMG\left_2025_12_05_11_42_32_964.jpg,E:\IMG\right_2025_12_05_11_42_32_964.jpg,0,0.2655243,0,15.6445
E:\IMG\center_2025_12_05_11_42_33_031.jpg,E:\IMG\left_2025_12_05_11_42_33_031.jpg,E:\IMG\right_2025_12_05_11_42_33_031.jpg,0,0.1104522,0,16.12918
E:\IMG\center_2025_12_05_11_42_33_103.jpg,E:\IMG\left_2025_12_05_11_42_33_103.jpg,E:\IMG\right_2025_12_05_11_42_33_103.jpg,0.15,0,0,16.04627
E:\IMG\center_2025_12_05_11_42_33_172.jpg,E:\IMG\left_2025_12_05_11_42_33_172.jpg,E:\IMG\right_2025_12_05_11_42_33_172.jpg,0.3,0,0,15.38658
E:\IMG\center_2025_12_05_11_42_33_240.jpg,E:\IMG\left_2025_12_05_11_42_33_240.jpg,E:\IMG\right_2025_12_05_11_42_33_240.jpg,0.5000001,0,0,15.19018
E:\IMG\center_2025_12_05_11_42_33_311.jpg,E:\IMG\left_2025_12_05_11_42_33_311.jpg,E:\IMG\right_2025_12_05_11_42_33_311.jpg,0.6500001,0,0,15.51127
E:\IMG\center_2025_12_05_11_42_33_383.jpg,E:\IMG\left_2025_12_05_11_42_33_383.jpg,E:\IMG\right_2025_12_05_11_42_33_383.jpg,0.8500001,0,0,15.23292
E:\IMG\center_2025_12_05_11_42_33_457.jpg,E:\IMG\left_2025_12_05_11_42_33_457.jpg,E:\IMG\right_2025_12_05_11_42_33_457.jpg,0,0.0607503,0,14.9968
E:\IMG\center_2025_12_05_11_42_33_526.jpg,E:\IMG\left_2025_12_05_11_42_33_526.jpg,E:\IMG\right_2025_12_05_11_42_33_526.jpg,0,0.2696754,0,14.51402
E:\IMG\center_2025_12_05_11_42_33_601.jpg,E:\IMG\left_2025_12_05_11_42_33_601.jpg,E:\IMG\right_2025_12_05_11_42_33_601.jpg,0,0.4943277,0,14.76222
E:\IMG\center_2025_12_05_11_42_33_677.jpg,E:\IMG\left_2025_12_05_11_42_33_677.jpg,E:\IMG\right_2025_12_05_11_42_33_677.jpg,0,0.7183565,0,15.43474
E:\IMG\center_2025_12_05_11_42_33_748.jpg,E:\IMG\left_2025_12_05_11_42_33_748.jpg,E:\IMG\right_2025_12_05_11_42_33_748.jpg,0,0.9348846,0,16.1605
E:\IMG\center_2025_12_05_11_42_33_822.jpg,E:\IMG\left_2025_12_05_11_42_33_822.jpg,E:\IMG\right_2025_12_05_11_42_33_822.jpg,0,1,0,16.98428
E:\IMG\center_2025_12_05_11_42_33_898.jpg,E:\IMG\left_2025_12_05_11_42_33_898.jpg,E:\IMG\right_2025_12_05_11_42_33_898.jpg,0,1,0,17.80579
E:\IMG\center_2025_12_05_11_42_33_971.jpg,E:\IMG\left_2025_12_05_11_42_33_971.jpg,E:\IMG\right_2025_12_05_11_42_33_971.jpg,0,1,0,18.24277
E:\IMG\center_2025_12_05_11_42_34_046.jpg,E:\IMG\left_2025_12_05_11_42_34_046.jpg,E:\IMG\right_2025_12_05_11_42_34_046.jpg,0.2,1,0,19.06563
E:\IMG\center_2025_12_05_11_42_34_119.jpg,E:\IMG\left_2025_12_05_11_42_34_119.jpg,E:\IMG\right_2025_12_05_11_42_34_119.jpg,0.4,1,0,19.82526
E:\IMG\center_2025_12_05_11_42_34_194.jpg,E:\IMG\left_2025_12_05_11_42_34_194.jpg,E:\IMG\right_2025_12_05_11_42_34_194.jpg,0,1,0,20.59938
E:\IMG\center_2025_12_05_11_42_34_269.jpg,E:\IMG\left_2025_12_05_11_42_34_269.jpg,E:\IMG\right_2025_12_05_11_42_34_269.jpg,0,1,0,21.27758
E:\IMG\center_2025_12_05_11_42_34_344.jpg,E:\IMG\left_2025_12_05_11_42_34_344.jpg,E:\IMG\right_2025_12_05_11_42_34_344.jpg,0,1,0,22.0606
E:\IMG\center_2025_12_05_11_42_34_418.jpg,E:\IMG\left_2025_12_05_11_42_34_418.jpg,E:\IMG\right_2025_12_05_11_42_34_418.jpg,0,1,0,22.84015
E:\IMG\center_2025_12_05_11_42_34_494.jpg,E:\IMG\left_2025_12_05_11_42_34_494.jpg,E:\IMG\right_2025_12_05_11_42_34_494.jpg,0.05,1,0,23.61674
E:\IMG\center_2025_12_05_11_42_34_569.jpg,E:\IMG\left_2025_12_05_11_42_34_569.jpg,E:\IMG\right_2025_12_05_11_42_34_569.jpg,0.2,1,0,24.17754
E:\IMG\center_2025_12_05_11_42_34_646.jpg,E:\IMG\left_2025_12_05_11_42_34_646.jpg,E:\IMG\right_2025_12_05_11_42_34_646.jpg,0.4,1,0,24.87212
E:\IMG\center_2025_12_05_11_42_34_719.jpg,E:\IMG\left_2025_12_05_11_42_34_719.jpg,E:\IMG\right_2025_12_05_11_42_34_719.jpg,0.6000001,1,0,25.48101
E:\IMG\center_2025_12_05_11_42_34_795.jpg,E:\IMG\left_2025_12_05_11_42_34_795.jpg,E:\IMG\right_2025_12_05_11_42_34_795.jpg,0,1,0,26.04573
E:\IMG\center_2025_12_05_11_42_34_869.jpg,E:\IMG\left_2025_12_05_11_42_34_869.jpg,E:\IMG\right_2025_12_05_11_42_34_869.jpg,0,0.7776958,0,26.49015
E:\IMG\center_2025_12_05_11_42_34_943.jpg,E:\IMG\left_2025_12_05_11_42_34_943.jpg,E:\IMG\right_2025_12_05_11_42_34_943.jpg,0,0.557833,0,26.90939
E:\IMG\center_2025_12_05_11_42_35_018.jpg,E:\IMG\left_2025_12_05_11_42_35_018.jpg,E:\IMG\right_2025_12_05_11_42_35_018.jpg,0,0.329371,0,27.12617
E:\IMG\center_2025_12_05_11_42_35_091.jpg,E:\IMG\left_2025_12_05_11_42_35_091.jpg,E:\IMG\right_2025_12_05_11_42_35_091.jpg,0,0.1115002,0,27.14971
E:\IMG\center_2025_12_05_11_42_35_165.jpg,E:\IMG\left_2025_12_05_11_42_35_165.jpg,E:\IMG\right_2025_12_05_11_42_35_165.jpg,0,0,0,26.95794
E:\IMG\center_2025_12_05_11_42_35_239.jpg,E:\IMG\left_2025_12_05_11_42_35_239.jpg,E:\IMG\right_2025_12_05_11_42_35_239.jpg,0,0,0,26.74024
E:\IMG\center_2025_12_05_11_42_35_312.jpg,E:\IMG\left_2025_12_05_11_42_35_312.jpg,E:\IMG\right_2025_12_05_11_42_35_312.jpg,0,0,0,26.57869
E:\IMG\center_2025_12_05_11_42_35_388.jpg,E:\IMG\left_2025_12_05_11_42_35_388.jpg,E:\IMG\right_2025_12_05_11_42_35_388.jpg,0,0,0,26.36499
E:\IMG\center_2025_12_05_11_42_35_464.jpg,E:\IMG\left_2025_12_05_11_42_35_464.jpg,E:\IMG\right_2025_12_05_11_42_35_464.jpg,0,0,0,26.15299
E:\IMG\center_2025_12_05_11_42_35_537.jpg,E:\IMG\left_2025_12_05_11_42_35_537.jpg,E:\IMG\right_2025_12_05_11_42_35_537.jpg,0,0,0,25.94271
E:\IMG\center_2025_12_05_11_42_35_617.jpg,E:\IMG\left_2025_12_05_11_42_35_617.jpg,E:\IMG\right_2025_12_05_11_42_35_617.jpg,0,0,0,25.73411
E:\IMG\center_2025_12_05_11_42_35_693.jpg,E:\IMG\left_2025_12_05_11_42_35_693.jpg,E:\IMG\right_2025_12_05_11_42_35_693.jpg,0,0.1771365,0,25.61148
E:\IMG\center_2025_12_05_11_42_35_767.jpg,E:\IMG\left_2025_12_05_11_42_35_767.jpg,E:\IMG\right_2025_12_05_11_42_35_767.jpg,0,0.399234,0,25.68497
E:\IMG\center_2025_12_05_11_42_35_841.jpg,E:\IMG\left_2025_12_05_11_42_35_841.jpg,E:\IMG\right_2025_12_05_11_42_35_841.jpg,0,0.6245562,0,25.96902
E:\IMG\center_2025_12_05_11_42_35_914.jpg,E:\IMG\left_2025_12_05_11_42_35_914.jpg,E:\IMG\right_2025_12_05_11_42_35_914.jpg,0,0.4069209,0,26.26971
E:\IMG\center_2025_12_05_11_42_36_000.jpg,E:\IMG\left_2025_12_05_11_42_36_000.jpg,E:\IMG\right_2025_12_05_11_42_36_000.jpg,0,0.1521939,0,26.29449
E:\IMG\center_2025_12_05_11_42_36_069.jpg,E:\IMG\left_2025_12_05_11_42_36_069.jpg,E:\IMG\right_2025_12_05_11_42_36_069.jpg,-0.15,0,0,26.19185
E:\IMG\center_2025_12_05_11_42_36_140.jpg,E:\IMG\left_2025_12_05_11_42_36_140.jpg,E:\IMG\right_2025_12_05_11_42_36_140.jpg,0,0,0,25.966
E:\IMG\center_2025_12_05_11_42_36_217.jpg,E:\IMG\left_2025_12_05_11_42_36_217.jpg,E:\IMG\right_2025_12_05_11_42_36_217.jpg,0,0,0,25.75665
E:\IMG\center_2025_12_05_11_42_36_291.jpg,E:\IMG\left_2025_12_05_11_42_36_291.jpg,E:\IMG\right_2025_12_05_11_42_36_291.jpg,0,0,0,25.60103
E:\IMG\center_2025_12_05_11_42_36_371.jpg,E:\IMG\left_2025_12_05_11_42_36_371.jpg,E:\IMG\right_2025_12_05_11_42_36_371.jpg,0,0.2379738,0,25.48046
E:\IMG\center_2025_12_05_11_42_36_442.jpg,E:\IMG\left_2025_12_05_11_42_36_442.jpg,E:\IMG\right_2025_12_05_11_42_36_442.jpg,0,0.4503618,0,25.60735
E:\IMG\center_2025_12_05_11_42_36_517.jpg,E:\IMG\left_2025_12_05_11_42_36_517.jpg,E:\IMG\right_2025_12_05_11_42_36_517.jpg,0,0.6769575,0,25.95761
E:\IMG\center_2025_12_05_11_42_36_596.jpg,E:\IMG\left_2025_12_05_11_42_36_596.jpg,E:\IMG\right_2025_12_05_11_42_36_596.jpg,0,0.8136369,0,26.51176
E:\IMG\center_2025_12_05_11_42_36_670.jpg,E:\IMG\left_2025_12_05_11_42_36_670.jpg,E:\IMG\right_2025_12_05_11_42_36_670.jpg,0,0.5908502,0,26.85381
E:\IMG\center_2025_12_05_11_42_36_749.jpg,E:\IMG\left_2025_12_05_11_42_36_749.jpg,E:\IMG\right_2025_12_05_11_42_36_749.jpg,-0.1,0.3511358,0,27.10084
E:\IMG\center_2025_12_05_11_42_36_827.jpg,E:\IMG\left_2025_12_05_11_42_36_827.jpg,E:\IMG\right_2025_12_05_11_42_36_827.jpg,0,0.1185948,0,27.10606
E:\IMG\center_2025_12_05_11_42_36_908.jpg,E:\IMG\left_2025_12_05_11_42_36_908.jpg,E:\IMG\right_2025_12_05_11_42_36_908.jpg,0,0,0,26.92135
E:\IMG\center_2025_12_05_11_42_36_980.jpg,E:\IMG\left_2025_12_05_11_42_36_980.jpg,E:\IMG\right_2025_12_05_11_42_36_980.jpg,0,0.1655874,0,26.75373
E:\IMG\center_2025_12_05_11_42_37_058.jpg,E:\IMG\left_2025_12_05_11_42_37_058.jpg,E:\IMG\right_2025_12_05_11_42_37_058.jpg,0,0.2779842,0,26.80272
E:\IMG\center_2025_12_05_11_42_37_135.jpg,E:\IMG\left_2025_12_05_11_42_37_135.jpg,E:\IMG\right_2025_12_05_11_42_37_135.jpg,0,0.04577097,0,26.74951
E:\IMG\center_2025_12_05_11_42_37_212.jpg,E:\IMG\left_2025_12_05_11_42_37_212.jpg,E:\IMG\right_2025_12_05_11_42_37_212.jpg,0,0,0,26.59255
E:\IMG\center_2025_12_05_11_42_37_293.jpg,E:\IMG\left_2025_12_05_11_42_37_293.jpg,E:\IMG\right_2025_12_05_11_42_37_293.jpg,0,0,0,26.37839
E:\IMG\center_2025_12_05_11_42_37_369.jpg,E:\IMG\left_2025_12_05_11_42_37_369.jpg,E:\IMG\right_2025_12_05_11_42_37_369.jpg,0,0,0,26.16625
E:\IMG\center_2025_12_05_11_42_37_448.jpg,E:\IMG\left_2025_12_05_11_42_37_448.jpg,E:\IMG\right_2025_12_05_11_42_37_448.jpg,0,0,0,25.95585
E:\IMG\center_2025_12_05_11_42_37_523.jpg,E:\IMG\left_2025_12_05_11_42_37_523.jpg,E:\IMG\right_2025_12_05_11_42_37_523.jpg,0,0,0,25.74715
E:\IMG\center_2025_12_05_11_42_37_600.jpg,E:\IMG\left_2025_12_05_11_42_37_600.jpg,E:\IMG\right_2025_12_05_11_42_37_600.jpg,0,0.231396,0,25.64218
E:\IMG\center_2025_12_05_11_42_37_683.jpg,E:\IMG\left_2025_12_05_11_42_37_683.jpg,E:\IMG\right_2025_12_05_11_42_37_683.jpg,0,0.4806717,0,25.76756
E:\IMG\center_2025_12_05_11_42_37_756.jpg,E:\IMG\left_2025_12_05_11_42_37_756.jpg,E:\IMG\right_2025_12_05_11_42_37_756.jpg,0,0.3668544,0,26.02456
E:\IMG\center_2025_12_05_11_42_37_835.jpg,E:\IMG\left_2025_12_05_11_42_37_835.jpg,E:\IMG\right_2025_12_05_11_42_37_835.jpg,0,0.1314279,0,26.06311
E:\IMG\center_2025_12_05_11_42_37_912.jpg,E:\IMG\left_2025_12_05_11_42_37_912.jpg,E:\IMG\right_2025_12_05_11_42_37_912.jpg,0,0,0,25.93916
E:\IMG\center_2025_12_05_11_42_37_989.jpg,E:\IMG\left_2025_12_05_11_42_37_989.jpg,E:\IMG\right_2025_12_05_11_42_37_989.jpg,0,0,0,25.73186
E:\IMG\center_2025_12_05_11_42_38_071.jpg,E:\IMG\left_2025_12_05_11_42_38_071.jpg,E:\IMG\right_2025_12_05_11_42_38_071.jpg,-0.05,0,0,25.52457
E:\IMG\center_2025_12_05_11_42_38_146.jpg,E:\IMG\left_2025_12_05_11_42_38_146.jpg,E:\IMG\right_2025_12_05_11_42_38_146.jpg,-0.25,0,0,25.28787
E:\IMG\center_2025_12_05_11_42_38_227.jpg,E:\IMG\left_2025_12_05_11_42_38_227.jpg,E:\IMG\right_2025_12_05_11_42_38_227.jpg,0,0,0,25.08106
E:\IMG\center_2025_12_05_11_42_38_300.jpg,E:\IMG\left_2025_12_05_11_42_38_300.jpg,E:\IMG\right_2025_12_05_11_42_38_300.jpg,0,0.2185785,0,24.9704
E:\IMG\center_2025_12_05_11_42_38_378.jpg,E:\IMG\left_2025_12_05_11_42_38_378.jpg,E:\IMG\right_2025_12_05_11_42_38_378.jpg,0,0.4485069,0,25.08771
E:\IMG\center_2025_12_05_11_42_38_453.jpg,E:\IMG\left_2025_12_05_11_42_38_453.jpg,E:\IMG\right_2025_12_05_11_42_38_453.jpg,0,0.3733017,0,25.26177
E:\IMG\center_2025_12_05_11_42_38_530.jpg,E:\IMG\left_2025_12_05_11_42_38_530.jpg,E:\IMG\right_2025_12_05_11_42_38_530.jpg,0,0.09862554,0,25.28178
E:\IMG\center_2025_12_05_11_42_38_607.jpg,E:\IMG\left_2025_12_05_11_42_38_607.jpg,E:\IMG\right_2025_12_05_11_42_38_607.jpg,0,0,0,25.1018
E:\IMG\center_2025_12_05_11_42_38_690.jpg,E:\IMG\left_2025_12_05_11_42_38_690.jpg,E:\IMG\right_2025_12_05_11_42_38_690.jpg,0,0,0,24.90222
E:\IMG\center_2025_12_05_11_42_38_761.jpg,E:\IMG\left_2025_12_05_11_42_38_761.jpg,E:\IMG\right_2025_12_05_11_42_38_761.jpg,0,0,0,24.70244
E:\IMG\center_2025_12_05_11_42_38_843.jpg,E:\IMG\left_2025_12_05_11_42_38_843.jpg,E:\IMG\right_2025_12_05_11_42_38_843.jpg,0,0,0,24.50392
E:\IMG\center_2025_12_05_11_42_38_914.jpg,E:\IMG\left_2025_12_05_11_42_38_914.jpg,E:\IMG\right_2025_12_05_11_42_38_914.jpg,0,0.2107089,0,24.40089
E:\IMG\center_2025_12_05_11_42_38_989.jpg,E:\IMG\left_2025_12_05_11_42_38_989.jpg,E:\IMG\right_2025_12_05_11_42_38_989.jpg,0,0.3952962,0,24.50313
E:\IMG\center_2025_12_05_11_42_39_065.jpg,E:\IMG\left_2025_12_05_11_42_39_065.jpg,E:\IMG\right_2025_12_05_11_42_39_065.jpg,0,0.6662328,0,24.84444
E:\IMG\center_2025_12_05_11_42_39_141.jpg,E:\IMG\left_2025_12_05_11_42_39_141.jpg,E:\IMG\right_2025_12_05_11_42_39_141.jpg,0,0.5582079,0,25.28789
E:\IMG\center_2025_12_05_11_42_39_218.jpg,E:\IMG\left_2025_12_05_11_42_39_218.jpg,E:\IMG\right_2025_12_05_11_42_39_218.jpg,0,0.3243474,0,25.52251
E:\IMG\center_2025_12_05_11_42_39_294.jpg,E:\IMG\left_2025_12_05_11_42_39_294.jpg,E:\IMG\right_2025_12_05_11_42_39_294.jpg,0,0.1586412,0,25.54034
E:\IMG\center_2025_12_05_11_42_39_369.jpg,E:\IMG\left_2025_12_05_11_42_39_369.jpg,E:\IMG\right_2025_12_05_11_42_39_369.jpg,-0.2,0,0,25.3509
E:\IMG\center_2025_12_05_11_42_39_446.jpg,E:\IMG\left_2025_12_05_11_42_39_446.jpg,E:\IMG\right_2025_12_05_11_42_39_446.jpg,0,0,0,25.14542
E:\IMG\center_2025_12_05_11_42_39_515.jpg,E:\IMG\left_2025_12_05_11_42_39_515.jpg,E:\IMG\right_2025_12_05_11_42_39_515.jpg,0,0.1526559,0,24.98787
E:\IMG\center_2025_12_05_11_42_39_590.jpg,E:\IMG\left_2025_12_05_11_42_39_590.jpg,E:\IMG\right_2025_12_05_11_42_39_590.jpg,0,0.3342249,0,25.02526
E:\IMG\center_2025_12_05_11_42_39_664.jpg,E:\IMG\left_2025_12_05_11_42_39_664.jpg,E:\IMG\right_2025_12_05_11_42_39_664.jpg,0,0.1533585,0,25.08402
E:\IMG\center_2025_12_05_11_42_39_741.jpg,E:\IMG\left_2025_12_05_11_42_39_741.jpg,E:\IMG\right_2025_12_05_11_42_39_741.jpg,0,0,0,24.93777
E:\IMG\center_2025_12_05_11_42_39_821.jpg,E:\IMG\left_2025_12_05_11_42_39_821.jpg,E:\IMG\right_2025_12_05_11_42_39_821.jpg,0,0,0,24.73868
E:\IMG\center_2025_12_05_11_42_39_897.jpg,E:\IMG\left_2025_12_05_11_42_39_897.jpg,E:\IMG\right_2025_12_05_11_42_39_897.jpg,0,0,0,24.54005
E:\IMG\center_2025_12_05_11_42_39_970.jpg,E:\IMG\left_2025_12_05_11_42_39_970.jpg,E:\IMG\right_2025_12_05_11_42_39_970.jpg,-0.15,0,0,24.38352
E:\IMG\center_2025_12_05_11_42_40_040.jpg,E:\IMG\left_2025_12_05_11_42_40_040.jpg,E:\IMG\right_2025_12_05_11_42_40_040.jpg,0,0,0,24.17569
E:\IMG\center_2025_12_05_11_42_40_119.jpg,E:\IMG\left_2025_12_05_11_42_40_119.jpg,E:\IMG\right_2025_12_05_11_42_40_119.jpg,0,0,0,23.98118
E:\IMG\center_2025_12_05_11_42_40_193.jpg,E:\IMG\left_2025_12_05_11_42_40_193.jpg,E:\IMG\right_2025_12_05_11_42_40_193.jpg,0,0,0,23.83651
E:\IMG\center_2025_12_05_11_42_40_271.jpg,E:\IMG\left_2025_12_05_11_42_40_271.jpg,E:\IMG\right_2025_12_05_11_42_40_271.jpg,0,0.1209972,0,23.66881
E:\IMG\center_2025_12_05_11_42_40_346.jpg,E:\IMG\left_2025_12_05_11_42_40_346.jpg,E:\IMG\right_2025_12_05_11_42_40_346.jpg,0,0.3458004,0,23.69895
E:\IMG\center_2025_12_05_11_42_40_425.jpg,E:\IMG\left_2025_12_05_11_42_40_425.jpg,E:\IMG\right_2025_12_05_11_42_40_425.jpg,0,0.4603869,0,23.95221
E:\IMG\center_2025_12_05_11_42_40_498.jpg,E:\IMG\left_2025_12_05_11_42_40_498.jpg,E:\IMG\right_2025_12_05_11_42_40_498.jpg,-0.1,0.242199,0,24.09898
E:\IMG\center_2025_12_05_11_42_40_575.jpg,E:\IMG\left_2025_12_05_11_42_40_575.jpg,E:\IMG\right_2025_12_05_11_42_40_575.jpg,0,0.01281265,0,24.00327
E:\IMG\center_2025_12_05_11_42_40_651.jpg,E:\IMG\left_2025_12_05_11_42_40_651.jpg,E:\IMG\right_2025_12_05_11_42_40_651.jpg,0,0,0,23.85561
E:\IMG\center_2025_12_05_11_42_40_734.jpg,E:\IMG\left_2025_12_05_11_42_40_734.jpg,E:\IMG\right_2025_12_05_11_42_40_734.jpg,0,0,0,23.66334
E:\IMG\center_2025_12_05_11_42_40_810.jpg,E:\IMG\left_2025_12_05_11_42_40_810.jpg,E:\IMG\right_2025_12_05_11_42_40_810.jpg,0,0,0,23.47299
E:\IMG\center_2025_12_05_11_42_40_891.jpg,E:\IMG\left_2025_12_05_11_42_40_891.jpg,E:\IMG\right_2025_12_05_11_42_40_891.jpg,0,0.1824465,0,23.342
E:\IMG\center_2025_12_05_11_42_40_971.jpg,E:\IMG\left_2025_12_05_11_42_40_971.jpg,E:\IMG\right_2025_12_05_11_42_40_971.jpg,0,0.4246524,0,23.4446
E:\IMG\center_2025_12_05_11_42_41_050.jpg,E:\IMG\left_2025_12_05_11_42_41_050.jpg,E:\IMG\right_2025_12_05_11_42_41_050.jpg,-0.2,0.3115188,0,23.65411
E:\IMG\center_2025_12_05_11_42_41_132.jpg,E:\IMG\left_2025_12_05_11_42_41_132.jpg,E:\IMG\right_2025_12_05_11_42_41_132.jpg,0,0.06546599,0,23.61427
E:\IMG\center_2025_12_05_11_42_41_210.jpg,E:\IMG\left_2025_12_05_11_42_41_210.jpg,E:\IMG\right_2025_12_05_11_42_41_210.jpg,0,0,0,23.42929
E:\IMG\center_2025_12_05_11_42_41_296.jpg,E:\IMG\left_2025_12_05_11_42_41_296.jpg,E:\IMG\right_2025_12_05_11_42_41_296.jpg,0,0,0,23.19297
E:\IMG\center_2025_12_05_11_42_41_373.jpg,E:\IMG\left_2025_12_05_11_42_41_373.jpg,E:\IMG\right_2025_12_05_11_42_41_373.jpg,0,0,0,23.05305
E:\IMG\center_2025_12_05_11_42_41_451.jpg,E:\IMG\left_2025_12_05_11_42_41_451.jpg,E:\IMG\right_2025_12_05_11_42_41_451.jpg,-0.2,0,0,22.85199
E:\IMG\center_2025_12_05_11_42_41_536.jpg,E:\IMG\left_2025_12_05_11_42_41_536.jpg,E:\IMG\right_2025_12_05_11_42_41_536.jpg,-0.45,0,0,22.51588
E:\IMG\center_2025_12_05_11_42_41_619.jpg,E:\IMG\left_2025_12_05_11_42_41_619.jpg,E:\IMG\right_2025_12_05_11_42_41_619.jpg,0,0,0,22.2374
E:\IMG\center_2025_12_05_11_42_41_700.jpg,E:\IMG\left_2025_12_05_11_42_41_700.jpg,E:\IMG\right_2025_12_05_11_42_41_700.jpg,0,0,0,22.04281
E:\IMG\center_2025_12_05_11_42_41_782.jpg,E:\IMG\left_2025_12_05_11_42_41_782.jpg,E:\IMG\right_2025_12_05_11_42_41_782.jpg,0,0,0,21.86257
E:\IMG\center_2025_12_05_11_42_41_866.jpg,E:\IMG\left_2025_12_05_11_42_41_866.jpg,E:\IMG\right_2025_12_05_11_42_41_866.jpg,0,0.2499609,0,21.80357
E:\IMG\center_2025_12_05_11_42_41_951.jpg,E:\IMG\left_2025_12_05_11_42_41_951.jpg,E:\IMG\right_2025_12_05_11_42_41_951.jpg,0,0.5088579,0,21.99059
E:\IMG\center_2025_12_05_11_42_42_031.jpg,E:\IMG\left_2025_12_05_11_42_42_031.jpg,E:\IMG\right_2025_12_05_11_42_42_031.jpg,0,0.6230415,0,22.42044
E:\IMG\center_2025_12_05_11_42_42_118.jpg,E:\IMG\left_2025_12_05_11_42_42_118.jpg,E:\IMG\right_2025_12_05_11_42_42_118.jpg,-0.1,0.3595716,0,22.76995
E:\IMG\center_2025_12_05_11_42_42_198.jpg,E:\IMG\left_2025_12_05_11_42_42_198.jpg,E:\IMG\right_2025_12_05_11_42_42_198.jpg,-0.3,0.1211226,0,22.78881
E:\IMG\center_2025_12_05_11_42_42_265.jpg,E:\IMG\left_2025_12_05_11_42_42_265.jpg,E:\IMG\right_2025_12_05_11_42_42_265.jpg,0,0,0,22.66273
E:\IMG\center_2025_12_05_11_42_42_344.jpg,E:\IMG\left_2025_12_05_11_42_42_344.jpg,E:\IMG\right_2025_12_05_11_42_42_344.jpg,0,0,0,22.47488
E:\IMG\center_2025_12_05_11_42_42_427.jpg,E:\IMG\left_2025_12_05_11_42_42_427.jpg,E:\IMG\right_2025_12_05_11_42_42_427.jpg,0,0,0,22.2921
E:\IMG\center_2025_12_05_11_42_42_515.jpg,E:\IMG\left_2025_12_05_11_42_42_515.jpg,E:\IMG\right_2025_12_05_11_42_42_515.jpg,-0.15,0,0,22.05902
E:\IMG\center_2025_12_05_11_42_42_595.jpg,E:\IMG\left_2025_12_05_11_42_42_595.jpg,E:\IMG\right_2025_12_05_11_42_42_595.jpg,-0.35,0,0,21.82558
E:\IMG\center_2025_12_05_11_42_42_679.jpg,E:\IMG\left_2025_12_05_11_42_42_679.jpg,E:\IMG\right_2025_12_05_11_42_42_679.jpg,-0.5500001,0,0,21.52586
E:\IMG\center_2025_12_05_11_42_42_768.jpg,E:\IMG\left_2025_12_05_11_42_42_768.jpg,E:\IMG\right_2025_12_05_11_42_42_768.jpg,0,0,0,21.31622
E:\IMG\center_2025_12_05_11_42_42_843.jpg,E:\IMG\left_2025_12_05_11_42_42_843.jpg,E:\IMG\right_2025_12_05_11_42_42_843.jpg,0,0,0,21.13687
E:\IMG\center_2025_12_05_11_42_42_927.jpg,E:\IMG\left_2025_12_05_11_42_42_927.jpg,E:\IMG\right_2025_12_05_11_42_42_927.jpg,0,0.1938831,0,21.02658
E:\IMG\center_2025_12_05_11_42_43_010.jpg,E:\IMG\left_2025_12_05_11_42_43_010.jpg,E:\IMG\right_2025_12_05_11_42_43_010.jpg,0,0.4426749,0,21.1591
E:\IMG\center_2025_12_05_11_42_43_092.jpg,E:\IMG\left_2025_12_05_11_42_43_092.jpg,E:\IMG\right_2025_12_05_11_42_43_092.jpg,-0.1,0.689147,0,21.53111
E:\IMG\center_2025_12_05_11_42_43_174.jpg,E:\IMG\left_2025_12_05_11_42_43_174.jpg,E:\IMG\right_2025_12_05_11_42_43_174.jpg,-0.35,0.9350768,0,22.28958
E:\IMG\center_2025_12_05_11_42_43_257.jpg,E:\IMG\left_2025_12_05_11_42_43_257.jpg,E:\IMG\right_2025_12_05_11_42_43_257.jpg,-0.5500001,0.8141322,0,22.87656
E:\IMG\center_2025_12_05_11_42_43_327.jpg,E:\IMG\left_2025_12_05_11_42_43_327.jpg,E:\IMG\right_2025_12_05_11_42_43_327.jpg,0,0.6029105,0,23.136
E:\IMG\center_2025_12_05_11_42_43_407.jpg,E:\IMG\left_2025_12_05_11_42_43_407.jpg,E:\IMG\right_2025_12_05_11_42_43_407.jpg,0,0.3609044,0,23.39002
E:\IMG\center_2025_12_05_11_42_43_494.jpg,E:\IMG\left_2025_12_05_11_42_43_494.jpg,E:\IMG\right_2025_12_05_11_42_43_494.jpg,0,0.1018751,0,23.42384
E:\IMG\center_2025_12_05_11_42_43_579.jpg,E:\IMG\left_2025_12_05_11_42_43_579.jpg,E:\IMG\right_2025_12_05_11_42_43_579.jpg,0,0.1251159,0,23.23511
E:\IMG\center_2025_12_05_11_42_43_664.jpg,E:\IMG\left_2025_12_05_11_42_43_664.jpg,E:\IMG\right_2025_12_05_11_42_43_664.jpg,-0.15,0.3853188,0,23.28916
E:\IMG\center_2025_12_05_11_42_43_734.jpg,E:\IMG\left_2025_12_05_11_42_43_734.jpg,E:\IMG\right_2025_12_05_11_42_43_734.jpg,-0.35,0.5942043,0,23.54958
E:\IMG\center_2025_12_05_11_42_43_823.jpg,E:\IMG\left_2025_12_05_11_42_43_823.jpg,E:\IMG\right_2025_12_05_11_42_43_823.jpg,0,0.5927076,0,23.8961
E:\IMG\center_2025_12_05_11_42_43_910.jpg,E:\IMG\left_2025_12_05_11_42_43_910.jpg,E:\IMG\right_2025_12_05_11_42_43_910.jpg,0,0.3291565,0,24.13944
E:\IMG\center_2025_12_05_11_42_43_981.jpg,E:\IMG\left_2025_12_05_11_42_43_981.jpg,E:\IMG\right_2025_12_05_11_42_43_981.jpg,0,0.114931,0,24.17249
E:\IMG\center_2025_12_05_11_42_44_070.jpg,E:\IMG\left_2025_12_05_11_42_44_070.jpg,E:\IMG\right_2025_12_05_11_42_44_070.jpg,-0.15,0,0,24.00563
E:\IMG\center_2025_12_05_11_42_44_155.jpg,E:\IMG\left_2025_12_05_11_42_44_155.jpg,E:\IMG\right_2025_12_05_11_42_44_155.jpg,-0.4,0,0,23.68381
E:\IMG\center_2025_12_05_11_42_44_225.jpg,E:\IMG\left_2025_12_05_11_42_44_225.jpg,E:\IMG\right_2025_12_05_11_42_44_225.jpg,-0.5500001,0,0,23.43694
E:\IMG\center_2025_12_05_11_42_44_292.jpg,E:\IMG\left_2025_12_05_11_42_44_292.jpg,E:\IMG\right_2025_12_05_11_42_44_292.jpg,0,0,0,23.2674
E:\IMG\center_2025_12_05_11_42_44_361.jpg,E:\IMG\left_2025_12_05_11_42_44_361.jpg,E:\IMG\right_2025_12_05_11_42_44_361.jpg,0,0.207618,0,23.1657
E:\IMG\center_2025_12_05_11_42_44_430.jpg,E:\IMG\left_2025_12_05_11_42_44_430.jpg,E:\IMG\right_2025_12_05_11_42_44_430.jpg,0,0.4143702,0,23.26307
E:\IMG\center_2025_12_05_11_42_44_498.jpg,E:\IMG\left_2025_12_05_11_42_44_498.jpg,E:\IMG\right_2025_12_05_11_42_44_498.jpg,-0.05,0.6176061,0,23.57071
E:\IMG\center_2025_12_05_11_42_44_569.jpg,E:\IMG\left_2025_12_05_11_42_44_569.jpg,E:\IMG\right_2025_12_05_11_42_44_569.jpg,-0.2,0.8306733,0,23.94164
E:\IMG\center_2025_12_05_11_42_44_641.jpg,E:\IMG\left_2025_12_05_11_42_44_641.jpg,E:\IMG\right_2025_12_05_11_42_44_641.jpg,-0.4,0.7497829,0,24.49819
E:\IMG\center_2025_12_05_11_42_44_728.jpg,E:\IMG\left_2025_12_05_11_42_44_728.jpg,E:\IMG\right_2025_12_05_11_42_44_728.jpg,-0.6000001,0.4879522,0,24.7474
E:\IMG\center_2025_12_05_11_42_44_802.jpg,E:\IMG\left_2025_12_05_11_42_44_802.jpg,E:\IMG\right_2025_12_05_11_42_44_802.jpg,0,0.267583,0,24.77552
E:\IMG\center_2025_12_05_11_42_44_891.jpg,E:\IMG\left_2025_12_05_11_42_44_891.jpg,E:\IMG\right_2025_12_05_11_42_44_891.jpg,0,0,0,24.69096
E:\IMG\center_2025_12_05_11_42_44_960.jpg,E:\IMG\left_2025_12_05_11_42_44_960.jpg,E:\IMG\right_2025_12_05_11_42_44_960.jpg,0,0,0,24.48423
E:\IMG\center_2025_12_05_11_42_45_031.jpg,E:\IMG\left_2025_12_05_11_42_45_031.jpg,E:\IMG\right_2025_12_05_11_42_45_031.jpg,-0.15,0,0,24.33376
E:\IMG\center_2025_12_05_11_42_45_098.jpg,E:\IMG\left_2025_12_05_11_42_45_098.jpg,E:\IMG\right_2025_12_05_11_42_45_098.jpg,-0.35,0,0,24.08909
E:\IMG\center_2025_12_05_11_42_45_172.jpg,E:\IMG\left_2025_12_05_11_42_45_172.jpg,E:\IMG\right_2025_12_05_11_42_45_172.jpg,-0.5000001,0,0,23.85588
E:\IMG\center_2025_12_05_11_42_45_244.jpg,E:\IMG\left_2025_12_05_11_42_45_244.jpg,E:\IMG\right_2025_12_05_11_42_45_244.jpg,-0.7,0,0,23.47938
E:\IMG\center_2025_12_05_11_42_45_335.jpg,E:\IMG\left_2025_12_05_11_42_45_335.jpg,E:\IMG\right_2025_12_05_11_42_45_335.jpg,0,0.0749154,0,23.21271
E:\IMG\center_2025_12_05_11_42_45_404.jpg,E:\IMG\left_2025_12_05_11_42_45_404.jpg,E:\IMG\right_2025_12_05_11_42_45_404.jpg,0,0.2840295,0,23.17235
E:\IMG\center_2025_12_05_11_42_45_471.jpg,E:\IMG\left_2025_12_05_11_42_45_471.jpg,E:\IMG\right_2025_12_05_11_42_45_471.jpg,0,0.4863414,0,23.31676
E:\IMG\center_2025_12_05_11_42_45_542.jpg,E:\IMG\left_2025_12_05_11_42_45_542.jpg,E:\IMG\right_2025_12_05_11_42_45_542.jpg,0,0.6983055,0,23.69405
E:\IMG\center_2025_12_05_11_42_45_612.jpg,E:\IMG\left_2025_12_05_11_42_45_612.jpg,E:\IMG\right_2025_12_05_11_42_45_612.jpg,-0.15,0.7597263,0,24.11133
E:\IMG\center_2025_12_05_11_42_45_680.jpg,E:\IMG\left_2025_12_05_11_42_45_680.jpg,E:\IMG\right_2025_12_05_11_42_45_680.jpg,-0.35,0.5544676,0,24.49499
E:\IMG\center_2025_12_05_11_42_45_755.jpg,E:\IMG\left_2025_12_05_11_42_45_755.jpg,E:\IMG\right_2025_12_05_11_42_45_755.jpg,-0.5500001,0.3321669,0,24.55756
E:\IMG\center_2025_12_05_11_42_45_841.jpg,E:\IMG\left_2025_12_05_11_42_45_841.jpg,E:\IMG\right_2025_12_05_11_42_45_841.jpg,-0.7500002,0.06923254,0,24.33341
E:\IMG\center_2025_12_05_11_42_45_913.jpg,E:\IMG\left_2025_12_05_11_42_45_913.jpg,E:\IMG\right_2025_12_05_11_42_45_913.jpg,0,0,0,24.15062
E:\IMG\center_2025_12_05_11_42_46_001.jpg,E:\IMG\left_2025_12_05_11_42_46_001.jpg,E:\IMG\right_2025_12_05_11_42_46_001.jpg,0,0,0,23.86497
E:\IMG\center_2025_12_05_11_42_46_068.jpg,E:\IMG\left_2025_12_05_11_42_46_068.jpg,E:\IMG\right_2025_12_05_11_42_46_068.jpg,0,0,0,23.72968
E:\IMG\center_2025_12_05_11_42_46_135.jpg,E:\IMG\left_2025_12_05_11_42_46_135.jpg,E:\IMG\right_2025_12_05_11_42_46_135.jpg,0,0,0,23.53565
E:\IMG\center_2025_12_05_11_42_46_224.jpg,E:\IMG\left_2025_12_05_11_42_46_224.jpg,E:\IMG\right_2025_12_05_11_42_46_224.jpg,0,0.2672547,0,23.46138
E:\IMG\center_2025_12_05_11_42_46_311.jpg,E:\IMG\left_2025_12_05_11_42_46_311.jpg,E:\IMG\right_2025_12_05_11_42_46_311.jpg,0,0.5277585,0,23.65763
E:\IMG\center_2025_12_05_11_42_46_398.jpg,E:\IMG\left_2025_12_05_11_42_46_398.jpg,E:\IMG\right_2025_12_05_11_42_46_398.jpg,-0.15,0.7877212,0,24.18613
E:\IMG\center_2025_12_05_11_42_46_467.jpg,E:\IMG\left_2025_12_05_11_42_46_467.jpg,E:\IMG\right_2025_12_05_11_42_46_467.jpg,-0.3,0.8544526,0,24.64804
E:\IMG\center_2025_12_05_11_42_46_553.jpg,E:\IMG\left_2025_12_05_11_42_46_553.jpg,E:\IMG\right_2025_12_05_11_42_46_553.jpg,-0.5000001,0.5932294,0,25.03652
E:\IMG\center_2025_12_05_11_42_46_623.jpg,E:\IMG\left_2025_12_05_11_42_46_623.jpg,E:\IMG\right_2025_12_05_11_42_46_623.jpg,-0.7,0.3848523,0,25.12262
E:\IMG\center_2025_12_05_11_42_46_714.jpg,E:\IMG\left_2025_12_05_11_42_46_714.jpg,E:\IMG\right_2025_12_05_11_42_46_714.jpg,0,0.1141455,0,24.95965
E:\IMG\center_2025_12_05_11_42_46_796.jpg,E:\IMG\left_2025_12_05_11_42_46_796.jpg,E:\IMG\right_2025_12_05_11_42_46_796.jpg,0,0,0,24.64699
E:\IMG\center_2025_12_05_11_42_46_867.jpg,E:\IMG\left_2025_12_05_11_42_46_867.jpg,E:\IMG\right_2025_12_05_11_42_46_867.jpg,0,0,0,24.49594
E:\IMG\center_2025_12_05_11_42_46_937.jpg,E:\IMG\left_2025_12_05_11_42_46_937.jpg,E:\IMG\right_2025_12_05_11_42_46_937.jpg,-0.2,0,0,24.29324
E:\IMG\center_2025_12_05_11_42_47_024.jpg,E:\IMG\left_2025_12_05_11_42_47_024.jpg,E:\IMG\right_2025_12_05_11_42_47_024.jpg,-0.4,0,0,24.03748
E:\IMG\center_2025_12_05_11_42_47_110.jpg,E:\IMG\left_2025_12_05_11_42_47_110.jpg,E:\IMG\right_2025_12_05_11_42_47_110.jpg,0,0,0,23.76555
E:\IMG\center_2025_12_05_11_42_47_178.jpg,E:\IMG\left_2025_12_05_11_42_47_178.jpg,E:\IMG\right_2025_12_05_11_42_47_178.jpg,0,0,0,23.5628
E:\IMG\center_2025_12_05_11_42_47_245.jpg,E:\IMG\left_2025_12_05_11_42_47_245.jpg,E:\IMG\right_2025_12_05_11_42_47_245.jpg,0,0,0,23.41934
E:\IMG\center_2025_12_05_11_42_47_314.jpg,E:\IMG\left_2025_12_05_11_42_47_314.jpg,E:\IMG\right_2025_12_05_11_42_47_314.jpg,0,0,0,23.27688
E:\IMG\center_2025_12_05_11_42_47_395.jpg,E:\IMG\left_2025_12_05_11_42_47_395.jpg,E:\IMG\right_2025_12_05_11_42_47_395.jpg,0,0.2447166,0,23.17034
E:\IMG\center_2025_12_05_11_42_47_480.jpg,E:\IMG\left_2025_12_05_11_42_47_480.jpg,E:\IMG\right_2025_12_05_11_42_47_480.jpg,0,0.5008488,0,23.34473
E:\IMG\center_2025_12_05_11_42_47_568.jpg,E:\IMG\left_2025_12_05_11_42_47_568.jpg,E:\IMG\right_2025_12_05_11_42_47_568.jpg,0,0.7633134,0,23.7724
E:\IMG\center_2025_12_05_11_42_47_661.jpg,E:\IMG\left_2025_12_05_11_42_47_661.jpg,E:\IMG\right_2025_12_05_11_42_47_661.jpg,0,1,0,24.61634
E:\IMG\center_2025_12_05_11_42_47_740.jpg,E:\IMG\left_2025_12_05_11_42_47_740.jpg,E:\IMG\right_2025_12_05_11_42_47_740.jpg,0,1,0,25.38399
E:\IMG\center_2025_12_05_11_42_47_808.jpg,E:\IMG\left_2025_12_05_11_42_47_808.jpg,E:\IMG\right_2025_12_05_11_42_47_808.jpg,0,1,0,25.95666
E:\IMG\center_2025_12_05_11_42_47_894.jpg,E:\IMG\left_2025_12_05_11_42_47_894.jpg,E:\IMG\right_2025_12_05_11_42_47_894.jpg,-0.2,1,0,26.88556
E:\IMG\center_2025_12_05_11_42_47_973.jpg,E:\IMG\left_2025_12_05_11_42_47_973.jpg,E:\IMG\right_2025_12_05_11_42_47_973.jpg,-0.35,1,0,27.39216
E:\IMG\center_2025_12_05_11_42_48_050.jpg,E:\IMG\left_2025_12_05_11_42_48_050.jpg,E:\IMG\right_2025_12_05_11_42_48_050.jpg,0,0.8165836,0,28.01036
E:\IMG\center_2025_12_05_11_42_48_140.jpg,E:\IMG\left_2025_12_05_11_42_48_140.jpg,E:\IMG\right_2025_12_05_11_42_48_140.jpg,0,0.5469081,0,28.55539
E:\IMG\center_2025_12_05_11_42_48_215.jpg,E:\IMG\left_2025_12_05_11_42_48_215.jpg,E:\IMG\right_2025_12_05_11_42_48_215.jpg,0,0.32269,0,28.73004
E:\IMG\center_2025_12_05_11_42_48_286.jpg,E:\IMG\left_2025_12_05_11_42_48_286.jpg,E:\IMG\right_2025_12_05_11_42_48_286.jpg,0,0.1106589,0,28.74117
E:\IMG\center_2025_12_05_11_42_48_376.jpg,E:\IMG\left_2025_12_05_11_42_48_376.jpg,E:\IMG\right_2025_12_05_11_42_48_376.jpg,-0.15,0,0,28.47002
E:\IMG\center_2025_12_05_11_42_48_458.jpg,E:\IMG\left_2025_12_05_11_42_48_458.jpg,E:\IMG\right_2025_12_05_11_42_48_458.jpg,-0.35,0,0,28.1756
E:\IMG\center_2025_12_05_11_42_48_526.jpg,E:\IMG\left_2025_12_05_11_42_48_526.jpg,E:\IMG\right_2025_12_05_11_42_48_526.jpg,-0.5000001,0,0,27.90002
E:\IMG\center_2025_12_05_11_42_48_595.jpg,E:\IMG\left_2025_12_05_11_42_48_595.jpg,E:\IMG\right_2025_12_05_11_42_48_595.jpg,0,0.1376631,0,27.71565
E:\IMG\center_2025_12_05_11_42_48_669.jpg,E:\IMG\left_2025_12_05_11_42_48_669.jpg,E:\IMG\right_2025_12_05_11_42_48_669.jpg,0,0.3627183,0,27.70093
E:\IMG\center_2025_12_05_11_42_48_760.jpg,E:\IMG\left_2025_12_05_11_42_48_760.jpg,E:\IMG\right_2025_12_05_11_42_48_760.jpg,0,0.6326175,0,28.04004
E:\IMG\center_2025_12_05_11_42_48_842.jpg,E:\IMG\left_2025_12_05_11_42_48_842.jpg,E:\IMG\right_2025_12_05_11_42_48_842.jpg,0,0.7383783,0,28.52094
E:\IMG\center_2025_12_05_11_42_48_912.jpg,E:\IMG\left_2025_12_05_11_42_48_912.jpg,E:\IMG\right_2025_12_05_11_42_48_912.jpg,0,0.5303691,0,28.81831
E:\IMG\center_2025_12_05_11_42_48_979.jpg,E:\IMG\left_2025_12_05_11_42_48_979.jpg,E:\IMG\right_2025_12_05_11_42_48_979.jpg,-0.05,0.3302247,0,29.02026
E:\IMG\center_2025_12_05_11_42_49_047.jpg,E:\IMG\left_2025_12_05_11_42_49_047.jpg,E:\IMG\right_2025_12_05_11_42_49_047.jpg,-0.2,0.1227684,0,29.00199
E:\IMG\center_2025_12_05_11_42_49_120.jpg,E:\IMG\left_2025_12_05_11_42_49_120.jpg,E:\IMG\right_2025_12_05_11_42_49_120.jpg,-0.4,0,0,28.71134
E:\IMG\center_2025_12_05_11_42_49_187.jpg,E:\IMG\left_2025_12_05_11_42_49_187.jpg,E:\IMG\right_2025_12_05_11_42_49_187.jpg,-0.5500001,0,0,28.41254
E:\IMG\center_2025_12_05_11_42_49_257.jpg,E:\IMG\left_2025_12_05_11_42_49_257.jpg,E:\IMG\right_2025_12_05_11_42_49_257.jpg,0,0,0,28.15626
E:\IMG\center_2025_12_05_11_42_49_339.jpg,E:\IMG\left_2025_12_05_11_42_49_339.jpg,E:\IMG\right_2025_12_05_11_42_49_339.jpg,0,0,0,27.92393
E:\IMG\center_2025_12_05_11_42_49_410.jpg,E:\IMG\left_2025_12_05_11_42_49_410.jpg,E:\IMG\right_2025_12_05_11_42_49_410.jpg,0,0.0665994,0,27.75428
E:\IMG\center_2025_12_05_11_42_49_479.jpg,E:\IMG\left_2025_12_05_11_42_49_479.jpg,E:\IMG\right_2025_12_05_11_42_49_479.jpg,0,0.2739663,0,27.69518
E:\IMG\center_2025_12_05_11_42_49_552.jpg,E:\IMG\left_2025_12_05_11_42_49_552.jpg,E:\IMG\right_2025_12_05_11_42_49_552.jpg,0,0.4919664,0,27.8103
E:\IMG\center_2025_12_05_11_42_49_619.jpg,E:\IMG\left_2025_12_05_11_42_49_619.jpg,E:\IMG\right_2025_12_05_11_42_49_619.jpg,0,0.6954831,0,28.15655
E:\IMG\center_2025_12_05_11_42_49_689.jpg,E:\IMG\left_2025_12_05_11_42_49_689.jpg,E:\IMG\right_2025_12_05_11_42_49_689.jpg,0,0.9042699,0,28.56069
E:\IMG\center_2025_12_05_11_42_49_760.jpg,E:\IMG\left_2025_12_05_11_42_49_760.jpg,E:\IMG\right_2025_12_05_11_42_49_760.jpg,0,1,0,29.27755
E:\IMG\center_2025_12_05_11_42_49_831.jpg,E:\IMG\left_2025_12_05_11_42_49_831.jpg,E:\IMG\right_2025_12_05_11_42_49_831.jpg,0,1,0,29.82704
E:\IMG\center_2025_12_05_11_42_49_909.jpg,E:\IMG\left_2025_12_05_11_42_49_909.jpg,E:\IMG\right_2025_12_05_11_42_49_909.jpg,0,1,0,30.18975
E:\IMG\center_2025_12_05_11_42_49_995.jpg,E:\IMG\left_2025_12_05_11_42_49_995.jpg,E:\IMG\right_2025_12_05_11_42_49_995.jpg,0,1,0,30.19029
E:\IMG\center_2025_12_05_11_42_50_065.jpg,E:\IMG\left_2025_12_05_11_42_50_065.jpg,E:\IMG\right_2025_12_05_11_42_50_065.jpg,-0.15,1,0,30.18417
E:\IMG\center_2025_12_05_11_42_50_138.jpg,E:\IMG\left_2025_12_05_11_42_50_138.jpg,E:\IMG\right_2025_12_05_11_42_50_138.jpg,0,0.7833877,0,30.14444
E:\IMG\center_2025_12_05_11_42_50_213.jpg,E:\IMG\left_2025_12_05_11_42_50_213.jpg,E:\IMG\right_2025_12_05_11_42_50_213.jpg,0,0.5576962,0,30.08754
E:\IMG\center_2025_12_05_11_42_50_299.jpg,E:\IMG\left_2025_12_05_11_42_50_299.jpg,E:\IMG\right_2025_12_05_11_42_50_299.jpg,0,0.2973925,0,30.032
E:\IMG\center_2025_12_05_11_42_50_371.jpg,E:\IMG\left_2025_12_05_11_42_50_371.jpg,E:\IMG\right_2025_12_05_11_42_50_371.jpg,-0.05,0.08012979,0,29.96295
E:\IMG\center_2025_12_05_11_42_50_442.jpg,E:\IMG\left_2025_12_05_11_42_50_442.jpg,E:\IMG\right_2025_12_05_11_42_50_442.jpg,-0.25,0,0,29.7064
E:\IMG\center_2025_12_05_11_42_50_511.jpg,E:\IMG\left_2025_12_05_11_42_50_511.jpg,E:\IMG\right_2025_12_05_11_42_50_511.jpg,-0.4,0,0,29.45236
E:\IMG\center_2025_12_05_11_42_50_584.jpg,E:\IMG\left_2025_12_05_11_42_50_584.jpg,E:\IMG\right_2025_12_05_11_42_50_584.jpg,0,0,0,29.07662
E:\IMG\center_2025_12_05_11_42_50_655.jpg,E:\IMG\left_2025_12_05_11_42_50_655.jpg,E:\IMG\right_2025_12_05_11_42_50_655.jpg,0,0,0,28.82552
E:\IMG\center_2025_12_05_11_42_50_727.jpg,E:\IMG\left_2025_12_05_11_42_50_727.jpg,E:\IMG\right_2025_12_05_11_42_50_727.jpg,0,0,0,28.64796
E:\IMG\center_2025_12_05_11_42_50_800.jpg,E:\IMG\left_2025_12_05_11_42_50_800.jpg,E:\IMG\right_2025_12_05_11_42_50_800.jpg,0,0,0,28.41634
E:\IMG\center_2025_12_05_11_42_50_871.jpg,E:\IMG\left_2025_12_05_11_42_50_871.jpg,E:\IMG\right_2025_12_05_11_42_50_871.jpg,-0.15,0,0,28.23958
E:\IMG\center_2025_12_05_11_42_50_943.jpg,E:\IMG\left_2025_12_05_11_42_50_943.jpg,E:\IMG\right_2025_12_05_11_42_50_943.jpg,-0.35,0,0,27.95199
E:\IMG\center_2025_12_05_11_42_51_022.jpg,E:\IMG\left_2025_12_05_11_42_51_022.jpg,E:\IMG\right_2025_12_05_11_42_51_022.jpg,0,0,0,27.68806
E:\IMG\center_2025_12_05_11_42_51_090.jpg,E:\IMG\left_2025_12_05_11_42_51_090.jpg,E:\IMG\right_2025_12_05_11_42_51_090.jpg,0,0,0,27.51814
E:\IMG\center_2025_12_05_11_42_51_163.jpg,E:\IMG\left_2025_12_05_11_42_51_163.jpg,E:\IMG\right_2025_12_05_11_42_51_163.jpg,0,0.2197284,0,27.38071
E:\IMG\center_2025_12_05_11_42_51_236.jpg,E:\IMG\left_2025_12_05_11_42_51_236.jpg,E:\IMG\right_2025_12_05_11_42_51_236.jpg,0,0.4380012,0,27.50176
E:\IMG\center_2025_12_05_11_42_51_309.jpg,E:\IMG\left_2025_12_05_11_42_51_309.jpg,E:\IMG\right_2025_12_05_11_42_51_309.jpg,0,0.65898,0,27.71951
E:\IMG\center_2025_12_05_11_42_51_386.jpg,E:\IMG\left_2025_12_05_11_42_51_386.jpg,E:\IMG\right_2025_12_05_11_42_51_386.jpg,0,0.8873916,0,28.22858
E:\IMG\center_2025_12_05_11_42_51_458.jpg,E:\IMG\left_2025_12_05_11_42_51_458.jpg,E:\IMG\right_2025_12_05_11_42_51_458.jpg,0,1,0,28.94172
E:\IMG\center_2025_12_05_11_42_51_534.jpg,E:\IMG\left_2025_12_05_11_42_51_534.jpg,E:\IMG\right_2025_12_05_11_42_51_534.jpg,-0.1,1,0,29.49042
E:\IMG\center_2025_12_05_11_42_51_607.jpg,E:\IMG\left_2025_12_05_11_42_51_607.jpg,E:\IMG\right_2025_12_05_11_42_51_607.jpg,-0.3,1,0,30.16236
E:\IMG\center_2025_12_05_11_42_51_695.jpg,E:\IMG\left_2025_12_05_11_42_51_695.jpg,E:\IMG\right_2025_12_05_11_42_51_695.jpg,0,0.7384453,0,30.11642
E:\IMG\center_2025_12_05_11_42_51_770.jpg,E:\IMG\left_2025_12_05_11_42_51_770.jpg,E:\IMG\right_2025_12_05_11_42_51_770.jpg,0,0.5140255,0,30.081
E:\IMG\center_2025_12_05_11_42_51_849.jpg,E:\IMG\left_2025_12_05_11_42_51_849.jpg,E:\IMG\right_2025_12_05_11_42_51_849.jpg,0,0.2769307,0,30.03177
E:\IMG\center_2025_12_05_11_42_51_919.jpg,E:\IMG\left_2025_12_05_11_42_51_919.jpg,E:\IMG\right_2025_12_05_11_42_51_919.jpg,-0.15,0.06497888,0,29.91741
E:\IMG\center_2025_12_05_11_42_52_008.jpg,E:\IMG\left_2025_12_05_11_42_52_008.jpg,E:\IMG\right_2025_12_05_11_42_52_008.jpg,-0.35,0,0,29.61839
E:\IMG\center_2025_12_05_11_42_52_079.jpg,E:\IMG\left_2025_12_05_11_42_52_079.jpg,E:\IMG\right_2025_12_05_11_42_52_079.jpg,0,0,0,29.37213
E:\IMG\center_2025_12_05_11_42_52_151.jpg,E:\IMG\left_2025_12_05_11_42_52_151.jpg,E:\IMG\right_2025_12_05_11_42_52_151.jpg,0,0,0,29.19343
E:\IMG\center_2025_12_05_11_42_52_229.jpg,E:\IMG\left_2025_12_05_11_42_52_229.jpg,E:\IMG\right_2025_12_05_11_42_52_229.jpg,-0.15,0,0,28.95325
E:\IMG\center_2025_12_05_11_42_52_306.jpg,E:\IMG\left_2025_12_05_11_42_52_306.jpg,E:\IMG\right_2025_12_05_11_42_52_306.jpg,-0.35,0,0,28.65935
E:\IMG\center_2025_12_05_11_42_52_377.jpg,E:\IMG\left_2025_12_05_11_42_52_377.jpg,E:\IMG\right_2025_12_05_11_42_52_377.jpg,-0.5500001,0,0,28.27981
E:\IMG\center_2025_12_05_11_42_52_448.jpg,E:\IMG\left_2025_12_05_11_42_52_448.jpg,E:\IMG\right_2025_12_05_11_42_52_448.jpg,0,0.1412859,0,28.1089
E:\IMG\center_2025_12_05_11_42_52_522.jpg,E:\IMG\left_2025_12_05_11_42_52_522.jpg,E:\IMG\right_2025_12_05_11_42_52_522.jpg,0,0.3642567,0,28.11162
E:\IMG\center_2025_12_05_11_42_52_593.jpg,E:\IMG\left_2025_12_05_11_42_52_593.jpg,E:\IMG\right_2025_12_05_11_42_52_593.jpg,0,0.5739555,0,28.27819
E:\IMG\center_2025_12_05_11_42_52_669.jpg,E:\IMG\left_2025_12_05_11_42_52_669.jpg,E:\IMG\right_2025_12_05_11_42_52_669.jpg,0,0.5004324,0,28.64593
E:\IMG\center_2025_12_05_11_42_52_748.jpg,E:\IMG\left_2025_12_05_11_42_52_748.jpg,E:\IMG\right_2025_12_05_11_42_52_748.jpg,0,0.2623485,0,28.80339
E:\IMG\center_2025_12_05_11_42_52_821.jpg,E:\IMG\left_2025_12_05_11_42_52_821.jpg,E:\IMG\right_2025_12_05_11_42_52_821.jpg,0,0.04476987,0,28.72752
E:\IMG\center_2025_12_05_11_42_52_903.jpg,E:\IMG\left_2025_12_05_11_42_52_903.jpg,E:\IMG\right_2025_12_05_11_42_52_903.jpg,0,0,0,28.49845
E:\IMG\center_2025_12_05_11_42_52_984.jpg,E:\IMG\left_2025_12_05_11_42_52_984.jpg,E:\IMG\right_2025_12_05_11_42_52_984.jpg,0,0,0,28.2684
E:\IMG\center_2025_12_05_11_42_53_059.jpg,E:\IMG\left_2025_12_05_11_42_53_059.jpg,E:\IMG\right_2025_12_05_11_42_53_059.jpg,0,0,0,28.04007
E:\IMG\center_2025_12_05_11_42_53_132.jpg,E:\IMG\left_2025_12_05_11_42_53_132.jpg,E:\IMG\right_2025_12_05_11_42_53_132.jpg,0,0,0,27.87001
E:\IMG\center_2025_12_05_11_42_53_205.jpg,E:\IMG\left_2025_12_05_11_42_53_205.jpg,E:\IMG\right_2025_12_05_11_42_53_205.jpg,0,0,0,27.64485
E:\IMG\center_2025_12_05_11_42_53_274.jpg,E:\IMG\left_2025_12_05_11_42_53_274.jpg,E:\IMG\right_2025_12_05_11_42_53_274.jpg,0,0,0,27.4215
E:\IMG\center_2025_12_05_11_42_53_343.jpg,E:\IMG\left_2025_12_05_11_42_53_343.jpg,E:\IMG\right_2025_12_05_11_42_53_343.jpg,0,0,0,27.25523
E:\IMG\center_2025_12_05_11_42_53_415.jpg,E:\IMG\left_2025_12_05_11_42_53_415.jpg,E:\IMG\right_2025_12_05_11_42_53_415.jpg,0,0,0,27.03628
E:\IMG\center_2025_12_05_11_42_53_486.jpg,E:\IMG\left_2025_12_05_11_42_53_486.jpg,E:\IMG\right_2025_12_05_11_42_53_486.jpg,0,0.0698463,0,26.87319
E:\IMG\center_2025_12_05_11_42_53_553.jpg,E:\IMG\left_2025_12_05_11_42_53_553.jpg,E:\IMG\right_2025_12_05_11_42_53_553.jpg,0,0.2743581,0,26.82918
E:\IMG\center_2025_12_05_11_42_53_622.jpg,E:\IMG\left_2025_12_05_11_42_53_622.jpg,E:\IMG\right_2025_12_05_11_42_53_622.jpg,0,0.4798218,0,26.96186
E:\IMG\center_2025_12_05_11_42_53_693.jpg,E:\IMG\left_2025_12_05_11_42_53_693.jpg,E:\IMG\right_2025_12_05_11_42_53_693.jpg,0,0.6941252,0,27.21799
E:\IMG\center_2025_12_05_11_42_53_766.jpg,E:\IMG\left_2025_12_05_11_42_53_766.jpg,E:\IMG\right_2025_12_05_11_42_53_766.jpg,0,0.9110894,0,27.75726
E:\IMG\center_2025_12_05_11_42_53_839.jpg,E:\IMG\left_2025_12_05_11_42_53_839.jpg,E:\IMG\right_2025_12_05_11_42_53_839.jpg,0,1,0,28.4866
E:\IMG\center_2025_12_05_11_42_53_913.jpg,E:\IMG\left_2025_12_05_11_42_53_913.jpg,E:\IMG\right_2025_12_05_11_42_53_913.jpg,0,1,0,29.0412
E:\IMG\center_2025_12_05_11_42_53_988.jpg,E:\IMG\left_2025_12_05_11_42_53_988.jpg,E:\IMG\right_2025_12_05_11_42_53_988.jpg,0,1,0,29.77599
E:\IMG\center_2025_12_05_11_42_54_059.jpg,E:\IMG\left_2025_12_05_11_42_54_059.jpg,E:\IMG\right_2025_12_05_11_42_54_059.jpg,-0.15,0.8540446,0,30.16671
E:\IMG\center_2025_12_05_11_42_54_133.jpg,E:\IMG\left_2025_12_05_11_42_54_133.jpg,E:\IMG\right_2025_12_05_11_42_54_133.jpg,0,0.6316463,0,30.11044
E:\IMG\center_2025_12_05_11_42_54_209.jpg,E:\IMG\left_2025_12_05_11_42_54_209.jpg,E:\IMG\right_2025_12_05_11_42_54_209.jpg,0,0.4031894,0,30.05144
E:\IMG\center_2025_12_05_11_42_54_279.jpg,E:\IMG\left_2025_12_05_11_42_54_279.jpg,E:\IMG\right_2025_12_05_11_42_54_279.jpg,0,0.191908,0,30.00667
E:\IMG\center_2025_12_05_11_42_54_353.jpg,E:\IMG\left_2025_12_05_11_42_54_353.jpg,E:\IMG\right_2025_12_05_11_42_54_353.jpg,0,0,0,29.88932
E:\IMG\center_2025_12_05_11_42_54_427.jpg,E:\IMG\left_2025_12_05_11_42_54_427.jpg,E:\IMG\right_2025_12_05_11_42_54_427.jpg,-0.1,0,0,29.64481
E:\IMG\center_2025_12_05_11_42_54_499.jpg,E:\IMG\left_2025_12_05_11_42_54_499.jpg,E:\IMG\right_2025_12_05_11_42_54_499.jpg,-0.3,0,0,29.35667
E:\IMG\center_2025_12_05_11_42_54_573.jpg,E:\IMG\left_2025_12_05_11_42_54_573.jpg,E:\IMG\right_2025_12_05_11_42_54_573.jpg,-0.45,0,0,29.08678
E:\IMG\center_2025_12_05_11_42_54_647.jpg,E:\IMG\left_2025_12_05_11_42_54_647.jpg,E:\IMG\right_2025_12_05_11_42_54_647.jpg,0,0,0,28.74427
E:\IMG\center_2025_12_05_11_42_54_723.jpg,E:\IMG\left_2025_12_05_11_42_54_723.jpg,E:\IMG\right_2025_12_05_11_42_54_723.jpg,0,0.0771951,0,28.50018
E:\IMG\center_2025_12_05_11_42_54_797.jpg,E:\IMG\left_2025_12_05_11_42_54_797.jpg,E:\IMG\right_2025_12_05_11_42_54_797.jpg,0,0.2993985,0,28.47035
E:\IMG\center_2025_12_05_11_42_54_869.jpg,E:\IMG\left_2025_12_05_11_42_54_869.jpg,E:\IMG\right_2025_12_05_11_42_54_869.jpg,0,0.5182701,0,28.57835
E:\IMG\center_2025_12_05_11_42_54_943.jpg,E:\IMG\left_2025_12_05_11_42_54_943.jpg,E:\IMG\right_2025_12_05_11_42_54_943.jpg,0,0.7384569,0,28.95512
E:\IMG\center_2025_12_05_11_42_55_013.jpg,E:\IMG\left_2025_12_05_11_42_55_013.jpg,E:\IMG\right_2025_12_05_11_42_55_013.jpg,0,0.6691542,0,29.33665
E:\IMG\center_2025_12_05_11_42_55_086.jpg,E:\IMG\left_2025_12_05_11_42_55_086.jpg,E:\IMG\right_2025_12_05_11_42_55_086.jpg,0,0.4488834,0,29.66181
E:\IMG\center_2025_12_05_11_42_55_161.jpg,E:\IMG\left_2025_12_05_11_42_55_161.jpg,E:\IMG\right_2025_12_05_11_42_55_161.jpg,-0.2,0.2258883,0,29.73731
E:\IMG\center_2025_12_05_11_42_55_233.jpg,E:\IMG\left_2025_12_05_11_42_55_233.jpg,E:\IMG\right_2025_12_05_11_42_55_233.jpg,-0.35,0.009428419,0,29.59416
E:\IMG\center_2025_12_05_11_42_55_308.jpg,E:\IMG\left_2025_12_05_11_42_55_308.jpg,E:\IMG\right_2025_12_05_11_42_55_308.jpg,0,0,0,29.34676
E:\IMG\center_2025_12_05_11_42_55_382.jpg,E:\IMG\left_2025_12_05_11_42_55_382.jpg,E:\IMG\right_2025_12_05_11_42_55_382.jpg,0,0,0,29.10915
E:\IMG\center_2025_12_05_11_42_55_457.jpg,E:\IMG\left_2025_12_05_11_42_55_457.jpg,E:\IMG\right_2025_12_05_11_42_55_457.jpg,0,0.079518,0,28.90128
E:\IMG\center_2025_12_05_11_42_55_533.jpg,E:\IMG\left_2025_12_05_11_42_55_533.jpg,E:\IMG\right_2025_12_05_11_42_55_533.jpg,0,0.3073071,0,28.85066
E:\IMG\center_2025_12_05_11_42_55_605.jpg,E:\IMG\left_2025_12_05_11_42_55_605.jpg,E:\IMG\right_2025_12_05_11_42_55_605.jpg,0,0.5223693,0,29.00358
E:\IMG\center_2025_12_05_11_42_55_683.jpg,E:\IMG\left_2025_12_05_11_42_55_683.jpg,E:\IMG\right_2025_12_05_11_42_55_683.jpg,0,0.7557744,0,29.38436
E:\IMG\center_2025_12_05_11_42_55_757.jpg,E:\IMG\left_2025_12_05_11_42_55_757.jpg,E:\IMG\right_2025_12_05_11_42_55_757.jpg,0,0.9770448,0,30.00731
E:\IMG\center_2025_12_05_11_42_55_830.jpg,E:\IMG\left_2025_12_05_11_42_55_830.jpg,E:\IMG\right_2025_12_05_11_42_55_830.jpg,-0.15,0.8540791,0,30.15894
E:\IMG\center_2025_12_05_11_42_55_905.jpg,E:\IMG\left_2025_12_05_11_42_55_905.jpg,E:\IMG\right_2025_12_05_11_42_55_905.jpg,-0.35,0.6262159,0,30.07814
E:\IMG\center_2025_12_05_11_42_55_981.jpg,E:\IMG\left_2025_12_05_11_42_55_981.jpg,E:\IMG\right_2025_12_05_11_42_55_981.jpg,0,0.3992197,0,30.04508
E:\IMG\center_2025_12_05_11_42_56_056.jpg,E:\IMG\left_2025_12_05_11_42_56_056.jpg,E:\IMG\right_2025_12_05_11_42_56_056.jpg,0,0.1750891,0,29.96881
E:\IMG\center_2025_12_05_11_42_56_131.jpg,E:\IMG\left_2025_12_05_11_42_56_131.jpg,E:\IMG\right_2025_12_05_11_42_56_131.jpg,0,0,0,29.84999
E:\IMG\center_2025_12_05_11_42_56_206.jpg,E:\IMG\left_2025_12_05_11_42_56_206.jpg,E:\IMG\right_2025_12_05_11_42_56_206.jpg,0,0,0,29.60837
E:\IMG\center_2025_12_05_11_42_56_281.jpg,E:\IMG\left_2025_12_05_11_42_56_281.jpg,E:\IMG\right_2025_12_05_11_42_56_281.jpg,0,0.0693393,0,29.37011
E:\IMG\center_2025_12_05_11_42_56_358.jpg,E:\IMG\left_2025_12_05_11_42_56_358.jpg,E:\IMG\right_2025_12_05_11_42_56_358.jpg,0,0.30009,0,29.33322
E:\IMG\center_2025_12_05_11_42_56_436.jpg,E:\IMG\left_2025_12_05_11_42_56_436.jpg,E:\IMG\right_2025_12_05_11_42_56_436.jpg,0,0.5339364,0,29.51532
E:\IMG\center_2025_12_05_11_42_56_505.jpg,E:\IMG\left_2025_12_05_11_42_56_505.jpg,E:\IMG\right_2025_12_05_11_42_56_505.jpg,0,0.7417854,0,29.7844
E:\IMG\center_2025_12_05_11_42_56_586.jpg,E:\IMG\left_2025_12_05_11_42_56_586.jpg,E:\IMG\right_2025_12_05_11_42_56_586.jpg,0,0.9872178,0,30.16582
E:\IMG\center_2025_12_05_11_42_56_659.jpg,E:\IMG\left_2025_12_05_11_42_56_659.jpg,E:\IMG\right_2025_12_05_11_42_56_659.jpg,-0.1,1,0,30.18723
E:\IMG\center_2025_12_05_11_42_56_737.jpg,E:\IMG\left_2025_12_05_11_42_56_737.jpg,E:\IMG\right_2025_12_05_11_42_56_737.jpg,-0.3,1,0,30.16922
E:\IMG\center_2025_12_05_11_42_56_813.jpg,E:\IMG\left_2025_12_05_11_42_56_813.jpg,E:\IMG\right_2025_12_05_11_42_56_813.jpg,0,0.7718077,0,30.14755
E:\IMG\center_2025_12_05_11_42_56_888.jpg,E:\IMG\left_2025_12_05_11_42_56_888.jpg,E:\IMG\right_2025_12_05_11_42_56_888.jpg,0,0.5443204,0,30.08518
E:\IMG\center_2025_12_05_11_42_56_965.jpg,E:\IMG\left_2025_12_05_11_42_56_965.jpg,E:\IMG\right_2025_12_05_11_42_56_965.jpg,0,0.3136771,0,30.03752
E:\IMG\center_2025_12_05_11_42_57_041.jpg,E:\IMG\left_2025_12_05_11_42_57_041.jpg,E:\IMG\right_2025_12_05_11_42_57_041.jpg,0,0.08979517,0,29.92756
E:\IMG\center_2025_12_05_11_42_57_111.jpg,E:\IMG\left_2025_12_05_11_42_57_111.jpg,E:\IMG\right_2025_12_05_11_42_57_111.jpg,0,0.3044506,0,29.87749
E:\IMG\center_2025_12_05_11_42_57_186.jpg,E:\IMG\left_2025_12_05_11_42_57_186.jpg,E:\IMG\right_2025_12_05_11_42_57_186.jpg,0,0.5286328,0,30.0219
E:\IMG\center_2025_12_05_11_42_57_259.jpg,E:\IMG\left_2025_12_05_11_42_57_259.jpg,E:\IMG\right_2025_12_05_11_42_57_259.jpg,0,0.749691,0,30.10664
E:\IMG\center_2025_12_05_11_42_57_333.jpg,E:\IMG\left_2025_12_05_11_42_57_333.jpg,E:\IMG\right_2025_12_05_11_42_57_333.jpg,0,0.9686886,0,30.16765
E:\IMG\center_2025_12_05_11_42_57_404.jpg,E:\IMG\left_2025_12_05_11_42_57_404.jpg,E:\IMG\right_2025_12_05_11_42_57_404.jpg,0,1,0,30.19037
E:\IMG\center_2025_12_05_11_42_57_477.jpg,E:\IMG\left_2025_12_05_11_42_57_477.jpg,E:\IMG\right_2025_12_05_11_42_57_477.jpg,-0.15,1,0,30.18423
E:\IMG\center_2025_12_05_11_42_57_550.jpg,E:\IMG\left_2025_12_05_11_42_57_550.jpg,E:\IMG\right_2025_12_05_11_42_57_550.jpg,-0.3,1,0,30.16924
E:\IMG\center_2025_12_05_11_42_57_620.jpg,E:\IMG\left_2025_12_05_11_42_57_620.jpg,E:\IMG\right_2025_12_05_11_42_57_620.jpg,0,0.786634,0,30.14756
E:\IMG\center_2025_12_05_11_42_57_695.jpg,E:\IMG\left_2025_12_05_11_42_57_695.jpg,E:\IMG\right_2025_12_05_11_42_57_695.jpg,0,0.5656912,0,30.07526
E:\IMG\center_2025_12_05_11_42_57_765.jpg,E:\IMG\left_2025_12_05_11_42_57_765.jpg,E:\IMG\right_2025_12_05_11_42_57_765.jpg,0,0.35299,0,30.04038
E:\IMG\center_2025_12_05_11_42_57_840.jpg,E:\IMG\left_2025_12_05_11_42_57_840.jpg,E:\IMG\right_2025_12_05_11_42_57_840.jpg,0,0.129661,0,29.98029
E:\IMG\center_2025_12_05_11_42_57_908.jpg,E:\IMG\left_2025_12_05_11_42_57_908.jpg,E:\IMG\right_2025_12_05_11_42_57_908.jpg,0,0.3342013,0,29.95103
E:\IMG\center_2025_12_05_11_42_57_981.jpg,E:\IMG\left_2025_12_05_11_42_57_981.jpg,E:\IMG\right_2025_12_05_11_42_57_981.jpg,0,0.5550675,0,30.05743
E:\IMG\center_2025_12_05_11_42_58_051.jpg,E:\IMG\left_2025_12_05_11_42_58_051.jpg,E:\IMG\right_2025_12_05_11_42_58_051.jpg,0,0.7631971,0,30.11624
E:\IMG\center_2025_12_05_11_42_58_127.jpg,E:\IMG\left_2025_12_05_11_42_58_127.jpg,E:\IMG\right_2025_12_05_11_42_58_127.jpg,0,0.9907981,0,30.17858
E:\IMG\center_2025_12_05_11_42_58_194.jpg,E:\IMG\left_2025_12_05_11_42_58_194.jpg,E:\IMG\right_2025_12_05_11_42_58_194.jpg,0,1,0,30.19028
E:\IMG\center_2025_12_05_11_42_58_265.jpg,E:\IMG\left_2025_12_05_11_42_58_265.jpg,E:\IMG\right_2025_12_05_11_42_58_265.jpg,0,1,0,30.19029
E:\IMG\center_2025_12_05_11_42_58_336.jpg,E:\IMG\left_2025_12_05_11_42_58_336.jpg,E:\IMG\right_2025_12_05_11_42_58_336.jpg,0,1,0,30.19029
E:\IMG\center_2025_12_05_11_42_58_406.jpg,E:\IMG\left_2025_12_05_11_42_58_406.jpg,E:\IMG\right_2025_12_05_11_42_58_406.jpg,0,1,0,30.1903
E:\IMG\center_2025_12_05_11_42_58_478.jpg,E:\IMG\left_2025_12_05_11_42_58_478.jpg,E:\IMG\right_2025_12_05_11_42_58_478.jpg,-0.15,1,0,30.18423
E:\IMG\center_2025_12_05_11_42_58_552.jpg,E:\IMG\left_2025_12_05_11_42_58_552.jpg,E:\IMG\right_2025_12_05_11_42_58_552.jpg,0,0.7791496,0,30.14738
E:\IMG\center_2025_12_05_11_42_58_625.jpg,E:\IMG\left_2025_12_05_11_42_58_625.jpg,E:\IMG\right_2025_12_05_11_42_58_625.jpg,0,0.5584189,0,30.08721
E:\IMG\center_2025_12_05_11_42_58_695.jpg,E:\IMG\left_2025_12_05_11_42_58_695.jpg,E:\IMG\right_2025_12_05_11_42_58_695.jpg,0,0.3533494,0,30.0213
E:\IMG\center_2025_12_05_11_42_58_783.jpg,E:\IMG\left_2025_12_05_11_42_58_783.jpg,E:\IMG\right_2025_12_05_11_42_58_783.jpg,0,0.6205258,0,30.08057
E:\IMG\center_2025_12_05_11_42_58_855.jpg,E:\IMG\left_2025_12_05_11_42_58_855.jpg,E:\IMG\right_2025_12_05_11_42_58_855.jpg,0,0.8354929,0,30.15318
E:\IMG\center_2025_12_05_11_42_58_932.jpg,E:\IMG\left_2025_12_05_11_42_58_932.jpg,E:\IMG\right_2025_12_05_11_42_58_932.jpg,0,1,0,30.187
E:\IMG\center_2025_12_05_11_42_59_000.jpg,E:\IMG\left_2025_12_05_11_42_59_000.jpg,E:\IMG\right_2025_12_05_11_42_59_000.jpg,0,1,0,30.19025
E:\IMG\center_2025_12_05_11_42_59_071.jpg,E:\IMG\left_2025_12_05_11_42_59_071.jpg,E:\IMG\right_2025_12_05_11_42_59_071.jpg,0,1,0,30.1903
E:\IMG\center_2025_12_05_11_42_59_143.jpg,E:\IMG\left_2025_12_05_11_42_59_143.jpg,E:\IMG\right_2025_12_05_11_42_59_143.jpg,-0.1,1,0,30.18769
E:\IMG\center_2025_12_05_11_42_59_215.jpg,E:\IMG\left_2025_12_05_11_42_59_215.jpg,E:\IMG\right_2025_12_05_11_42_59_215.jpg,-0.3,0.7875007,0,30.11167
E:\IMG\center_2025_12_05_11_42_59_286.jpg,E:\IMG\left_2025_12_05_11_42_59_286.jpg,E:\IMG\right_2025_12_05_11_42_59_286.jpg,0,0.5709277,0,30.09327
E:\IMG\center_2025_12_05_11_42_59_359.jpg,E:\IMG\left_2025_12_05_11_42_59_359.jpg,E:\IMG\right_2025_12_05_11_42_59_359.jpg,0,0.3519139,0,30.04655
E:\IMG\center_2025_12_05_11_42_59_433.jpg,E:\IMG\left_2025_12_05_11_42_59_433.jpg,E:\IMG\right_2025_12_05_11_42_59_433.jpg,0,0.2894908,0,29.98581
E:\IMG\center_2025_12_05_11_42_59_506.jpg,E:\IMG\left_2025_12_05_11_42_59_506.jpg,E:\IMG\right_2025_12_05_11_42_59_506.jpg,0,0.5104456,0,30.05468
E:\IMG\center_2025_12_05_11_42_59_577.jpg,E:\IMG\left_2025_12_05_11_42_59_577.jpg,E:\IMG\right_2025_12_05_11_42_59_577.jpg,0,0.7261168,0,30.10182
E:\IMG\center_2025_12_05_11_42_59_649.jpg,E:\IMG\left_2025_12_05_11_42_59_649.jpg,E:\IMG\right_2025_12_05_11_42_59_649.jpg,0,0.9407328,0,30.16134
E:\IMG\center_2025_12_05_11_42_59_722.jpg,E:\IMG\left_2025_12_05_11_42_59_722.jpg,E:\IMG\right_2025_12_05_11_42_59_722.jpg,0,1,0,30.1906
E:\IMG\center_2025_12_05_11_42_59_794.jpg,E:\IMG\left_2025_12_05_11_42_59_794.jpg,E:\IMG\right_2025_12_05_11_42_59_794.jpg,0,0.8587816,0,30.15086
E:\IMG\center_2025_12_05_11_42_59_864.jpg,E:\IMG\left_2025_12_05_11_42_59_864.jpg,E:\IMG\right_2025_12_05_11_42_59_864.jpg,0,0.6478594,0,30.11364
E:\IMG\center_2025_12_05_11_42_59_939.jpg,E:\IMG\left_2025_12_05_11_42_59_939.jpg,E:\IMG\right_2025_12_05_11_42_59_939.jpg,0,0.4235938,0,30.0534
E:\IMG\center_2025_12_05_11_43_00_008.jpg,E:\IMG\left_2025_12_05_11_43_00_008.jpg,E:\IMG\right_2025_12_05_11_43_00_008.jpg,0,0.2168956,0,30.00551
E:\IMG\center_2025_12_05_11_43_00_081.jpg,E:\IMG\left_2025_12_05_11_43_00_081.jpg,E:\IMG\right_2025_12_05_11_43_00_081.jpg,0,0,0,29.86619
E:\IMG\center_2025_12_05_11_43_00_154.jpg,E:\IMG\left_2025_12_05_11_43_00_154.jpg,E:\IMG\right_2025_12_05_11_43_00_154.jpg,0,0,0,29.62179
E:\IMG\center_2025_12_05_11_43_00_228.jpg,E:\IMG\left_2025_12_05_11_43_00_228.jpg,E:\IMG\right_2025_12_05_11_43_00_228.jpg,-0.05,0,0,29.44223
E:\IMG\center_2025_12_05_11_43_00_301.jpg,E:\IMG\left_2025_12_05_11_43_00_301.jpg,E:\IMG\right_2025_12_05_11_43_00_301.jpg,-0.25,0,0,29.1722
E:\IMG\center_2025_12_05_11_43_00_371.jpg,E:\IMG\left_2025_12_05_11_43_00_371.jpg,E:\IMG\right_2025_12_05_11_43_00_371.jpg,0,0.1447497,0,28.99843
E:\IMG\center_2025_12_05_11_43_00_452.jpg,E:\IMG\left_2025_12_05_11_43_00_452.jpg,E:\IMG\right_2025_12_05_11_43_00_452.jpg,0,0.383322,0,28.98912
E:\IMG\center_2025_12_05_11_43_00_521.jpg,E:\IMG\left_2025_12_05_11_43_00_521.jpg,E:\IMG\right_2025_12_05_11_43_00_521.jpg,0,0.5919333,0,29.21809
E:\IMG\center_2025_12_05_11_43_00_588.jpg,E:\IMG\left_2025_12_05_11_43_00_588.jpg,E:\IMG\right_2025_12_05_11_43_00_588.jpg,0,0.7943283,0,29.53291
E:\IMG\center_2025_12_05_11_43_00_663.jpg,E:\IMG\left_2025_12_05_11_43_00_663.jpg,E:\IMG\right_2025_12_05_11_43_00_663.jpg,0,0.5711638,0,29.97813
E:\IMG\center_2025_12_05_11_43_00_737.jpg,E:\IMG\left_2025_12_05_11_43_00_737.jpg,E:\IMG\right_2025_12_05_11_43_00_737.jpg,0,0.3459124,0,30.04439
E:\IMG\center_2025_12_05_11_43_00_810.jpg,E:\IMG\left_2025_12_05_11_43_00_810.jpg,E:\IMG\right_2025_12_05_11_43_00_810.jpg,-0.1,0.1281291,0,29.97967
E:\IMG\center_2025_12_05_11_43_00_888.jpg,E:\IMG\left_2025_12_05_11_43_00_888.jpg,E:\IMG\right_2025_12_05_11_43_00_888.jpg,0,0,0,29.74158
E:\IMG\center_2025_12_05_11_43_00_961.jpg,E:\IMG\left_2025_12_05_11_43_00_961.jpg,E:\IMG\right_2025_12_05_11_43_00_961.jpg,0,0,0,29.50292
E:\IMG\center_2025_12_05_11_43_01_036.jpg,E:\IMG\left_2025_12_05_11_43_01_036.jpg,E:\IMG\right_2025_12_05_11_43_01_036.jpg,0,0.1499532,0,29.33047
E:\IMG\center_2025_12_05_11_43_01_111.jpg,E:\IMG\left_2025_12_05_11_43_01_111.jpg,E:\IMG\right_2025_12_05_11_43_01_111.jpg,0,0.3742428,0,29.32775
E:\IMG\center_2025_12_05_11_43_01_187.jpg,E:\IMG\left_2025_12_05_11_43_01_187.jpg,E:\IMG\right_2025_12_05_11_43_01_187.jpg,0,0.6045834,0,29.5517
E:\IMG\center_2025_12_05_11_43_01_261.jpg,E:\IMG\left_2025_12_05_11_43_01_261.jpg,E:\IMG\right_2025_12_05_11_43_01_261.jpg,0,0.8258109,0,29.99587
E:\IMG\center_2025_12_05_11_43_01_340.jpg,E:\IMG\left_2025_12_05_11_43_01_340.jpg,E:\IMG\right_2025_12_05_11_43_01_340.jpg,0,1,0,30.18712
E:\IMG\center_2025_12_05_11_43_01_413.jpg,E:\IMG\left_2025_12_05_11_43_01_413.jpg,E:\IMG\right_2025_12_05_11_43_01_413.jpg,0,0.9287287,0,30.19043
E:\IMG\center_2025_12_05_11_43_01_489.jpg,E:\IMG\left_2025_12_05_11_43_01_489.jpg,E:\IMG\right_2025_12_05_11_43_01_489.jpg,-0.05,0.7000669,0,30.12526
E:\IMG\center_2025_12_05_11_43_01_568.jpg,E:\IMG\left_2025_12_05_11_43_01_568.jpg,E:\IMG\right_2025_12_05_11_43_01_568.jpg,-0.25,0.4651342,0,30.04898
E:\IMG\center_2025_12_05_11_43_01_645.jpg,E:\IMG\left_2025_12_05_11_43_01_645.jpg,E:\IMG\right_2025_12_05_11_43_01_645.jpg,0,0.23327,0,30.01618
E:\IMG\center_2025_12_05_11_43_01_729.jpg,E:\IMG\left_2025_12_05_11_43_01_729.jpg,E:\IMG\right_2025_12_05_11_43_01_729.jpg,0,0.4844248,0,30.04132
E:\IMG\center_2025_12_05_11_43_01_800.jpg,E:\IMG\left_2025_12_05_11_43_01_800.jpg,E:\IMG\right_2025_12_05_11_43_01_800.jpg,0,0.698342,0,30.09421
E:\IMG\center_2025_12_05_11_43_01_876.jpg,E:\IMG\left_2025_12_05_11_43_01_876.jpg,E:\IMG\right_2025_12_05_11_43_01_876.jpg,0,0.9272849,0,30.17624
E:\IMG\center_2025_12_05_11_43_01_955.jpg,E:\IMG\left_2025_12_05_11_43_01_955.jpg,E:\IMG\right_2025_12_05_11_43_01_955.jpg,0,1,0,30.19094
E:\IMG\center_2025_12_05_11_43_02_037.jpg,E:\IMG\left_2025_12_05_11_43_02_037.jpg,E:\IMG\right_2025_12_05_11_43_02_037.jpg,0,0.8330143,0,30.14559
E:\IMG\center_2025_12_05_11_43_02_109.jpg,E:\IMG\left_2025_12_05_11_43_02_109.jpg,E:\IMG\right_2025_12_05_11_43_02_109.jpg,-0.1,0.6123652,0,30.1014
E:\IMG\center_2025_12_05_11_43_02_196.jpg,E:\IMG\left_2025_12_05_11_43_02_196.jpg,E:\IMG\right_2025_12_05_11_43_02_196.jpg,0,0.3561476,0,30.02086
E:\IMG\center_2025_12_05_11_43_02_266.jpg,E:\IMG\left_2025_12_05_11_43_02_266.jpg,E:\IMG\right_2025_12_05_11_43_02_266.jpg,0,0.3013313,0,29.99054
E:\IMG\center_2025_12_05_11_43_02_345.jpg,E:\IMG\left_2025_12_05_11_43_02_345.jpg,E:\IMG\right_2025_12_05_11_43_02_345.jpg,0,0.5378216,0,30.05085
E:\IMG\center_2025_12_05_11_43_02_423.jpg,E:\IMG\left_2025_12_05_11_43_02_423.jpg,E:\IMG\right_2025_12_05_11_43_02_423.jpg,0,0.7731164,0,30.11037
E:\IMG\center_2025_12_05_11_43_02_501.jpg,E:\IMG\left_2025_12_05_11_43_02_501.jpg,E:\IMG\right_2025_12_05_11_43_02_501.jpg,0,1,0,30.17168
E:\IMG\center_2025_12_05_11_43_02_581.jpg,E:\IMG\left_2025_12_05_11_43_02_581.jpg,E:\IMG\right_2025_12_05_11_43_02_581.jpg,0,1,0,30.19006
E:\IMG\center_2025_12_05_11_43_02_661.jpg,E:\IMG\left_2025_12_05_11_43_02_661.jpg,E:\IMG\right_2025_12_05_11_43_02_661.jpg,0,1,0,30.19029
E:\IMG\center_2025_12_05_11_43_02_747.jpg,E:\IMG\left_2025_12_05_11_43_02_747.jpg,E:\IMG\right_2025_12_05_11_43_02_747.jpg,0,1,0,30.19029
E:\IMG\center_2025_12_05_11_43_02_821.jpg,E:\IMG\left_2025_12_05_11_43_02_821.jpg,E:\IMG\right_2025_12_05_11_43_02_821.jpg,0,1,0,30.19032
E:\IMG\center_2025_12_05_11_43_02_898.jpg,E:\IMG\left_2025_12_05_11_43_02_898.jpg,E:\IMG\right_2025_12_05_11_43_02_898.jpg,0,0.7674757,0,30.12655
E:\IMG\center_2025_12_05_11_43_02_979.jpg,E:\IMG\left_2025_12_05_11_43_02_979.jpg,E:\IMG\right_2025_12_05_11_43_02_979.jpg,0,0.521989,0,30.08983
E:\IMG\center_2025_12_05_11_43_03_059.jpg,E:\IMG\left_2025_12_05_11_43_03_059.jpg,E:\IMG\right_2025_12_05_11_43_03_059.jpg,-0.1,0.2853796,0,30.00191
E:\IMG\center_2025_12_05_11_43_03_139.jpg,E:\IMG\left_2025_12_05_11_43_03_139.jpg,E:\IMG\right_2025_12_05_11_43_03_139.jpg,-0.3,0.04267569,0,29.8695
E:\IMG\center_2025_12_05_11_43_03_218.jpg,E:\IMG\left_2025_12_05_11_43_03_218.jpg,E:\IMG\right_2025_12_05_11_43_03_218.jpg,0,0.0678336,0,29.62656
E:\IMG\center_2025_12_05_11_43_03_296.jpg,E:\IMG\left_2025_12_05_11_43_03_296.jpg,E:\IMG\right_2025_12_05_11_43_03_296.jpg,0,0.302955,0,29.59287
E:\IMG\center_2025_12_05_11_43_03_377.jpg,E:\IMG\left_2025_12_05_11_43_03_377.jpg,E:\IMG\right_2025_12_05_11_43_03_377.jpg,0,0.5461911,0,29.78563
E:\IMG\center_2025_12_05_11_43_03_457.jpg,E:\IMG\left_2025_12_05_11_43_03_457.jpg,E:\IMG\right_2025_12_05_11_43_03_457.jpg,0,0.7861536,0,30.14147
E:\IMG\center_2025_12_05_11_43_03_539.jpg,E:\IMG\left_2025_12_05_11_43_03_539.jpg,E:\IMG\right_2025_12_05_11_43_03_539.jpg,0,1,0,30.18134
E:\IMG\center_2025_12_05_11_43_03_625.jpg,E:\IMG\left_2025_12_05_11_43_03_625.jpg,E:\IMG\right_2025_12_05_11_43_03_625.jpg,0,1,0,30.19017
E:\IMG\center_2025_12_05_11_43_03_703.jpg,E:\IMG\left_2025_12_05_11_43_03_703.jpg,E:\IMG\right_2025_12_05_11_43_03_703.jpg,0,1,0,30.19029
E:\IMG\center_2025_12_05_11_43_03_785.jpg,E:\IMG\left_2025_12_05_11_43_03_785.jpg,E:\IMG\right_2025_12_05_11_43_03_785.jpg,0,1,0,30.19029
E:\IMG\center_2025_12_05_11_43_03_871.jpg,E:\IMG\left_2025_12_05_11_43_03_871.jpg,E:\IMG\right_2025_12_05_11_43_03_871.jpg,0,1,0,30.19031
E:\IMG\center_2025_12_05_11_43_03_946.jpg,E:\IMG\left_2025_12_05_11_43_03_946.jpg,E:\IMG\right_2025_12_05_11_43_03_946.jpg,0,1,0,30.19028
E:\IMG\center_2025_12_05_11_43_04_033.jpg,E:\IMG\left_2025_12_05_11_43_04_033.jpg,E:\IMG\right_2025_12_05_11_43_04_033.jpg,0,1,0,30.1903
E:\IMG\center_2025_12_05_11_43_04_113.jpg,E:\IMG\left_2025_12_05_11_43_04_113.jpg,E:\IMG\right_2025_12_05_11_43_04_113.jpg,0,1,0,30.19029
E:\IMG\center_2025_12_05_11_43_04_195.jpg,E:\IMG\left_2025_12_05_11_43_04_195.jpg,E:\IMG\right_2025_12_05_11_43_04_195.jpg,0,1,0,30.19029
E:\IMG\center_2025_12_05_11_43_04_276.jpg,E:\IMG\left_2025_12_05_11_43_04_276.jpg,E:\IMG\right_2025_12_05_11_43_04_276.jpg,0,1,0,30.19031
E:\IMG\center_2025_12_05_11_43_04_365.jpg,E:\IMG\left_2025_12_05_11_43_04_365.jpg,E:\IMG\right_2025_12_05_11_43_04_365.jpg,0,1,0,30.1903
E:\IMG\center_2025_12_05_11_43_04_451.jpg,E:\IMG\left_2025_12_05_11_43_04_451.jpg,E:\IMG\right_2025_12_05_11_43_04_451.jpg,0,1,0,30.19029
E:\IMG\center_2025_12_05_11_43_04_523.jpg,E:\IMG\left_2025_12_05_11_43_04_523.jpg,E:\IMG\right_2025_12_05_11_43_04_523.jpg,0,1,0,30.19026
E:\IMG\center_2025_12_05_11_43_04_604.jpg,E:\IMG\left_2025_12_05_11_43_04_604.jpg,E:\IMG\right_2025_12_05_11_43_04_604.jpg,0,1,0,30.1903
E:\IMG\center_2025_12_05_11_43_04_690.jpg,E:\IMG\left_2025_12_05_11_43_04_690.jpg,E:\IMG\right_2025_12_05_11_43_04_690.jpg,0,1,0,30.1903
E:\IMG\center_2025_12_05_11_43_04_775.jpg,E:\IMG\left_2025_12_05_11_43_04_775.jpg,E:\IMG\right_2025_12_05_11_43_04_775.jpg,0,1,0,30.19031
E:\IMG\center_2025_12_05_11_43_04_861.jpg,E:\IMG\left_2025_12_05_11_43_04_861.jpg,E:\IMG\right_2025_12_05_11_43_04_861.jpg,0,1,0,30.19027
E:\IMG\center_2025_12_05_11_43_04_944.jpg,E:\IMG\left_2025_12_05_11_43_04_944.jpg,E:\IMG\right_2025_12_05_11_43_04_944.jpg,0,1,0,30.19029
E:\IMG\center_2025_12_05_11_43_05_031.jpg,E:\IMG\left_2025_12_05_11_43_05_031.jpg,E:\IMG\right_2025_12_05_11_43_05_031.jpg,0,1,0,30.19029
E:\IMG\center_2025_12_05_11_43_05_116.jpg,E:\IMG\left_2025_12_05_11_43_05_116.jpg,E:\IMG\right_2025_12_05_11_43_05_116.jpg,-0.15,1,0,30.18425
E:\IMG\center_2025_12_05_11_43_05_200.jpg,E:\IMG\left_2025_12_05_11_43_05_200.jpg,E:\IMG\right_2025_12_05_11_43_05_200.jpg,0,0.751471,0,30.12061
E:\IMG\center_2025_12_05_11_43_05_288.jpg,E:\IMG\left_2025_12_05_11_43_05_288.jpg,E:\IMG\right_2025_12_05_11_43_05_288.jpg,0,0.4853264,0,30.08418
E:\IMG\center_2025_12_05_11_43_05_375.jpg,E:\IMG\left_2025_12_05_11_43_05_375.jpg,E:\IMG\right_2025_12_05_11_43_05_375.jpg,0,0.4061966,0,30.05158
E:\IMG\center_2025_12_05_11_43_05_461.jpg,E:\IMG\left_2025_12_05_11_43_05_461.jpg,E:\IMG\right_2025_12_05_11_43_05_461.jpg,0,0.6682805,0,30.11288
E:\IMG\center_2025_12_05_11_43_05_548.jpg,E:\IMG\left_2025_12_05_11_43_05_548.jpg,E:\IMG\right_2025_12_05_11_43_05_548.jpg,0,0.9266543,0,30.1486
E:\IMG\center_2025_12_05_11_43_05_638.jpg,E:\IMG\left_2025_12_05_11_43_05_638.jpg,E:\IMG\right_2025_12_05_11_43_05_638.jpg,0,1,0,30.19019
E:\IMG\center_2025_12_05_11_43_05_723.jpg,E:\IMG\left_2025_12_05_11_43_05_723.jpg,E:\IMG\right_2025_12_05_11_43_05_723.jpg,-0.15,1,0,30.18436
E:\IMG\center_2025_12_05_11_43_05_813.jpg,E:\IMG\left_2025_12_05_11_43_05_813.jpg,E:\IMG\right_2025_12_05_11_43_05_813.jpg,0,0.818224,0,30.16527
E:\IMG\center_2025_12_05_11_43_05_898.jpg,E:\IMG\left_2025_12_05_11_43_05_898.jpg,E:\IMG\right_2025_12_05_11_43_05_898.jpg,0,0.5664289,0,30.07426
E:\IMG\center_2025_12_05_11_43_05_983.jpg,E:\IMG\left_2025_12_05_11_43_05_983.jpg,E:\IMG\right_2025_12_05_11_43_05_983.jpg,0,0.4972084,0,30.07334
E:\IMG\center_2025_12_05_11_43_06_066.jpg,E:\IMG\left_2025_12_05_11_43_06_066.jpg,E:\IMG\right_2025_12_05_11_43_06_066.jpg,0,0.7466032,0,30.1028
E:\IMG\center_2025_12_05_11_43_06_151.jpg,E:\IMG\left_2025_12_05_11_43_06_151.jpg,E:\IMG\right_2025_12_05_11_43_06_151.jpg,0,1,0,30.17794
E:\IMG\center_2025_12_05_11_43_06_241.jpg,E:\IMG\left_2025_12_05_11_43_06_241.jpg,E:\IMG\right_2025_12_05_11_43_06_241.jpg,0,1,0,30.19033
E:\IMG\center_2025_12_05_11_43_06_330.jpg,E:\IMG\left_2025_12_05_11_43_06_330.jpg,E:\IMG\right_2025_12_05_11_43_06_330.jpg,0,1,0,30.1903
E:\IMG\center_2025_12_05_11_43_06_408.jpg,E:\IMG\left_2025_12_05_11_43_06_408.jpg,E:\IMG\right_2025_12_05_11_43_06_408.jpg,0,1,0,30.19029
E:\IMG\center_2025_12_05_11_43_06_494.jpg,E:\IMG\left_2025_12_05_11_43_06_494.jpg,E:\IMG\right_2025_12_05_11_43_06_494.jpg,0,1,0,30.19029
E:\IMG\center_2025_12_05_11_43_06_584.jpg,E:\IMG\left_2025_12_05_11_43_06_584.jpg,E:\IMG\right_2025_12_05_11_43_06_584.jpg,0,1,0,30.1903
E:\IMG\center_2025_12_05_11_43_06_666.jpg,E:\IMG\left_2025_12_05_11_43_06_666.jpg,E:\IMG\right_2025_12_05_11_43_06_666.jpg,0,1,0,30.1903
E:\IMG\center_2025_12_05_11_43_06_752.jpg,E:\IMG\left_2025_12_05_11_43_06_752.jpg,E:\IMG\right_2025_12_05_11_43_06_752.jpg,0,1,0,30.19027
E:\IMG\center_2025_12_05_11_43_06_841.jpg,E:\IMG\left_2025_12_05_11_43_06_841.jpg,E:\IMG\right_2025_12_05_11_43_06_841.jpg,0,1,0,30.1903
E:\IMG\center_2025_12_05_11_43_06_929.jpg,E:\IMG\left_2025_12_05_11_43_06_929.jpg,E:\IMG\right_2025_12_05_11_43_06_929.jpg,0,1,0,30.1903
E:\IMG\center_2025_12_05_11_43_07_016.jpg,E:\IMG\left_2025_12_05_11_43_07_016.jpg,E:\IMG\right_2025_12_05_11_43_07_016.jpg,0,1,0,30.19029
E:\IMG\center_2025_12_05_11_43_07_103.jpg,E:\IMG\left_2025_12_05_11_43_07_103.jpg,E:\IMG\right_2025_12_05_11_43_07_103.jpg,0,1,0,30.19025
E:\IMG\center_2025_12_05_11_43_07_190.jpg,E:\IMG\left_2025_12_05_11_43_07_190.jpg,E:\IMG\right_2025_12_05_11_43_07_190.jpg,-0.05,1,0,30.18971
E:\IMG\center_2025_12_05_11_43_07_278.jpg,E:\IMG\left_2025_12_05_11_43_07_278.jpg,E:\IMG\right_2025_12_05_11_43_07_278.jpg,0,0.8227777,0,30.14172
E:\IMG\center_2025_12_05_11_43_07_365.jpg,E:\IMG\left_2025_12_05_11_43_07_365.jpg,E:\IMG\right_2025_12_05_11_43_07_365.jpg,0,0.5601066,0,30.10221
E:\IMG\center_2025_12_05_11_43_07_450.jpg,E:\IMG\left_2025_12_05_11_43_07_450.jpg,E:\IMG\right_2025_12_05_11_43_07_450.jpg,0,0.6491448,0,30.07535
E:\IMG\center_2025_12_05_11_43_07_539.jpg,E:\IMG\left_2025_12_05_11_43_07_539.jpg,E:\IMG\right_2025_12_05_11_43_07_539.jpg,0,0.9169651,0,30.17366
E:\IMG\center_2025_12_05_11_43_07_626.jpg,E:\IMG\left_2025_12_05_11_43_07_626.jpg,E:\IMG\right_2025_12_05_11_43_07_626.jpg,0,1,0,30.19102
E:\IMG\center_2025_12_05_11_43_07_710.jpg,E:\IMG\left_2025_12_05_11_43_07_710.jpg,E:\IMG\right_2025_12_05_11_43_07_710.jpg,0,1,0,30.19031
E:\IMG\center_2025_12_05_11_43_07_803.jpg,E:\IMG\left_2025_12_05_11_43_07_803.jpg,E:\IMG\right_2025_12_05_11_43_07_803.jpg,-0.15,0.812797,0,30.13227
E:\IMG\center_2025_12_05_11_43_07_886.jpg,E:\IMG\left_2025_12_05_11_43_07_886.jpg,E:\IMG\right_2025_12_05_11_43_07_886.jpg,0,0.5634094,0,30.09844
E:\IMG\center_2025_12_05_11_43_07_970.jpg,E:\IMG\left_2025_12_05_11_43_07_970.jpg,E:\IMG\right_2025_12_05_11_43_07_970.jpg,0,0.3088213,0,30.03601
E:\IMG\center_2025_12_05_11_43_08_057.jpg,E:\IMG\left_2025_12_05_11_43_08_057.jpg,E:\IMG\right_2025_12_05_11_43_08_057.jpg,0,0.04820622,0,29.89189
E:\IMG\center_2025_12_05_11_43_08_146.jpg,E:\IMG\left_2025_12_05_11_43_08_146.jpg,E:\IMG\right_2025_12_05_11_43_08_146.jpg,0,0,0,29.66121
E:\IMG\center_2025_12_05_11_43_08_228.jpg,E:\IMG\left_2025_12_05_11_43_08_228.jpg,E:\IMG\right_2025_12_05_11_43_08_228.jpg,0,0,0,29.4229
E:\IMG\center_2025_12_05_11_43_08_315.jpg,E:\IMG\left_2025_12_05_11_43_08_315.jpg,E:\IMG\right_2025_12_05_11_43_08_315.jpg,-0.25,0,0,29.09511
E:\IMG\center_2025_12_05_11_43_08_408.jpg,E:\IMG\left_2025_12_05_11_43_08_408.jpg,E:\IMG\right_2025_12_05_11_43_08_408.jpg,0,0,0,28.83632
E:\IMG\center_2025_12_05_11_43_08_489.jpg,E:\IMG\left_2025_12_05_11_43_08_489.jpg,E:\IMG\right_2025_12_05_11_43_08_489.jpg,0,0,0,28.60329
E:\IMG\center_2025_12_05_11_43_08_574.jpg,E:\IMG\left_2025_12_05_11_43_08_574.jpg,E:\IMG\right_2025_12_05_11_43_08_574.jpg,0,0.0851322,0,28.37299
E:\IMG\center_2025_12_05_11_43_08_660.jpg,E:\IMG\left_2025_12_05_11_43_08_660.jpg,E:\IMG\right_2025_12_05_11_43_08_660.jpg,0,0.3425214,0,28.36287
E:\IMG\center_2025_12_05_11_43_08_743.jpg,E:\IMG\left_2025_12_05_11_43_08_743.jpg,E:\IMG\right_2025_12_05_11_43_08_743.jpg,0,0.5941675,0,28.58714
E:\IMG\center_2025_12_05_11_43_08_827.jpg,E:\IMG\left_2025_12_05_11_43_08_827.jpg,E:\IMG\right_2025_12_05_11_43_08_827.jpg,0,0.8454813,0,29.05563
E:\IMG\center_2025_12_05_11_43_08_913.jpg,E:\IMG\left_2025_12_05_11_43_08_913.jpg,E:\IMG\right_2025_12_05_11_43_08_913.jpg,0,1,0,29.73581
E:\IMG\center_2025_12_05_11_43_08_998.jpg,E:\IMG\left_2025_12_05_11_43_08_998.jpg,E:\IMG\right_2025_12_05_11_43_08_998.jpg,0,1,0,30.19014
E:\IMG\center_2025_12_05_11_43_09_088.jpg,E:\IMG\left_2025_12_05_11_43_09_088.jpg,E:\IMG\right_2025_12_05_11_43_09_088.jpg,0.1,0.7308298,0,30.11268
E:\IMG\center_2025_12_05_11_43_09_167.jpg,E:\IMG\left_2025_12_05_11_43_09_167.jpg,E:\IMG\right_2025_12_05_11_43_09_167.jpg,0.3,0.4931539,0,30.0628
E:\IMG\center_2025_12_05_11_43_09_251.jpg,E:\IMG\left_2025_12_05_11_43_09_251.jpg,E:\IMG\right_2025_12_05_11_43_09_251.jpg,0,0.2409991,0,30.01175
E:\IMG\center_2025_12_05_11_43_09_335.jpg,E:\IMG\left_2025_12_05_11_43_09_335.jpg,E:\IMG\right_2025_12_05_11_43_09_335.jpg,0,0,0,29.83084
E:\IMG\center_2025_12_05_11_43_09_427.jpg,E:\IMG\left_2025_12_05_11_43_09_427.jpg,E:\IMG\right_2025_12_05_11_43_09_427.jpg,0,0.0987258,0,29.62387
E:\IMG\center_2025_12_05_11_43_09_507.jpg,E:\IMG\left_2025_12_05_11_43_09_507.jpg,E:\IMG\right_2025_12_05_11_43_09_507.jpg,0,0.3414285,0,29.5815
E:\IMG\center_2025_12_05_11_43_09_593.jpg,E:\IMG\left_2025_12_05_11_43_09_593.jpg,E:\IMG\right_2025_12_05_11_43_09_593.jpg,0,0.5989026,0,29.78223
E:\IMG\center_2025_12_05_11_43_09_679.jpg,E:\IMG\left_2025_12_05_11_43_09_679.jpg,E:\IMG\right_2025_12_05_11_43_09_679.jpg,0,0.8559324,0,30.13251
E:\IMG\center_2025_12_05_11_43_09_766.jpg,E:\IMG\left_2025_12_05_11_43_09_766.jpg,E:\IMG\right_2025_12_05_11_43_09_766.jpg,0,1,0,30.18957
E:\IMG\center_2025_12_05_11_43_09_862.jpg,E:\IMG\left_2025_12_05_11_43_09_862.jpg,E:\IMG\right_2025_12_05_11_43_09_862.jpg,0,1,0,30.19031
E:\IMG\center_2025_12_05_11_43_09_941.jpg,E:\IMG\left_2025_12_05_11_43_09_941.jpg,E:\IMG\right_2025_12_05_11_43_09_941.jpg,0,1,0,30.19023
E:\IMG\center_2025_12_05_11_43_10_029.jpg,E:\IMG\left_2025_12_05_11_43_10_029.jpg,E:\IMG\right_2025_12_05_11_43_10_029.jpg,-0.15,1,0,30.18426
E:\IMG\center_2025_12_05_11_43_10_131.jpg,E:\IMG\left_2025_12_05_11_43_10_131.jpg,E:\IMG\right_2025_12_05_11_43_10_131.jpg,0,0.8731252,0,30.1483
E:\IMG\center_2025_12_05_11_43_10_209.jpg,E:\IMG\left_2025_12_05_11_43_10_209.jpg,E:\IMG\right_2025_12_05_11_43_10_209.jpg,0,0.6326776,0,30.10718
E:\IMG\center_2025_12_05_11_43_10_299.jpg,E:\IMG\left_2025_12_05_11_43_10_299.jpg,E:\IMG\right_2025_12_05_11_43_10_299.jpg,0,0.3644188,0,30.01817
E:\IMG\center_2025_12_05_11_43_10_377.jpg,E:\IMG\left_2025_12_05_11_43_10_377.jpg,E:\IMG\right_2025_12_05_11_43_10_377.jpg,0,0.6005899,0,30.09393
E:\IMG\center_2025_12_05_11_43_10_463.jpg,E:\IMG\left_2025_12_05_11_43_10_463.jpg,E:\IMG\right_2025_12_05_11_43_10_463.jpg,0,0.8560297,0,30.15925
E:\IMG\center_2025_12_05_11_43_10_552.jpg,E:\IMG\left_2025_12_05_11_43_10_552.jpg,E:\IMG\right_2025_12_05_11_43_10_552.jpg,0,1,0,30.18995
E:\IMG\center_2025_12_05_11_43_10_644.jpg,E:\IMG\left_2025_12_05_11_43_10_644.jpg,E:\IMG\right_2025_12_05_11_43_10_644.jpg,0,1,0,30.19028
E:\IMG\center_2025_12_05_11_43_10_729.jpg,E:\IMG\left_2025_12_05_11_43_10_729.jpg,E:\IMG\right_2025_12_05_11_43_10_729.jpg,-0.2,0.917161,0,30.1799
E:\IMG\center_2025_12_05_11_43_10_814.jpg,E:\IMG\left_2025_12_05_11_43_10_814.jpg,E:\IMG\right_2025_12_05_11_43_10_814.jpg,0,0.6602176,0,30.09916
E:\IMG\center_2025_12_05_11_43_10_899.jpg,E:\IMG\left_2025_12_05_11_43_10_899.jpg,E:\IMG\right_2025_12_05_11_43_10_899.jpg,0,0.4069123,0,30.03341
E:\IMG\center_2025_12_05_11_43_10_985.jpg,E:\IMG\left_2025_12_05_11_43_10_985.jpg,E:\IMG\right_2025_12_05_11_43_10_985.jpg,0,0.146938,0,29.98942
E:\IMG\center_2025_12_05_11_43_11_070.jpg,E:\IMG\left_2025_12_05_11_43_11_070.jpg,E:\IMG\right_2025_12_05_11_43_11_070.jpg,0,0.4019443,0,29.99431
E:\IMG\center_2025_12_05_11_43_11_156.jpg,E:\IMG\left_2025_12_05_11_43_11_156.jpg,E:\IMG\right_2025_12_05_11_43_11_156.jpg,0,0.660304,0,30.10754
E:\IMG\center_2025_12_05_11_43_11_246.jpg,E:\IMG\left_2025_12_05_11_43_11_246.jpg,E:\IMG\right_2025_12_05_11_43_11_246.jpg,0,0.9277816,0,30.14894
E:\IMG\center_2025_12_05_11_43_11_331.jpg,E:\IMG\left_2025_12_05_11_43_11_331.jpg,E:\IMG\right_2025_12_05_11_43_11_331.jpg,0,1,0,30.19052
E:\IMG\center_2025_12_05_11_43_11_419.jpg,E:\IMG\left_2025_12_05_11_43_11_419.jpg,E:\IMG\right_2025_12_05_11_43_11_419.jpg,0,1,0,30.19029
E:\IMG\center_2025_12_05_11_43_11_509.jpg,E:\IMG\left_2025_12_05_11_43_11_509.jpg,E:\IMG\right_2025_12_05_11_43_11_509.jpg,-0.2,0.9170401,0,30.17982
E:\IMG\center_2025_12_05_11_43_11_596.jpg,E:\IMG\left_2025_12_05_11_43_11_596.jpg,E:\IMG\right_2025_12_05_11_43_11_596.jpg,0,0.654916,0,30.09691
E:\IMG\center_2025_12_05_11_43_11_684.jpg,E:\IMG\left_2025_12_05_11_43_11_684.jpg,E:\IMG\right_2025_12_05_11_43_11_684.jpg,0,0.7511398,0,30.10053
E:\IMG\center_2025_12_05_11_43_11_773.jpg,E:\IMG\left_2025_12_05_11_43_11_773.jpg,E:\IMG\right_2025_12_05_11_43_11_773.jpg,0,1,0,30.1683
E:\IMG\center_2025_12_05_11_43_11_854.jpg,E:\IMG\left_2025_12_05_11_43_11_854.jpg,E:\IMG\right_2025_12_05_11_43_11_854.jpg,0,1,0,30.19002
E:\IMG\center_2025_12_05_11_43_11_940.jpg,E:\IMG\left_2025_12_05_11_43_11_940.jpg,E:\IMG\right_2025_12_05_11_43_11_940.jpg,0,1,0,30.19027
E:\IMG\center_2025_12_05_11_43_12_023.jpg,E:\IMG\left_2025_12_05_11_43_12_023.jpg,E:\IMG\right_2025_12_05_11_43_12_023.jpg,0,1,0,30.1903
E:\IMG\center_2025_12_05_11_43_12_107.jpg,E:\IMG\left_2025_12_05_11_43_12_107.jpg,E:\IMG\right_2025_12_05_11_43_12_107.jpg,0,0.9282217,0,30.1903
E:\IMG\center_2025_12_05_11_43_12_193.jpg,E:\IMG\left_2025_12_05_11_43_12_193.jpg,E:\IMG\right_2025_12_05_11_43_12_193.jpg,0,0.6693829,0,30.12336
E:\IMG\center_2025_12_05_11_43_12_273.jpg,E:\IMG\left_2025_12_05_11_43_12_273.jpg,E:\IMG\right_2025_12_05_11_43_12_273.jpg,0,0.4270883,0,30.05648
E:\IMG\center_2025_12_05_11_43_12_359.jpg,E:\IMG\left_2025_12_05_11_43_12_359.jpg,E:\IMG\right_2025_12_05_11_43_12_359.jpg,0,0.334199,0,30.0254
E:\IMG\center_2025_12_05_11_43_12_444.jpg,E:\IMG\left_2025_12_05_11_43_12_444.jpg,E:\IMG\right_2025_12_05_11_43_12_444.jpg,-0.15,0.5874032,0,30.08727
E:\IMG\center_2025_12_05_11_43_12_526.jpg,E:\IMG\left_2025_12_05_11_43_12_526.jpg,E:\IMG\right_2025_12_05_11_43_12_526.jpg,-0.35,0.6826705,0,30.10122
E:\IMG\center_2025_12_05_11_43_12_611.jpg,E:\IMG\left_2025_12_05_11_43_12_611.jpg,E:\IMG\right_2025_12_05_11_43_12_611.jpg,0,0.4286327,0,30.05823
E:\IMG\center_2025_12_05_11_43_12_687.jpg,E:\IMG\left_2025_12_05_11_43_12_687.jpg,E:\IMG\right_2025_12_05_11_43_12_687.jpg,0,0.1989275,0,30.00034
E:\IMG\center_2025_12_05_11_43_12_768.jpg,E:\IMG\left_2025_12_05_11_43_12_768.jpg,E:\IMG\right_2025_12_05_11_43_12_768.jpg,0,0,0,29.8544
E:\IMG\center_2025_12_05_11_43_12_848.jpg,E:\IMG\left_2025_12_05_11_43_12_848.jpg,E:\IMG\right_2025_12_05_11_43_12_848.jpg,0,0.079221,0,29.61476
E:\IMG\center_2025_12_05_11_43_12_930.jpg,E:\IMG\left_2025_12_05_11_43_12_930.jpg,E:\IMG\right_2025_12_05_11_43_12_930.jpg,0,0.3277155,0,29.57035
E:\IMG\center_2025_12_05_11_43_13_011.jpg,E:\IMG\left_2025_12_05_11_43_13_011.jpg,E:\IMG\right_2025_12_05_11_43_13_011.jpg,0,0.5692398,0,29.76044
E:\IMG\center_2025_12_05_11_43_13_084.jpg,E:\IMG\left_2025_12_05_11_43_13_084.jpg,E:\IMG\right_2025_12_05_11_43_13_084.jpg,0,0.7905207,0,30.11333
E:\IMG\center_2025_12_05_11_43_13_164.jpg,E:\IMG\left_2025_12_05_11_43_13_164.jpg,E:\IMG\right_2025_12_05_11_43_13_164.jpg,0,1,0,30.17648
E:\IMG\center_2025_12_05_11_43_13_243.jpg,E:\IMG\left_2025_12_05_11_43_13_243.jpg,E:\IMG\right_2025_12_05_11_43_13_243.jpg,0,1,0,30.19009
E:\IMG\center_2025_12_05_11_43_13_326.jpg,E:\IMG\left_2025_12_05_11_43_13_326.jpg,E:\IMG\right_2025_12_05_11_43_13_326.jpg,0,1,0,30.19029
E:\IMG\center_2025_12_05_11_43_13_400.jpg,E:\IMG\left_2025_12_05_11_43_13_400.jpg,E:\IMG\right_2025_12_05_11_43_13_400.jpg,0,1,0,30.19029
E:\IMG\center_2025_12_05_11_43_13_483.jpg,E:\IMG\left_2025_12_05_11_43_13_483.jpg,E:\IMG\right_2025_12_05_11_43_13_483.jpg,0,1,0,30.1903
E:\IMG\center_2025_12_05_11_43_13_562.jpg,E:\IMG\left_2025_12_05_11_43_13_562.jpg,E:\IMG\right_2025_12_05_11_43_13_562.jpg,0,1,0,30.19029
E:\IMG\center_2025_12_05_11_43_13_641.jpg,E:\IMG\left_2025_12_05_11_43_13_641.jpg,E:\IMG\right_2025_12_05_11_43_13_641.jpg,0,1,0,30.19031
E:\IMG\center_2025_12_05_11_43_13_725.jpg,E:\IMG\left_2025_12_05_11_43_13_725.jpg,E:\IMG\right_2025_12_05_11_43_13_725.jpg,0,1,0,30.19031
E:\IMG\center_2025_12_05_11_43_13_801.jpg,E:\IMG\left_2025_12_05_11_43_13_801.jpg,E:\IMG\right_2025_12_05_11_43_13_801.jpg,0,1,0,30.19028
E:\IMG\center_2025_12_05_11_43_13_881.jpg,E:\IMG\left_2025_12_05_11_43_13_881.jpg,E:\IMG\right_2025_12_05_11_43_13_881.jpg,0,1,0,30.19029
E:\IMG\center_2025_12_05_11_43_13_963.jpg,E:\IMG\left_2025_12_05_11_43_13_963.jpg,E:\IMG\right_2025_12_05_11_43_13_963.jpg,-0.05,0.9188251,0,30.18973
E:\IMG\center_2025_12_05_11_43_14_041.jpg,E:\IMG\left_2025_12_05_11_43_14_041.jpg,E:\IMG\right_2025_12_05_11_43_14_041.jpg,0,0.68392,0,30.12827
E:\IMG\center_2025_12_05_11_43_14_122.jpg,E:\IMG\left_2025_12_05_11_43_14_122.jpg,E:\IMG\right_2025_12_05_11_43_14_122.jpg,0,0.4381903,0,30.07135
E:\IMG\center_2025_12_05_11_43_14_204.jpg,E:\IMG\left_2025_12_05_11_43_14_204.jpg,E:\IMG\right_2025_12_05_11_43_14_204.jpg,0,0.6829658,0,30.10461
E:\IMG\center_2025_12_05_11_43_14_276.jpg,E:\IMG\left_2025_12_05_11_43_14_276.jpg,E:\IMG\right_2025_12_05_11_43_14_276.jpg,0,0.8984503,0,30.16893
E:\IMG\center_2025_12_05_11_43_14_353.jpg,E:\IMG\left_2025_12_05_11_43_14_353.jpg,E:\IMG\right_2025_12_05_11_43_14_353.jpg,0,1,0,30.18942
E:\IMG\center_2025_12_05_11_43_14_431.jpg,E:\IMG\left_2025_12_05_11_43_14_431.jpg,E:\IMG\right_2025_12_05_11_43_14_431.jpg,0,1,0,30.19031
E:\IMG\center_2025_12_05_11_43_14_510.jpg,E:\IMG\left_2025_12_05_11_43_14_510.jpg,E:\IMG\right_2025_12_05_11_43_14_510.jpg,0,1,0,30.19029
E:\IMG\center_2025_12_05_11_43_14_589.jpg,E:\IMG\left_2025_12_05_11_43_14_589.jpg,E:\IMG\right_2025_12_05_11_43_14_589.jpg,0,1,0,30.19033
E:\IMG\center_2025_12_05_11_43_14_664.jpg,E:\IMG\left_2025_12_05_11_43_14_664.jpg,E:\IMG\right_2025_12_05_11_43_14_664.jpg,0,1,0,30.19032
E:\IMG\center_2025_12_05_11_43_14_741.jpg,E:\IMG\left_2025_12_05_11_43_14_741.jpg,E:\IMG\right_2025_12_05_11_43_14_741.jpg,0,1,0,30.1903
E:\IMG\center_2025_12_05_11_43_14_811.jpg,E:\IMG\left_2025_12_05_11_43_14_811.jpg,E:\IMG\right_2025_12_05_11_43_14_811.jpg,0,1,0,30.19031
E:\IMG\center_2025_12_05_11_43_14_887.jpg,E:\IMG\left_2025_12_05_11_43_14_887.jpg,E:\IMG\right_2025_12_05_11_43_14_887.jpg,0,1,0,30.19031
E:\IMG\center_2025_12_05_11_43_14_963.jpg,E:\IMG\left_2025_12_05_11_43_14_963.jpg,E:\IMG\right_2025_12_05_11_43_14_963.jpg,0,1,0,30.19032
E:\IMG\center_2025_12_05_11_43_15_037.jpg,E:\IMG\left_2025_12_05_11_43_15_037.jpg,E:\IMG\right_2025_12_05_11_43_15_037.jpg,0,1,0,30.19029
E:\IMG\center_2025_12_05_11_43_15_112.jpg,E:\IMG\left_2025_12_05_11_43_15_112.jpg,E:\IMG\right_2025_12_05_11_43_15_112.jpg,0,1,0,30.19031
E:\IMG\center_2025_12_05_11_43_15_187.jpg,E:\IMG\left_2025_12_05_11_43_15_187.jpg,E:\IMG\right_2025_12_05_11_43_15_187.jpg,0,1,0,30.1903
E:\IMG\center_2025_12_05_11_43_15_263.jpg,E:\IMG\left_2025_12_05_11_43_15_263.jpg,E:\IMG\right_2025_12_05_11_43_15_263.jpg,0,1,0,30.19032
E:\IMG\center_2025_12_05_11_43_15_339.jpg,E:\IMG\left_2025_12_05_11_43_15_339.jpg,E:\IMG\right_2025_12_05_11_43_15_339.jpg,0,1,0,30.19029
E:\IMG\center_2025_12_05_11_43_15_415.jpg,E:\IMG\left_2025_12_05_11_43_15_415.jpg,E:\IMG\right_2025_12_05_11_43_15_415.jpg,0,1,0,30.19025
E:\IMG\center_2025_12_05_11_43_15_492.jpg,E:\IMG\left_2025_12_05_11_43_15_492.jpg,E:\IMG\right_2025_12_05_11_43_15_492.jpg,0,1,0,30.19031
E:\IMG\center_2025_12_05_11_43_15_568.jpg,E:\IMG\left_2025_12_05_11_43_15_568.jpg,E:\IMG\right_2025_12_05_11_43_15_568.jpg,0,1,0,30.19028
E:\IMG\center_2025_12_05_11_43_15_645.jpg,E:\IMG\left_2025_12_05_11_43_15_645.jpg,E:\IMG\right_2025_12_05_11_43_15_645.jpg,0,1,0,30.19024
E:\IMG\center_2025_12_05_11_43_15_720.jpg,E:\IMG\left_2025_12_05_11_43_15_720.jpg,E:\IMG\right_2025_12_05_11_43_15_720.jpg,-0.15,0.774001,0,30.12228
E:\IMG\center_2025_12_05_11_43_15_796.jpg,E:\IMG\left_2025_12_05_11_43_15_796.jpg,E:\IMG\right_2025_12_05_11_43_15_796.jpg,0,0.5457466,0,30.0689
E:\IMG\center_2025_12_05_11_43_15_875.jpg,E:\IMG\left_2025_12_05_11_43_15_875.jpg,E:\IMG\right_2025_12_05_11_43_15_875.jpg,0,0.4627897,0,30.06272
E:\IMG\center_2025_12_05_11_43_15_952.jpg,E:\IMG\left_2025_12_05_11_43_15_952.jpg,E:\IMG\right_2025_12_05_11_43_15_952.jpg,0,0.6950685,0,30.09477
E:\IMG\center_2025_12_05_11_43_16_024.jpg,E:\IMG\left_2025_12_05_11_43_16_024.jpg,E:\IMG\right_2025_12_05_11_43_16_024.jpg,0,0.9137949,0,30.15651
E:\IMG\center_2025_12_05_11_43_16_103.jpg,E:\IMG\left_2025_12_05_11_43_16_103.jpg,E:\IMG\right_2025_12_05_11_43_16_103.jpg,0,1,0,30.19054
E:\IMG\center_2025_12_05_11_43_16_179.jpg,E:\IMG\left_2025_12_05_11_43_16_179.jpg,E:\IMG\right_2025_12_05_11_43_16_179.jpg,0,1,0,30.19033
E:\IMG\center_2025_12_05_11_43_16_257.jpg,E:\IMG\left_2025_12_05_11_43_16_257.jpg,E:\IMG\right_2025_12_05_11_43_16_257.jpg,-0.1,1,0,30.18773
E:\IMG\center_2025_12_05_11_43_16_331.jpg,E:\IMG\left_2025_12_05_11_43_16_331.jpg,E:\IMG\right_2025_12_05_11_43_16_331.jpg,-0.25,1,0,30.17487
E:\IMG\center_2025_12_05_11_43_16_412.jpg,E:\IMG\left_2025_12_05_11_43_16_412.jpg,E:\IMG\right_2025_12_05_11_43_16_412.jpg,0,0.7568449,0,30.14195
E:\IMG\center_2025_12_05_11_43_16_484.jpg,E:\IMG\left_2025_12_05_11_43_16_484.jpg,E:\IMG\right_2025_12_05_11_43_16_484.jpg,0,0.5410293,0,30.08587
E:\IMG\center_2025_12_05_11_43_16_561.jpg,E:\IMG\left_2025_12_05_11_43_16_561.jpg,E:\IMG\right_2025_12_05_11_43_16_561.jpg,0,0.3075559,0,30.03757
E:\IMG\center_2025_12_05_11_43_16_634.jpg,E:\IMG\left_2025_12_05_11_43_16_634.jpg,E:\IMG\right_2025_12_05_11_43_16_634.jpg,0,0.09074734,0,29.92254
E:\IMG\center_2025_12_05_11_43_16_711.jpg,E:\IMG\left_2025_12_05_11_43_16_711.jpg,E:\IMG\right_2025_12_05_11_43_16_711.jpg,0,0.3235384,0,29.87565
E:\IMG\center_2025_12_05_11_43_16_782.jpg,E:\IMG\left_2025_12_05_11_43_16_782.jpg,E:\IMG\right_2025_12_05_11_43_16_782.jpg,0,0.5348325,0,30.03596
E:\IMG\center_2025_12_05_11_43_16_858.jpg,E:\IMG\left_2025_12_05_11_43_16_858.jpg,E:\IMG\right_2025_12_05_11_43_16_858.jpg,0,0.7623177,0,30.13553
E:\IMG\center_2025_12_05_11_43_16_933.jpg,E:\IMG\left_2025_12_05_11_43_16_933.jpg,E:\IMG\right_2025_12_05_11_43_16_933.jpg,0,0.9858264,0,30.1711
E:\IMG\center_2025_12_05_11_43_17_009.jpg,E:\IMG\left_2025_12_05_11_43_17_009.jpg,E:\IMG\right_2025_12_05_11_43_17_009.jpg,-0.2,1,0,30.17978
E:\IMG\center_2025_12_05_11_43_17_086.jpg,E:\IMG\left_2025_12_05_11_43_17_086.jpg,E:\IMG\right_2025_12_05_11_43_17_086.jpg,0,0.8451355,0,30.15784
E:\IMG\center_2025_12_05_11_43_17_161.jpg,E:\IMG\left_2025_12_05_11_43_17_161.jpg,E:\IMG\right_2025_12_05_11_43_17_161.jpg,0,0.6204118,0,30.11152
E:\IMG\center_2025_12_05_11_43_17_236.jpg,E:\IMG\left_2025_12_05_11_43_17_236.jpg,E:\IMG\right_2025_12_05_11_43_17_236.jpg,0,0.396628,0,30.03228
E:\IMG\center_2025_12_05_11_43_17_309.jpg,E:\IMG\left_2025_12_05_11_43_17_309.jpg,E:\IMG\right_2025_12_05_11_43_17_309.jpg,0,0.1748605,0,29.99538
E:\IMG\center_2025_12_05_11_43_17_384.jpg,E:\IMG\left_2025_12_05_11_43_17_384.jpg,E:\IMG\right_2025_12_05_11_43_17_384.jpg,0,0.09965503,0,29.83622
E:\IMG\center_2025_12_05_11_43_17_463.jpg,E:\IMG\left_2025_12_05_11_43_17_463.jpg,E:\IMG\right_2025_12_05_11_43_17_463.jpg,0,0.3390802,0,29.7996
E:\IMG\center_2025_12_05_11_43_17_536.jpg,E:\IMG\left_2025_12_05_11_43_17_536.jpg,E:\IMG\right_2025_12_05_11_43_17_536.jpg,0,0.5567318,0,30.01203
E:\IMG\center_2025_12_05_11_43_17_611.jpg,E:\IMG\left_2025_12_05_11_43_17_611.jpg,E:\IMG\right_2025_12_05_11_43_17_611.jpg,0,0.7815248,0,30.11846
E:\IMG\center_2025_12_05_11_43_17_681.jpg,E:\IMG\left_2025_12_05_11_43_17_681.jpg,E:\IMG\right_2025_12_05_11_43_17_681.jpg,0,0.9930866,0,30.16819
E:\IMG\center_2025_12_05_11_43_17_758.jpg,E:\IMG\left_2025_12_05_11_43_17_758.jpg,E:\IMG\right_2025_12_05_11_43_17_758.jpg,0,0.9187111,0,30.16403
E:\IMG\center_2025_12_05_11_43_17_832.jpg,E:\IMG\left_2025_12_05_11_43_17_832.jpg,E:\IMG\right_2025_12_05_11_43_17_832.jpg,0,0.6961579,0,30.13007
E:\IMG\center_2025_12_05_11_43_17_906.jpg,E:\IMG\left_2025_12_05_11_43_17_906.jpg,E:\IMG\right_2025_12_05_11_43_17_906.jpg,-0.1,0.4747762,0,30.06577
E:\IMG\center_2025_12_05_11_43_17_984.jpg,E:\IMG\left_2025_12_05_11_43_17_984.jpg,E:\IMG\right_2025_12_05_11_43_17_984.jpg,0,0.2450683,0,30.01612
E:\IMG\center_2025_12_05_11_43_18_061.jpg,E:\IMG\left_2025_12_05_11_43_18_061.jpg,E:\IMG\right_2025_12_05_11_43_18_061.jpg,0,0.01261179,0,29.86337
E:\IMG\center_2025_12_05_11_43_18_130.jpg,E:\IMG\left_2025_12_05_11_43_18_130.jpg,E:\IMG\right_2025_12_05_11_43_18_130.jpg,0,0.2239006,0,29.75439
E:\IMG\center_2025_12_05_11_43_18_210.jpg,E:\IMG\left_2025_12_05_11_43_18_210.jpg,E:\IMG\right_2025_12_05_11_43_18_210.jpg,0,0.4589956,0,29.82738
E:\IMG\center_2025_12_05_11_43_18_279.jpg,E:\IMG\left_2025_12_05_11_43_18_279.jpg,E:\IMG\right_2025_12_05_11_43_18_279.jpg,0,0.6704749,0,30.08773
E:\IMG\center_2025_12_05_11_43_18_358.jpg,E:\IMG\left_2025_12_05_11_43_18_358.jpg,E:\IMG\right_2025_12_05_11_43_18_358.jpg,0,0.9030355,0,30.17011
E:\IMG\center_2025_12_05_11_43_18_427.jpg,E:\IMG\left_2025_12_05_11_43_18_427.jpg,E:\IMG\right_2025_12_05_11_43_18_427.jpg,0,1,0,30.18999
E:\IMG\center_2025_12_05_11_43_18_503.jpg,E:\IMG\left_2025_12_05_11_43_18_503.jpg,E:\IMG\right_2025_12_05_11_43_18_503.jpg,-0.15,1,0,30.18426
E:\IMG\center_2025_12_05_11_43_18_573.jpg,E:\IMG\left_2025_12_05_11_43_18_573.jpg,E:\IMG\right_2025_12_05_11_43_18_573.jpg,-0.3,0.7888739,0,30.13359
E:\IMG\center_2025_12_05_11_43_18_643.jpg,E:\IMG\left_2025_12_05_11_43_18_643.jpg,E:\IMG\right_2025_12_05_11_43_18_643.jpg,0,0.5801054,0,30.09113
E:\IMG\center_2025_12_05_11_43_18_716.jpg,E:\IMG\left_2025_12_05_11_43_18_716.jpg,E:\IMG\right_2025_12_05_11_43_18_716.jpg,0,0.3602039,0,30.02229
E:\IMG\center_2025_12_05_11_43_18_784.jpg,E:\IMG\left_2025_12_05_11_43_18_784.jpg,E:\IMG\right_2025_12_05_11_43_18_784.jpg,0,0.1548296,0,29.9902
E:\IMG\center_2025_12_05_11_43_18_858.jpg,E:\IMG\left_2025_12_05_11_43_18_858.jpg,E:\IMG\right_2025_12_05_11_43_18_858.jpg,0,0.3768899,0,29.99969
E:\IMG\center_2025_12_05_11_43_18_930.jpg,E:\IMG\left_2025_12_05_11_43_18_930.jpg,E:\IMG\right_2025_12_05_11_43_18_930.jpg,0,0.5964965,0,30.07389
E:\IMG\center_2025_12_05_11_43_19_003.jpg,E:\IMG\left_2025_12_05_11_43_19_003.jpg,E:\IMG\right_2025_12_05_11_43_19_003.jpg,0,0.8116966,0,30.13112
E:\IMG\center_2025_12_05_11_43_19_079.jpg,E:\IMG\left_2025_12_05_11_43_19_079.jpg,E:\IMG\right_2025_12_05_11_43_19_079.jpg,0,1,0,30.18047
E:\IMG\center_2025_12_05_11_43_19_150.jpg,E:\IMG\left_2025_12_05_11_43_19_150.jpg,E:\IMG\right_2025_12_05_11_43_19_150.jpg,0,1,0,30.19062
E:\IMG\center_2025_12_05_11_43_19_227.jpg,E:\IMG\left_2025_12_05_11_43_19_227.jpg,E:\IMG\right_2025_12_05_11_43_19_227.jpg,0,1,0,30.19033
E:\IMG\center_2025_12_05_11_43_19_298.jpg,E:\IMG\left_2025_12_05_11_43_19_298.jpg,E:\IMG\right_2025_12_05_11_43_19_298.jpg,0,1,0,30.19058
E:\IMG\center_2025_12_05_11_43_19_374.jpg,E:\IMG\left_2025_12_05_11_43_19_374.jpg,E:\IMG\right_2025_12_05_11_43_19_374.jpg,0,1,0,30.19025
E:\IMG\center_2025_12_05_11_43_19_471.jpg,E:\IMG\left_2025_12_05_11_43_19_471.jpg,E:\IMG\right_2025_12_05_11_43_19_471.jpg,0,1,0,30.19029
E:\IMG\center_2025_12_05_11_43_19_539.jpg,E:\IMG\left_2025_12_05_11_43_19_539.jpg,E:\IMG\right_2025_12_05_11_43_19_539.jpg,-0.1,1,0,30.18764
E:\IMG\center_2025_12_05_11_43_19_616.jpg,E:\IMG\left_2025_12_05_11_43_19_616.jpg,E:\IMG\right_2025_12_05_11_43_19_616.jpg,-0.3,0.8938747,0,30.13515
E:\IMG\center_2025_12_05_11_43_19_703.jpg,E:\IMG\left_2025_12_05_11_43_19_703.jpg,E:\IMG\right_2025_12_05_11_43_19_703.jpg,0,0.6325786,0,30.11691
E:\IMG\center_2025_12_05_11_43_19_776.jpg,E:\IMG\left_2025_12_05_11_43_19_776.jpg,E:\IMG\right_2025_12_05_11_43_19_776.jpg,0,0.4139938,0,30.0372
E:\IMG\center_2025_12_05_11_43_19_849.jpg,E:\IMG\left_2025_12_05_11_43_19_849.jpg,E:\IMG\right_2025_12_05_11_43_19_849.jpg,0,0.3302898,0,29.99936
E:\IMG\center_2025_12_05_11_43_19_921.jpg,E:\IMG\left_2025_12_05_11_43_19_921.jpg,E:\IMG\right_2025_12_05_11_43_19_921.jpg,0,0.5488237,0,30.05542
E:\IMG\center_2025_12_05_11_43_19_995.jpg,E:\IMG\left_2025_12_05_11_43_19_995.jpg,E:\IMG\right_2025_12_05_11_43_19_995.jpg,0,0.7691184,0,30.13593
E:\IMG\center_2025_12_05_11_43_20_064.jpg,E:\IMG\left_2025_12_05_11_43_20_064.jpg,E:\IMG\right_2025_12_05_11_43_20_064.jpg,0,0.977253,0,30.16921
E:\IMG\center_2025_12_05_11_43_20_137.jpg,E:\IMG\left_2025_12_05_11_43_20_137.jpg,E:\IMG\right_2025_12_05_11_43_20_137.jpg,0,1,0,30.19028
E:\IMG\center_2025_12_05_11_43_20_204.jpg,E:\IMG\left_2025_12_05_11_43_20_204.jpg,E:\IMG\right_2025_12_05_11_43_20_204.jpg,-0.15,1,0,30.18461
E:\IMG\center_2025_12_05_11_43_20_271.jpg,E:\IMG\left_2025_12_05_11_43_20_271.jpg,E:\IMG\right_2025_12_05_11_43_20_271.jpg,0,0.7970137,0,30.16473
E:\IMG\center_2025_12_05_11_43_20_342.jpg,E:\IMG\left_2025_12_05_11_43_20_342.jpg,E:\IMG\right_2025_12_05_11_43_20_342.jpg,0,0.5879116,0,30.0925
E:\IMG\center_2025_12_05_11_43_20_411.jpg,E:\IMG\left_2025_12_05_11_43_20_411.jpg,E:\IMG\right_2025_12_05_11_43_20_411.jpg,0,0.3795766,0,30.04604
E:\IMG\center_2025_12_05_11_43_20_480.jpg,E:\IMG\left_2025_12_05_11_43_20_480.jpg,E:\IMG\right_2025_12_05_11_43_20_480.jpg,0,0.1705483,0,29.9843
E:\IMG\center_2025_12_05_11_43_20_549.jpg,E:\IMG\left_2025_12_05_11_43_20_549.jpg,E:\IMG\right_2025_12_05_11_43_20_549.jpg,0,0,0,29.86976
E:\IMG\center_2025_12_05_11_43_20_617.jpg,E:\IMG\left_2025_12_05_11_43_20_617.jpg,E:\IMG\right_2025_12_05_11_43_20_617.jpg,0,0.2044677,0,29.72004
E:\IMG\center_2025_12_05_11_43_20_685.jpg,E:\IMG\left_2025_12_05_11_43_20_685.jpg,E:\IMG\right_2025_12_05_11_43_20_685.jpg,0,0.4086819,0,29.75968
E:\IMG\center_2025_12_05_11_43_20_756.jpg,E:\IMG\left_2025_12_05_11_43_20_756.jpg,E:\IMG\right_2025_12_05_11_43_20_756.jpg,-0.15,0.6214662,0,30.01125
E:\IMG\center_2025_12_05_11_43_20_828.jpg,E:\IMG\left_2025_12_05_11_43_20_828.jpg,E:\IMG\right_2025_12_05_11_43_20_828.jpg,-0.3,0.8366268,0,30.11318
E:\IMG\center_2025_12_05_11_43_20_896.jpg,E:\IMG\left_2025_12_05_11_43_20_896.jpg,E:\IMG\right_2025_12_05_11_43_20_896.jpg,-0.5000001,0.904916,0,30.11549
E:\IMG\center_2025_12_05_11_43_20_964.jpg,E:\IMG\left_2025_12_05_11_43_20_964.jpg,E:\IMG\right_2025_12_05_11_43_20_964.jpg,0,0.697325,0,30.12449
E:\IMG\center_2025_12_05_11_43_21_035.jpg,E:\IMG\left_2025_12_05_11_43_21_035.jpg,E:\IMG\right_2025_12_05_11_43_21_035.jpg,0,0.4875878,0,30.05543
E:\IMG\center_2025_12_05_11_43_21_103.jpg,E:\IMG\left_2025_12_05_11_43_21_103.jpg,E:\IMG\right_2025_12_05_11_43_21_103.jpg,0,0.2821193,0,30.02579
E:\IMG\center_2025_12_05_11_43_21_190.jpg,E:\IMG\left_2025_12_05_11_43_21_190.jpg,E:\IMG\right_2025_12_05_11_43_21_190.jpg,0,0.02175503,0,29.91634
E:\IMG\center_2025_12_05_11_43_21_280.jpg,E:\IMG\left_2025_12_05_11_43_21_280.jpg,E:\IMG\right_2025_12_05_11_43_21_280.jpg,0,0.0677238,0,29.61741
E:\IMG\center_2025_12_05_11_43_21_349.jpg,E:\IMG\left_2025_12_05_11_43_21_349.jpg,E:\IMG\right_2025_12_05_11_43_21_349.jpg,0,0.2781657,0,29.55951
E:\IMG\center_2025_12_05_11_43_21_435.jpg,E:\IMG\left_2025_12_05_11_43_21_435.jpg,E:\IMG\right_2025_12_05_11_43_21_435.jpg,0,0.5320482,0,29.77515
E:\IMG\center_2025_12_05_11_43_21_524.jpg,E:\IMG\left_2025_12_05_11_43_21_524.jpg,E:\IMG\right_2025_12_05_11_43_21_524.jpg,0,0.8035458,0,30.12913
E:\IMG\center_2025_12_05_11_43_21_591.jpg,E:\IMG\left_2025_12_05_11_43_21_591.jpg,E:\IMG\right_2025_12_05_11_43_21_591.jpg,0,1,0,30.17628
E:\IMG\center_2025_12_05_11_43_21_679.jpg,E:\IMG\left_2025_12_05_11_43_21_679.jpg,E:\IMG\right_2025_12_05_11_43_21_679.jpg,0,1,0,30.19031
E:\IMG\center_2025_12_05_11_43_21_750.jpg,E:\IMG\left_2025_12_05_11_43_21_750.jpg,E:\IMG\right_2025_12_05_11_43_21_750.jpg,0,1,0,30.19027
E:\IMG\center_2025_12_05_11_43_21_822.jpg,E:\IMG\left_2025_12_05_11_43_21_822.jpg,E:\IMG\right_2025_12_05_11_43_21_822.jpg,0,1,0,30.19027
E:\IMG\center_2025_12_05_11_43_21_903.jpg,E:\IMG\left_2025_12_05_11_43_21_903.jpg,E:\IMG\right_2025_12_05_11_43_21_903.jpg,0,1,0,30.19034
E:\IMG\center_2025_12_05_11_43_21_973.jpg,E:\IMG\left_2025_12_05_11_43_21_973.jpg,E:\IMG\right_2025_12_05_11_43_21_973.jpg,0,1,0,30.19026
E:\IMG\center_2025_12_05_11_43_22_056.jpg,E:\IMG\left_2025_12_05_11_43_22_056.jpg,E:\IMG\right_2025_12_05_11_43_22_056.jpg,-0.2,0.7957513,0,30.14585
E:\IMG\center_2025_12_05_11_43_22_143.jpg,E:\IMG\left_2025_12_05_11_43_22_143.jpg,E:\IMG\right_2025_12_05_11_43_22_143.jpg,0,0.5352964,0,30.08428
E:\IMG\center_2025_12_05_11_43_22_234.jpg,E:\IMG\left_2025_12_05_11_43_22_234.jpg,E:\IMG\right_2025_12_05_11_43_22_234.jpg,0,0.2617039,0,29.99821
E:\IMG\center_2025_12_05_11_43_22_324.jpg,E:\IMG\left_2025_12_05_11_43_22_324.jpg,E:\IMG\right_2025_12_05_11_43_22_324.jpg,0,0,0,29.90493
E:\IMG\center_2025_12_05_11_43_22_406.jpg,E:\IMG\left_2025_12_05_11_43_22_406.jpg,E:\IMG\right_2025_12_05_11_43_22_406.jpg,-0.15,0,0,29.65353
E:\IMG\center_2025_12_05_11_43_22_497.jpg,E:\IMG\left_2025_12_05_11_43_22_497.jpg,E:\IMG\right_2025_12_05_11_43_22_497.jpg,0,0,0,29.30879
E:\IMG\center_2025_12_05_11_43_22_578.jpg,E:\IMG\left_2025_12_05_11_43_22_578.jpg,E:\IMG\right_2025_12_05_11_43_22_578.jpg,0,0,0,29.07071
E:\IMG\center_2025_12_05_11_43_22_647.jpg,E:\IMG\left_2025_12_05_11_43_22_647.jpg,E:\IMG\right_2025_12_05_11_43_22_647.jpg,0,0,0,28.89477
E:\IMG\center_2025_12_05_11_43_22_735.jpg,E:\IMG\left_2025_12_05_11_43_22_735.jpg,E:\IMG\right_2025_12_05_11_43_22_735.jpg,0,0.1432773,0,28.66718
E:\IMG\center_2025_12_05_11_43_22_816.jpg,E:\IMG\left_2025_12_05_11_43_22_816.jpg,E:\IMG\right_2025_12_05_11_43_22_816.jpg,0,0.3854916,0,28.70989
E:\IMG\center_2025_12_05_11_43_22_904.jpg,E:\IMG\left_2025_12_05_11_43_22_904.jpg,E:\IMG\right_2025_12_05_11_43_22_904.jpg,0,0.65065,0,28.96272
E:\IMG\center_2025_12_05_11_43_22_991.jpg,E:\IMG\left_2025_12_05_11_43_22_991.jpg,E:\IMG\right_2025_12_05_11_43_22_991.jpg,-0.05,0.5934453,0,29.40756
E:\IMG\center_2025_12_05_11_43_23_062.jpg,E:\IMG\left_2025_12_05_11_43_23_062.jpg,E:\IMG\right_2025_12_05_11_43_23_062.jpg,-0.25,0.3748053,0,29.62121
E:\IMG\center_2025_12_05_11_43_23_149.jpg,E:\IMG\left_2025_12_05_11_43_23_149.jpg,E:\IMG\right_2025_12_05_11_43_23_149.jpg,-0.45,0.1158846,0,29.51892
E:\IMG\center_2025_12_05_11_43_23_226.jpg,E:\IMG\left_2025_12_05_11_43_23_226.jpg,E:\IMG\right_2025_12_05_11_43_23_226.jpg,0,0,0,29.25601
E:\IMG\center_2025_12_05_11_43_23_311.jpg,E:\IMG\left_2025_12_05_11_43_23_311.jpg,E:\IMG\right_2025_12_05_11_43_23_311.jpg,0,0,0,29.01386
E:\IMG\center_2025_12_05_11_43_23_385.jpg,E:\IMG\left_2025_12_05_11_43_23_385.jpg,E:\IMG\right_2025_12_05_11_43_23_385.jpg,0,0,0,28.77905
E:\IMG\center_2025_12_05_11_43_23_468.jpg,E:\IMG\left_2025_12_05_11_43_23_468.jpg,E:\IMG\right_2025_12_05_11_43_23_468.jpg,0,0,0,28.54733
E:\IMG\center_2025_12_05_11_43_23_551.jpg,E:\IMG\left_2025_12_05_11_43_23_551.jpg,E:\IMG\right_2025_12_05_11_43_23_551.jpg,0,0.0589524,0,28.31774
E:\IMG\center_2025_12_05_11_43_23_627.jpg,E:\IMG\left_2025_12_05_11_43_23_627.jpg,E:\IMG\right_2025_12_05_11_43_23_627.jpg,0,0.2906163,0,28.25077
E:\IMG\center_2025_12_05_11_43_23_707.jpg,E:\IMG\left_2025_12_05_11_43_23_707.jpg,E:\IMG\right_2025_12_05_11_43_23_707.jpg,0,0.5284008,0,28.41442
E:\IMG\center_2025_12_05_11_43_23_787.jpg,E:\IMG\left_2025_12_05_11_43_23_787.jpg,E:\IMG\right_2025_12_05_11_43_23_787.jpg,-0.15,0.7690026,0,28.79518
E:\IMG\center_2025_12_05_11_43_23_861.jpg,E:\IMG\left_2025_12_05_11_43_23_861.jpg,E:\IMG\right_2025_12_05_11_43_23_861.jpg,-0.35,0.9927778,0,29.33388
E:\IMG\center_2025_12_05_11_43_23_941.jpg,E:\IMG\left_2025_12_05_11_43_23_941.jpg,E:\IMG\right_2025_12_05_11_43_23_941.jpg,0,0.8223139,0,29.93601
E:\IMG\center_2025_12_05_11_43_24_019.jpg,E:\IMG\left_2025_12_05_11_43_24_019.jpg,E:\IMG\right_2025_12_05_11_43_24_019.jpg,0,0.5871799,0,30.09755
E:\IMG\center_2025_12_05_11_43_24_097.jpg,E:\IMG\left_2025_12_05_11_43_24_097.jpg,E:\IMG\right_2025_12_05_11_43_24_097.jpg,0,0.3544207,0,30.03926
E:\IMG\center_2025_12_05_11_43_24_171.jpg,E:\IMG\left_2025_12_05_11_43_24_171.jpg,E:\IMG\right_2025_12_05_11_43_24_171.jpg,0,0.1798213,0,29.98857
E:\IMG\center_2025_12_05_11_43_24_253.jpg,E:\IMG\left_2025_12_05_11_43_24_253.jpg,E:\IMG\right_2025_12_05_11_43_24_253.jpg,-0.2,0,0,29.77896
E:\IMG\center_2025_12_05_11_43_24_326.jpg,E:\IMG\left_2025_12_05_11_43_24_326.jpg,E:\IMG\right_2025_12_05_11_43_24_326.jpg,-0.4,0,0,29.45304
E:\IMG\center_2025_12_05_11_43_24_401.jpg,E:\IMG\left_2025_12_05_11_43_24_401.jpg,E:\IMG\right_2025_12_05_11_43_24_401.jpg,0,0,0,29.07915
E:\IMG\center_2025_12_05_11_43_24_476.jpg,E:\IMG\left_2025_12_05_11_43_24_476.jpg,E:\IMG\right_2025_12_05_11_43_24_476.jpg,0,0.1689033,0,28.87719
E:\IMG\center_2025_12_05_11_43_24_553.jpg,E:\IMG\left_2025_12_05_11_43_24_553.jpg,E:\IMG\right_2025_12_05_11_43_24_553.jpg,0,0.39957,0,28.9066
E:\IMG\center_2025_12_05_11_43_24_623.jpg,E:\IMG\left_2025_12_05_11_43_24_623.jpg,E:\IMG\right_2025_12_05_11_43_24_623.jpg,0,0.6116821,0,29.154
E:\IMG\center_2025_12_05_11_43_24_695.jpg,E:\IMG\left_2025_12_05_11_43_24_695.jpg,E:\IMG\right_2025_12_05_11_43_24_695.jpg,0,0.6131319,0,29.46092
E:\IMG\center_2025_12_05_11_43_24_770.jpg,E:\IMG\left_2025_12_05_11_43_24_770.jpg,E:\IMG\right_2025_12_05_11_43_24_770.jpg,0,0.834559,0,29.80743
E:\IMG\center_2025_12_05_11_43_24_839.jpg,E:\IMG\left_2025_12_05_11_43_24_839.jpg,E:\IMG\right_2025_12_05_11_43_24_839.jpg,0,1,0,30.19094
E:\IMG\center_2025_12_05_11_43_24_910.jpg,E:\IMG\left_2025_12_05_11_43_24_910.jpg,E:\IMG\right_2025_12_05_11_43_24_910.jpg,0,1,0,30.19038
E:\IMG\center_2025_12_05_11_43_24_984.jpg,E:\IMG\left_2025_12_05_11_43_24_984.jpg,E:\IMG\right_2025_12_05_11_43_24_984.jpg,-0.05,1,0,30.18984
E:\IMG\center_2025_12_05_11_43_25_058.jpg,E:\IMG\left_2025_12_05_11_43_25_058.jpg,E:\IMG\right_2025_12_05_11_43_25_058.jpg,-0.25,1,0,30.17466
E:\IMG\center_2025_12_05_11_43_25_129.jpg,E:\IMG\left_2025_12_05_11_43_25_129.jpg,E:\IMG\right_2025_12_05_11_43_25_129.jpg,0,0.7891492,0,30.13999
E:\IMG\center_2025_12_05_11_43_25_196.jpg,E:\IMG\left_2025_12_05_11_43_25_196.jpg,E:\IMG\right_2025_12_05_11_43_25_196.jpg,0,0.587077,0,30.09493
E:\IMG\center_2025_12_05_11_43_25_266.jpg,E:\IMG\left_2025_12_05_11_43_25_266.jpg,E:\IMG\right_2025_12_05_11_43_25_266.jpg,0,0.3736246,0,30.03593
E:\IMG\center_2025_12_05_11_43_25_338.jpg,E:\IMG\left_2025_12_05_11_43_25_338.jpg,E:\IMG\right_2025_12_05_11_43_25_338.jpg,0,0.1576336,0,29.98653
E:\IMG\center_2025_12_05_11_43_25_408.jpg,E:\IMG\left_2025_12_05_11_43_25_408.jpg,E:\IMG\right_2025_12_05_11_43_25_408.jpg,0,0,0,29.8712
E:\IMG\center_2025_12_05_11_43_25_478.jpg,E:\IMG\left_2025_12_05_11_43_25_478.jpg,E:\IMG\right_2025_12_05_11_43_25_478.jpg,-0.1,0,0,29.62685
E:\IMG\center_2025_12_05_11_43_25_548.jpg,E:\IMG\left_2025_12_05_11_43_25_548.jpg,E:\IMG\right_2025_12_05_11_43_25_548.jpg,-0.25,0,0,29.41829
E:\IMG\center_2025_12_05_11_43_25_618.jpg,E:\IMG\left_2025_12_05_11_43_25_618.jpg,E:\IMG\right_2025_12_05_11_43_25_618.jpg,0,0,0,29.09972
E:\IMG\center_2025_12_05_11_43_25_687.jpg,E:\IMG\left_2025_12_05_11_43_25_687.jpg,E:\IMG\right_2025_12_05_11_43_25_687.jpg,0,0.1574946,0,28.95383
E:\IMG\center_2025_12_05_11_43_25_757.jpg,E:\IMG\left_2025_12_05_11_43_25_757.jpg,E:\IMG\right_2025_12_05_11_43_25_757.jpg,0,0.3653598,0,28.95562
E:\IMG\center_2025_12_05_11_43_25_838.jpg,E:\IMG\left_2025_12_05_11_43_25_838.jpg,E:\IMG\right_2025_12_05_11_43_25_838.jpg,0,0.6105627,0,29.20083
E:\IMG\center_2025_12_05_11_43_25_906.jpg,E:\IMG\left_2025_12_05_11_43_25_906.jpg,E:\IMG\right_2025_12_05_11_43_25_906.jpg,0,0.8143061,0,29.53352
E:\IMG\center_2025_12_05_11_43_25_973.jpg,E:\IMG\left_2025_12_05_11_43_25_973.jpg,E:\IMG\right_2025_12_05_11_43_25_973.jpg,0,0.9694121,0,29.99166
E:\IMG\center_2025_12_05_11_43_26_042.jpg,E:\IMG\left_2025_12_05_11_43_26_042.jpg,E:\IMG\right_2025_12_05_11_43_26_042.jpg,-0.2,0.793315,0,30.13843
E:\IMG\center_2025_12_05_11_43_26_111.jpg,E:\IMG\left_2025_12_05_11_43_26_111.jpg,E:\IMG\right_2025_12_05_11_43_26_111.jpg,-0.35,0.6309873,0,30.08198
E:\IMG\center_2025_12_05_11_43_26_196.jpg,E:\IMG\left_2025_12_05_11_43_26_196.jpg,E:\IMG\right_2025_12_05_11_43_26_196.jpg,0,0.3302769,0,30.02855
E:\IMG\center_2025_12_05_11_43_26_277.jpg,E:\IMG\left_2025_12_05_11_43_26_277.jpg,E:\IMG\right_2025_12_05_11_43_26_277.jpg,0,0.08841753,0,29.93894
E:\IMG\center_2025_12_05_11_43_26_345.jpg,E:\IMG\left_2025_12_05_11_43_26_345.jpg,E:\IMG\right_2025_12_05_11_43_26_345.jpg,0,0,0,29.77234
E:\IMG\center_2025_12_05_11_43_26_428.jpg,E:\IMG\left_2025_12_05_11_43_26_428.jpg,E:\IMG\right_2025_12_05_11_43_26_428.jpg,0,0.1508988,0,29.55005
E:\IMG\center_2025_12_05_11_43_26_511.jpg,E:\IMG\left_2025_12_05_11_43_26_511.jpg,E:\IMG\right_2025_12_05_11_43_26_511.jpg,0,0.3489621,0,29.54983
E:\IMG\center_2025_12_05_11_43_26_578.jpg,E:\IMG\left_2025_12_05_11_43_26_578.jpg,E:\IMG\right_2025_12_05_11_43_26_578.jpg,0,0.6013926,0,29.77882
E:\IMG\center_2025_12_05_11_43_26_647.jpg,E:\IMG\left_2025_12_05_11_43_26_647.jpg,E:\IMG\right_2025_12_05_11_43_26_647.jpg,-0.1,0.8069511,0,30.10991
E:\IMG\center_2025_12_05_11_43_26_724.jpg,E:\IMG\left_2025_12_05_11_43_26_724.jpg,E:\IMG\right_2025_12_05_11_43_26_724.jpg,-0.3,1,0,30.17233
E:\IMG\center_2025_12_05_11_43_26_803.jpg,E:\IMG\left_2025_12_05_11_43_26_803.jpg,E:\IMG\right_2025_12_05_11_43_26_803.jpg,-0.5000001,1,0,30.14551
E:\IMG\center_2025_12_05_11_43_26_886.jpg,E:\IMG\left_2025_12_05_11_43_26_886.jpg,E:\IMG\right_2025_12_05_11_43_26_886.jpg,-0.7,0.9006556,0,30.10521
E:\IMG\center_2025_12_05_11_43_26_965.jpg,E:\IMG\left_2025_12_05_11_43_26_965.jpg,E:\IMG\right_2025_12_05_11_43_26_965.jpg,0,0.6606433,0,30.10193
E:\IMG\center_2025_12_05_11_43_27_045.jpg,E:\IMG\left_2025_12_05_11_43_27_045.jpg,E:\IMG\right_2025_12_05_11_43_27_045.jpg,0,0.4222027,0,30.06108
E:\IMG\center_2025_12_05_11_43_27_124.jpg,E:\IMG\left_2025_12_05_11_43_27_124.jpg,E:\IMG\right_2025_12_05_11_43_27_124.jpg,0,0.1840445,0,30.0026
E:\IMG\center_2025_12_05_11_43_27_200.jpg,E:\IMG\left_2025_12_05_11_43_27_200.jpg,E:\IMG\right_2025_12_05_11_43_27_200.jpg,0,0,0,29.83986
E:\IMG\center_2025_12_05_11_43_27_279.jpg,E:\IMG\left_2025_12_05_11_43_27_279.jpg,E:\IMG\right_2025_12_05_11_43_27_279.jpg,0,0.1368366,0,29.6412
E:\IMG\center_2025_12_05_11_43_27_357.jpg,E:\IMG\left_2025_12_05_11_43_27_357.jpg,E:\IMG\right_2025_12_05_11_43_27_357.jpg,0,0.3694413,0,29.65487
E:\IMG\center_2025_12_05_11_43_27_437.jpg,E:\IMG\left_2025_12_05_11_43_27_437.jpg,E:\IMG\right_2025_12_05_11_43_27_437.jpg,-0.1,0.6104529,0,29.8941
E:\IMG\center_2025_12_05_11_43_27_517.jpg,E:\IMG\left_2025_12_05_11_43_27_517.jpg,E:\IMG\right_2025_12_05_11_43_27_517.jpg,-0.3,0.8510894,0,30.12319
E:\IMG\center_2025_12_05_11_43_27_597.jpg,E:\IMG\left_2025_12_05_11_43_27_597.jpg,E:\IMG\right_2025_12_05_11_43_27_597.jpg,-0.5000001,0.9539005,0,30.14533
E:\IMG\center_2025_12_05_11_43_27_673.jpg,E:\IMG\left_2025_12_05_11_43_27_673.jpg,E:\IMG\right_2025_12_05_11_43_27_673.jpg,0,0.7663053,0,30.13769
E:\IMG\center_2025_12_05_11_43_27_750.jpg,E:\IMG\left_2025_12_05_11_43_27_750.jpg,E:\IMG\right_2025_12_05_11_43_27_750.jpg,0,0.5322627,0,30.0807
E:\IMG\center_2025_12_05_11_43_27_827.jpg,E:\IMG\left_2025_12_05_11_43_27_827.jpg,E:\IMG\right_2025_12_05_11_43_27_827.jpg,0,0.2604606,0,30.02247
E:\IMG\center_2025_12_05_11_43_27_911.jpg,E:\IMG\left_2025_12_05_11_43_27_911.jpg,E:\IMG\right_2025_12_05_11_43_27_911.jpg,-0.1,0.007846542,0,29.92676
E:\IMG\center_2025_12_05_11_43_27_981.jpg,E:\IMG\left_2025_12_05_11_43_27_981.jpg,E:\IMG\right_2025_12_05_11_43_27_981.jpg,-0.3,0,0,29.63716
E:\IMG\center_2025_12_05_11_43_28_058.jpg,E:\IMG\left_2025_12_05_11_43_28_058.jpg,E:\IMG\right_2025_12_05_11_43_28_058.jpg,-0.5000001,0,0,29.26721
E:\IMG\center_2025_12_05_11_43_28_136.jpg,E:\IMG\left_2025_12_05_11_43_28_136.jpg,E:\IMG\right_2025_12_05_11_43_28_136.jpg,0,0,0,29.01109
E:\IMG\center_2025_12_05_11_43_28_214.jpg,E:\IMG\left_2025_12_05_11_43_28_214.jpg,E:\IMG\right_2025_12_05_11_43_28_214.jpg,0,0.0481692,0,28.77358
E:\IMG\center_2025_12_05_11_43_28_293.jpg,E:\IMG\left_2025_12_05_11_43_28_293.jpg,E:\IMG\right_2025_12_05_11_43_28_293.jpg,0,0.2367555,0,28.70646
E:\IMG\center_2025_12_05_11_43_28_377.jpg,E:\IMG\left_2025_12_05_11_43_28_377.jpg,E:\IMG\right_2025_12_05_11_43_28_377.jpg,0,0.5336589,0,28.89406
E:\IMG\center_2025_12_05_11_43_28_455.jpg,E:\IMG\left_2025_12_05_11_43_28_455.jpg,E:\IMG\right_2025_12_05_11_43_28_455.jpg,0,0.7691953,0,29.30116
E:\IMG\center_2025_12_05_11_43_28_536.jpg,E:\IMG\left_2025_12_05_11_43_28_536.jpg,E:\IMG\right_2025_12_05_11_43_28_536.jpg,0,1,0,29.92856
E:\IMG\center_2025_12_05_11_43_28_617.jpg,E:\IMG\left_2025_12_05_11_43_28_617.jpg,E:\IMG\right_2025_12_05_11_43_28_617.jpg,0,1,0,30.19014
E:\IMG\center_2025_12_05_11_43_28_703.jpg,E:\IMG\left_2025_12_05_11_43_28_703.jpg,E:\IMG\right_2025_12_05_11_43_28_703.jpg,-0.05,1,0,30.18966
E:\IMG\center_2025_12_05_11_43_28_782.jpg,E:\IMG\left_2025_12_05_11_43_28_782.jpg,E:\IMG\right_2025_12_05_11_43_28_782.jpg,-0.25,0.938533,0,30.17475
E:\IMG\center_2025_12_05_11_43_28_859.jpg,E:\IMG\left_2025_12_05_11_43_28_859.jpg,E:\IMG\right_2025_12_05_11_43_28_859.jpg,0,0.7068166,0,30.12494
E:\IMG\center_2025_12_05_11_43_28_926.jpg,E:\IMG\left_2025_12_05_11_43_28_926.jpg,E:\IMG\right_2025_12_05_11_43_28_926.jpg,0,0.5039083,0,30.07209
E:\IMG\center_2025_12_05_11_43_29_002.jpg,E:\IMG\left_2025_12_05_11_43_29_002.jpg,E:\IMG\right_2025_12_05_11_43_29_002.jpg,0,0.2738617,0,30.00974
E:\IMG\center_2025_12_05_11_43_29_084.jpg,E:\IMG\left_2025_12_05_11_43_29_084.jpg,E:\IMG\right_2025_12_05_11_43_29_084.jpg,-0.15,0.03058687,0,29.913
E:\IMG\center_2025_12_05_11_43_29_167.jpg,E:\IMG\left_2025_12_05_11_43_29_167.jpg,E:\IMG\right_2025_12_05_11_43_29_167.jpg,-0.35,0,0,29.6108
E:\IMG\center_2025_12_05_11_43_29_248.jpg,E:\IMG\left_2025_12_05_11_43_29_248.jpg,E:\IMG\right_2025_12_05_11_43_29_248.jpg,0,0,0,29.25392
E:\IMG\center_2025_12_05_11_43_29_329.jpg,E:\IMG\left_2025_12_05_11_43_29_329.jpg,E:\IMG\right_2025_12_05_11_43_29_329.jpg,0,0,0,29.00604
E:\IMG\center_2025_12_05_11_43_29_412.jpg,E:\IMG\left_2025_12_05_11_43_29_412.jpg,E:\IMG\right_2025_12_05_11_43_29_412.jpg,0,0,0,28.76977
E:\IMG\center_2025_12_05_11_43_29_482.jpg,E:\IMG\left_2025_12_05_11_43_29_482.jpg,E:\IMG\right_2025_12_05_11_43_29_482.jpg,0,0,0,28.53779
E:\IMG\center_2025_12_05_11_43_29_562.jpg,E:\IMG\left_2025_12_05_11_43_29_562.jpg,E:\IMG\right_2025_12_05_11_43_29_562.jpg,0,0.0508071,0,28.30822
E:\IMG\center_2025_12_05_11_43_29_644.jpg,E:\IMG\left_2025_12_05_11_43_29_644.jpg,E:\IMG\right_2025_12_05_11_43_29_644.jpg,0,0.2996181,0,28.23445
E:\IMG\center_2025_12_05_11_43_29_713.jpg,E:\IMG\left_2025_12_05_11_43_29_713.jpg,E:\IMG\right_2025_12_05_11_43_29_713.jpg,0,0.4538709,0,28.3295
E:\IMG\center_2025_12_05_11_43_29_782.jpg,E:\IMG\left_2025_12_05_11_43_29_782.jpg,E:\IMG\right_2025_12_05_11_43_29_782.jpg,-0.05,0.7082992,0,28.67148
E:\IMG\center_2025_12_05_11_43_29_849.jpg,E:\IMG\left_2025_12_05_11_43_29_849.jpg,E:\IMG\right_2025_12_05_11_43_29_849.jpg,-0.2,0.9113904,0,29.04314
E:\IMG\center_2025_12_05_11_43_29_915.jpg,E:\IMG\left_2025_12_05_11_43_29_915.jpg,E:\IMG\right_2025_12_05_11_43_29_915.jpg,-0.4,1,0,29.66449
E:\IMG\center_2025_12_05_11_43_29_983.jpg,E:\IMG\left_2025_12_05_11_43_29_983.jpg,E:\IMG\right_2025_12_05_11_43_29_983.jpg,0,0.7962217,0,30.08828
E:\IMG\center_2025_12_05_11_43_30_053.jpg,E:\IMG\left_2025_12_05_11_43_30_053.jpg,E:\IMG\right_2025_12_05_11_43_30_053.jpg,0,0.6382108,0,30.10735
E:\IMG\center_2025_12_05_11_43_30_123.jpg,E:\IMG\left_2025_12_05_11_43_30_123.jpg,E:\IMG\right_2025_12_05_11_43_30_123.jpg,0,0.3766117,0,30.04157
E:\IMG\center_2025_12_05_11_43_30_191.jpg,E:\IMG\left_2025_12_05_11_43_30_191.jpg,E:\IMG\right_2025_12_05_11_43_30_191.jpg,-0.1,0.2220064,0,30.00086
E:\IMG\center_2025_12_05_11_43_30_264.jpg,E:\IMG\left_2025_12_05_11_43_30_264.jpg,E:\IMG\right_2025_12_05_11_43_30_264.jpg,-0.3,0,0,29.7971
E:\IMG\center_2025_12_05_11_43_30_334.jpg,E:\IMG\left_2025_12_05_11_43_30_334.jpg,E:\IMG\right_2025_12_05_11_43_30_334.jpg,0,0,0,29.61287
E:\IMG\center_2025_12_05_11_43_30_403.jpg,E:\IMG\left_2025_12_05_11_43_30_403.jpg,E:\IMG\right_2025_12_05_11_43_30_403.jpg,0,0,0,29.37341
E:\IMG\center_2025_12_05_11_43_30_471.jpg,E:\IMG\left_2025_12_05_11_43_30_471.jpg,E:\IMG\right_2025_12_05_11_43_30_471.jpg,-0.1,0,0,29.19444
E:\IMG\center_2025_12_05_11_43_30_541.jpg,E:\IMG\left_2025_12_05_11_43_30_541.jpg,E:\IMG\right_2025_12_05_11_43_30_541.jpg,-0.3,0,0,28.91636
E:\IMG\center_2025_12_05_11_43_30_608.jpg,E:\IMG\left_2025_12_05_11_43_30_608.jpg,E:\IMG\right_2025_12_05_11_43_30_608.jpg,0,0,0,28.73649
E:\IMG\center_2025_12_05_11_43_30_680.jpg,E:\IMG\left_2025_12_05_11_43_30_680.jpg,E:\IMG\right_2025_12_05_11_43_30_680.jpg,0,0,0,28.50414
E:\IMG\center_2025_12_05_11_43_30_748.jpg,E:\IMG\left_2025_12_05_11_43_30_748.jpg,E:\IMG\right_2025_12_05_11_43_30_748.jpg,0,0,0,28.3318
E:\IMG\center_2025_12_05_11_43_30_820.jpg,E:\IMG\left_2025_12_05_11_43_30_820.jpg,E:\IMG\right_2025_12_05_11_43_30_820.jpg,0,0.2127621,0,28.19445
E:\IMG\center_2025_12_05_11_43_30_888.jpg,E:\IMG\left_2025_12_05_11_43_30_888.jpg,E:\IMG\right_2025_12_05_11_43_30_888.jpg,0,0.4195419,0,28.24883
E:\IMG\center_2025_12_05_11_43_30_958.jpg,E:\IMG\left_2025_12_05_11_43_30_958.jpg,E:\IMG\right_2025_12_05_11_43_30_958.jpg,0,0.6315024,0,28.51953
E:\IMG\center_2025_12_05_11_43_31_030.jpg,E:\IMG\left_2025_12_05_11_43_31_030.jpg,E:\IMG\right_2025_12_05_11_43_31_030.jpg,0,0.8426871,0,28.87715
E:\IMG\center_2025_12_05_11_43_31_098.jpg,E:\IMG\left_2025_12_05_11_43_31_098.jpg,E:\IMG\right_2025_12_05_11_43_31_098.jpg,-0.15,1,0,29.53893
E:\IMG\center_2025_12_05_11_43_31_168.jpg,E:\IMG\left_2025_12_05_11_43_31_168.jpg,E:\IMG\right_2025_12_05_11_43_31_168.jpg,-0.3,1,0,30.04073
E:\IMG\center_2025_12_05_11_43_31_240.jpg,E:\IMG\left_2025_12_05_11_43_31_240.jpg,E:\IMG\right_2025_12_05_11_43_31_240.jpg,0,0.8978608,0,30.16475
E:\IMG\center_2025_12_05_11_43_31_309.jpg,E:\IMG\left_2025_12_05_11_43_31_309.jpg,E:\IMG\right_2025_12_05_11_43_31_309.jpg,0,0.6913037,0,30.13416
E:\IMG\center_2025_12_05_11_43_31_381.jpg,E:\IMG\left_2025_12_05_11_43_31_381.jpg,E:\IMG\right_2025_12_05_11_43_31_381.jpg,0,0.4752275,0,30.06837
E:\IMG\center_2025_12_05_11_43_31_450.jpg,E:\IMG\left_2025_12_05_11_43_31_450.jpg,E:\IMG\right_2025_12_05_11_43_31_450.jpg,0,0.3151328,0,30.02745
E:\IMG\center_2025_12_05_11_43_31_525.jpg,E:\IMG\left_2025_12_05_11_43_31_525.jpg,E:\IMG\right_2025_12_05_11_43_31_525.jpg,0,0.04378847,0,29.91699
E:\IMG\center_2025_12_05_11_43_31_594.jpg,E:\IMG\left_2025_12_05_11_43_31_594.jpg,E:\IMG\right_2025_12_05_11_43_31_594.jpg,0,0.2526221,0,29.80481
E:\IMG\center_2025_12_05_11_43_31_664.jpg,E:\IMG\left_2025_12_05_11_43_31_664.jpg,E:\IMG\right_2025_12_05_11_43_31_664.jpg,0,0.4633931,0,29.88419
E:\IMG\center_2025_12_05_11_43_31_733.jpg,E:\IMG\left_2025_12_05_11_43_31_733.jpg,E:\IMG\right_2025_12_05_11_43_31_733.jpg,0,0.6222298,0,30.08115
E:\IMG\center_2025_12_05_11_43_31_807.jpg,E:\IMG\left_2025_12_05_11_43_31_807.jpg,E:\IMG\right_2025_12_05_11_43_31_807.jpg,0,0.8910565,0,30.15147
E:\IMG\center_2025_12_05_11_43_31_879.jpg,E:\IMG\left_2025_12_05_11_43_31_879.jpg,E:\IMG\right_2025_12_05_11_43_31_879.jpg,0,1,0,30.1901
E:\IMG\center_2025_12_05_11_43_31_951.jpg,E:\IMG\left_2025_12_05_11_43_31_951.jpg,E:\IMG\right_2025_12_05_11_43_31_951.jpg,0,1,0,30.19029
E:\IMG\center_2025_12_05_11_43_32_020.jpg,E:\IMG\left_2025_12_05_11_43_32_020.jpg,E:\IMG\right_2025_12_05_11_43_32_020.jpg,0,1,0,30.19025
E:\IMG\center_2025_12_05_11_43_32_092.jpg,E:\IMG\left_2025_12_05_11_43_32_092.jpg,E:\IMG\right_2025_12_05_11_43_32_092.jpg,-0.05,1,0,30.18971
E:\IMG\center_2025_12_05_11_43_32_161.jpg,E:\IMG\left_2025_12_05_11_43_32_161.jpg,E:\IMG\right_2025_12_05_11_43_32_161.jpg,-0.25,0.8972671,0,30.15818
E:\IMG\center_2025_12_05_11_43_32_234.jpg,E:\IMG\left_2025_12_05_11_43_32_234.jpg,E:\IMG\right_2025_12_05_11_43_32_234.jpg,0,0.6807541,0,30.12005
E:\IMG\center_2025_12_05_11_43_32_309.jpg,E:\IMG\left_2025_12_05_11_43_32_309.jpg,E:\IMG\right_2025_12_05_11_43_32_309.jpg,0,0.5007108,0,30.06035
E:\IMG\center_2025_12_05_11_43_32_378.jpg,E:\IMG\left_2025_12_05_11_43_32_378.jpg,E:\IMG\right_2025_12_05_11_43_32_378.jpg,0,0.2461659,0,30.00907
E:\IMG\center_2025_12_05_11_43_32_448.jpg,E:\IMG\left_2025_12_05_11_43_32_448.jpg,E:\IMG\right_2025_12_05_11_43_32_448.jpg,0,0.1947126,0,29.94934
E:\IMG\center_2025_12_05_11_43_32_523.jpg,E:\IMG\left_2025_12_05_11_43_32_523.jpg,E:\IMG\right_2025_12_05_11_43_32_523.jpg,0,0.4598784,0,30.03151
E:\IMG\center_2025_12_05_11_43_32_596.jpg,E:\IMG\left_2025_12_05_11_43_32_596.jpg,E:\IMG\right_2025_12_05_11_43_32_596.jpg,0,0.6802135,0,30.1002
E:\IMG\center_2025_12_05_11_43_32_666.jpg,E:\IMG\left_2025_12_05_11_43_32_666.jpg,E:\IMG\right_2025_12_05_11_43_32_666.jpg,0,0.8896695,0,30.14987
E:\IMG\center_2025_12_05_11_43_32_739.jpg,E:\IMG\left_2025_12_05_11_43_32_739.jpg,E:\IMG\right_2025_12_05_11_43_32_739.jpg,-0.2,1,0,30.17956
E:\IMG\center_2025_12_05_11_43_32_811.jpg,E:\IMG\left_2025_12_05_11_43_32_811.jpg,E:\IMG\right_2025_12_05_11_43_32_811.jpg,-0.35,1,0,30.16362
E:\IMG\center_2025_12_05_11_43_32_881.jpg,E:\IMG\left_2025_12_05_11_43_32_881.jpg,E:\IMG\right_2025_12_05_11_43_32_881.jpg,0,0.8992673,0,30.17153
E:\IMG\center_2025_12_05_11_43_32_953.jpg,E:\IMG\left_2025_12_05_11_43_32_953.jpg,E:\IMG\right_2025_12_05_11_43_32_953.jpg,0,0.7393159,0,30.1342
E:\IMG\center_2025_12_05_11_43_33_026.jpg,E:\IMG\left_2025_12_05_11_43_33_026.jpg,E:\IMG\right_2025_12_05_11_43_33_026.jpg,0,0.4630288,0,30.07883
E:\IMG\center_2025_12_05_11_43_33_099.jpg,E:\IMG\left_2025_12_05_11_43_33_099.jpg,E:\IMG\right_2025_12_05_11_43_33_099.jpg,0,0.2466301,0,30.01
E:\IMG\center_2025_12_05_11_43_33_173.jpg,E:\IMG\left_2025_12_05_11_43_33_173.jpg,E:\IMG\right_2025_12_05_11_43_33_173.jpg,0,0.08064704,0,29.94458
E:\IMG\center_2025_12_05_11_43_33_246.jpg,E:\IMG\left_2025_12_05_11_43_33_246.jpg,E:\IMG\right_2025_12_05_11_43_33_246.jpg,0,0,0,29.7163
E:\IMG\center_2025_12_05_11_43_33_322.jpg,E:\IMG\left_2025_12_05_11_43_33_322.jpg,E:\IMG\right_2025_12_05_11_43_33_322.jpg,0,0.0567408,0,29.47762
E:\IMG\center_2025_12_05_11_43_33_396.jpg,E:\IMG\left_2025_12_05_11_43_33_396.jpg,E:\IMG\right_2025_12_05_11_43_33_396.jpg,0,0.2773371,0,29.39279
E:\IMG\center_2025_12_05_11_43_33_469.jpg,E:\IMG\left_2025_12_05_11_43_33_469.jpg,E:\IMG\right_2025_12_05_11_43_33_469.jpg,0,0.4984488,0,29.47523
E:\IMG\center_2025_12_05_11_43_33_549.jpg,E:\IMG\left_2025_12_05_11_43_33_549.jpg,E:\IMG\right_2025_12_05_11_43_33_549.jpg,0,0.7366377,0,29.82147
E:\IMG\center_2025_12_05_11_43_33_622.jpg,E:\IMG\left_2025_12_05_11_43_33_622.jpg,E:\IMG\right_2025_12_05_11_43_33_622.jpg,0,0.9554186,0,30.17246
E:\IMG\center_2025_12_05_11_43_33_710.jpg,E:\IMG\left_2025_12_05_11_43_33_710.jpg,E:\IMG\right_2025_12_05_11_43_33_710.jpg,0,1,0,30.19056
E:\IMG\center_2025_12_05_11_43_33_781.jpg,E:\IMG\left_2025_12_05_11_43_33_781.jpg,E:\IMG\right_2025_12_05_11_43_33_781.jpg,-0.05,1,0,30.18969
E:\IMG\center_2025_12_05_11_43_33_854.jpg,E:\IMG\left_2025_12_05_11_43_33_854.jpg,E:\IMG\right_2025_12_05_11_43_33_854.jpg,-0.2,0.9408577,0,30.17984
E:\IMG\center_2025_12_05_11_43_33_930.jpg,E:\IMG\left_2025_12_05_11_43_33_930.jpg,E:\IMG\right_2025_12_05_11_43_33_930.jpg,0,0.7117147,0,30.12745
E:\IMG\center_2025_12_05_11_43_34_008.jpg,E:\IMG\left_2025_12_05_11_43_34_008.jpg,E:\IMG\right_2025_12_05_11_43_34_008.jpg,0,0.4752128,0,30.08536
E:\IMG\center_2025_12_05_11_43_34_083.jpg,E:\IMG\left_2025_12_05_11_43_34_083.jpg,E:\IMG\right_2025_12_05_11_43_34_083.jpg,0,0.2532509,0,30.01209
E:\IMG\center_2025_12_05_11_43_34_158.jpg,E:\IMG\left_2025_12_05_11_43_34_158.jpg,E:\IMG\right_2025_12_05_11_43_34_158.jpg,0,0.4790315,0,30.04983
E:\IMG\center_2025_12_05_11_43_34_233.jpg,E:\IMG\left_2025_12_05_11_43_34_233.jpg,E:\IMG\right_2025_12_05_11_43_34_233.jpg,0,0.6622999,0,30.09491
E:\IMG\center_2025_12_05_11_43_34_311.jpg,E:\IMG\left_2025_12_05_11_43_34_311.jpg,E:\IMG\right_2025_12_05_11_43_34_311.jpg,0,0.8896486,0,30.16739
E:\IMG\center_2025_12_05_11_43_34_383.jpg,E:\IMG\left_2025_12_05_11_43_34_383.jpg,E:\IMG\right_2025_12_05_11_43_34_383.jpg,-0.2,1,0,30.18057
E:\IMG\center_2025_12_05_11_43_34_451.jpg,E:\IMG\left_2025_12_05_11_43_34_451.jpg,E:\IMG\right_2025_12_05_11_43_34_451.jpg,-0.35,1,0,30.16352
E:\IMG\center_2025_12_05_11_43_34_522.jpg,E:\IMG\left_2025_12_05_11_43_34_522.jpg,E:\IMG\right_2025_12_05_11_43_34_522.jpg,0,0.7442245,0,30.1338
E:\IMG\center_2025_12_05_11_43_34_595.jpg,E:\IMG\left_2025_12_05_11_43_34_595.jpg,E:\IMG\right_2025_12_05_11_43_34_595.jpg,0,0.5268154,0,30.08204
E:\IMG\center_2025_12_05_11_43_34_663.jpg,E:\IMG\left_2025_12_05_11_43_34_663.jpg,E:\IMG\right_2025_12_05_11_43_34_663.jpg,0,0.3178396,0,30.02953
E:\IMG\center_2025_12_05_11_43_34_735.jpg,E:\IMG\left_2025_12_05_11_43_34_735.jpg,E:\IMG\right_2025_12_05_11_43_34_735.jpg,0,0.4212778,0,30.03161
E:\IMG\center_2025_12_05_11_43_34_803.jpg,E:\IMG\left_2025_12_05_11_43_34_803.jpg,E:\IMG\right_2025_12_05_11_43_34_803.jpg,0,0.6229551,0,30.08421
E:\IMG\center_2025_12_05_11_43_34_876.jpg,E:\IMG\left_2025_12_05_11_43_34_876.jpg,E:\IMG\right_2025_12_05_11_43_34_876.jpg,0,0.8421546,0,30.14204
E:\IMG\center_2025_12_05_11_43_34_944.jpg,E:\IMG\left_2025_12_05_11_43_34_944.jpg,E:\IMG\right_2025_12_05_11_43_34_944.jpg,0,1,0,30.18967
E:\IMG\center_2025_12_05_11_43_35_019.jpg,E:\IMG\left_2025_12_05_11_43_35_019.jpg,E:\IMG\right_2025_12_05_11_43_35_019.jpg,0,1,0,30.19027
E:\IMG\center_2025_12_05_11_43_35_100.jpg,E:\IMG\left_2025_12_05_11_43_35_100.jpg,E:\IMG\right_2025_12_05_11_43_35_100.jpg,0,1,0,30.1903
E:\IMG\center_2025_12_05_11_43_35_187.jpg,E:\IMG\left_2025_12_05_11_43_35_187.jpg,E:\IMG\right_2025_12_05_11_43_35_187.jpg,0,0.7383796,0,30.13928
E:\IMG\center_2025_12_05_11_43_35_269.jpg,E:\IMG\left_2025_12_05_11_43_35_269.jpg,E:\IMG\right_2025_12_05_11_43_35_269.jpg,0,0.4939953,0,30.08249
E:\IMG\center_2025_12_05_11_43_35_336.jpg,E:\IMG\left_2025_12_05_11_43_35_336.jpg,E:\IMG\right_2025_12_05_11_43_35_336.jpg,0,0.2926755,0,30.02048
E:\IMG\center_2025_12_05_11_43_35_406.jpg,E:\IMG\left_2025_12_05_11_43_35_406.jpg,E:\IMG\right_2025_12_05_11_43_35_406.jpg,0,0.08332714,0,29.95883
E:\IMG\center_2025_12_05_11_43_35_474.jpg,E:\IMG\left_2025_12_05_11_43_35_474.jpg,E:\IMG\right_2025_12_05_11_43_35_474.jpg,0,0.2355498,0,29.88408
E:\IMG\center_2025_12_05_11_43_35_543.jpg,E:\IMG\left_2025_12_05_11_43_35_543.jpg,E:\IMG\right_2025_12_05_11_43_35_543.jpg,0,0.4955586,0,30.00563
E:\IMG\center_2025_12_05_11_43_35_610.jpg,E:\IMG\left_2025_12_05_11_43_35_610.jpg,E:\IMG\right_2025_12_05_11_43_35_610.jpg,0,0.6535851,0,30.08989
E:\IMG\center_2025_12_05_11_43_35_683.jpg,E:\IMG\left_2025_12_05_11_43_35_683.jpg,E:\IMG\right_2025_12_05_11_43_35_683.jpg,0,0.9137916,0,30.15713
E:\IMG\center_2025_12_05_11_43_35_764.jpg,E:\IMG\left_2025_12_05_11_43_35_764.jpg,E:\IMG\right_2025_12_05_11_43_35_764.jpg,0,1,0,30.18959
E:\IMG\center_2025_12_05_11_43_35_831.jpg,E:\IMG\left_2025_12_05_11_43_35_831.jpg,E:\IMG\right_2025_12_05_11_43_35_831.jpg,0,1,0,30.19029
E:\IMG\center_2025_12_05_11_43_35_913.jpg,E:\IMG\left_2025_12_05_11_43_35_913.jpg,E:\IMG\right_2025_12_05_11_43_35_913.jpg,0,1,0,30.19028
E:\IMG\center_2025_12_05_11_43_35_981.jpg,E:\IMG\left_2025_12_05_11_43_35_981.jpg,E:\IMG\right_2025_12_05_11_43_35_981.jpg,0,1,0,30.19029
E:\IMG\center_2025_12_05_11_43_36_049.jpg,E:\IMG\left_2025_12_05_11_43_36_049.jpg,E:\IMG\right_2025_12_05_11_43_36_049.jpg,-0.1,1,0,30.18764
E:\IMG\center_2025_12_05_11_43_36_118.jpg,E:\IMG\left_2025_12_05_11_43_36_118.jpg,E:\IMG\right_2025_12_05_11_43_36_118.jpg,0,0.8946427,0,30.16786
E:\IMG\center_2025_12_05_11_43_36_185.jpg,E:\IMG\left_2025_12_05_11_43_36_185.jpg,E:\IMG\right_2025_12_05_11_43_36_185.jpg,0,0.6920611,0,30.11832
E:\IMG\center_2025_12_05_11_43_36_251.jpg,E:\IMG\left_2025_12_05_11_43_36_251.jpg,E:\IMG\right_2025_12_05_11_43_36_251.jpg,0,0.5361658,0,30.0793
E:\IMG\center_2025_12_05_11_43_36_319.jpg,E:\IMG\left_2025_12_05_11_43_36_319.jpg,E:\IMG\right_2025_12_05_11_43_36_319.jpg,0,0.4873833,0,30.05365
E:\IMG\center_2025_12_05_11_43_36_389.jpg,E:\IMG\left_2025_12_05_11_43_36_389.jpg,E:\IMG\right_2025_12_05_11_43_36_389.jpg,0,0.6559158,0,30.11194
E:\IMG\center_2025_12_05_11_43_36_471.jpg,E:\IMG\left_2025_12_05_11_43_36_471.jpg,E:\IMG\right_2025_12_05_11_43_36_471.jpg,0,0.8960169,0,30.15348
E:\IMG\center_2025_12_05_11_43_36_540.jpg,E:\IMG\left_2025_12_05_11_43_36_540.jpg,E:\IMG\right_2025_12_05_11_43_36_540.jpg,-0.1,1,0,30.18837
E:\IMG\center_2025_12_05_11_43_36_610.jpg,E:\IMG\left_2025_12_05_11_43_36_610.jpg,E:\IMG\right_2025_12_05_11_43_36_610.jpg,-0.25,1,0,30.17493
E:\IMG\center_2025_12_05_11_43_36_677.jpg,E:\IMG\left_2025_12_05_11_43_36_677.jpg,E:\IMG\right_2025_12_05_11_43_36_677.jpg,0,0.9539374,0,30.19007
E:\IMG\center_2025_12_05_11_43_36_746.jpg,E:\IMG\left_2025_12_05_11_43_36_746.jpg,E:\IMG\right_2025_12_05_11_43_36_746.jpg,0,0.7435009,0,30.13035
E:\IMG\center_2025_12_05_11_43_36_818.jpg,E:\IMG\left_2025_12_05_11_43_36_818.jpg,E:\IMG\right_2025_12_05_11_43_36_818.jpg,0,0.5287622,0,30.08289
E:\IMG\center_2025_12_05_11_43_36_888.jpg,E:\IMG\left_2025_12_05_11_43_36_888.jpg,E:\IMG\right_2025_12_05_11_43_36_888.jpg,0,0.3194306,0,30.03134
E:\IMG\center_2025_12_05_11_43_36_958.jpg,E:\IMG\left_2025_12_05_11_43_36_958.jpg,E:\IMG\right_2025_12_05_11_43_36_958.jpg,0,0.5297078,0,30.0608
E:\IMG\center_2025_12_05_11_43_37_027.jpg,E:\IMG\left_2025_12_05_11_43_37_027.jpg,E:\IMG\right_2025_12_05_11_43_37_027.jpg,0,0.7358931,0,30.05182
E:\IMG\center_2025_12_05_11_43_37_095.jpg,E:\IMG\left_2025_12_05_11_43_37_095.jpg,E:\IMG\right_2025_12_05_11_43_37_095.jpg,0,0.9406878,0,30.14707
E:\IMG\center_2025_12_05_11_43_37_163.jpg,E:\IMG\left_2025_12_05_11_43_37_163.jpg,E:\IMG\right_2025_12_05_11_43_37_163.jpg,0,1,0,30.18965
E:\IMG\center_2025_12_05_11_43_37_234.jpg,E:\IMG\left_2025_12_05_11_43_37_234.jpg,E:\IMG\right_2025_12_05_11_43_37_234.jpg,0,1,0,30.16468
E:\IMG\center_2025_12_05_11_43_37_303.jpg,E:\IMG\left_2025_12_05_11_43_37_303.jpg,E:\IMG\right_2025_12_05_11_43_37_303.jpg,0,1,0,30.18914
E:\IMG\center_2025_12_05_11_43_37_373.jpg,E:\IMG\left_2025_12_05_11_43_37_373.jpg,E:\IMG\right_2025_12_05_11_43_37_373.jpg,0,1,0,30.18817
E:\IMG\center_2025_12_05_11_43_37_443.jpg,E:\IMG\left_2025_12_05_11_43_37_443.jpg,E:\IMG\right_2025_12_05_11_43_37_443.jpg,0,1,0,30.1895
E:\IMG\center_2025_12_05_11_43_37_513.jpg,E:\IMG\left_2025_12_05_11_43_37_513.jpg,E:\IMG\right_2025_12_05_11_43_37_513.jpg,0,1,0,30.18983
E:\IMG\center_2025_12_05_11_43_37_585.jpg,E:\IMG\left_2025_12_05_11_43_37_585.jpg,E:\IMG\right_2025_12_05_11_43_37_585.jpg,0,1,0,30.18995
E:\IMG\center_2025_12_05_11_43_37_655.jpg,E:\IMG\left_2025_12_05_11_43_37_655.jpg,E:\IMG\right_2025_12_05_11_43_37_655.jpg,0,1,0,30.18998
E:\IMG\center_2025_12_05_11_43_37_727.jpg,E:\IMG\left_2025_12_05_11_43_37_727.jpg,E:\IMG\right_2025_12_05_11_43_37_727.jpg,0,1,0,30.18995
E:\IMG\center_2025_12_05_11_43_37_797.jpg,E:\IMG\left_2025_12_05_11_43_37_797.jpg,E:\IMG\right_2025_12_05_11_43_37_797.jpg,0,1,0,30.18992
E:\IMG\center_2025_12_05_11_43_37_873.jpg,E:\IMG\left_2025_12_05_11_43_37_873.jpg,E:\IMG\right_2025_12_05_11_43_37_873.jpg,0,1,0,30.18994
E:\IMG\center_2025_12_05_11_43_37_946.jpg,E:\IMG\left_2025_12_05_11_43_37_946.jpg,E:\IMG\right_2025_12_05_11_43_37_946.jpg,0,1,0,30.18995
E:\IMG\center_2025_12_05_11_43_38_016.jpg,E:\IMG\left_2025_12_05_11_43_38_016.jpg,E:\IMG\right_2025_12_05_11_43_38_016.jpg,0,1,0,30.18994
E:\IMG\center_2025_12_05_11_43_38_085.jpg,E:\IMG\left_2025_12_05_11_43_38_085.jpg,E:\IMG\right_2025_12_05_11_43_38_085.jpg,0,1,0,30.18995
E:\IMG\center_2025_12_05_11_43_38_156.jpg,E:\IMG\left_2025_12_05_11_43_38_156.jpg,E:\IMG\right_2025_12_05_11_43_38_156.jpg,0,1,0,30.18995
E:\IMG\center_2025_12_05_11_43_38_229.jpg,E:\IMG\left_2025_12_05_11_43_38_229.jpg,E:\IMG\right_2025_12_05_11_43_38_229.jpg,0,1,0,30.18994
E:\IMG\center_2025_12_05_11_43_38_302.jpg,E:\IMG\left_2025_12_05_11_43_38_302.jpg,E:\IMG\right_2025_12_05_11_43_38_302.jpg,0,1,0,30.18994
E:\IMG\center_2025_12_05_11_43_38_373.jpg,E:\IMG\left_2025_12_05_11_43_38_373.jpg,E:\IMG\right_2025_12_05_11_43_38_373.jpg,0,1,0,30.18994
E:\IMG\center_2025_12_05_11_43_38_444.jpg,E:\IMG\left_2025_12_05_11_43_38_444.jpg,E:\IMG\right_2025_12_05_11_43_38_444.jpg,0,1,0,30.18993
E:\IMG\center_2025_12_05_11_43_38_520.jpg,E:\IMG\left_2025_12_05_11_43_38_520.jpg,E:\IMG\right_2025_12_05_11_43_38_520.jpg,0,1,0,30.18991
E:\IMG\center_2025_12_05_11_43_38_592.jpg,E:\IMG\left_2025_12_05_11_43_38_592.jpg,E:\IMG\right_2025_12_05_11_43_38_592.jpg,0,1,0,30.18992
E:\IMG\center_2025_12_05_11_43_38_668.jpg,E:\IMG\left_2025_12_05_11_43_38_668.jpg,E:\IMG\right_2025_12_05_11_43_38_668.jpg,0,1,0,30.18995
E:\IMG\center_2025_12_05_11_43_38_744.jpg,E:\IMG\left_2025_12_05_11_43_38_744.jpg,E:\IMG\right_2025_12_05_11_43_38_744.jpg,0,1,0,30.18993
E:\IMG\center_2025_12_05_11_43_38_818.jpg,E:\IMG\left_2025_12_05_11_43_38_818.jpg,E:\IMG\right_2025_12_05_11_43_38_818.jpg,0,1,0,30.18995
E:\IMG\center_2025_12_05_11_43_38_887.jpg,E:\IMG\left_2025_12_05_11_43_38_887.jpg,E:\IMG\right_2025_12_05_11_43_38_887.jpg,0,1,0,30.18993
E:\IMG\center_2025_12_05_11_43_38_959.jpg,E:\IMG\left_2025_12_05_11_43_38_959.jpg,E:\IMG\right_2025_12_05_11_43_38_959.jpg,0,1,0,30.18994
E:\IMG\center_2025_12_05_11_43_39_029.jpg,E:\IMG\left_2025_12_05_11_43_39_029.jpg,E:\IMG\right_2025_12_05_11_43_39_029.jpg,0,1,0,30.18993
E:\IMG\center_2025_12_05_11_43_39_101.jpg,E:\IMG\left_2025_12_05_11_43_39_101.jpg,E:\IMG\right_2025_12_05_11_43_39_101.jpg,0,1,0,30.18993
E:\IMG\center_2025_12_05_11_43_39_173.jpg,E:\IMG\left_2025_12_05_11_43_39_173.jpg,E:\IMG\right_2025_12_05_11_43_39_173.jpg,0,1,0,30.18993
E:\IMG\center_2025_12_05_11_43_39_250.jpg,E:\IMG\left_2025_12_05_11_43_39_250.jpg,E:\IMG\right_2025_12_05_11_43_39_250.jpg,0,1,0,30.18995
E:\IMG\center_2025_12_05_11_43_39_320.jpg,E:\IMG\left_2025_12_05_11_43_39_320.jpg,E:\IMG\right_2025_12_05_11_43_39_320.jpg,0,1,0,30.18994
E:\IMG\center_2025_12_05_11_43_39_389.jpg,E:\IMG\left_2025_12_05_11_43_39_389.jpg,E:\IMG\right_2025_12_05_11_43_39_389.jpg,0,1,0,30.18992
E:\IMG\center_2025_12_05_11_43_39_460.jpg,E:\IMG\left_2025_12_05_11_43_39_460.jpg,E:\IMG\right_2025_12_05_11_43_39_460.jpg,0,1,0,30.18995
E:\IMG\center_2025_12_05_11_43_39_532.jpg,E:\IMG\left_2025_12_05_11_43_39_532.jpg,E:\IMG\right_2025_12_05_11_43_39_532.jpg,0,1,0,30.18994
E:\IMG\center_2025_12_05_11_43_39_605.jpg,E:\IMG\left_2025_12_05_11_43_39_605.jpg,E:\IMG\right_2025_12_05_11_43_39_605.jpg,0,1,0,30.18994
E:\IMG\center_2025_12_05_11_43_39_679.jpg,E:\IMG\left_2025_12_05_11_43_39_679.jpg,E:\IMG\right_2025_12_05_11_43_39_679.jpg,0,1,0,30.18993
E:\IMG\center_2025_12_05_11_43_39_751.jpg,E:\IMG\left_2025_12_05_11_43_39_751.jpg,E:\IMG\right_2025_12_05_11_43_39_751.jpg,0,1,0,30.18992
E:\IMG\center_2025_12_05_11_43_39_824.jpg,E:\IMG\left_2025_12_05_11_43_39_824.jpg,E:\IMG\right_2025_12_05_11_43_39_824.jpg,0,1,0,30.18996
E:\IMG\center_2025_12_05_11_43_39_895.jpg,E:\IMG\left_2025_12_05_11_43_39_895.jpg,E:\IMG\right_2025_12_05_11_43_39_895.jpg,0,1,0,30.18991
E:\IMG\center_2025_12_05_11_43_39_969.jpg,E:\IMG\left_2025_12_05_11_43_39_969.jpg,E:\IMG\right_2025_12_05_11_43_39_969.jpg,0,1,0,30.18993
E:\IMG\center_2025_12_05_11_43_40_045.jpg,E:\IMG\left_2025_12_05_11_43_40_045.jpg,E:\IMG\right_2025_12_05_11_43_40_045.jpg,0,1,0,30.18993
E:\IMG\center_2025_12_05_11_43_40_121.jpg,E:\IMG\left_2025_12_05_11_43_40_121.jpg,E:\IMG\right_2025_12_05_11_43_40_121.jpg,0,1,0,30.18992
E:\IMG\center_2025_12_05_11_43_40_192.jpg,E:\IMG\left_2025_12_05_11_43_40_192.jpg,E:\IMG\right_2025_12_05_11_43_40_192.jpg,0,1,0,30.18995
E:\IMG\center_2025_12_05_11_43_40_262.jpg,E:\IMG\left_2025_12_05_11_43_40_262.jpg,E:\IMG\right_2025_12_05_11_43_40_262.jpg,0,1,0,30.18993
E:\IMG\center_2025_12_05_11_43_40_338.jpg,E:\IMG\left_2025_12_05_11_43_40_338.jpg,E:\IMG\right_2025_12_05_11_43_40_338.jpg,0,1,0,30.18992
E:\IMG\center_2025_12_05_11_43_40_410.jpg,E:\IMG\left_2025_12_05_11_43_40_410.jpg,E:\IMG\right_2025_12_05_11_43_40_410.jpg,0,1,0,30.18995
E:\IMG\center_2025_12_05_11_43_40_488.jpg,E:\IMG\left_2025_12_05_11_43_40_488.jpg,E:\IMG\right_2025_12_05_11_43_40_488.jpg,0,1,0,30.18991
E:\IMG\center_2025_12_05_11_43_40_559.jpg,E:\IMG\left_2025_12_05_11_43_40_559.jpg,E:\IMG\right_2025_12_05_11_43_40_559.jpg,0,1,0,30.18993
E:\IMG\center_2025_12_05_11_43_40_632.jpg,E:\IMG\left_2025_12_05_11_43_40_632.jpg,E:\IMG\right_2025_12_05_11_43_40_632.jpg,0,1,0,30.18993
E:\IMG\center_2025_12_05_11_43_40_708.jpg,E:\IMG\left_2025_12_05_11_43_40_708.jpg,E:\IMG\right_2025_12_05_11_43_40_708.jpg,0,1,0,30.18993
E:\IMG\center_2025_12_05_11_43_40_784.jpg,E:\IMG\left_2025_12_05_11_43_40_784.jpg,E:\IMG\right_2025_12_05_11_43_40_784.jpg,0,1,0,30.18993
E:\IMG\center_2025_12_05_11_43_40_859.jpg,E:\IMG\left_2025_12_05_11_43_40_859.jpg,E:\IMG\right_2025_12_05_11_43_40_859.jpg,0,1,0,30.18993
E:\IMG\center_2025_12_05_11_43_40_932.jpg,E:\IMG\left_2025_12_05_11_43_40_932.jpg,E:\IMG\right_2025_12_05_11_43_40_932.jpg,0,1,0,30.18992
E:\IMG\center_2025_12_05_11_43_41_005.jpg,E:\IMG\left_2025_12_05_11_43_41_005.jpg,E:\IMG\right_2025_12_05_11_43_41_005.jpg,0,1,0,30.18995
E:\IMG\center_2025_12_05_11_43_41_080.jpg,E:\IMG\left_2025_12_05_11_43_41_080.jpg,E:\IMG\right_2025_12_05_11_43_41_080.jpg,0,1,0,30.18995
E:\IMG\center_2025_12_05_11_43_41_166.jpg,E:\IMG\left_2025_12_05_11_43_41_166.jpg,E:\IMG\right_2025_12_05_11_43_41_166.jpg,0,1,0,30.18993
E:\IMG\center_2025_12_05_11_43_41_240.jpg,E:\IMG\left_2025_12_05_11_43_41_240.jpg,E:\IMG\right_2025_12_05_11_43_41_240.jpg,0,1,0,30.18993
E:\IMG\center_2025_12_05_11_43_41_319.jpg,E:\IMG\left_2025_12_05_11_43_41_319.jpg,E:\IMG\right_2025_12_05_11_43_41_319.jpg,0,1,0,30.18993
E:\IMG\center_2025_12_05_11_43_41_397.jpg,E:\IMG\left_2025_12_05_11_43_41_397.jpg,E:\IMG\right_2025_12_05_11_43_41_397.jpg,0,1,0,30.18993
E:\IMG\center_2025_12_05_11_43_41_473.jpg,E:\IMG\left_2025_12_05_11_43_41_473.jpg,E:\IMG\right_2025_12_05_11_43_41_473.jpg,0,1,0,30.18994
E:\IMG\center_2025_12_05_11_43_41_545.jpg,E:\IMG\left_2025_12_05_11_43_41_545.jpg,E:\IMG\right_2025_12_05_11_43_41_545.jpg,0,1,0,30.18994
E:\IMG\center_2025_12_05_11_43_41_617.jpg,E:\IMG\left_2025_12_05_11_43_41_617.jpg,E:\IMG\right_2025_12_05_11_43_41_617.jpg,0,1,0,30.18994
E:\IMG\center_2025_12_05_11_43_41_690.jpg,E:\IMG\left_2025_12_05_11_43_41_690.jpg,E:\IMG\right_2025_12_05_11_43_41_690.jpg,0,1,0,30.18993
E:\IMG\center_2025_12_05_11_43_41_768.jpg,E:\IMG\left_2025_12_05_11_43_41_768.jpg,E:\IMG\right_2025_12_05_11_43_41_768.jpg,0,1,0,30.18995
E:\IMG\center_2025_12_05_11_43_41_845.jpg,E:\IMG\left_2025_12_05_11_43_41_845.jpg,E:\IMG\right_2025_12_05_11_43_41_845.jpg,0,1,0,30.18993
E:\IMG\center_2025_12_05_11_43_41_922.jpg,E:\IMG\left_2025_12_05_11_43_41_922.jpg,E:\IMG\right_2025_12_05_11_43_41_922.jpg,0,1,0,30.18993
E:\IMG\center_2025_12_05_11_43_42_001.jpg,E:\IMG\left_2025_12_05_11_43_42_001.jpg,E:\IMG\right_2025_12_05_11_43_42_001.jpg,0,1,0,30.18995
E:\IMG\center_2025_12_05_11_43_42_082.jpg,E:\IMG\left_2025_12_05_11_43_42_082.jpg,E:\IMG\right_2025_12_05_11_43_42_082.jpg,0,1,0,30.18993
E:\IMG\center_2025_12_05_11_43_42_160.jpg,E:\IMG\left_2025_12_05_11_43_42_160.jpg,E:\IMG\right_2025_12_05_11_43_42_160.jpg,0,1,0,30.18992
E:\IMG\center_2025_12_05_11_43_42_241.jpg,E:\IMG\left_2025_12_05_11_43_42_241.jpg,E:\IMG\right_2025_12_05_11_43_42_241.jpg,0,1,0,30.18995
E:\IMG\center_2025_12_05_11_43_42_319.jpg,E:\IMG\left_2025_12_05_11_43_42_319.jpg,E:\IMG\right_2025_12_05_11_43_42_319.jpg,0,1,0,30.18993
E:\IMG\center_2025_12_05_11_43_42_400.jpg,E:\IMG\left_2025_12_05_11_43_42_400.jpg,E:\IMG\right_2025_12_05_11_43_42_400.jpg,0,1,0,30.18994
E:\IMG\center_2025_12_05_11_43_42_480.jpg,E:\IMG\left_2025_12_05_11_43_42_480.jpg,E:\IMG\right_2025_12_05_11_43_42_480.jpg,0,1,0,30.18994
E:\IMG\center_2025_12_05_11_43_42_562.jpg,E:\IMG\left_2025_12_05_11_43_42_562.jpg,E:\IMG\right_2025_12_05_11_43_42_562.jpg,0,1,0,30.18992
E:\IMG\center_2025_12_05_11_43_42_644.jpg,E:\IMG\left_2025_12_05_11_43_42_644.jpg,E:\IMG\right_2025_12_05_11_43_42_644.jpg,0,1,0,30.18994
E:\IMG\center_2025_12_05_11_43_42_725.jpg,E:\IMG\left_2025_12_05_11_43_42_725.jpg,E:\IMG\right_2025_12_05_11_43_42_725.jpg,0,1,0,30.18995
E:\IMG\center_2025_12_05_11_43_42_807.jpg,E:\IMG\left_2025_12_05_11_43_42_807.jpg,E:\IMG\right_2025_12_05_11_43_42_807.jpg,0,1,0,30.18993
E:\IMG\center_2025_12_05_11_43_42_890.jpg,E:\IMG\left_2025_12_05_11_43_42_890.jpg,E:\IMG\right_2025_12_05_11_43_42_890.jpg,0,1,0,30.18992
E:\IMG\center_2025_12_05_11_43_42_971.jpg,E:\IMG\left_2025_12_05_11_43_42_971.jpg,E:\IMG\right_2025_12_05_11_43_42_971.jpg,0,1,0,30.18993
E:\IMG\center_2025_12_05_11_43_43_058.jpg,E:\IMG\left_2025_12_05_11_43_43_058.jpg,E:\IMG\right_2025_12_05_11_43_43_058.jpg,0,1,0,30.18993
E:\IMG\center_2025_12_05_11_43_43_141.jpg,E:\IMG\left_2025_12_05_11_43_43_141.jpg,E:\IMG\right_2025_12_05_11_43_43_141.jpg,0,1,0,30.18993
E:\IMG\center_2025_12_05_11_43_43_227.jpg,E:\IMG\left_2025_12_05_11_43_43_227.jpg,E:\IMG\right_2025_12_05_11_43_43_227.jpg,0,1,0,30.18993
E:\IMG\center_2025_12_05_11_43_43_313.jpg,E:\IMG\left_2025_12_05_11_43_43_313.jpg,E:\IMG\right_2025_12_05_11_43_43_313.jpg,0,1,0,30.18992
E:\IMG\center_2025_12_05_11_43_43_399.jpg,E:\IMG\left_2025_12_05_11_43_43_399.jpg,E:\IMG\right_2025_12_05_11_43_43_399.jpg,0,1,0,30.18994
E:\IMG\center_2025_12_05_11_43_43_487.jpg,E:\IMG\left_2025_12_05_11_43_43_487.jpg,E:\IMG\right_2025_12_05_11_43_43_487.jpg,0,1,0,30.18993
E:\IMG\center_2025_12_05_11_43_43_573.jpg,E:\IMG\left_2025_12_05_11_43_43_573.jpg,E:\IMG\right_2025_12_05_11_43_43_573.jpg,0,1,0,30.18995
E:\IMG\center_2025_12_05_11_43_43_639.jpg,E:\IMG\left_2025_12_05_11_43_43_639.jpg,E:\IMG\right_2025_12_05_11_43_43_639.jpg,0,1,0,30.18993
E:\IMG\center_2025_12_05_11_43_43_727.jpg,E:\IMG\left_2025_12_05_11_43_43_727.jpg,E:\IMG\right_2025_12_05_11_43_43_727.jpg,0,1,0,30.18994
E:\IMG\center_2025_12_05_11_43_43_814.jpg,E:\IMG\left_2025_12_05_11_43_43_814.jpg,E:\IMG\right_2025_12_05_11_43_43_814.jpg,0,1,0,30.18995
E:\IMG\center_2025_12_05_11_43_43_882.jpg,E:\IMG\left_2025_12_05_11_43_43_882.jpg,E:\IMG\right_2025_12_05_11_43_43_882.jpg,0,1,0,30.18993
E:\IMG\center_2025_12_05_11_43_43_969.jpg,E:\IMG\left_2025_12_05_11_43_43_969.jpg,E:\IMG\right_2025_12_05_11_43_43_969.jpg,0,1,0,30.18995
E:\IMG\center_2025_12_05_11_43_44_036.jpg,E:\IMG\left_2025_12_05_11_43_44_036.jpg,E:\IMG\right_2025_12_05_11_43_44_036.jpg,0,1,0,30.18993
E:\IMG\center_2025_12_05_11_43_44_103.jpg,E:\IMG\left_2025_12_05_11_43_44_103.jpg,E:\IMG\right_2025_12_05_11_43_44_103.jpg,0,1,0,30.18995
E:\IMG\center_2025_12_05_11_43_44_172.jpg,E:\IMG\left_2025_12_05_11_43_44_172.jpg,E:\IMG\right_2025_12_05_11_43_44_172.jpg,0,0.7929841,0,30.15121
E:\IMG\center_2025_12_05_11_43_44_262.jpg,E:\IMG\left_2025_12_05_11_43_44_262.jpg,E:\IMG\right_2025_12_05_11_43_44_262.jpg,-0.05,0.5238748,0,30.08025
E:\IMG\center_2025_12_05_11_43_44_330.jpg,E:\IMG\left_2025_12_05_11_43_44_330.jpg,E:\IMG\right_2025_12_05_11_43_44_330.jpg,-0.2,0.3195895,0,30.02045
E:\IMG\center_2025_12_05_11_43_44_401.jpg,E:\IMG\left_2025_12_05_11_43_44_401.jpg,E:\IMG\right_2025_12_05_11_43_44_401.jpg,0,0.1069081,0,29.968
E:\IMG\center_2025_12_05_11_43_44_470.jpg,E:\IMG\left_2025_12_05_11_43_44_470.jpg,E:\IMG\right_2025_12_05_11_43_44_470.jpg,0,0.1834981,0,29.84902
E:\IMG\center_2025_12_05_11_43_44_539.jpg,E:\IMG\left_2025_12_05_11_43_44_539.jpg,E:\IMG\right_2025_12_05_11_43_44_539.jpg,0,0.3877153,0,29.88054
E:\IMG\center_2025_12_05_11_43_44_610.jpg,E:\IMG\left_2025_12_05_11_43_44_610.jpg,E:\IMG\right_2025_12_05_11_43_44_610.jpg,0,0.6021028,0,30.05265
E:\IMG\center_2025_12_05_11_43_44_681.jpg,E:\IMG\left_2025_12_05_11_43_44_681.jpg,E:\IMG\right_2025_12_05_11_43_44_681.jpg,0,0.814399,0,30.13351
E:\IMG\center_2025_12_05_11_43_44_754.jpg,E:\IMG\left_2025_12_05_11_43_44_754.jpg,E:\IMG\right_2025_12_05_11_43_44_754.jpg,0,1,0,30.18298
E:\IMG\center_2025_12_05_11_43_44_835.jpg,E:\IMG\left_2025_12_05_11_43_44_835.jpg,E:\IMG\right_2025_12_05_11_43_44_835.jpg,-0.1,0.7597283,0,30.12235
E:\IMG\center_2025_12_05_11_43_44_918.jpg,E:\IMG\left_2025_12_05_11_43_44_918.jpg,E:\IMG\right_2025_12_05_11_43_44_918.jpg,-0.3,0.5083463,0,30.03902
E:\IMG\center_2025_12_05_11_43_44_999.jpg,E:\IMG\left_2025_12_05_11_43_44_999.jpg,E:\IMG\right_2025_12_05_11_43_44_999.jpg,0,0.2650096,0,30.01526
E:\IMG\center_2025_12_05_11_43_45_074.jpg,E:\IMG\left_2025_12_05_11_43_45_074.jpg,E:\IMG\right_2025_12_05_11_43_45_074.jpg,0,0.3180472,0,29.93496
E:\IMG\center_2025_12_05_11_43_45_146.jpg,E:\IMG\left_2025_12_05_11_43_45_146.jpg,E:\IMG\right_2025_12_05_11_43_45_146.jpg,0,0.5387908,0,29.83868
E:\IMG\center_2025_12_05_11_43_45_223.jpg,E:\IMG\left_2025_12_05_11_43_45_223.jpg,E:\IMG\right_2025_12_05_11_43_45_223.jpg,0,0.7668999,0,29.988
E:\IMG\center_2025_12_05_11_43_45_301.jpg,E:\IMG\left_2025_12_05_11_43_45_301.jpg,E:\IMG\right_2025_12_05_11_43_45_301.jpg,0,1,0,30.06144
E:\IMG\center_2025_12_05_11_43_45_371.jpg,E:\IMG\left_2025_12_05_11_43_45_371.jpg,E:\IMG\right_2025_12_05_11_43_45_371.jpg,0,1,0,29.89083
E:\IMG\center_2025_12_05_11_43_45_444.jpg,E:\IMG\left_2025_12_05_11_43_45_444.jpg,E:\IMG\right_2025_12_05_11_43_45_444.jpg,0,0.7842503,0,30.13683
E:\IMG\center_2025_12_05_11_43_45_521.jpg,E:\IMG\left_2025_12_05_11_43_45_521.jpg,E:\IMG\right_2025_12_05_11_43_45_521.jpg,0,0.5540077,0,30.07214
E:\IMG\center_2025_12_05_11_43_45_600.jpg,E:\IMG\left_2025_12_05_11_43_45_600.jpg,E:\IMG\right_2025_12_05_11_43_45_600.jpg,0,0.3137977,0,30.03267
E:\IMG\center_2025_12_05_11_43_45_675.jpg,E:\IMG\left_2025_12_05_11_43_45_675.jpg,E:\IMG\right_2025_12_05_11_43_45_675.jpg,0,0.09115751,0,29.92844
E:\IMG\center_2025_12_05_11_43_45_751.jpg,E:\IMG\left_2025_12_05_11_43_45_751.jpg,E:\IMG\right_2025_12_05_11_43_45_751.jpg,-0.05,0,0,29.76628
E:\IMG\center_2025_12_05_11_43_45_830.jpg,E:\IMG\left_2025_12_05_11_43_45_830.jpg,E:\IMG\right_2025_12_05_11_43_45_830.jpg,0,0,0,29.50522
E:\IMG\center_2025_12_05_11_43_45_907.jpg,E:\IMG\left_2025_12_05_11_43_45_907.jpg,E:\IMG\right_2025_12_05_11_43_45_907.jpg,0,0,0,29.26791
E:\IMG\center_2025_12_05_11_43_45_987.jpg,E:\IMG\left_2025_12_05_11_43_45_987.jpg,E:\IMG\right_2025_12_05_11_43_45_987.jpg,0,0.2421312,0,29.12796
E:\IMG\center_2025_12_05_11_43_46_064.jpg,E:\IMG\left_2025_12_05_11_43_46_064.jpg,E:\IMG\right_2025_12_05_11_43_46_064.jpg,0,0.4737576,0,29.24331
E:\IMG\center_2025_12_05_11_43_46_139.jpg,E:\IMG\left_2025_12_05_11_43_46_139.jpg,E:\IMG\right_2025_12_05_11_43_46_139.jpg,0,0.6987198,0,29.575
E:\IMG\center_2025_12_05_11_43_46_223.jpg,E:\IMG\left_2025_12_05_11_43_46_223.jpg,E:\IMG\right_2025_12_05_11_43_46_223.jpg,0,0.6039228,0,30.00381
E:\IMG\center_2025_12_05_11_43_46_295.jpg,E:\IMG\left_2025_12_05_11_43_46_295.jpg,E:\IMG\right_2025_12_05_11_43_46_295.jpg,-0.15,0.3849,0,30.02379
E:\IMG\center_2025_12_05_11_43_46_370.jpg,E:\IMG\left_2025_12_05_11_43_46_370.jpg,E:\IMG\right_2025_12_05_11_43_46_370.jpg,-0.3,0.1589877,0,29.96841
E:\IMG\center_2025_12_05_11_43_46_444.jpg,E:\IMG\left_2025_12_05_11_43_46_444.jpg,E:\IMG\right_2025_12_05_11_43_46_444.jpg,0,0,0,29.78638
E:\IMG\center_2025_12_05_11_43_46_520.jpg,E:\IMG\left_2025_12_05_11_43_46_520.jpg,E:\IMG\right_2025_12_05_11_43_46_520.jpg,0,0.0745983,0,29.54693
E:\IMG\center_2025_12_05_11_43_46_603.jpg,E:\IMG\left_2025_12_05_11_43_46_603.jpg,E:\IMG\right_2025_12_05_11_43_46_603.jpg,0,0.3251193,0,29.52372
E:\IMG\center_2025_12_05_11_43_46_699.jpg,E:\IMG\left_2025_12_05_11_43_46_699.jpg,E:\IMG\right_2025_12_05_11_43_46_699.jpg,0,0.6146154,0,29.80454
E:\IMG\center_2025_12_05_11_43_46_777.jpg,E:\IMG\left_2025_12_05_11_43_46_777.jpg,E:\IMG\right_2025_12_05_11_43_46_777.jpg,0,0.6426357,0,30.09164
E:\IMG\center_2025_12_05_11_43_46_845.jpg,E:\IMG\left_2025_12_05_11_43_46_845.jpg,E:\IMG\right_2025_12_05_11_43_46_845.jpg,0,0.4336944,0,30.0664
E:\IMG\center_2025_12_05_11_43_46_921.jpg,E:\IMG\left_2025_12_05_11_43_46_921.jpg,E:\IMG\right_2025_12_05_11_43_46_921.jpg,0,0.209028,0,29.98335
E:\IMG\center_2025_12_05_11_43_46_987.jpg,E:\IMG\left_2025_12_05_11_43_46_987.jpg,E:\IMG\right_2025_12_05_11_43_46_987.jpg,-0.1,0.008570973,0,29.89405
E:\IMG\center_2025_12_05_11_43_47_060.jpg,E:\IMG\left_2025_12_05_11_43_47_060.jpg,E:\IMG\right_2025_12_05_11_43_47_060.jpg,-0.3,0,0,29.60265
E:\IMG\center_2025_12_05_11_43_47_133.jpg,E:\IMG\left_2025_12_05_11_43_47_133.jpg,E:\IMG\right_2025_12_05_11_43_47_133.jpg,0,0,0,29.41858
E:\IMG\center_2025_12_05_11_43_47_211.jpg,E:\IMG\left_2025_12_05_11_43_47_211.jpg,E:\IMG\right_2025_12_05_11_43_47_211.jpg,0,0.1592661,0,29.21453
E:\IMG\center_2025_12_05_11_43_47_278.jpg,E:\IMG\left_2025_12_05_11_43_47_278.jpg,E:\IMG\right_2025_12_05_11_43_47_278.jpg,0,0.3599556,0,29.22084
E:\IMG\center_2025_12_05_11_43_47_350.jpg,E:\IMG\left_2025_12_05_11_43_47_350.jpg,E:\IMG\right_2025_12_05_11_43_47_350.jpg,0,0.5770734,0,29.38886
E:\IMG\center_2025_12_05_11_43_47_424.jpg,E:\IMG\left_2025_12_05_11_43_47_424.jpg,E:\IMG\right_2025_12_05_11_43_47_424.jpg,0,0.7964205,0,29.79911
E:\IMG\center_2025_12_05_11_43_47_500.jpg,E:\IMG\left_2025_12_05_11_43_47_500.jpg,E:\IMG\right_2025_12_05_11_43_47_500.jpg,0,0.5691915,0,30.0751
E:\IMG\center_2025_12_05_11_43_47_567.jpg,E:\IMG\left_2025_12_05_11_43_47_567.jpg,E:\IMG\right_2025_12_05_11_43_47_567.jpg,-0.15,0.3656592,0,30.04088
E:\IMG\center_2025_12_05_11_43_47_641.jpg,E:\IMG\left_2025_12_05_11_43_47_641.jpg,E:\IMG\right_2025_12_05_11_43_47_641.jpg,0,0.1464354,0,29.95947
E:\IMG\center_2025_12_05_11_43_47_709.jpg,E:\IMG\left_2025_12_05_11_43_47_709.jpg,E:\IMG\right_2025_12_05_11_43_47_709.jpg,0,0,0,29.82188
E:\IMG\center_2025_12_05_11_43_47_785.jpg,E:\IMG\left_2025_12_05_11_43_47_785.jpg,E:\IMG\right_2025_12_05_11_43_47_785.jpg,0,0,0,29.58146
E:\IMG\center_2025_12_05_11_43_47_863.jpg,E:\IMG\left_2025_12_05_11_43_47_863.jpg,E:\IMG\right_2025_12_05_11_43_47_863.jpg,0,0.2341677,0,29.46898
E:\IMG\center_2025_12_05_11_43_47_934.jpg,E:\IMG\left_2025_12_05_11_43_47_934.jpg,E:\IMG\right_2025_12_05_11_43_47_934.jpg,-0.05,0.4436712,0,29.50974
E:\IMG\center_2025_12_05_11_43_48_018.jpg,E:\IMG\left_2025_12_05_11_43_48_018.jpg,E:\IMG\right_2025_12_05_11_43_48_018.jpg,-0.3,0.5681977,0,29.85245
E:\IMG\center_2025_12_05_11_43_48_086.jpg,E:\IMG\left_2025_12_05_11_43_48_086.jpg,E:\IMG\right_2025_12_05_11_43_48_086.jpg,-0.45,0.3618199,0,29.92961
E:\IMG\center_2025_12_05_11_43_48_153.jpg,E:\IMG\left_2025_12_05_11_43_48_153.jpg,E:\IMG\right_2025_12_05_11_43_48_153.jpg,0,0.1612375,0,29.84638
E:\IMG\center_2025_12_05_11_43_48_245.jpg,E:\IMG\left_2025_12_05_11_43_48_245.jpg,E:\IMG\right_2025_12_05_11_43_48_245.jpg,0,0,0,29.60595
E:\IMG\center_2025_12_05_11_43_48_334.jpg,E:\IMG\left_2025_12_05_11_43_48_334.jpg,E:\IMG\right_2025_12_05_11_43_48_334.jpg,0,0,0,29.36496
E:\IMG\center_2025_12_05_11_43_48_402.jpg,E:\IMG\left_2025_12_05_11_43_48_402.jpg,E:\IMG\right_2025_12_05_11_43_48_402.jpg,0,0,0,29.12826
E:\IMG\center_2025_12_05_11_43_48_470.jpg,E:\IMG\left_2025_12_05_11_43_48_470.jpg,E:\IMG\right_2025_12_05_11_43_48_470.jpg,0,0.2034954,0,29.01124
E:\IMG\center_2025_12_05_11_43_48_540.jpg,E:\IMG\left_2025_12_05_11_43_48_540.jpg,E:\IMG\right_2025_12_05_11_43_48_540.jpg,0,0.4146912,0,29.07135
E:\IMG\center_2025_12_05_11_43_48_609.jpg,E:\IMG\left_2025_12_05_11_43_48_609.jpg,E:\IMG\right_2025_12_05_11_43_48_609.jpg,-0.05,0.6201907,0,29.26354
E:\IMG\center_2025_12_05_11_43_48_679.jpg,E:\IMG\left_2025_12_05_11_43_48_679.jpg,E:\IMG\right_2025_12_05_11_43_48_679.jpg,-0.25,0.6881386,0,29.69255
E:\IMG\center_2025_12_05_11_43_48_748.jpg,E:\IMG\left_2025_12_05_11_43_48_748.jpg,E:\IMG\right_2025_12_05_11_43_48_748.jpg,-0.4,0.4810954,0,29.87154
E:\IMG\center_2025_12_05_11_43_48_817.jpg,E:\IMG\left_2025_12_05_11_43_48_817.jpg,E:\IMG\right_2025_12_05_11_43_48_817.jpg,0,0.2713588,0,29.98453
E:\IMG\center_2025_12_05_11_43_48_885.jpg,E:\IMG\left_2025_12_05_11_43_48_885.jpg,E:\IMG\right_2025_12_05_11_43_48_885.jpg,0,0.06944442,0,29.93507
E:\IMG\center_2025_12_05_11_43_48_958.jpg,E:\IMG\left_2025_12_05_11_43_48_958.jpg,E:\IMG\right_2025_12_05_11_43_48_958.jpg,0,0,0,29.70419
E:\IMG\center_2025_12_05_11_43_49_046.jpg,E:\IMG\left_2025_12_05_11_43_49_046.jpg,E:\IMG\right_2025_12_05_11_43_49_046.jpg,-0.15,0,0,29.45897
E:\IMG\center_2025_12_05_11_43_49_115.jpg,E:\IMG\left_2025_12_05_11_43_49_115.jpg,E:\IMG\right_2025_12_05_11_43_49_115.jpg,-0.35,0,0,29.15737
E:\IMG\center_2025_12_05_11_43_49_182.jpg,E:\IMG\left_2025_12_05_11_43_49_182.jpg,E:\IMG\right_2025_12_05_11_43_49_182.jpg,-0.5000001,0,0,28.87472
E:\IMG\center_2025_12_05_11_43_49_253.jpg,E:\IMG\left_2025_12_05_11_43_49_253.jpg,E:\IMG\right_2025_12_05_11_43_49_253.jpg,-0.6500001,0,0,28.54277
E:\IMG\center_2025_12_05_11_43_49_322.jpg,E:\IMG\left_2025_12_05_11_43_49_322.jpg,E:\IMG\right_2025_12_05_11_43_49_322.jpg,0,0,0,28.14198
E:\IMG\center_2025_12_05_11_43_49_390.jpg,E:\IMG\left_2025_12_05_11_43_49_390.jpg,E:\IMG\right_2025_12_05_11_43_49_390.jpg,0,0,0,27.94671
E:\IMG\center_2025_12_05_11_43_49_459.jpg,E:\IMG\left_2025_12_05_11_43_49_459.jpg,E:\IMG\right_2025_12_05_11_43_49_459.jpg,0,0,0,27.71198
E:\IMG\center_2025_12_05_11_43_49_547.jpg,E:\IMG\left_2025_12_05_11_43_49_547.jpg,E:\IMG\right_2025_12_05_11_43_49_547.jpg,0,0.2627154,0,27.59785
E:\IMG\center_2025_12_05_11_43_49_615.jpg,E:\IMG\left_2025_12_05_11_43_49_615.jpg,E:\IMG\right_2025_12_05_11_43_49_615.jpg,0,0.4653087,0,27.75104
E:\IMG\center_2025_12_05_11_43_49_682.jpg,E:\IMG\left_2025_12_05_11_43_49_682.jpg,E:\IMG\right_2025_12_05_11_43_49_682.jpg,0,0.6674352,0,27.9834
E:\IMG\center_2025_12_05_11_43_49_759.jpg,E:\IMG\left_2025_12_05_11_43_49_759.jpg,E:\IMG\right_2025_12_05_11_43_49_759.jpg,-0.15,0.5744727,0,28.38641
E:\IMG\center_2025_12_05_11_43_49_838.jpg,E:\IMG\left_2025_12_05_11_43_49_838.jpg,E:\IMG\right_2025_12_05_11_43_49_838.jpg,-0.35,0.3348729,0,28.55103
E:\IMG\center_2025_12_05_11_43_49_905.jpg,E:\IMG\left_2025_12_05_11_43_49_905.jpg,E:\IMG\right_2025_12_05_11_43_49_905.jpg,-0.5000001,0.1333419,0,28.45454
E:\IMG\center_2025_12_05_11_43_49_990.jpg,E:\IMG\left_2025_12_05_11_43_49_990.jpg,E:\IMG\right_2025_12_05_11_43_49_990.jpg,0,0,0,28.19372
E:\IMG\center_2025_12_05_11_43_50_058.jpg,E:\IMG\left_2025_12_05_11_43_50_058.jpg,E:\IMG\right_2025_12_05_11_43_50_058.jpg,0,0,0,27.95786
E:\IMG\center_2025_12_05_11_43_50_144.jpg,E:\IMG\left_2025_12_05_11_43_50_144.jpg,E:\IMG\right_2025_12_05_11_43_50_144.jpg,0,0,0,27.7311
E:\IMG\center_2025_12_05_11_43_50_231.jpg,E:\IMG\left_2025_12_05_11_43_50_231.jpg,E:\IMG\right_2025_12_05_11_43_50_231.jpg,-0.2,0,0,27.49615
E:\IMG\center_2025_12_05_11_43_50_298.jpg,E:\IMG\left_2025_12_05_11_43_50_298.jpg,E:\IMG\right_2025_12_05_11_43_50_298.jpg,-0.4,0,0,27.19641
E:\IMG\center_2025_12_05_11_43_50_368.jpg,E:\IMG\left_2025_12_05_11_43_50_368.jpg,E:\IMG\right_2025_12_05_11_43_50_368.jpg,-0.5500001,0,0,26.91638
E:\IMG\center_2025_12_05_11_43_50_452.jpg,E:\IMG\left_2025_12_05_11_43_50_452.jpg,E:\IMG\right_2025_12_05_11_43_50_452.jpg,-0.7500002,0,0,26.47139
E:\IMG\center_2025_12_05_11_43_50_523.jpg,E:\IMG\left_2025_12_05_11_43_50_523.jpg,E:\IMG\right_2025_12_05_11_43_50_523.jpg,0,0,0,26.01352
E:\IMG\center_2025_12_05_11_43_50_592.jpg,E:\IMG\left_2025_12_05_11_43_50_592.jpg,E:\IMG\right_2025_12_05_11_43_50_592.jpg,0,0,0,25.78351
E:\IMG\center_2025_12_05_11_43_50_681.jpg,E:\IMG\left_2025_12_05_11_43_50_681.jpg,E:\IMG\right_2025_12_05_11_43_50_681.jpg,0,0,0,25.49886
E:\IMG\center_2025_12_05_11_43_50_749.jpg,E:\IMG\left_2025_12_05_11_43_50_749.jpg,E:\IMG\right_2025_12_05_11_43_50_749.jpg,0,0,0,25.34056
E:\IMG\center_2025_12_05_11_43_50_817.jpg,E:\IMG\left_2025_12_05_11_43_50_817.jpg,E:\IMG\right_2025_12_05_11_43_50_817.jpg,-0.2,0,0,25.12903
E:\IMG\center_2025_12_05_11_43_50_889.jpg,E:\IMG\left_2025_12_05_11_43_50_889.jpg,E:\IMG\right_2025_12_05_11_43_50_889.jpg,-0.35,0,0,24.93304
E:\IMG\center_2025_12_05_11_43_50_977.jpg,E:\IMG\left_2025_12_05_11_43_50_977.jpg,E:\IMG\right_2025_12_05_11_43_50_977.jpg,-0.6000001,0,0,24.50728
E:\IMG\center_2025_12_05_11_43_51_047.jpg,E:\IMG\left_2025_12_05_11_43_51_047.jpg,E:\IMG\right_2025_12_05_11_43_51_047.jpg,0,0,0,24.2758
E:\IMG\center_2025_12_05_11_43_51_133.jpg,E:\IMG\left_2025_12_05_11_43_51_133.jpg,E:\IMG\right_2025_12_05_11_43_51_133.jpg,0,0,0,24.05788
E:\IMG\center_2025_12_05_11_43_51_210.jpg,E:\IMG\left_2025_12_05_11_43_51_210.jpg,E:\IMG\right_2025_12_05_11_43_51_210.jpg,0,0,0,23.86054
E:\IMG\center_2025_12_05_11_43_51_286.jpg,E:\IMG\left_2025_12_05_11_43_51_286.jpg,E:\IMG\right_2025_12_05_11_43_51_286.jpg,-0.2,0,0,23.65965
E:\IMG\center_2025_12_05_11_43_51_356.jpg,E:\IMG\left_2025_12_05_11_43_51_356.jpg,E:\IMG\right_2025_12_05_11_43_51_356.jpg,-0.4,0,0,23.40024
E:\IMG\center_2025_12_05_11_43_51_446.jpg,E:\IMG\left_2025_12_05_11_43_51_446.jpg,E:\IMG\right_2025_12_05_11_43_51_446.jpg,-0.6000001,0,0,23.06798
E:\IMG\center_2025_12_05_11_43_51_532.jpg,E:\IMG\left_2025_12_05_11_43_51_532.jpg,E:\IMG\right_2025_12_05_11_43_51_532.jpg,-0.8000001,0,0,22.66794
E:\IMG\center_2025_12_05_11_43_51_616.jpg,E:\IMG\left_2025_12_05_11_43_51_616.jpg,E:\IMG\right_2025_12_05_11_43_51_616.jpg,-1,0,0,22.08382
E:\IMG\center_2025_12_05_11_43_51_685.jpg,E:\IMG\left_2025_12_05_11_43_51_685.jpg,E:\IMG\right_2025_12_05_11_43_51_685.jpg,0,0,0,21.79825
E:\IMG\center_2025_12_05_11_43_51_754.jpg,E:\IMG\left_2025_12_05_11_43_51_754.jpg,E:\IMG\right_2025_12_05_11_43_51_754.jpg,0,0.2050509,0,21.62945
E:\IMG\center_2025_12_05_11_43_51_825.jpg,E:\IMG\left_2025_12_05_11_43_51_825.jpg,E:\IMG\right_2025_12_05_11_43_51_825.jpg,0,0.4155609,0,21.80194
E:\IMG\center_2025_12_05_11_43_51_897.jpg,E:\IMG\left_2025_12_05_11_43_51_897.jpg,E:\IMG\right_2025_12_05_11_43_51_897.jpg,0,0.6360954,0,22.12258
E:\IMG\center_2025_12_05_11_43_51_975.jpg,E:\IMG\left_2025_12_05_11_43_51_975.jpg,E:\IMG\right_2025_12_05_11_43_51_975.jpg,0,0.8666229,0,22.68287
E:\IMG\center_2025_12_05_11_43_52_044.jpg,E:\IMG\left_2025_12_05_11_43_52_044.jpg,E:\IMG\right_2025_12_05_11_43_52_044.jpg,0,0.6601848,0,23.06261
E:\IMG\center_2025_12_05_11_43_52_116.jpg,E:\IMG\left_2025_12_05_11_43_52_116.jpg,E:\IMG\right_2025_12_05_11_43_52_116.jpg,0,0.4445439,0,23.39
E:\IMG\center_2025_12_05_11_43_52_193.jpg,E:\IMG\left_2025_12_05_11_43_52_193.jpg,E:\IMG\right_2025_12_05_11_43_52_193.jpg,0,0.2102724,0,23.5262
E:\IMG\center_2025_12_05_11_43_52_263.jpg,E:\IMG\left_2025_12_05_11_43_52_263.jpg,E:\IMG\right_2025_12_05_11_43_52_263.jpg,-0.1,0.004415102,0,23.44255
E:\IMG\center_2025_12_05_11_43_52_335.jpg,E:\IMG\left_2025_12_05_11_43_52_335.jpg,E:\IMG\right_2025_12_05_11_43_52_335.jpg,-0.3,0,0,23.20601
E:\IMG\center_2025_12_05_11_43_52_410.jpg,E:\IMG\left_2025_12_05_11_43_52_410.jpg,E:\IMG\right_2025_12_05_11_43_52_410.jpg,0,0.1453326,0,23.08516
E:\IMG\center_2025_12_05_11_43_52_483.jpg,E:\IMG\left_2025_12_05_11_43_52_483.jpg,E:\IMG\right_2025_12_05_11_43_52_483.jpg,0,0.3637002,0,23.14268
E:\IMG\center_2025_12_05_11_43_52_559.jpg,E:\IMG\left_2025_12_05_11_43_52_559.jpg,E:\IMG\right_2025_12_05_11_43_52_559.jpg,0,0.5881974,0,23.42684
E:\IMG\center_2025_12_05_11_43_52_635.jpg,E:\IMG\left_2025_12_05_11_43_52_635.jpg,E:\IMG\right_2025_12_05_11_43_52_635.jpg,-0.15,0.8177872,0,23.94935
E:\IMG\center_2025_12_05_11_43_52_711.jpg,E:\IMG\left_2025_12_05_11_43_52_711.jpg,E:\IMG\right_2025_12_05_11_43_52_711.jpg,-0.3,1,0,24.43385
E:\IMG\center_2025_12_05_11_43_52_796.jpg,E:\IMG\left_2025_12_05_11_43_52_796.jpg,E:\IMG\right_2025_12_05_11_43_52_796.jpg,-0.5500001,0.9283849,0,25.21017
E:\IMG\center_2025_12_05_11_43_52_868.jpg,E:\IMG\left_2025_12_05_11_43_52_868.jpg,E:\IMG\right_2025_12_05_11_43_52_868.jpg,0,0.713281,0,25.64646
E:\IMG\center_2025_12_05_11_43_52_947.jpg,E:\IMG\left_2025_12_05_11_43_52_947.jpg,E:\IMG\right_2025_12_05_11_43_52_947.jpg,0,0.4761607,0,26.01598
E:\IMG\center_2025_12_05_11_43_53_027.jpg,E:\IMG\left_2025_12_05_11_43_53_027.jpg,E:\IMG\right_2025_12_05_11_43_53_027.jpg,0,0.2344733,0,26.15323
E:\IMG\center_2025_12_05_11_43_53_111.jpg,E:\IMG\left_2025_12_05_11_43_53_111.jpg,E:\IMG\right_2025_12_05_11_43_53_111.jpg,0,0,0,26.06661
E:\IMG\center_2025_12_05_11_43_53_187.jpg,E:\IMG\left_2025_12_05_11_43_53_187.jpg,E:\IMG\right_2025_12_05_11_43_53_187.jpg,0,0,0,25.85501
E:\IMG\center_2025_12_05_11_43_53_270.jpg,E:\IMG\left_2025_12_05_11_43_53_270.jpg,E:\IMG\right_2025_12_05_11_43_53_270.jpg,0,0.1685691,0,25.67697
E:\IMG\center_2025_12_05_11_43_53_349.jpg,E:\IMG\left_2025_12_05_11_43_53_349.jpg,E:\IMG\right_2025_12_05_11_43_53_349.jpg,0,0.4041486,0,25.72997
E:\IMG\center_2025_12_05_11_43_53_431.jpg,E:\IMG\left_2025_12_05_11_43_53_431.jpg,E:\IMG\right_2025_12_05_11_43_53_431.jpg,0,0.6507321,0,26.02227
E:\IMG\center_2025_12_05_11_43_53_523.jpg,E:\IMG\left_2025_12_05_11_43_53_523.jpg,E:\IMG\right_2025_12_05_11_43_53_523.jpg,0,0.5457708,0,26.5759
E:\IMG\center_2025_12_05_11_43_53_599.jpg,E:\IMG\left_2025_12_05_11_43_53_599.jpg,E:\IMG\right_2025_12_05_11_43_53_599.jpg,0,0.3199973,0,26.75603
E:\IMG\center_2025_12_05_11_43_53_684.jpg,E:\IMG\left_2025_12_05_11_43_53_684.jpg,E:\IMG\right_2025_12_05_11_43_53_684.jpg,-0.1,0.06043585,0,26.73215
E:\IMG\center_2025_12_05_11_43_53_768.jpg,E:\IMG\left_2025_12_05_11_43_53_768.jpg,E:\IMG\right_2025_12_05_11_43_53_768.jpg,-0.3,0,0,26.47624
E:\IMG\center_2025_12_05_11_43_53_849.jpg,E:\IMG\left_2025_12_05_11_43_53_849.jpg,E:\IMG\right_2025_12_05_11_43_53_849.jpg,-0.5000001,0,0,26.13709
E:\IMG\center_2025_12_05_11_43_53_932.jpg,E:\IMG\left_2025_12_05_11_43_53_932.jpg,E:\IMG\right_2025_12_05_11_43_53_932.jpg,0,0,0,25.90366
E:\IMG\center_2025_12_05_11_43_54_014.jpg,E:\IMG\left_2025_12_05_11_43_54_014.jpg,E:\IMG\right_2025_12_05_11_43_54_014.jpg,0,0.0842664,0,25.6904
E:\IMG\center_2025_12_05_11_43_54_094.jpg,E:\IMG\left_2025_12_05_11_43_54_094.jpg,E:\IMG\right_2025_12_05_11_43_54_094.jpg,0,0.3265494,0,25.67111
E:\IMG\center_2025_12_05_11_43_54_179.jpg,E:\IMG\left_2025_12_05_11_43_54_179.jpg,E:\IMG\right_2025_12_05_11_43_54_179.jpg,0,0.5808795,0,25.97898
E:\IMG\center_2025_12_05_11_43_54_252.jpg,E:\IMG\left_2025_12_05_11_43_54_252.jpg,E:\IMG\right_2025_12_05_11_43_54_252.jpg,0,0.8003298,0,26.31249
E:\IMG\center_2025_12_05_11_43_54_329.jpg,E:\IMG\left_2025_12_05_11_43_54_329.jpg,E:\IMG\right_2025_12_05_11_43_54_329.jpg,-0.1,0.568122,0,26.78212
E:\IMG\center_2025_12_05_11_43_54_406.jpg,E:\IMG\left_2025_12_05_11_43_54_406.jpg,E:\IMG\right_2025_12_05_11_43_54_406.jpg,-0.3,0.3380553,0,26.97526
E:\IMG\center_2025_12_05_11_43_54_480.jpg,E:\IMG\left_2025_12_05_11_43_54_480.jpg,E:\IMG\right_2025_12_05_11_43_54_480.jpg,0,0.1131558,0,26.97742
E:\IMG\center_2025_12_05_11_43_54_553.jpg,E:\IMG\left_2025_12_05_11_43_54_553.jpg,E:\IMG\right_2025_12_05_11_43_54_553.jpg,0,0,0,26.83407
E:\IMG\center_2025_12_05_11_43_54_625.jpg,E:\IMG\left_2025_12_05_11_43_54_625.jpg,E:\IMG\right_2025_12_05_11_43_54_625.jpg,0,0,0,26.61893
E:\IMG\center_2025_12_05_11_43_54_699.jpg,E:\IMG\left_2025_12_05_11_43_54_699.jpg,E:\IMG\right_2025_12_05_11_43_54_699.jpg,0,0,0,26.40491
E:\IMG\center_2025_12_05_11_43_54_767.jpg,E:\IMG\left_2025_12_05_11_43_54_767.jpg,E:\IMG\right_2025_12_05_11_43_54_767.jpg,0,0,0,26.24552
E:\IMG\center_2025_12_05_11_43_54_837.jpg,E:\IMG\left_2025_12_05_11_43_54_837.jpg,E:\IMG\right_2025_12_05_11_43_54_837.jpg,0,0,0,26.03448
E:\IMG\center_2025_12_05_11_43_54_909.jpg,E:\IMG\left_2025_12_05_11_43_54_909.jpg,E:\IMG\right_2025_12_05_11_43_54_909.jpg,0,0,0,25.87733
E:\IMG\center_2025_12_05_11_43_54_976.jpg,E:\IMG\left_2025_12_05_11_43_54_976.jpg,E:\IMG\right_2025_12_05_11_43_54_976.jpg,0,0,0,25.66926
E:\IMG\center_2025_12_05_11_43_55_049.jpg,E:\IMG\left_2025_12_05_11_43_55_049.jpg,E:\IMG\right_2025_12_05_11_43_55_049.jpg,0,0,0,25.5143
E:\IMG\center_2025_12_05_11_43_55_123.jpg,E:\IMG\left_2025_12_05_11_43_55_123.jpg,E:\IMG\right_2025_12_05_11_43_55_123.jpg,0,0,0,25.30915
E:\IMG\center_2025_12_05_11_43_55_195.jpg,E:\IMG\left_2025_12_05_11_43_55_195.jpg,E:\IMG\right_2025_12_05_11_43_55_195.jpg,0,0,0,25.10566
E:\IMG\center_2025_12_05_11_43_55_271.jpg,E:\IMG\left_2025_12_05_11_43_55_271.jpg,E:\IMG\right_2025_12_05_11_43_55_271.jpg,0,0,0,24.95411
E:\IMG\center_2025_12_05_11_43_55_342.jpg,E:\IMG\left_2025_12_05_11_43_55_342.jpg,E:\IMG\right_2025_12_05_11_43_55_342.jpg,0,0,0,24.75347
E:\IMG\center_2025_12_05_11_43_55_419.jpg,E:\IMG\left_2025_12_05_11_43_55_419.jpg,E:\IMG\right_2025_12_05_11_43_55_419.jpg,0,0,0,24.55444
E:\IMG\center_2025_12_05_11_43_55_495.jpg,E:\IMG\left_2025_12_05_11_43_55_495.jpg,E:\IMG\right_2025_12_05_11_43_55_495.jpg,0,0,0,24.35701
E:\IMG\center_2025_12_05_11_43_55_568.jpg,E:\IMG\left_2025_12_05_11_43_55_568.jpg,E:\IMG\right_2025_12_05_11_43_55_568.jpg,0,0,0,24.20998
E:\IMG\center_2025_12_05_11_43_55_645.jpg,E:\IMG\left_2025_12_05_11_43_55_645.jpg,E:\IMG\right_2025_12_05_11_43_55_645.jpg,0,0,0,24.01533
E:\IMG\center_2025_12_05_11_43_55_727.jpg,E:\IMG\left_2025_12_05_11_43_55_727.jpg,E:\IMG\right_2025_12_05_11_43_55_727.jpg,0,0,0,23.82224
E:\IMG\center_2025_12_05_11_48_20_788.jpg,E:\IMG\left_2025_12_05_11_48_20_788.jpg,E:\IMG\right_2025_12_05_11_48_20_788.jpg,0,0,0,0.0001718239
E:\IMG\center_2025_12_05_11_48_20_863.jpg,E:\IMG\left_2025_12_05_11_48_20_863.jpg,E:\IMG\right_2025_12_05_11_48_20_863.jpg,0,0,0,0.0002577153
E:\IMG\center_2025_12_05_11_48_20_934.jpg,E:\IMG\left_2025_12_05_11_48_20_934.jpg,E:\IMG\right_2025_12_05_11_48_20_934.jpg,0,0,0,3.596875E-05
E:\IMG\center_2025_12_05_11_48_21_009.jpg,E:\IMG\left_2025_12_05_11_48_21_009.jpg,E:\IMG\right_2025_12_05_11_48_21_009.jpg,0,0,0,4.060166E-05
E:\IMG\center_2025_12_05_11_48_21_086.jpg,E:\IMG\left_2025_12_05_11_48_21_086.jpg,E:\IMG\right_2025_12_05_11_48_21_086.jpg,0,0,0,5.676203E-05
E:\IMG\center_2025_12_05_11_48_21_158.jpg,E:\IMG\left_2025_12_05_11_48_21_158.jpg,E:\IMG\right_2025_12_05_11_48_21_158.jpg,0,0,0,7.169164E-05
E:\IMG\center_2025_12_05_11_48_21_229.jpg,E:\IMG\left_2025_12_05_11_48_21_229.jpg,E:\IMG\right_2025_12_05_11_48_21_229.jpg,0,0,0,6.993416E-05
E:\IMG\center_2025_12_05_11_48_21_305.jpg,E:\IMG\left_2025_12_05_11_48_21_305.jpg,E:\IMG\right_2025_12_05_11_48_21_305.jpg,0,0,0,0.0001057869
E:\IMG\center_2025_12_05_11_48_21_378.jpg,E:\IMG\left_2025_12_05_11_48_21_378.jpg,E:\IMG\right_2025_12_05_11_48_21_378.jpg,-0.2,0,0,0.0001270441
E:\IMG\center_2025_12_05_11_48_21_452.jpg,E:\IMG\left_2025_12_05_11_48_21_452.jpg,E:\IMG\right_2025_12_05_11_48_21_452.jpg,-0.4,0,0,0.0001487342
E:\IMG\center_2025_12_05_11_48_21_527.jpg,E:\IMG\left_2025_12_05_11_48_21_527.jpg,E:\IMG\right_2025_12_05_11_48_21_527.jpg,-0.5500001,0,0,0.0001632088
E:\IMG\center_2025_12_05_11_48_21_600.jpg,E:\IMG\left_2025_12_05_11_48_21_600.jpg,E:\IMG\right_2025_12_05_11_48_21_600.jpg,-0.7500002,0,0,0.000246072
E:\IMG\center_2025_12_05_11_48_21_678.jpg,E:\IMG\left_2025_12_05_11_48_21_678.jpg,E:\IMG\right_2025_12_05_11_48_21_678.jpg,-0.9500002,0,0,2.013795E-05
E:\IMG\center_2025_12_05_11_48_21_750.jpg,E:\IMG\left_2025_12_05_11_48_21_750.jpg,E:\IMG\right_2025_12_05_11_48_21_750.jpg,-1,0,0,0.0002863237
E:\IMG\center_2025_12_05_11_48_21_822.jpg,E:\IMG\left_2025_12_05_11_48_21_822.jpg,E:\IMG\right_2025_12_05_11_48_21_822.jpg,-1,0,0,3.750837E-05
E:\IMG\center_2025_12_05_11_48_21_896.jpg,E:\IMG\left_2025_12_05_11_48_21_896.jpg,E:\IMG\right_2025_12_05_11_48_21_896.jpg,0,0,0,5.063599E-05
E:\IMG\center_2025_12_05_11_48_21_971.jpg,E:\IMG\left_2025_12_05_11_48_21_971.jpg,E:\IMG\right_2025_12_05_11_48_21_971.jpg,0,0,0,1.423288E-05
E:\IMG\center_2025_12_05_11_48_22_044.jpg,E:\IMG\left_2025_12_05_11_48_22_044.jpg,E:\IMG\right_2025_12_05_11_48_22_044.jpg,0,0,0,7.252091E-05
E:\IMG\center_2025_12_05_11_48_22_117.jpg,E:\IMG\left_2025_12_05_11_48_22_117.jpg,E:\IMG\right_2025_12_05_11_48_22_117.jpg,0,0,0,9.979968E-05
E:\IMG\center_2025_12_05_11_48_22_190.jpg,E:\IMG\left_2025_12_05_11_48_22_190.jpg,E:\IMG\right_2025_12_05_11_48_22_190.jpg,0,0,0,0.0001201928
E:\IMG\center_2025_12_05_11_48_22_266.jpg,E:\IMG\left_2025_12_05_11_48_22_266.jpg,E:\IMG\right_2025_12_05_11_48_22_266.jpg,0,0,0,0.0002223225
E:\IMG\center_2025_12_05_11_48_22_344.jpg,E:\IMG\left_2025_12_05_11_48_22_344.jpg,E:\IMG\right_2025_12_05_11_48_22_344.jpg,0,0.1033047,0,0.03796307
E:\IMG\center_2025_12_05_11_48_22_418.jpg,E:\IMG\left_2025_12_05_11_48_22_418.jpg,E:\IMG\right_2025_12_05_11_48_22_418.jpg,0,0.3628878,0,0.2605872
E:\IMG\center_2025_12_05_11_48_22_493.jpg,E:\IMG\left_2025_12_05_11_48_22_493.jpg,E:\IMG\right_2025_12_05_11_48_22_493.jpg,0,0.5856948,0,0.7407878
E:\IMG\center_2025_12_05_11_48_22_574.jpg,E:\IMG\left_2025_12_05_11_48_22_574.jpg,E:\IMG\right_2025_12_05_11_48_22_574.jpg,0,0.829439,0,1.415219
E:\IMG\center_2025_12_05_11_48_22_643.jpg,E:\IMG\left_2025_12_05_11_48_22_643.jpg,E:\IMG\right_2025_12_05_11_48_22_643.jpg,0,1,0,2.102176
E:\IMG\center_2025_12_05_11_48_22_712.jpg,E:\IMG\left_2025_12_05_11_48_22_712.jpg,E:\IMG\right_2025_12_05_11_48_22_712.jpg,0,1,0,3.031844
E:\IMG\center_2025_12_05_11_48_22_782.jpg,E:\IMG\left_2025_12_05_11_48_22_782.jpg,E:\IMG\right_2025_12_05_11_48_22_782.jpg,0,1,0,3.737686
E:\IMG\center_2025_12_05_11_48_22_855.jpg,E:\IMG\left_2025_12_05_11_48_22_855.jpg,E:\IMG\right_2025_12_05_11_48_22_855.jpg,0,1,0,4.674695
E:\IMG\center_2025_12_05_11_48_22_925.jpg,E:\IMG\left_2025_12_05_11_48_22_925.jpg,E:\IMG\right_2025_12_05_11_48_22_925.jpg,0,1,0,5.371574
E:\IMG\center_2025_12_05_11_48_22_999.jpg,E:\IMG\left_2025_12_05_11_48_22_999.jpg,E:\IMG\right_2025_12_05_11_48_22_999.jpg,0,1,0,6.29449
E:\IMG\center_2025_12_05_11_48_23_073.jpg,E:\IMG\left_2025_12_05_11_48_23_073.jpg,E:\IMG\right_2025_12_05_11_48_23_073.jpg,0,1,0,7.210097
E:\IMG\center_2025_12_05_11_48_23_146.jpg,E:\IMG\left_2025_12_05_11_48_23_146.jpg,E:\IMG\right_2025_12_05_11_48_23_146.jpg,0,1,0,7.892217
E:\IMG\center_2025_12_05_11_48_23_223.jpg,E:\IMG\left_2025_12_05_11_48_23_223.jpg,E:\IMG\right_2025_12_05_11_48_23_223.jpg,0,1,0,8.795504
E:\IMG\center_2025_12_05_11_48_23_296.jpg,E:\IMG\left_2025_12_05_11_48_23_296.jpg,E:\IMG\right_2025_12_05_11_48_23_296.jpg,0,1,0,9.69169
E:\IMG\center_2025_12_05_11_48_23_368.jpg,E:\IMG\left_2025_12_05_11_48_23_368.jpg,E:\IMG\right_2025_12_05_11_48_23_368.jpg,0,1,0,10.35923
E:\IMG\center_2025_12_05_11_48_23_444.jpg,E:\IMG\left_2025_12_05_11_48_23_444.jpg,E:\IMG\right_2025_12_05_11_48_23_444.jpg,0,1,0,11.24304
E:\IMG\center_2025_12_05_11_48_23_517.jpg,E:\IMG\left_2025_12_05_11_48_23_517.jpg,E:\IMG\right_2025_12_05_11_48_23_517.jpg,0,1,0,11.87296
E:\IMG\center_2025_12_05_11_48_23_592.jpg,E:\IMG\left_2025_12_05_11_48_23_592.jpg,E:\IMG\right_2025_12_05_11_48_23_592.jpg,0,1,0,13.0188
E:\IMG\center_2025_12_05_11_48_23_671.jpg,E:\IMG\left_2025_12_05_11_48_23_671.jpg,E:\IMG\right_2025_12_05_11_48_23_671.jpg,0,1,0,13.72763
E:\IMG\center_2025_12_05_11_48_23_744.jpg,E:\IMG\left_2025_12_05_11_48_23_744.jpg,E:\IMG\right_2025_12_05_11_48_23_744.jpg,0,1,0,14.56788
E:\IMG\center_2025_12_05_11_48_23_817.jpg,E:\IMG\left_2025_12_05_11_48_23_817.jpg,E:\IMG\right_2025_12_05_11_48_23_817.jpg,0,1,0,15.47155
E:\IMG\center_2025_12_05_11_48_23_892.jpg,E:\IMG\left_2025_12_05_11_48_23_892.jpg,E:\IMG\right_2025_12_05_11_48_23_892.jpg,0,1,0,16.3094
E:\IMG\center_2025_12_05_11_48_23_963.jpg,E:\IMG\left_2025_12_05_11_48_23_963.jpg,E:\IMG\right_2025_12_05_11_48_23_963.jpg,0,1,0,16.70068
E:\IMG\center_2025_12_05_11_48_24_037.jpg,E:\IMG\left_2025_12_05_11_48_24_037.jpg,E:\IMG\right_2025_12_05_11_48_24_037.jpg,0,1,0,17.54984
E:\IMG\center_2025_12_05_11_48_24_115.jpg,E:\IMG\left_2025_12_05_11_48_24_115.jpg,E:\IMG\right_2025_12_05_11_48_24_115.jpg,0,1,0,18.3963
E:\IMG\center_2025_12_05_11_48_24_196.jpg,E:\IMG\left_2025_12_05_11_48_24_196.jpg,E:\IMG\right_2025_12_05_11_48_24_196.jpg,0,1,0,19.23349
E:\IMG\center_2025_12_05_11_48_24_269.jpg,E:\IMG\left_2025_12_05_11_48_24_269.jpg,E:\IMG\right_2025_12_05_11_48_24_269.jpg,0,1,0,20.06222
E:\IMG\center_2025_12_05_11_48_24_340.jpg,E:\IMG\left_2025_12_05_11_48_24_340.jpg,E:\IMG\right_2025_12_05_11_48_24_340.jpg,0,0.8760067,0,20.75202
E:\IMG\center_2025_12_05_11_48_24_410.jpg,E:\IMG\left_2025_12_05_11_48_24_410.jpg,E:\IMG\right_2025_12_05_11_48_24_410.jpg,0,0.6634153,0,21.32654
E:\IMG\center_2025_12_05_11_48_24_481.jpg,E:\IMG\left_2025_12_05_11_48_24_481.jpg,E:\IMG\right_2025_12_05_11_48_24_481.jpg,0,0.4867339,0,21.51439
E:\IMG\center_2025_12_05_11_48_24_556.jpg,E:\IMG\left_2025_12_05_11_48_24_556.jpg,E:\IMG\right_2025_12_05_11_48_24_556.jpg,0,0.2274781,0,21.66598
E:\IMG\center_2025_12_05_11_48_24_624.jpg,E:\IMG\left_2025_12_05_11_48_24_624.jpg,E:\IMG\right_2025_12_05_11_48_24_624.jpg,0,0.0644353,0,21.7688
E:\IMG\center_2025_12_05_11_48_24_694.jpg,E:\IMG\left_2025_12_05_11_48_24_694.jpg,E:\IMG\right_2025_12_05_11_48_24_694.jpg,0,0.1245012,0,21.66717
E:\IMG\center_2025_12_05_11_48_24_764.jpg,E:\IMG\left_2025_12_05_11_48_24_764.jpg,E:\IMG\right_2025_12_05_11_48_24_764.jpg,0,0.2931387,0,21.45459
E:\IMG\center_2025_12_05_11_48_24_836.jpg,E:\IMG\left_2025_12_05_11_48_24_836.jpg,E:\IMG\right_2025_12_05_11_48_24_836.jpg,0,0.5525253,0,21.7393
E:\IMG\center_2025_12_05_11_48_24_904.jpg,E:\IMG\left_2025_12_05_11_48_24_904.jpg,E:\IMG\right_2025_12_05_11_48_24_904.jpg,0,0.7172115,0,22.22441
E:\IMG\center_2025_12_05_11_48_24_974.jpg,E:\IMG\left_2025_12_05_11_48_24_974.jpg,E:\IMG\right_2025_12_05_11_48_24_974.jpg,0,0.9666324,0,22.84585
E:\IMG\center_2025_12_05_11_48_25_042.jpg,E:\IMG\left_2025_12_05_11_48_25_042.jpg,E:\IMG\right_2025_12_05_11_48_25_042.jpg,0,1,0,23.38187
E:\IMG\center_2025_12_05_11_48_25_114.jpg,E:\IMG\left_2025_12_05_11_48_25_114.jpg,E:\IMG\right_2025_12_05_11_48_25_114.jpg,0,1,0,24.17321
E:\IMG\center_2025_12_05_11_48_25_183.jpg,E:\IMG\left_2025_12_05_11_48_25_183.jpg,E:\IMG\right_2025_12_05_11_48_25_183.jpg,0,1,0,24.76101
E:\IMG\center_2025_12_05_11_48_25_251.jpg,E:\IMG\left_2025_12_05_11_48_25_251.jpg,E:\IMG\right_2025_12_05_11_48_25_251.jpg,0,0.9224911,0,25.51289
E:\IMG\center_2025_12_05_11_48_25_318.jpg,E:\IMG\left_2025_12_05_11_48_25_318.jpg,E:\IMG\right_2025_12_05_11_48_25_318.jpg,0,0.7206469,0,25.96753
E:\IMG\center_2025_12_05_11_48_25_386.jpg,E:\IMG\left_2025_12_05_11_48_25_386.jpg,E:\IMG\right_2025_12_05_11_48_25_386.jpg,0,0.5562829,0,26.27074
E:\IMG\center_2025_12_05_11_48_25_467.jpg,E:\IMG\left_2025_12_05_11_48_25_467.jpg,E:\IMG\right_2025_12_05_11_48_25_467.jpg,0,0.3163348,0,26.47845
E:\IMG\center_2025_12_05_11_48_25_534.jpg,E:\IMG\left_2025_12_05_11_48_25_534.jpg,E:\IMG\right_2025_12_05_11_48_25_534.jpg,0,0.07190284,0,26.45401
E:\IMG\center_2025_12_05_11_48_25_602.jpg,E:\IMG\left_2025_12_05_11_48_25_602.jpg,E:\IMG\right_2025_12_05_11_48_25_602.jpg,0,0,0,26.31327
E:\IMG\center_2025_12_05_11_48_25_679.jpg,E:\IMG\left_2025_12_05_11_48_25_679.jpg,E:\IMG\right_2025_12_05_11_48_25_679.jpg,0,0,0,26.10116
E:\IMG\center_2025_12_05_11_48_25_760.jpg,E:\IMG\left_2025_12_05_11_48_25_760.jpg,E:\IMG\right_2025_12_05_11_48_25_760.jpg,0,0,0,25.89121
E:\IMG\center_2025_12_05_11_48_25_838.jpg,E:\IMG\left_2025_12_05_11_48_25_838.jpg,E:\IMG\right_2025_12_05_11_48_25_838.jpg,0,0,0,25.68301
E:\IMG\center_2025_12_05_11_48_25_913.jpg,E:\IMG\left_2025_12_05_11_48_25_913.jpg,E:\IMG\right_2025_12_05_11_48_25_913.jpg,0,0,0,25.4765
E:\IMG\center_2025_12_05_11_48_25_989.jpg,E:\IMG\left_2025_12_05_11_48_25_989.jpg,E:\IMG\right_2025_12_05_11_48_25_989.jpg,0,0,0,25.27165
E:\IMG\center_2025_12_05_11_48_26_065.jpg,E:\IMG\left_2025_12_05_11_48_26_065.jpg,E:\IMG\right_2025_12_05_11_48_26_065.jpg,0,0,0,25.1191
E:\IMG\center_2025_12_05_11_48_26_140.jpg,E:\IMG\left_2025_12_05_11_48_26_140.jpg,E:\IMG\right_2025_12_05_11_48_26_140.jpg,0.05,0,0,24.91657
E:\IMG\center_2025_12_05_11_48_26_218.jpg,E:\IMG\left_2025_12_05_11_48_26_218.jpg,E:\IMG\right_2025_12_05_11_48_26_218.jpg,0.25,0,0,24.68511
E:\IMG\center_2025_12_05_11_48_26_294.jpg,E:\IMG\left_2025_12_05_11_48_26_294.jpg,E:\IMG\right_2025_12_05_11_48_26_294.jpg,0.45,0,0,24.38516
E:\IMG\center_2025_12_05_11_48_26_368.jpg,E:\IMG\left_2025_12_05_11_48_26_368.jpg,E:\IMG\right_2025_12_05_11_48_26_368.jpg,0,0,0,24.22141
E:\IMG\center_2025_12_05_11_48_26_442.jpg,E:\IMG\left_2025_12_05_11_48_26_442.jpg,E:\IMG\right_2025_12_05_11_48_26_442.jpg,0,0,0,24.02144
E:\IMG\center_2025_12_05_11_48_26_517.jpg,E:\IMG\left_2025_12_05_11_48_26_517.jpg,E:\IMG\right_2025_12_05_11_48_26_517.jpg,0,0,0,23.82711
E:\IMG\center_2025_12_05_11_48_26_590.jpg,E:\IMG\left_2025_12_05_11_48_26_590.jpg,E:\IMG\right_2025_12_05_11_48_26_590.jpg,0.1,0,0,23.63355
E:\IMG\center_2025_12_05_11_48_26_663.jpg,E:\IMG\left_2025_12_05_11_48_26_663.jpg,E:\IMG\right_2025_12_05_11_48_26_663.jpg,0.25,0,0,23.46643
E:\IMG\center_2025_12_05_11_48_26_737.jpg,E:\IMG\left_2025_12_05_11_48_26_737.jpg,E:\IMG\right_2025_12_05_11_48_26_737.jpg,0.45,0,0,22.6903
E:\IMG\center_2025_12_05_11_48_26_811.jpg,E:\IMG\left_2025_12_05_11_48_26_811.jpg,E:\IMG\right_2025_12_05_11_48_26_811.jpg,0.6500001,0,0,22.41207
E:\IMG\center_2025_12_05_11_48_26_885.jpg,E:\IMG\left_2025_12_05_11_48_26_885.jpg,E:\IMG\right_2025_12_05_11_48_26_885.jpg,0.8000001,0,0,22.04224
E:\IMG\center_2025_12_05_11_48_26_959.jpg,E:\IMG\left_2025_12_05_11_48_26_959.jpg,E:\IMG\right_2025_12_05_11_48_26_959.jpg,1,0,0,20.77254
E:\IMG\center_2025_12_05_11_48_27_026.jpg,E:\IMG\left_2025_12_05_11_48_27_026.jpg,E:\IMG\right_2025_12_05_11_48_27_026.jpg,1,0,0,19.8739
E:\IMG\center_2025_12_05_11_48_27_093.jpg,E:\IMG\left_2025_12_05_11_48_27_093.jpg,E:\IMG\right_2025_12_05_11_48_27_093.jpg,0,0,0,19.37377
E:\IMG\center_2025_12_05_11_48_27_172.jpg,E:\IMG\left_2025_12_05_11_48_27_172.jpg,E:\IMG\right_2025_12_05_11_48_27_172.jpg,0,0,0,18.69682
E:\IMG\center_2025_12_05_11_48_27_251.jpg,E:\IMG\left_2025_12_05_11_48_27_251.jpg,E:\IMG\right_2025_12_05_11_48_27_251.jpg,0,0,0,12.91484
E:\IMG\center_2025_12_05_11_48_27_332.jpg,E:\IMG\left_2025_12_05_11_48_27_332.jpg,E:\IMG\right_2025_12_05_11_48_27_332.jpg,0,0,0,11.93434
E:\IMG\center_2025_12_05_11_48_27_410.jpg,E:\IMG\left_2025_12_05_11_48_27_410.jpg,E:\IMG\right_2025_12_05_11_48_27_410.jpg,-0.2,0,0,11.20821
E:\IMG\center_2025_12_05_11_48_27_488.jpg,E:\IMG\left_2025_12_05_11_48_27_488.jpg,E:\IMG\right_2025_12_05_11_48_27_488.jpg,-0.35,0,0,10.61918
E:\IMG\center_2025_12_05_11_48_27_556.jpg,E:\IMG\left_2025_12_05_11_48_27_556.jpg,E:\IMG\right_2025_12_05_11_48_27_556.jpg,-0.5500001,0,0,9.719917
E:\IMG\center_2025_12_05_11_48_27_623.jpg,E:\IMG\left_2025_12_05_11_48_27_623.jpg,E:\IMG\right_2025_12_05_11_48_27_623.jpg,-0.7,0,0,9.067756
E:\IMG\center_2025_12_05_11_48_27_693.jpg,E:\IMG\left_2025_12_05_11_48_27_693.jpg,E:\IMG\right_2025_12_05_11_48_27_693.jpg,0,0,0,8.355959
E:\IMG\center_2025_12_05_11_48_27_760.jpg,E:\IMG\left_2025_12_05_11_48_27_760.jpg,E:\IMG\right_2025_12_05_11_48_27_760.jpg,0,0,0,7.872797
E:\IMG\center_2025_12_05_11_48_27_827.jpg,E:\IMG\left_2025_12_05_11_48_27_827.jpg,E:\IMG\right_2025_12_05_11_48_27_827.jpg,0,0,0,7.399734
E:\IMG\center_2025_12_05_11_48_27_895.jpg,E:\IMG\left_2025_12_05_11_48_27_895.jpg,E:\IMG\right_2025_12_05_11_48_27_895.jpg,0,0,0,6.790616
E:\IMG\center_2025_12_05_11_48_27_963.jpg,E:\IMG\left_2025_12_05_11_48_27_963.jpg,E:\IMG\right_2025_12_05_11_48_27_963.jpg,0,0.1650654,0,6.382818
E:\IMG\center_2025_12_05_11_48_28_030.jpg,E:\IMG\left_2025_12_05_11_48_28_030.jpg,E:\IMG\right_2025_12_05_11_48_28_030.jpg,0,0.4052538,0,5.926814
E:\IMG\center_2025_12_05_11_48_28_108.jpg,E:\IMG\left_2025_12_05_11_48_28_108.jpg,E:\IMG\right_2025_12_05_11_48_28_108.jpg,0,0.6033375,0,5.721247
E:\IMG\center_2025_12_05_11_48_28_185.jpg,E:\IMG\left_2025_12_05_11_48_28_185.jpg,E:\IMG\right_2025_12_05_11_48_28_185.jpg,0,0.8358288,0,5.800877
E:\IMG\center_2025_12_05_11_48_28_263.jpg,E:\IMG\left_2025_12_05_11_48_28_263.jpg,E:\IMG\right_2025_12_05_11_48_28_263.jpg,0,1,0,6.012593
E:\IMG\center_2025_12_05_11_48_28_342.jpg,E:\IMG\left_2025_12_05_11_48_28_342.jpg,E:\IMG\right_2025_12_05_11_48_28_342.jpg,0,1,0,6.413418
E:\IMG\center_2025_12_05_11_48_28_419.jpg,E:\IMG\left_2025_12_05_11_48_28_419.jpg,E:\IMG\right_2025_12_05_11_48_28_419.jpg,0,1,0,6.831306
E:\IMG\center_2025_12_05_11_48_28_498.jpg,E:\IMG\left_2025_12_05_11_48_28_498.jpg,E:\IMG\right_2025_12_05_11_48_28_498.jpg,0,1,0,7.271082
E:\IMG\center_2025_12_05_11_48_28_576.jpg,E:\IMG\left_2025_12_05_11_48_28_576.jpg,E:\IMG\right_2025_12_05_11_48_28_576.jpg,0,1,0,7.736118
E:\IMG\center_2025_12_05_11_48_28_654.jpg,E:\IMG\left_2025_12_05_11_48_28_654.jpg,E:\IMG\right_2025_12_05_11_48_28_654.jpg,0,1,0,8.312649
E:\IMG\center_2025_12_05_11_48_28_722.jpg,E:\IMG\left_2025_12_05_11_48_28_722.jpg,E:\IMG\right_2025_12_05_11_48_28_722.jpg,0,1,0,8.642797
E:\IMG\center_2025_12_05_11_48_28_800.jpg,E:\IMG\left_2025_12_05_11_48_28_800.jpg,E:\IMG\right_2025_12_05_11_48_28_800.jpg,0,1,0,9.071851
E:\IMG\center_2025_12_05_11_48_28_877.jpg,E:\IMG\left_2025_12_05_11_48_28_877.jpg,E:\IMG\right_2025_12_05_11_48_28_877.jpg,0,1,0,9.503952
E:\IMG\center_2025_12_05_11_48_28_944.jpg,E:\IMG\left_2025_12_05_11_48_28_944.jpg,E:\IMG\right_2025_12_05_11_48_28_944.jpg,0,1,0,9.854894
E:\IMG\center_2025_12_05_11_48_29_022.jpg,E:\IMG\left_2025_12_05_11_48_29_022.jpg,E:\IMG\right_2025_12_05_11_48_29_022.jpg,0,1,0,10.31029
E:\IMG\center_2025_12_05_11_48_29_102.jpg,E:\IMG\left_2025_12_05_11_48_29_102.jpg,E:\IMG\right_2025_12_05_11_48_29_102.jpg,0,0.8435431,0,10.72565
E:\IMG\center_2025_12_05_11_48_29_179.jpg,E:\IMG\left_2025_12_05_11_48_29_179.jpg,E:\IMG\right_2025_12_05_11_48_29_179.jpg,0,0.611665,0,11.00121
E:\IMG\center_2025_12_05_11_48_29_258.jpg,E:\IMG\left_2025_12_05_11_48_29_258.jpg,E:\IMG\right_2025_12_05_11_48_29_258.jpg,0,0.3729786,0,11.18098
E:\IMG\center_2025_12_05_11_48_29_334.jpg,E:\IMG\left_2025_12_05_11_48_29_334.jpg,E:\IMG\right_2025_12_05_11_48_29_334.jpg,-0.1,0.1432989,0,11.2552
E:\IMG\center_2025_12_05_11_48_29_413.jpg,E:\IMG\left_2025_12_05_11_48_29_413.jpg,E:\IMG\right_2025_12_05_11_48_29_413.jpg,-0.3,0,0,10.71867
E:\IMG\center_2025_12_05_11_48_29_492.jpg,E:\IMG\left_2025_12_05_11_48_29_492.jpg,E:\IMG\right_2025_12_05_11_48_29_492.jpg,0,0,0,10.16321
E:\IMG\center_2025_12_05_11_48_29_569.jpg,E:\IMG\left_2025_12_05_11_48_29_569.jpg,E:\IMG\right_2025_12_05_11_48_29_569.jpg,0,0,0,9.636558
E:\IMG\center_2025_12_05_11_48_29_646.jpg,E:\IMG\left_2025_12_05_11_48_29_646.jpg,E:\IMG\right_2025_12_05_11_48_29_646.jpg,0,0,0,9.240153
E:\IMG\center_2025_12_05_11_48_29_724.jpg,E:\IMG\left_2025_12_05_11_48_29_724.jpg,E:\IMG\right_2025_12_05_11_48_29_724.jpg,-0.1,0,0,8.697035
E:\IMG\center_2025_12_05_11_48_29_800.jpg,E:\IMG\left_2025_12_05_11_48_29_800.jpg,E:\IMG\right_2025_12_05_11_48_29_800.jpg,-0.3,0.2740206,0,8.30053
E:\IMG\center_2025_12_05_11_48_29_877.jpg,E:\IMG\left_2025_12_05_11_48_29_877.jpg,E:\IMG\right_2025_12_05_11_48_29_877.jpg,0,0.5019759,0,8.146986
E:\IMG\center_2025_12_05_11_48_29_952.jpg,E:\IMG\left_2025_12_05_11_48_29_952.jpg,E:\IMG\right_2025_12_05_11_48_29_952.jpg,0,0.7287894,0,8.237193
E:\IMG\center_2025_12_05_11_48_30_029.jpg,E:\IMG\left_2025_12_05_11_48_30_029.jpg,E:\IMG\right_2025_12_05_11_48_30_029.jpg,0,0.9214113,0,8.377092
E:\IMG\center_2025_12_05_11_48_30_106.jpg,E:\IMG\left_2025_12_05_11_48_30_106.jpg,E:\IMG\right_2025_12_05_11_48_30_106.jpg,-0.2,1,0,8.721478
E:\IMG\center_2025_12_05_11_48_30_183.jpg,E:\IMG\left_2025_12_05_11_48_30_183.jpg,E:\IMG\right_2025_12_05_11_48_30_183.jpg,-0.4,0.9208909,0,8.985254
E:\IMG\center_2025_12_05_11_48_30_260.jpg,E:\IMG\left_2025_12_05_11_48_30_260.jpg,E:\IMG\right_2025_12_05_11_48_30_260.jpg,-0.6000001,0.6541285,0,9.454523
E:\IMG\center_2025_12_05_11_48_30_337.jpg,E:\IMG\left_2025_12_05_11_48_30_337.jpg,E:\IMG\right_2025_12_05_11_48_30_337.jpg,-0.8000001,0.4208941,0,9.66241
E:\IMG\center_2025_12_05_11_48_30_413.jpg,E:\IMG\left_2025_12_05_11_48_30_413.jpg,E:\IMG\right_2025_12_05_11_48_30_413.jpg,0,0.1923175,0,9.682457
E:\IMG\center_2025_12_05_11_48_30_489.jpg,E:\IMG\left_2025_12_05_11_48_30_489.jpg,E:\IMG\right_2025_12_05_11_48_30_489.jpg,0,0,0,9.161332
E:\IMG\center_2025_12_05_11_48_30_566.jpg,E:\IMG\left_2025_12_05_11_48_30_566.jpg,E:\IMG\right_2025_12_05_11_48_30_566.jpg,0,0.1925739,0,8.837065
E:\IMG\center_2025_12_05_11_48_30_643.jpg,E:\IMG\left_2025_12_05_11_48_30_643.jpg,E:\IMG\right_2025_12_05_11_48_30_643.jpg,0,0.419934,0,8.641838
E:\IMG\center_2025_12_05_11_48_30_720.jpg,E:\IMG\left_2025_12_05_11_48_30_720.jpg,E:\IMG\right_2025_12_05_11_48_30_720.jpg,0,0.6923894,0,8.848194
E:\IMG\center_2025_12_05_11_48_30_797.jpg,E:\IMG\left_2025_12_05_11_48_30_797.jpg,E:\IMG\right_2025_12_05_11_48_30_797.jpg,-0.05,0.9215994,0,9.116103
E:\IMG\center_2025_12_05_11_48_30_871.jpg,E:\IMG\left_2025_12_05_11_48_30_871.jpg,E:\IMG\right_2025_12_05_11_48_30_871.jpg,-0.25,1,0,9.542358
E:\IMG\center_2025_12_05_11_48_30_948.jpg,E:\IMG\left_2025_12_05_11_48_30_948.jpg,E:\IMG\right_2025_12_05_11_48_30_948.jpg,-0.4,1,0,9.988659
E:\IMG\center_2025_12_05_11_48_31_022.jpg,E:\IMG\left_2025_12_05_11_48_31_022.jpg,E:\IMG\right_2025_12_05_11_48_31_022.jpg,-0.6000001,0.9607531,0,10.63347
E:\IMG\center_2025_12_05_11_48_31_099.jpg,E:\IMG\left_2025_12_05_11_48_31_099.jpg,E:\IMG\right_2025_12_05_11_48_31_099.jpg,0,0.6949381,0,11.4214
E:\IMG\center_2025_12_05_11_48_31_174.jpg,E:\IMG\left_2025_12_05_11_48_31_174.jpg,E:\IMG\right_2025_12_05_11_48_31_174.jpg,0,0.4684882,0,11.6521
E:\IMG\center_2025_12_05_11_48_31_248.jpg,E:\IMG\left_2025_12_05_11_48_31_248.jpg,E:\IMG\right_2025_12_05_11_48_31_248.jpg,-0.05,0.2840467,0,11.54103
E:\IMG\center_2025_12_05_11_48_31_321.jpg,E:\IMG\left_2025_12_05_11_48_31_321.jpg,E:\IMG\right_2025_12_05_11_48_31_321.jpg,-0.25,0.02829045,0,11.49216
E:\IMG\center_2025_12_05_11_48_31_392.jpg,E:\IMG\left_2025_12_05_11_48_31_392.jpg,E:\IMG\right_2025_12_05_11_48_31_392.jpg,-0.45,0,0,11.12301
E:\IMG\center_2025_12_05_11_48_31_463.jpg,E:\IMG\left_2025_12_05_11_48_31_463.jpg,E:\IMG\right_2025_12_05_11_48_31_463.jpg,-0.6000001,0,0,10.86876
E:\IMG\center_2025_12_05_11_48_31_537.jpg,E:\IMG\left_2025_12_05_11_48_31_537.jpg,E:\IMG\right_2025_12_05_11_48_31_537.jpg,-0.8000001,0,0,10.60065
E:\IMG\center_2025_12_05_11_48_31_610.jpg,E:\IMG\left_2025_12_05_11_48_31_610.jpg,E:\IMG\right_2025_12_05_11_48_31_610.jpg,0,0,0,10.3272
E:\IMG\center_2025_12_05_11_48_31_678.jpg,E:\IMG\left_2025_12_05_11_48_31_678.jpg,E:\IMG\right_2025_12_05_11_48_31_678.jpg,0,0,0,10.1281
E:\IMG\center_2025_12_05_11_48_31_747.jpg,E:\IMG\left_2025_12_05_11_48_31_747.jpg,E:\IMG\right_2025_12_05_11_48_31_747.jpg,0,0,0,10.0062
E:\IMG\center_2025_12_05_11_48_31_819.jpg,E:\IMG\left_2025_12_05_11_48_31_819.jpg,E:\IMG\right_2025_12_05_11_48_31_819.jpg,0,0.0431427,0,9.880133
E:\IMG\center_2025_12_05_11_48_31_889.jpg,E:\IMG\left_2025_12_05_11_48_31_889.jpg,E:\IMG\right_2025_12_05_11_48_31_889.jpg,0,0.2540838,0,9.898838
E:\IMG\center_2025_12_05_11_48_31_965.jpg,E:\IMG\left_2025_12_05_11_48_31_965.jpg,E:\IMG\right_2025_12_05_11_48_31_965.jpg,0,0.4500597,0,10.06953
E:\IMG\center_2025_12_05_11_48_32_033.jpg,E:\IMG\left_2025_12_05_11_48_32_033.jpg,E:\IMG\right_2025_12_05_11_48_32_033.jpg,0.05,0.6857556,0,10.5178
E:\IMG\center_2025_12_05_11_48_32_104.jpg,E:\IMG\left_2025_12_05_11_48_32_104.jpg,E:\IMG\right_2025_12_05_11_48_32_104.jpg,0.2,0.8611242,0,10.98649
E:\IMG\center_2025_12_05_11_48_32_172.jpg,E:\IMG\left_2025_12_05_11_48_32_172.jpg,E:\IMG\right_2025_12_05_11_48_32_172.jpg,0.4,1,0,11.59581
E:\IMG\center_2025_12_05_11_48_32_241.jpg,E:\IMG\left_2025_12_05_11_48_32_241.jpg,E:\IMG\right_2025_12_05_11_48_32_241.jpg,0.5500001,1,0,12.39062
E:\IMG\center_2025_12_05_11_48_32_310.jpg,E:\IMG\left_2025_12_05_11_48_32_310.jpg,E:\IMG\right_2025_12_05_11_48_32_310.jpg,0,1,0,13.20662
E:\IMG\center_2025_12_05_11_48_32_380.jpg,E:\IMG\left_2025_12_05_11_48_32_380.jpg,E:\IMG\right_2025_12_05_11_48_32_380.jpg,0,0.8233591,0,13.74901
E:\IMG\center_2025_12_05_11_48_32_449.jpg,E:\IMG\left_2025_12_05_11_48_32_449.jpg,E:\IMG\right_2025_12_05_11_48_32_449.jpg,0,0.6165247,0,14.19005
E:\IMG\center_2025_12_05_11_48_32_520.jpg,E:\IMG\left_2025_12_05_11_48_32_520.jpg,E:\IMG\right_2025_12_05_11_48_32_520.jpg,0,0.474478,0,14.67192
E:\IMG\center_2025_12_05_11_48_32_589.jpg,E:\IMG\left_2025_12_05_11_48_32_589.jpg,E:\IMG\right_2025_12_05_11_48_32_589.jpg,0,0.6822591,0,15.14012
E:\IMG\center_2025_12_05_11_48_32_659.jpg,E:\IMG\left_2025_12_05_11_48_32_659.jpg,E:\IMG\right_2025_12_05_11_48_32_659.jpg,0,0.8922259,0,15.56607
E:\IMG\center_2025_12_05_11_48_32_728.jpg,E:\IMG\left_2025_12_05_11_48_32_728.jpg,E:\IMG\right_2025_12_05_11_48_32_728.jpg,0.05,1,0,16.21029
E:\IMG\center_2025_12_05_11_48_32_799.jpg,E:\IMG\left_2025_12_05_11_48_32_799.jpg,E:\IMG\right_2025_12_05_11_48_32_799.jpg,0.25,1,0,17.01461
E:\IMG\center_2025_12_05_11_48_32_867.jpg,E:\IMG\left_2025_12_05_11_48_32_867.jpg,E:\IMG\right_2025_12_05_11_48_32_867.jpg,0.4,1,0,17.55722
E:\IMG\center_2025_12_05_11_48_32_936.jpg,E:\IMG\left_2025_12_05_11_48_32_936.jpg,E:\IMG\right_2025_12_05_11_48_32_936.jpg,0.6000001,1,0,18.27995
E:\IMG\center_2025_12_05_11_48_33_008.jpg,E:\IMG\left_2025_12_05_11_48_33_008.jpg,E:\IMG\right_2025_12_05_11_48_33_008.jpg,0,1,0,18.77392
E:\IMG\center_2025_12_05_11_48_33_079.jpg,E:\IMG\left_2025_12_05_11_48_33_079.jpg,E:\IMG\right_2025_12_05_11_48_33_079.jpg,0,0.78855,0,19.45969
E:\IMG\center_2025_12_05_11_48_33_150.jpg,E:\IMG\left_2025_12_05_11_48_33_150.jpg,E:\IMG\right_2025_12_05_11_48_33_150.jpg,0,0.5755215,0,19.93477
E:\IMG\center_2025_12_05_11_48_33_220.jpg,E:\IMG\left_2025_12_05_11_48_33_220.jpg,E:\IMG\right_2025_12_05_11_48_33_220.jpg,0.1,0.3949676,0,20.243
E:\IMG\center_2025_12_05_11_48_33_294.jpg,E:\IMG\left_2025_12_05_11_48_33_294.jpg,E:\IMG\right_2025_12_05_11_48_33_294.jpg,0.3,0.1447611,0,20.31004
E:\IMG\center_2025_12_05_11_48_33_364.jpg,E:\IMG\left_2025_12_05_11_48_33_364.jpg,E:\IMG\right_2025_12_05_11_48_33_364.jpg,0.45,0,0,20.02602
E:\IMG\center_2025_12_05_11_48_33_434.jpg,E:\IMG\left_2025_12_05_11_48_33_434.jpg,E:\IMG\right_2025_12_05_11_48_33_434.jpg,0.6500001,0,0,19.72447
E:\IMG\center_2025_12_05_11_48_33_504.jpg,E:\IMG\left_2025_12_05_11_48_33_504.jpg,E:\IMG\right_2025_12_05_11_48_33_504.jpg,0.8000001,0,0,19.60449
E:\IMG\center_2025_12_05_11_48_33_577.jpg,E:\IMG\left_2025_12_05_11_48_33_577.jpg,E:\IMG\right_2025_12_05_11_48_33_577.jpg,1,0,0,19.21813
E:\IMG\center_2025_12_05_11_48_33_651.jpg,E:\IMG\left_2025_12_05_11_48_33_651.jpg,E:\IMG\right_2025_12_05_11_48_33_651.jpg,0,0,0,18.91604
E:\IMG\center_2025_12_05_11_48_33_725.jpg,E:\IMG\left_2025_12_05_11_48_33_725.jpg,E:\IMG\right_2025_12_05_11_48_33_725.jpg,0,0,0,18.47048
E:\IMG\center_2025_12_05_11_48_33_802.jpg,E:\IMG\left_2025_12_05_11_48_33_802.jpg,E:\IMG\right_2025_12_05_11_48_33_802.jpg,0,0,0,18.21292
E:\IMG\center_2025_12_05_11_48_33_877.jpg,E:\IMG\left_2025_12_05_11_48_33_877.jpg,E:\IMG\right_2025_12_05_11_48_33_877.jpg,0.2,0,0,18.0043
E:\IMG\center_2025_12_05_11_48_33_954.jpg,E:\IMG\left_2025_12_05_11_48_33_954.jpg,E:\IMG\right_2025_12_05_11_48_33_954.jpg,0.4,0,0,17.82035
E:\IMG\center_2025_12_05_11_48_34_030.jpg,E:\IMG\left_2025_12_05_11_48_34_030.jpg,E:\IMG\right_2025_12_05_11_48_34_030.jpg,0.6000001,0,0,17.57154
E:\IMG\center_2025_12_05_11_48_34_111.jpg,E:\IMG\left_2025_12_05_11_48_34_111.jpg,E:\IMG\right_2025_12_05_11_48_34_111.jpg,0.8000001,0,0,17.27808
E:\IMG\center_2025_12_05_11_48_34_191.jpg,E:\IMG\left_2025_12_05_11_48_34_191.jpg,E:\IMG\right_2025_12_05_11_48_34_191.jpg,1,0,0,16.94268
E:\IMG\center_2025_12_05_11_48_34_270.jpg,E:\IMG\left_2025_12_05_11_48_34_270.jpg,E:\IMG\right_2025_12_05_11_48_34_270.jpg,0,0,0,16.67968
E:\IMG\center_2025_12_05_11_48_34_339.jpg,E:\IMG\left_2025_12_05_11_48_34_339.jpg,E:\IMG\right_2025_12_05_11_48_34_339.jpg,0,0,0,16.90155
E:\IMG\center_2025_12_05_11_48_34_409.jpg,E:\IMG\left_2025_12_05_11_48_34_409.jpg,E:\IMG\right_2025_12_05_11_48_34_409.jpg,0,0,0,16.75195
E:\IMG\center_2025_12_05_11_48_34_480.jpg,E:\IMG\left_2025_12_05_11_48_34_480.jpg,E:\IMG\right_2025_12_05_11_48_34_480.jpg,0.15,0,0,16.12732
E:\IMG\center_2025_12_05_11_48_34_547.jpg,E:\IMG\left_2025_12_05_11_48_34_547.jpg,E:\IMG\right_2025_12_05_11_48_34_547.jpg,0.3,0,0,16.55638
E:\IMG\center_2025_12_05_11_48_34_615.jpg,E:\IMG\left_2025_12_05_11_48_34_615.jpg,E:\IMG\right_2025_12_05_11_48_34_615.jpg,0.5000001,0,0,16.34769
E:\IMG\center_2025_12_05_11_48_34_684.jpg,E:\IMG\left_2025_12_05_11_48_34_684.jpg,E:\IMG\right_2025_12_05_11_48_34_684.jpg,0.6500001,0,0,15.6656
E:\IMG\center_2025_12_05_11_48_34_751.jpg,E:\IMG\left_2025_12_05_11_48_34_751.jpg,E:\IMG\right_2025_12_05_11_48_34_751.jpg,0.8500001,0,0,15.39331
E:\IMG\center_2025_12_05_11_48_34_821.jpg,E:\IMG\left_2025_12_05_11_48_34_821.jpg,E:\IMG\right_2025_12_05_11_48_34_821.jpg,1,0.1256673,0,15.63597
E:\IMG\center_2025_12_05_11_48_34_890.jpg,E:\IMG\left_2025_12_05_11_48_34_890.jpg,E:\IMG\right_2025_12_05_11_48_34_890.jpg,0,0.3322506,0,15.58245
E:\IMG\center_2025_12_05_11_48_34_962.jpg,E:\IMG\left_2025_12_05_11_48_34_962.jpg,E:\IMG\right_2025_12_05_11_48_34_962.jpg,0,0.5475015,0,15.40503
E:\IMG\center_2025_12_05_11_48_35_031.jpg,E:\IMG\left_2025_12_05_11_48_35_031.jpg,E:\IMG\right_2025_12_05_11_48_35_031.jpg,0,0.7568088,0,15.94419
E:\IMG\center_2025_12_05_11_48_35_102.jpg,E:\IMG\left_2025_12_05_11_48_35_102.jpg,E:\IMG\right_2025_12_05_11_48_35_102.jpg,0.15,0.9691704,0,16.74243
E:\IMG\center_2025_12_05_11_48_35_171.jpg,E:\IMG\left_2025_12_05_11_48_35_171.jpg,E:\IMG\right_2025_12_05_11_48_35_171.jpg,0.35,1,0,17.53885
E:\IMG\center_2025_12_05_11_48_35_240.jpg,E:\IMG\left_2025_12_05_11_48_35_240.jpg,E:\IMG\right_2025_12_05_11_48_35_240.jpg,0.5000001,1,0,17.90989
E:\IMG\center_2025_12_05_11_48_35_312.jpg,E:\IMG\left_2025_12_05_11_48_35_312.jpg,E:\IMG\right_2025_12_05_11_48_35_312.jpg,0.7,1,0,18.61121
E:\IMG\center_2025_12_05_11_48_35_382.jpg,E:\IMG\left_2025_12_05_11_48_35_382.jpg,E:\IMG\right_2025_12_05_11_48_35_382.jpg,0,1,0,19.19467
E:\IMG\center_2025_12_05_11_48_35_452.jpg,E:\IMG\left_2025_12_05_11_48_35_452.jpg,E:\IMG\right_2025_12_05_11_48_35_452.jpg,0,0.8331751,0,19.86831
E:\IMG\center_2025_12_05_11_48_35_522.jpg,E:\IMG\left_2025_12_05_11_48_35_522.jpg,E:\IMG\right_2025_12_05_11_48_35_522.jpg,0,0.6243255,0,20.25166
E:\IMG\center_2025_12_05_11_48_35_591.jpg,E:\IMG\left_2025_12_05_11_48_35_591.jpg,E:\IMG\right_2025_12_05_11_48_35_591.jpg,0,0.412677,0,20.582
E:\IMG\center_2025_12_05_11_48_35_662.jpg,E:\IMG\left_2025_12_05_11_48_35_662.jpg,E:\IMG\right_2025_12_05_11_48_35_662.jpg,0.05,0.2393775,0,20.71931
E:\IMG\center_2025_12_05_11_48_35_733.jpg,E:\IMG\left_2025_12_05_11_48_35_733.jpg,E:\IMG\right_2025_12_05_11_48_35_733.jpg,0.25,0,0,20.63258
E:\IMG\center_2025_12_05_11_48_35_805.jpg,E:\IMG\left_2025_12_05_11_48_35_805.jpg,E:\IMG\right_2025_12_05_11_48_35_805.jpg,0.4,0,0,20.37825
E:\IMG\center_2025_12_05_11_48_35_877.jpg,E:\IMG\left_2025_12_05_11_48_35_877.jpg,E:\IMG\right_2025_12_05_11_48_35_877.jpg,0,0,0,20.06839
E:\IMG\center_2025_12_05_11_48_35_946.jpg,E:\IMG\left_2025_12_05_11_48_35_946.jpg,E:\IMG\right_2025_12_05_11_48_35_946.jpg,0,0,0,20.12548
E:\IMG\center_2025_12_05_11_48_36_017.jpg,E:\IMG\left_2025_12_05_11_48_36_017.jpg,E:\IMG\right_2025_12_05_11_48_36_017.jpg,0,0.0874968,0,19.99851
E:\IMG\center_2025_12_05_11_48_36_090.jpg,E:\IMG\left_2025_12_05_11_48_36_090.jpg,E:\IMG\right_2025_12_05_11_48_36_090.jpg,0,0.3045537,0,20.0181
E:\IMG\center_2025_12_05_11_48_36_161.jpg,E:\IMG\left_2025_12_05_11_48_36_161.jpg,E:\IMG\right_2025_12_05_11_48_36_161.jpg,0,0.5159379,0,19.92259
E:\IMG\center_2025_12_05_11_48_36_229.jpg,E:\IMG\left_2025_12_05_11_48_36_229.jpg,E:\IMG\right_2025_12_05_11_48_36_229.jpg,0,0.7237481,0,20.41442
E:\IMG\center_2025_12_05_11_48_36_300.jpg,E:\IMG\left_2025_12_05_11_48_36_300.jpg,E:\IMG\right_2025_12_05_11_48_36_300.jpg,0,0.9340733,0,21.04998
E:\IMG\center_2025_12_05_11_48_36_368.jpg,E:\IMG\left_2025_12_05_11_48_36_368.jpg,E:\IMG\right_2025_12_05_11_48_36_368.jpg,0,1,0,21.54291
E:\IMG\center_2025_12_05_11_48_36_438.jpg,E:\IMG\left_2025_12_05_11_48_36_438.jpg,E:\IMG\right_2025_12_05_11_48_36_438.jpg,0.2,0.8328097,0,22.29727
E:\IMG\center_2025_12_05_11_48_36_509.jpg,E:\IMG\left_2025_12_05_11_48_36_509.jpg,E:\IMG\right_2025_12_05_11_48_36_509.jpg,0.4,0.620398,0,22.75025
E:\IMG\center_2025_12_05_11_48_36_579.jpg,E:\IMG\left_2025_12_05_11_48_36_579.jpg,E:\IMG\right_2025_12_05_11_48_36_579.jpg,0,0.4107058,0,23.00671
E:\IMG\center_2025_12_05_11_48_36_650.jpg,E:\IMG\left_2025_12_05_11_48_36_650.jpg,E:\IMG\right_2025_12_05_11_48_36_650.jpg,0,0.1974406,0,23.10586
E:\IMG\center_2025_12_05_11_48_36_722.jpg,E:\IMG\left_2025_12_05_11_48_36_722.jpg,E:\IMG\right_2025_12_05_11_48_36_722.jpg,0,0,0,23.01988
E:\IMG\center_2025_12_05_11_48_36_796.jpg,E:\IMG\left_2025_12_05_11_48_36_796.jpg,E:\IMG\right_2025_12_05_11_48_36_796.jpg,0,0.0463722,0,22.83413
E:\IMG\center_2025_12_05_11_48_36_867.jpg,E:\IMG\left_2025_12_05_11_48_36_867.jpg,E:\IMG\right_2025_12_05_11_48_36_867.jpg,0,0.2164272,0,22.79952
E:\IMG\center_2025_12_05_11_48_36_939.jpg,E:\IMG\left_2025_12_05_11_48_36_939.jpg,E:\IMG\right_2025_12_05_11_48_36_939.jpg,0,0.4777854,0,22.94697
E:\IMG\center_2025_12_05_11_48_37_012.jpg,E:\IMG\left_2025_12_05_11_48_37_012.jpg,E:\IMG\right_2025_12_05_11_48_37_012.jpg,0,0.3533229,0,23.20871
E:\IMG\center_2025_12_05_11_48_37_084.jpg,E:\IMG\left_2025_12_05_11_48_37_084.jpg,E:\IMG\right_2025_12_05_11_48_37_084.jpg,0,0.1770718,0,23.25303
E:\IMG\center_2025_12_05_11_48_37_156.jpg,E:\IMG\left_2025_12_05_11_48_37_156.jpg,E:\IMG\right_2025_12_05_11_48_37_156.jpg,0,0,0,23.11854
E:\IMG\center_2025_12_05_11_48_37_228.jpg,E:\IMG\left_2025_12_05_11_48_37_228.jpg,E:\IMG\right_2025_12_05_11_48_37_228.jpg,0,0,0,22.98484
E:\IMG\center_2025_12_05_11_48_37_304.jpg,E:\IMG\left_2025_12_05_11_48_37_304.jpg,E:\IMG\right_2025_12_05_11_48_37_304.jpg,0.05,0,0,22.7985
E:\IMG\center_2025_12_05_11_48_37_374.jpg,E:\IMG\left_2025_12_05_11_48_37_374.jpg,E:\IMG\right_2025_12_05_11_48_37_374.jpg,0.25,0,0,22.58482
E:\IMG\center_2025_12_05_11_48_37_446.jpg,E:\IMG\left_2025_12_05_11_48_37_446.jpg,E:\IMG\right_2025_12_05_11_48_37_446.jpg,0.4,0,0,22.38264
E:\IMG\center_2025_12_05_11_48_37_520.jpg,E:\IMG\left_2025_12_05_11_48_37_520.jpg,E:\IMG\right_2025_12_05_11_48_37_520.jpg,0,0,0,22.15513
E:\IMG\center_2025_12_05_11_48_37_591.jpg,E:\IMG\left_2025_12_05_11_48_37_591.jpg,E:\IMG\right_2025_12_05_11_48_37_591.jpg,0,0,0,21.97169
E:\IMG\center_2025_12_05_11_48_37_666.jpg,E:\IMG\left_2025_12_05_11_48_37_666.jpg,E:\IMG\right_2025_12_05_11_48_37_666.jpg,0,0,0,21.83792
E:\IMG\center_2025_12_05_11_48_37_740.jpg,E:\IMG\left_2025_12_05_11_48_37_740.jpg,E:\IMG\right_2025_12_05_11_48_37_740.jpg,0.15,0,0,21.65674
E:\IMG\center_2025_12_05_11_48_37_816.jpg,E:\IMG\left_2025_12_05_11_48_37_816.jpg,E:\IMG\right_2025_12_05_11_48_37_816.jpg,0.35,0,0,21.42914
E:\IMG\center_2025_12_05_11_48_37_890.jpg,E:\IMG\left_2025_12_05_11_48_37_890.jpg,E:\IMG\right_2025_12_05_11_48_37_890.jpg,0.5500001,0,0,21.13561
E:\IMG\center_2025_12_05_11_48_37_963.jpg,E:\IMG\left_2025_12_05_11_48_37_963.jpg,E:\IMG\right_2025_12_05_11_48_37_963.jpg,0.7,0,0,20.87467
E:\IMG\center_2025_12_05_11_48_38_039.jpg,E:\IMG\left_2025_12_05_11_48_38_039.jpg,E:\IMG\right_2025_12_05_11_48_38_039.jpg,0.9000002,0,0,20.47603
E:\IMG\center_2025_12_05_11_48_38_113.jpg,E:\IMG\left_2025_12_05_11_48_38_113.jpg,E:\IMG\right_2025_12_05_11_48_38_113.jpg,0,0,0,20.17955
E:\IMG\center_2025_12_05_11_48_38_189.jpg,E:\IMG\left_2025_12_05_11_48_38_189.jpg,E:\IMG\right_2025_12_05_11_48_38_189.jpg,0,0,0,19.99903
E:\IMG\center_2025_12_05_11_48_38_265.jpg,E:\IMG\left_2025_12_05_11_48_38_265.jpg,E:\IMG\right_2025_12_05_11_48_38_265.jpg,0.1,0,0,19.69398
E:\IMG\center_2025_12_05_11_48_38_351.jpg,E:\IMG\left_2025_12_05_11_48_38_351.jpg,E:\IMG\right_2025_12_05_11_48_38_351.jpg,0.35,0,0,19.66698
E:\IMG\center_2025_12_05_11_48_38_419.jpg,E:\IMG\left_2025_12_05_11_48_38_419.jpg,E:\IMG\right_2025_12_05_11_48_38_419.jpg,0.5000001,0,0,19.24377
E:\IMG\center_2025_12_05_11_48_38_496.jpg,E:\IMG\left_2025_12_05_11_48_38_496.jpg,E:\IMG\right_2025_12_05_11_48_38_496.jpg,0.7,0,0,18.91868
E:\IMG\center_2025_12_05_11_48_38_582.jpg,E:\IMG\left_2025_12_05_11_48_38_582.jpg,E:\IMG\right_2025_12_05_11_48_38_582.jpg,0.9000002,0,0,18.56174
E:\IMG\center_2025_12_05_11_48_38_653.jpg,E:\IMG\left_2025_12_05_11_48_38_653.jpg,E:\IMG\right_2025_12_05_11_48_38_653.jpg,1,0,0,18.17122
E:\IMG\center_2025_12_05_11_48_38_731.jpg,E:\IMG\left_2025_12_05_11_48_38_731.jpg,E:\IMG\right_2025_12_05_11_48_38_731.jpg,1,0,0,17.86303
E:\IMG\center_2025_12_05_11_48_38_812.jpg,E:\IMG\left_2025_12_05_11_48_38_812.jpg,E:\IMG\right_2025_12_05_11_48_38_812.jpg,0,0,0,17.63945
E:\IMG\center_2025_12_05_11_48_38_889.jpg,E:\IMG\left_2025_12_05_11_48_38_889.jpg,E:\IMG\right_2025_12_05_11_48_38_889.jpg,0,0,0,17.38469
E:\IMG\center_2025_12_05_11_48_38_966.jpg,E:\IMG\left_2025_12_05_11_48_38_966.jpg,E:\IMG\right_2025_12_05_11_48_38_966.jpg,0,0,0,17.61107
E:\IMG\center_2025_12_05_11_48_39_042.jpg,E:\IMG\left_2025_12_05_11_48_39_042.jpg,E:\IMG\right_2025_12_05_11_48_39_042.jpg,0,0.0906018,0,17.48521
E:\IMG\center_2025_12_05_11_48_39_114.jpg,E:\IMG\left_2025_12_05_11_48_39_114.jpg,E:\IMG\right_2025_12_05_11_48_39_114.jpg,0,0.309288,0,17.49977
E:\IMG\center_2025_12_05_11_48_39_185.jpg,E:\IMG\left_2025_12_05_11_48_39_185.jpg,E:\IMG\right_2025_12_05_11_48_39_185.jpg,-0.15,0.4872603,0,17.27942
E:\IMG\center_2025_12_05_11_48_39_260.jpg,E:\IMG\left_2025_12_05_11_48_39_260.jpg,E:\IMG\right_2025_12_05_11_48_39_260.jpg,-0.35,0.7472079,0,17.74102
E:\IMG\center_2025_12_05_11_48_39_331.jpg,E:\IMG\left_2025_12_05_11_48_39_331.jpg,E:\IMG\right_2025_12_05_11_48_39_331.jpg,-0.5500001,0.792387,0,18.35953
E:\IMG\center_2025_12_05_11_48_39_404.jpg,E:\IMG\left_2025_12_05_11_48_39_404.jpg,E:\IMG\right_2025_12_05_11_48_39_404.jpg,-0.7,0.6113664,0,18.81202
E:\IMG\center_2025_12_05_11_48_39_480.jpg,E:\IMG\left_2025_12_05_11_48_39_480.jpg,E:\IMG\right_2025_12_05_11_48_39_480.jpg,-0.9000002,0.3437565,0,18.91507
E:\IMG\center_2025_12_05_11_48_39_555.jpg,E:\IMG\left_2025_12_05_11_48_39_555.jpg,E:\IMG\right_2025_12_05_11_48_39_555.jpg,-1,0.1197099,0,18.80882
E:\IMG\center_2025_12_05_11_48_39_628.jpg,E:\IMG\left_2025_12_05_11_48_39_628.jpg,E:\IMG\right_2025_12_05_11_48_39_628.jpg,0,0,0,18.3413
E:\IMG\center_2025_12_05_11_48_39_701.jpg,E:\IMG\left_2025_12_05_11_48_39_701.jpg,E:\IMG\right_2025_12_05_11_48_39_701.jpg,0,0,0,18.04691
E:\IMG\center_2025_12_05_11_48_39_779.jpg,E:\IMG\left_2025_12_05_11_48_39_779.jpg,E:\IMG\right_2025_12_05_11_48_39_779.jpg,-0.2,0,0,17.81628
E:\IMG\center_2025_12_05_11_48_39_849.jpg,E:\IMG\left_2025_12_05_11_48_39_849.jpg,E:\IMG\right_2025_12_05_11_48_39_849.jpg,-0.4,0,0,17.64801
E:\IMG\center_2025_12_05_11_48_39_921.jpg,E:\IMG\left_2025_12_05_11_48_39_921.jpg,E:\IMG\right_2025_12_05_11_48_39_921.jpg,0,0,0,17.91709
E:\IMG\center_2025_12_05_11_48_39_994.jpg,E:\IMG\left_2025_12_05_11_48_39_994.jpg,E:\IMG\right_2025_12_05_11_48_39_994.jpg,0,0.1308195,0,17.81971
E:\IMG\center_2025_12_05_11_48_40_061.jpg,E:\IMG\left_2025_12_05_11_48_40_061.jpg,E:\IMG\right_2025_12_05_11_48_40_061.jpg,0,0.3324627,0,17.4175
E:\IMG\center_2025_12_05_11_48_40_142.jpg,E:\IMG\left_2025_12_05_11_48_40_142.jpg,E:\IMG\right_2025_12_05_11_48_40_142.jpg,-0.05,0.572124,0,17.74873
E:\IMG\center_2025_12_05_11_48_40_212.jpg,E:\IMG\left_2025_12_05_11_48_40_212.jpg,E:\IMG\right_2025_12_05_11_48_40_212.jpg,-0.25,0.7854147,0,18.30415
E:\IMG\center_2025_12_05_11_48_40_294.jpg,E:\IMG\left_2025_12_05_11_48_40_294.jpg,E:\IMG\right_2025_12_05_11_48_40_294.jpg,-0.45,1,0,19.01413
E:\IMG\center_2025_12_05_11_48_40_373.jpg,E:\IMG\left_2025_12_05_11_48_40_373.jpg,E:\IMG\right_2025_12_05_11_48_40_373.jpg,0,0.759338,0,19.46885
E:\IMG\center_2025_12_05_11_48_40_444.jpg,E:\IMG\left_2025_12_05_11_48_40_444.jpg,E:\IMG\right_2025_12_05_11_48_40_444.jpg,0,0.5860183,0,19.97981
E:\IMG\center_2025_12_05_11_48_40_516.jpg,E:\IMG\left_2025_12_05_11_48_40_516.jpg,E:\IMG\right_2025_12_05_11_48_40_516.jpg,0,0.3319312,0,20.15849
E:\IMG\center_2025_12_05_11_48_40_589.jpg,E:\IMG\left_2025_12_05_11_48_40_589.jpg,E:\IMG\right_2025_12_05_11_48_40_589.jpg,0,0.1119988,0,19.89642
E:\IMG\center_2025_12_05_11_48_40_660.jpg,E:\IMG\left_2025_12_05_11_48_40_660.jpg,E:\IMG\right_2025_12_05_11_48_40_660.jpg,0,0,0,19.87899
E:\IMG\center_2025_12_05_11_48_40_734.jpg,E:\IMG\left_2025_12_05_11_48_40_734.jpg,E:\IMG\right_2025_12_05_11_48_40_734.jpg,0,0,0,19.31285
E:\IMG\center_2025_12_05_11_48_40_806.jpg,E:\IMG\left_2025_12_05_11_48_40_806.jpg,E:\IMG\right_2025_12_05_11_48_40_806.jpg,-0.15,0,0,19.10367
E:\IMG\center_2025_12_05_11_48_40_875.jpg,E:\IMG\left_2025_12_05_11_48_40_875.jpg,E:\IMG\right_2025_12_05_11_48_40_875.jpg,-0.35,0,0,18.81241
E:\IMG\center_2025_12_05_11_48_40_946.jpg,E:\IMG\left_2025_12_05_11_48_40_946.jpg,E:\IMG\right_2025_12_05_11_48_40_946.jpg,-0.5000001,0,0,18.02746
E:\IMG\center_2025_12_05_11_48_41_020.jpg,E:\IMG\left_2025_12_05_11_48_41_020.jpg,E:\IMG\right_2025_12_05_11_48_41_020.jpg,0,0,0,17.00345
E:\IMG\center_2025_12_05_11_48_41_093.jpg,E:\IMG\left_2025_12_05_11_48_41_093.jpg,E:\IMG\right_2025_12_05_11_48_41_093.jpg,0,0,0,16.62649
E:\IMG\center_2025_12_05_11_48_41_174.jpg,E:\IMG\left_2025_12_05_11_48_41_174.jpg,E:\IMG\right_2025_12_05_11_48_41_174.jpg,0,0,0,16.24635
E:\IMG\center_2025_12_05_11_48_41_240.jpg,E:\IMG\left_2025_12_05_11_48_41_240.jpg,E:\IMG\right_2025_12_05_11_48_41_240.jpg,0.15,0,0,15.76557
E:\IMG\center_2025_12_05_11_48_41_314.jpg,E:\IMG\left_2025_12_05_11_48_41_314.jpg,E:\IMG\right_2025_12_05_11_48_41_314.jpg,0.35,0,0,15.31847
E:\IMG\center_2025_12_05_11_48_41_386.jpg,E:\IMG\left_2025_12_05_11_48_41_386.jpg,E:\IMG\right_2025_12_05_11_48_41_386.jpg,0.5000001,0,0,14.73093
E:\IMG\center_2025_12_05_11_48_41_460.jpg,E:\IMG\left_2025_12_05_11_48_41_460.jpg,E:\IMG\right_2025_12_05_11_48_41_460.jpg,0.7,0,0,13.95942
E:\IMG\center_2025_12_05_11_48_41_535.jpg,E:\IMG\left_2025_12_05_11_48_41_535.jpg,E:\IMG\right_2025_12_05_11_48_41_535.jpg,0,0,0,13.28819
E:\IMG\center_2025_12_05_11_48_41_607.jpg,E:\IMG\left_2025_12_05_11_48_41_607.jpg,E:\IMG\right_2025_12_05_11_48_41_607.jpg,0,0.1306326,0,13.16651
E:\IMG\center_2025_12_05_11_48_41_683.jpg,E:\IMG\left_2025_12_05_11_48_41_683.jpg,E:\IMG\right_2025_12_05_11_48_41_683.jpg,0,0.3993114,0,12.81545
E:\IMG\center_2025_12_05_11_48_41_756.jpg,E:\IMG\left_2025_12_05_11_48_41_756.jpg,E:\IMG\right_2025_12_05_11_48_41_756.jpg,0.15,0.6190187,0,12.80593
E:\IMG\center_2025_12_05_11_48_41_829.jpg,E:\IMG\left_2025_12_05_11_48_41_829.jpg,E:\IMG\right_2025_12_05_11_48_41_829.jpg,0.35,0.841202,0,13.07988
E:\IMG\center_2025_12_05_11_48_41_903.jpg,E:\IMG\left_2025_12_05_11_48_41_903.jpg,E:\IMG\right_2025_12_05_11_48_41_903.jpg,0.5000001,1,0,13.2954
E:\IMG\center_2025_12_05_11_48_41_976.jpg,E:\IMG\left_2025_12_05_11_48_41_976.jpg,E:\IMG\right_2025_12_05_11_48_41_976.jpg,0.7,1,0,13.53623
E:\IMG\center_2025_12_05_11_48_42_050.jpg,E:\IMG\left_2025_12_05_11_48_42_050.jpg,E:\IMG\right_2025_12_05_11_48_42_050.jpg,0.9000002,1,0,13.58737
E:\IMG\center_2025_12_05_11_48_42_122.jpg,E:\IMG\left_2025_12_05_11_48_42_122.jpg,E:\IMG\right_2025_12_05_11_48_42_122.jpg,1,1,0,14.0203
E:\IMG\center_2025_12_05_11_48_42_196.jpg,E:\IMG\left_2025_12_05_11_48_42_196.jpg,E:\IMG\right_2025_12_05_11_48_42_196.jpg,0,1,0,14.33019
E:\IMG\center_2025_12_05_11_48_42_270.jpg,E:\IMG\left_2025_12_05_11_48_42_270.jpg,E:\IMG\right_2025_12_05_11_48_42_270.jpg,0,0.9126451,0,14.71298
E:\IMG\center_2025_12_05_11_48_42_344.jpg,E:\IMG\left_2025_12_05_11_48_42_344.jpg,E:\IMG\right_2025_12_05_11_48_42_344.jpg,0,0.6924536,0,14.61428
E:\IMG\center_2025_12_05_11_48_42_429.jpg,E:\IMG\left_2025_12_05_11_48_42_429.jpg,E:\IMG\right_2025_12_05_11_48_42_429.jpg,0,0.4384838,0,14.7598
E:\IMG\center_2025_12_05_11_48_42_495.jpg,E:\IMG\left_2025_12_05_11_48_42_495.jpg,E:\IMG\right_2025_12_05_11_48_42_495.jpg,0,0.5724304,0,14.81894
E:\IMG\center_2025_12_05_11_48_42_570.jpg,E:\IMG\left_2025_12_05_11_48_42_570.jpg,E:\IMG\right_2025_12_05_11_48_42_570.jpg,0,0.797209,0,14.81006
E:\IMG\center_2025_12_05_11_48_42_644.jpg,E:\IMG\left_2025_12_05_11_48_42_644.jpg,E:\IMG\right_2025_12_05_11_48_42_644.jpg,0,0.9763603,0,14.94024
E:\IMG\center_2025_12_05_11_48_42_720.jpg,E:\IMG\left_2025_12_05_11_48_42_720.jpg,E:\IMG\right_2025_12_05_11_48_42_720.jpg,0.15,1,0,15.36405
E:\IMG\center_2025_12_05_11_48_42_795.jpg,E:\IMG\left_2025_12_05_11_48_42_795.jpg,E:\IMG\right_2025_12_05_11_48_42_795.jpg,0.35,1,0,15.74928
E:\IMG\center_2025_12_05_11_48_42_871.jpg,E:\IMG\left_2025_12_05_11_48_42_871.jpg,E:\IMG\right_2025_12_05_11_48_42_871.jpg,0.5500001,1,0,16.23835
E:\IMG\center_2025_12_05_11_48_42_947.jpg,E:\IMG\left_2025_12_05_11_48_42_947.jpg,E:\IMG\right_2025_12_05_11_48_42_947.jpg,0.7,1,0,16.15285
E:\IMG\center_2025_12_05_11_48_43_024.jpg,E:\IMG\left_2025_12_05_11_48_43_024.jpg,E:\IMG\right_2025_12_05_11_48_43_024.jpg,0.9000002,0.9070912,0,16.49438
E:\IMG\center_2025_12_05_11_48_43_099.jpg,E:\IMG\left_2025_12_05_11_48_43_099.jpg,E:\IMG\right_2025_12_05_11_48_43_099.jpg,0,0.6786211,0,16.7948
E:\IMG\center_2025_12_05_11_48_43_179.jpg,E:\IMG\left_2025_12_05_11_48_43_179.jpg,E:\IMG\right_2025_12_05_11_48_43_179.jpg,0,0.4378993,0,16.86401
E:\IMG\center_2025_12_05_11_48_43_259.jpg,E:\IMG\left_2025_12_05_11_48_43_259.jpg,E:\IMG\right_2025_12_05_11_48_43_259.jpg,0.2,0.2014567,0,16.74618
E:\IMG\center_2025_12_05_11_48_43_335.jpg,E:\IMG\left_2025_12_05_11_48_43_335.jpg,E:\IMG\right_2025_12_05_11_48_43_335.jpg,0.4,0,0,16.34679
E:\IMG\center_2025_12_05_11_48_43_414.jpg,E:\IMG\left_2025_12_05_11_48_43_414.jpg,E:\IMG\right_2025_12_05_11_48_43_414.jpg,0.6000001,0,0,15.74535
E:\IMG\center_2025_12_05_11_48_43_494.jpg,E:\IMG\left_2025_12_05_11_48_43_494.jpg,E:\IMG\right_2025_12_05_11_48_43_494.jpg,0.8000001,0,0,15.16056
E:\IMG\center_2025_12_05_11_48_43_563.jpg,E:\IMG\left_2025_12_05_11_48_43_563.jpg,E:\IMG\right_2025_12_05_11_48_43_563.jpg,0.9500002,0,0,14.52841
E:\IMG\center_2025_12_05_11_48_43_636.jpg,E:\IMG\left_2025_12_05_11_48_43_636.jpg,E:\IMG\right_2025_12_05_11_48_43_636.jpg,1,0,0,13.83971
E:\IMG\center_2025_12_05_11_48_43_715.jpg,E:\IMG\left_2025_12_05_11_48_43_715.jpg,E:\IMG\right_2025_12_05_11_48_43_715.jpg,0,0.1868913,0,13.55427
E:\IMG\center_2025_12_05_11_48_43_796.jpg,E:\IMG\left_2025_12_05_11_48_43_796.jpg,E:\IMG\right_2025_12_05_11_48_43_796.jpg,0,0.4292571,0,13.42543
E:\IMG\center_2025_12_05_11_48_43_878.jpg,E:\IMG\left_2025_12_05_11_48_43_878.jpg,E:\IMG\right_2025_12_05_11_48_43_878.jpg,0,0.6733164,0,13.78956
E:\IMG\center_2025_12_05_11_48_43_950.jpg,E:\IMG\left_2025_12_05_11_48_43_950.jpg,E:\IMG\right_2025_12_05_11_48_43_950.jpg,0.2,0.8953887,0,14.16747
E:\IMG\center_2025_12_05_11_48_44_020.jpg,E:\IMG\left_2025_12_05_11_48_44_020.jpg,E:\IMG\right_2025_12_05_11_48_44_020.jpg,0.35,1,0,14.68652
E:\IMG\center_2025_12_05_11_48_44_093.jpg,E:\IMG\left_2025_12_05_11_48_44_093.jpg,E:\IMG\right_2025_12_05_11_48_44_093.jpg,0.5500001,1,0,15.26336
E:\IMG\center_2025_12_05_11_48_44_166.jpg,E:\IMG\left_2025_12_05_11_48_44_166.jpg,E:\IMG\right_2025_12_05_11_48_44_166.jpg,0.7,1,0,15.62057
E:\IMG\center_2025_12_05_11_48_44_239.jpg,E:\IMG\left_2025_12_05_11_48_44_239.jpg,E:\IMG\right_2025_12_05_11_48_44_239.jpg,0.9000002,1,0,16.15333
E:\IMG\center_2025_12_05_11_48_44_317.jpg,E:\IMG\left_2025_12_05_11_48_44_317.jpg,E:\IMG\right_2025_12_05_11_48_44_317.jpg,0,0.8850196,0,16.60292
E:\IMG\center_2025_12_05_11_48_44_397.jpg,E:\IMG\left_2025_12_05_11_48_44_397.jpg,E:\IMG\right_2025_12_05_11_48_44_397.jpg,0,0.6453018,0,16.99945
E:\IMG\center_2025_12_05_11_48_44_482.jpg,E:\IMG\left_2025_12_05_11_48_44_482.jpg,E:\IMG\right_2025_12_05_11_48_44_482.jpg,0,0.391929,0,17.19578
E:\IMG\center_2025_12_05_11_48_44_559.jpg,E:\IMG\left_2025_12_05_11_48_44_559.jpg,E:\IMG\right_2025_12_05_11_48_44_559.jpg,0.15,0.1605375,0,17.08826
E:\IMG\center_2025_12_05_11_48_44_646.jpg,E:\IMG\left_2025_12_05_11_48_44_646.jpg,E:\IMG\right_2025_12_05_11_48_44_646.jpg,0.35,0,0,16.70523
E:\IMG\center_2025_12_05_11_48_44_722.jpg,E:\IMG\left_2025_12_05_11_48_44_722.jpg,E:\IMG\right_2025_12_05_11_48_44_722.jpg,0.5500001,0,0,16.60893
E:\IMG\center_2025_12_05_11_48_44_807.jpg,E:\IMG\left_2025_12_05_11_48_44_807.jpg,E:\IMG\right_2025_12_05_11_48_44_807.jpg,0.7500002,0,0,16.20565
E:\IMG\center_2025_12_05_11_48_44_888.jpg,E:\IMG\left_2025_12_05_11_48_44_888.jpg,E:\IMG\right_2025_12_05_11_48_44_888.jpg,0.9500002,0,0,15.77027
E:\IMG\center_2025_12_05_11_48_44_970.jpg,E:\IMG\left_2025_12_05_11_48_44_970.jpg,E:\IMG\right_2025_12_05_11_48_44_970.jpg,0,0.1216218,0,15.22171
E:\IMG\center_2025_12_05_11_48_45_051.jpg,E:\IMG\left_2025_12_05_11_48_45_051.jpg,E:\IMG\right_2025_12_05_11_48_45_051.jpg,0,0.3614619,0,15.00244
E:\IMG\center_2025_12_05_11_48_45_131.jpg,E:\IMG\left_2025_12_05_11_48_45_131.jpg,E:\IMG\right_2025_12_05_11_48_45_131.jpg,0,0.6025566,0,15.22309
E:\IMG\center_2025_12_05_11_48_45_207.jpg,E:\IMG\left_2025_12_05_11_48_45_207.jpg,E:\IMG\right_2025_12_05_11_48_45_207.jpg,0.2,0.8426727,0,15.56843
E:\IMG\center_2025_12_05_11_48_45_287.jpg,E:\IMG\left_2025_12_05_11_48_45_287.jpg,E:\IMG\right_2025_12_05_11_48_45_287.jpg,0.4,1,0,16.04263
E:\IMG\center_2025_12_05_11_48_45_374.jpg,E:\IMG\left_2025_12_05_11_48_45_374.jpg,E:\IMG\right_2025_12_05_11_48_45_374.jpg,0.6500001,0.8713918,0,16.49887
E:\IMG\center_2025_12_05_11_48_45_454.jpg,E:\IMG\left_2025_12_05_11_48_45_454.jpg,E:\IMG\right_2025_12_05_11_48_45_454.jpg,0.8500001,0.6187191,0,16.51907
E:\IMG\center_2025_12_05_11_48_45_538.jpg,E:\IMG\left_2025_12_05_11_48_45_538.jpg,E:\IMG\right_2025_12_05_11_48_45_538.jpg,1,0.3674595,0,16.29321
E:\IMG\center_2025_12_05_11_48_45_625.jpg,E:\IMG\left_2025_12_05_11_48_45_625.jpg,E:\IMG\right_2025_12_05_11_48_45_625.jpg,1,0.1058688,0,16.0351
E:\IMG\center_2025_12_05_11_48_45_716.jpg,E:\IMG\left_2025_12_05_11_48_45_716.jpg,E:\IMG\right_2025_12_05_11_48_45_716.jpg,0,0,0,15.31685
E:\IMG\center_2025_12_05_11_48_45_797.jpg,E:\IMG\left_2025_12_05_11_48_45_797.jpg,E:\IMG\right_2025_12_05_11_48_45_797.jpg,0,0,0,14.68968
E:\IMG\center_2025_12_05_11_48_45_873.jpg,E:\IMG\left_2025_12_05_11_48_45_873.jpg,E:\IMG\right_2025_12_05_11_48_45_873.jpg,0,0,0,14.07225
E:\IMG\center_2025_12_05_11_48_45_947.jpg,E:\IMG\left_2025_12_05_11_48_45_947.jpg,E:\IMG\right_2025_12_05_11_48_45_947.jpg,0,0,0,13.77719
E:\IMG\center_2025_12_05_11_48_46_021.jpg,E:\IMG\left_2025_12_05_11_48_46_021.jpg,E:\IMG\right_2025_12_05_11_48_46_021.jpg,0.15,0,0,13.39592
E:\IMG\center_2025_12_05_11_48_46_093.jpg,E:\IMG\left_2025_12_05_11_48_46_093.jpg,E:\IMG\right_2025_12_05_11_48_46_093.jpg,0.35,0,0,12.41269
E:\IMG\center_2025_12_05_11_48_46_165.jpg,E:\IMG\left_2025_12_05_11_48_46_165.jpg,E:\IMG\right_2025_12_05_11_48_46_165.jpg,0.5000001,0,0,12.35583
E:\IMG\center_2025_12_05_11_48_46_237.jpg,E:\IMG\left_2025_12_05_11_48_46_237.jpg,E:\IMG\right_2025_12_05_11_48_46_237.jpg,0.7,0,0,11.79492
E:\IMG\center_2025_12_05_11_48_46_309.jpg,E:\IMG\left_2025_12_05_11_48_46_309.jpg,E:\IMG\right_2025_12_05_11_48_46_309.jpg,0.8500001,0,0,11.20653
E:\IMG\center_2025_12_05_11_48_46_379.jpg,E:\IMG\left_2025_12_05_11_48_46_379.jpg,E:\IMG\right_2025_12_05_11_48_46_379.jpg,0,0,0,10.69707
E:\IMG\center_2025_12_05_11_48_46_453.jpg,E:\IMG\left_2025_12_05_11_48_46_453.jpg,E:\IMG\right_2025_12_05_11_48_46_453.jpg,0,0.1089978,0,10.19131
E:\IMG\center_2025_12_05_11_48_46_524.jpg,E:\IMG\left_2025_12_05_11_48_46_524.jpg,E:\IMG\right_2025_12_05_11_48_46_524.jpg,0,0.3243768,0,9.969893
E:\IMG\center_2025_12_05_11_48_46_597.jpg,E:\IMG\left_2025_12_05_11_48_46_597.jpg,E:\IMG\right_2025_12_05_11_48_46_597.jpg,0,0.54171,0,9.884595
E:\IMG\center_2025_12_05_11_48_46_671.jpg,E:\IMG\left_2025_12_05_11_48_46_671.jpg,E:\IMG\right_2025_12_05_11_48_46_671.jpg,0.05,0.7618326,0,10.01878
E:\IMG\center_2025_12_05_11_48_46_744.jpg,E:\IMG\left_2025_12_05_11_48_46_744.jpg,E:\IMG\right_2025_12_05_11_48_46_744.jpg,0.2,0.9813024,0,10.28804
E:\IMG\center_2025_12_05_11_48_46_817.jpg,E:\IMG\left_2025_12_05_11_48_46_817.jpg,E:\IMG\right_2025_12_05_11_48_46_817.jpg,0.4,1,0,10.74301
E:\IMG\center_2025_12_05_11_48_46_890.jpg,E:\IMG\left_2025_12_05_11_48_46_890.jpg,E:\IMG\right_2025_12_05_11_48_46_890.jpg,0.6000001,1,0,11.17208
E:\IMG\center_2025_12_05_11_48_46_965.jpg,E:\IMG\left_2025_12_05_11_48_46_965.jpg,E:\IMG\right_2025_12_05_11_48_46_965.jpg,0,0.8307241,0,11.52404
E:\IMG\center_2025_12_05_11_48_47_040.jpg,E:\IMG\left_2025_12_05_11_48_47_040.jpg,E:\IMG\right_2025_12_05_11_48_47_040.jpg,0,0.6109885,0,11.51385
E:\IMG\center_2025_12_05_11_48_47_113.jpg,E:\IMG\left_2025_12_05_11_48_47_113.jpg,E:\IMG\right_2025_12_05_11_48_47_113.jpg,0,0.3966544,0,11.44963
E:\IMG\center_2025_12_05_11_48_47_185.jpg,E:\IMG\left_2025_12_05_11_48_47_185.jpg,E:\IMG\right_2025_12_05_11_48_47_185.jpg,0.1,0.1772044,0,11.33172
E:\IMG\center_2025_12_05_11_48_47_255.jpg,E:\IMG\left_2025_12_05_11_48_47_255.jpg,E:\IMG\right_2025_12_05_11_48_47_255.jpg,0.3,0,0,10.89075
E:\IMG\center_2025_12_05_11_48_47_326.jpg,E:\IMG\left_2025_12_05_11_48_47_326.jpg,E:\IMG\right_2025_12_05_11_48_47_326.jpg,0.45,0,0,10.49555
E:\IMG\center_2025_12_05_11_48_47_398.jpg,E:\IMG\left_2025_12_05_11_48_47_398.jpg,E:\IMG\right_2025_12_05_11_48_47_398.jpg,0.6500001,0,0,9.967166
E:\IMG\center_2025_12_05_11_48_47_470.jpg,E:\IMG\left_2025_12_05_11_48_47_470.jpg,E:\IMG\right_2025_12_05_11_48_47_470.jpg,0.8500001,0.1056306,0,9.45361
E:\IMG\center_2025_12_05_11_48_47_543.jpg,E:\IMG\left_2025_12_05_11_48_47_543.jpg,E:\IMG\right_2025_12_05_11_48_47_543.jpg,0,0.3233754,0,9.176317
E:\IMG\center_2025_12_05_11_48_47_614.jpg,E:\IMG\left_2025_12_05_11_48_47_614.jpg,E:\IMG\right_2025_12_05_11_48_47_614.jpg,0,0.5385417,0,9.099478
E:\IMG\center_2025_12_05_11_48_47_685.jpg,E:\IMG\left_2025_12_05_11_48_47_685.jpg,E:\IMG\right_2025_12_05_11_48_47_685.jpg,0,0.7500213,0,9.183031
E:\IMG\center_2025_12_05_11_48_47_758.jpg,E:\IMG\left_2025_12_05_11_48_47_758.jpg,E:\IMG\right_2025_12_05_11_48_47_758.jpg,0.1,0.9690908,0,9.577449
E:\IMG\center_2025_12_05_11_48_47_830.jpg,E:\IMG\left_2025_12_05_11_48_47_830.jpg,E:\IMG\right_2025_12_05_11_48_47_830.jpg,0.3,1,0,10.08681
E:\IMG\center_2025_12_05_11_48_47_899.jpg,E:\IMG\left_2025_12_05_11_48_47_899.jpg,E:\IMG\right_2025_12_05_11_48_47_899.jpg,0.45,1,0,10.4486
E:\IMG\center_2025_12_05_11_48_47_972.jpg,E:\IMG\left_2025_12_05_11_48_47_972.jpg,E:\IMG\right_2025_12_05_11_48_47_972.jpg,0.6500001,1,0,10.90747
E:\IMG\center_2025_12_05_11_48_48_047.jpg,E:\IMG\left_2025_12_05_11_48_48_047.jpg,E:\IMG\right_2025_12_05_11_48_48_047.jpg,0,0.8851981,0,11.23082
E:\IMG\center_2025_12_05_11_48_48_120.jpg,E:\IMG\left_2025_12_05_11_48_48_120.jpg,E:\IMG\right_2025_12_05_11_48_48_120.jpg,0,0.6118978,0,11.575
E:\IMG\center_2025_12_05_11_48_48_196.jpg,E:\IMG\left_2025_12_05_11_48_48_196.jpg,E:\IMG\right_2025_12_05_11_48_48_196.jpg,0,0.3927678,0,11.52376
E:\IMG\center_2025_12_05_11_48_48_268.jpg,E:\IMG\left_2025_12_05_11_48_48_268.jpg,E:\IMG\right_2025_12_05_11_48_48_268.jpg,0,0.508258,0,11.22701
E:\IMG\center_2025_12_05_11_48_48_345.jpg,E:\IMG\left_2025_12_05_11_48_48_345.jpg,E:\IMG\right_2025_12_05_11_48_48_345.jpg,0,0.7364266,0,11.61558
E:\IMG\center_2025_12_05_11_48_48_420.jpg,E:\IMG\left_2025_12_05_11_48_48_420.jpg,E:\IMG\right_2025_12_05_11_48_48_420.jpg,0.2,0.9560239,0,12.12915
E:\IMG\center_2025_12_05_11_48_48_493.jpg,E:\IMG\left_2025_12_05_11_48_48_493.jpg,E:\IMG\right_2025_12_05_11_48_48_493.jpg,0.4,1,0,12.48754
E:\IMG\center_2025_12_05_11_48_48_567.jpg,E:\IMG\left_2025_12_05_11_48_48_567.jpg,E:\IMG\right_2025_12_05_11_48_48_567.jpg,0.5500001,1,0,13.01183
E:\IMG\center_2025_12_05_11_48_48_646.jpg,E:\IMG\left_2025_12_05_11_48_48_646.jpg,E:\IMG\right_2025_12_05_11_48_48_646.jpg,0.7500002,1,0,13.52361
E:\IMG\center_2025_12_05_11_48_48_723.jpg,E:\IMG\left_2025_12_05_11_48_48_723.jpg,E:\IMG\right_2025_12_05_11_48_48_723.jpg,0,1,0,14.00648
E:\IMG\center_2025_12_05_11_48_48_800.jpg,E:\IMG\left_2025_12_05_11_48_48_800.jpg,E:\IMG\right_2025_12_05_11_48_48_800.jpg,0,0.7660642,0,14.47715
E:\IMG\center_2025_12_05_11_48_48_877.jpg,E:\IMG\left_2025_12_05_11_48_48_877.jpg,E:\IMG\right_2025_12_05_11_48_48_877.jpg,0,0.5339566,0,14.73971
E:\IMG\center_2025_12_05_11_48_48_958.jpg,E:\IMG\left_2025_12_05_11_48_48_958.jpg,E:\IMG\right_2025_12_05_11_48_48_958.jpg,0.2,0.2972881,0,14.93854
E:\IMG\center_2025_12_05_11_48_49_037.jpg,E:\IMG\left_2025_12_05_11_48_49_037.jpg,E:\IMG\right_2025_12_05_11_48_49_037.jpg,0.4,0.541009,0,14.98996
E:\IMG\center_2025_12_05_11_48_49_120.jpg,E:\IMG\left_2025_12_05_11_48_49_120.jpg,E:\IMG\right_2025_12_05_11_48_49_120.jpg,0.6000001,0.7924594,0,15.13589
E:\IMG\center_2025_12_05_11_48_49_207.jpg,E:\IMG\left_2025_12_05_11_48_49_207.jpg,E:\IMG\right_2025_12_05_11_48_49_207.jpg,0.8000001,1,0,15.68155
E:\IMG\center_2025_12_05_11_48_49_288.jpg,E:\IMG\left_2025_12_05_11_48_49_288.jpg,E:\IMG\right_2025_12_05_11_48_49_288.jpg,0,1,0,16.21981
E:\IMG\center_2025_12_05_11_48_49_372.jpg,E:\IMG\left_2025_12_05_11_48_49_372.jpg,E:\IMG\right_2025_12_05_11_48_49_372.jpg,0,1,0,17.12686
E:\IMG\center_2025_12_05_11_48_49_452.jpg,E:\IMG\left_2025_12_05_11_48_49_452.jpg,E:\IMG\right_2025_12_05_11_48_49_452.jpg,0,0.7586272,0,17.80254
E:\IMG\center_2025_12_05_11_48_49_536.jpg,E:\IMG\left_2025_12_05_11_48_49_536.jpg,E:\IMG\right_2025_12_05_11_48_49_536.jpg,0,0.5091895,0,18.23264
E:\IMG\center_2025_12_05_11_48_49_603.jpg,E:\IMG\left_2025_12_05_11_48_49_603.jpg,E:\IMG\right_2025_12_05_11_48_49_603.jpg,0.05,0.3090523,0,18.25875
E:\IMG\center_2025_12_05_11_48_49_681.jpg,E:\IMG\left_2025_12_05_11_48_49_681.jpg,E:\IMG\right_2025_12_05_11_48_49_681.jpg,0.25,0.07148947,0,18.16492
E:\IMG\center_2025_12_05_11_48_49_764.jpg,E:\IMG\left_2025_12_05_11_48_49_764.jpg,E:\IMG\right_2025_12_05_11_48_49_764.jpg,0.45,0,0,17.9521
E:\IMG\center_2025_12_05_11_48_49_846.jpg,E:\IMG\left_2025_12_05_11_48_49_846.jpg,E:\IMG\right_2025_12_05_11_48_49_846.jpg,0.6500001,0,0,17.65533
E:\IMG\center_2025_12_05_11_48_49_928.jpg,E:\IMG\left_2025_12_05_11_48_49_928.jpg,E:\IMG\right_2025_12_05_11_48_49_928.jpg,0.8500001,0,0,17.29002
E:\IMG\center_2025_12_05_11_48_50_009.jpg,E:\IMG\left_2025_12_05_11_48_50_009.jpg,E:\IMG\right_2025_12_05_11_48_50_009.jpg,0,0,0,17.40814
E:\IMG\center_2025_12_05_11_48_50_090.jpg,E:\IMG\left_2025_12_05_11_48_50_090.jpg,E:\IMG\right_2025_12_05_11_48_50_090.jpg,0,0,0,17.26994
E:\IMG\center_2025_12_05_11_48_50_176.jpg,E:\IMG\left_2025_12_05_11_48_50_176.jpg,E:\IMG\right_2025_12_05_11_48_50_176.jpg,0.15,0,0,17.14071
E:\IMG\center_2025_12_05_11_48_50_260.jpg,E:\IMG\left_2025_12_05_11_48_50_260.jpg,E:\IMG\right_2025_12_05_11_48_50_260.jpg,0.35,0,0,16.96164
E:\IMG\center_2025_12_05_11_48_50_339.jpg,E:\IMG\left_2025_12_05_11_48_50_339.jpg,E:\IMG\right_2025_12_05_11_48_50_339.jpg,0.5500001,0,0,16.72823
E:\IMG\center_2025_12_05_11_48_50_421.jpg,E:\IMG\left_2025_12_05_11_48_50_421.jpg,E:\IMG\right_2025_12_05_11_48_50_421.jpg,0.7500002,0,0,16.45186
E:\IMG\center_2025_12_05_11_48_50_502.jpg,E:\IMG\left_2025_12_05_11_48_50_502.jpg,E:\IMG\right_2025_12_05_11_48_50_502.jpg,0,0,0,16.26016
E:\IMG\center_2025_12_05_11_48_50_583.jpg,E:\IMG\left_2025_12_05_11_48_50_583.jpg,E:\IMG\right_2025_12_05_11_48_50_583.jpg,0,0.1743153,0,16.15257
E:\IMG\center_2025_12_05_11_48_50_657.jpg,E:\IMG\left_2025_12_05_11_48_50_657.jpg,E:\IMG\right_2025_12_05_11_48_50_657.jpg,0,0.4060263,0,16.29404
E:\IMG\center_2025_12_05_11_48_50_733.jpg,E:\IMG\left_2025_12_05_11_48_50_733.jpg,E:\IMG\right_2025_12_05_11_48_50_733.jpg,0,0.6351513,0,16.62423
E:\IMG\center_2025_12_05_11_48_50_806.jpg,E:\IMG\left_2025_12_05_11_48_50_806.jpg,E:\IMG\right_2025_12_05_11_48_50_806.jpg,0.1,0.851415,0,16.71745
E:\IMG\center_2025_12_05_11_48_50_879.jpg,E:\IMG\left_2025_12_05_11_48_50_879.jpg,E:\IMG\right_2025_12_05_11_48_50_879.jpg,0.3,0.8527669,0,17.51837
E:\IMG\center_2025_12_05_11_48_50_953.jpg,E:\IMG\left_2025_12_05_11_48_50_953.jpg,E:\IMG\right_2025_12_05_11_48_50_953.jpg,0.5000001,0.6314176,0,18.00267
E:\IMG\center_2025_12_05_11_48_51_028.jpg,E:\IMG\left_2025_12_05_11_48_51_028.jpg,E:\IMG\right_2025_12_05_11_48_51_028.jpg,0.6500001,0.4048486,0,18.41525
E:\IMG\center_2025_12_05_11_48_51_105.jpg,E:\IMG\left_2025_12_05_11_48_51_105.jpg,E:\IMG\right_2025_12_05_11_48_51_105.jpg,0.8500001,0.1776103,0,18.37673
E:\IMG\center_2025_12_05_11_48_51_182.jpg,E:\IMG\left_2025_12_05_11_48_51_182.jpg,E:\IMG\right_2025_12_05_11_48_51_182.jpg,1,0,0,18.13078
E:\IMG\center_2025_12_05_11_48_51_262.jpg,E:\IMG\left_2025_12_05_11_48_51_262.jpg,E:\IMG\right_2025_12_05_11_48_51_262.jpg,1,0,0,17.86804
E:\IMG\center_2025_12_05_11_48_51_340.jpg,E:\IMG\left_2025_12_05_11_48_51_340.jpg,E:\IMG\right_2025_12_05_11_48_51_340.jpg,1,0,0,17.65404
E:\IMG\center_2025_12_05_11_48_51_414.jpg,E:\IMG\left_2025_12_05_11_48_51_414.jpg,E:\IMG\right_2025_12_05_11_48_51_414.jpg,1,0,0,17.46746
E:\IMG\center_2025_12_05_11_48_51_485.jpg,E:\IMG\left_2025_12_05_11_48_51_485.jpg,E:\IMG\right_2025_12_05_11_48_51_485.jpg,1,0,0,16.86605
E:\IMG\center_2025_12_05_11_48_51_557.jpg,E:\IMG\left_2025_12_05_11_48_51_557.jpg,E:\IMG\right_2025_12_05_11_48_51_557.jpg,1,0,0,16.69117
E:\IMG\center_2025_12_05_11_48_51_625.jpg,E:\IMG\left_2025_12_05_11_48_51_625.jpg,E:\IMG\right_2025_12_05_11_48_51_625.jpg,1,0,0,17.04029
E:\IMG\center_2025_12_05_11_48_51_704.jpg,E:\IMG\left_2025_12_05_11_48_51_704.jpg,E:\IMG\right_2025_12_05_11_48_51_704.jpg,0,0,0,16.80415
E:\IMG\center_2025_12_05_11_48_51_776.jpg,E:\IMG\left_2025_12_05_11_48_51_776.jpg,E:\IMG\right_2025_12_05_11_48_51_776.jpg,0,0,0,16.54297
E:\IMG\center_2025_12_05_11_48_51_848.jpg,E:\IMG\left_2025_12_05_11_48_51_848.jpg,E:\IMG\right_2025_12_05_11_48_51_848.jpg,0,0,0,15.94505
E:\IMG\center_2025_12_05_11_48_51_928.jpg,E:\IMG\left_2025_12_05_11_48_51_928.jpg,E:\IMG\right_2025_12_05_11_48_51_928.jpg,0,0,0,15.71905
E:\IMG\center_2025_12_05_11_48_51_998.jpg,E:\IMG\left_2025_12_05_11_48_51_998.jpg,E:\IMG\right_2025_12_05_11_48_51_998.jpg,0.2,0,0,15.59647
E:\IMG\center_2025_12_05_11_48_52_077.jpg,E:\IMG\left_2025_12_05_11_48_52_077.jpg,E:\IMG\right_2025_12_05_11_48_52_077.jpg,0.4,0,0,15.43937
E:\IMG\center_2025_12_05_11_48_52_154.jpg,E:\IMG\left_2025_12_05_11_48_52_154.jpg,E:\IMG\right_2025_12_05_11_48_52_154.jpg,0.6000001,0,0,15.23
E:\IMG\center_2025_12_05_11_48_52_232.jpg,E:\IMG\left_2025_12_05_11_48_52_232.jpg,E:\IMG\right_2025_12_05_11_48_52_232.jpg,0,0,0,15.03023
E:\IMG\center_2025_12_05_11_48_52_310.jpg,E:\IMG\left_2025_12_05_11_48_52_310.jpg,E:\IMG\right_2025_12_05_11_48_52_310.jpg,0,0,0,14.90492
E:\IMG\center_2025_12_05_11_48_52_389.jpg,E:\IMG\left_2025_12_05_11_48_52_389.jpg,E:\IMG\right_2025_12_05_11_48_52_389.jpg,0,0,0,14.7814
E:\IMG\center_2025_12_05_11_48_52_463.jpg,E:\IMG\left_2025_12_05_11_48_52_463.jpg,E:\IMG\right_2025_12_05_11_48_52_463.jpg,0,0,0,15.23934
E:\IMG\center_2025_12_05_11_48_52_538.jpg,E:\IMG\left_2025_12_05_11_48_52_538.jpg,E:\IMG\right_2025_12_05_11_48_52_538.jpg,0,0,0,15.12454
E:\IMG\center_2025_12_05_11_48_52_614.jpg,E:\IMG\left_2025_12_05_11_48_52_614.jpg,E:\IMG\right_2025_12_05_11_48_52_614.jpg,0,0,0,15.00454
E:\IMG\center_2025_12_05_11_48_52_689.jpg,E:\IMG\left_2025_12_05_11_48_52_689.jpg,E:\IMG\right_2025_12_05_11_48_52_689.jpg,-0.15,0,0,14.87662
E:\IMG\center_2025_12_05_11_48_52_764.jpg,E:\IMG\left_2025_12_05_11_48_52_764.jpg,E:\IMG\right_2025_12_05_11_48_52_764.jpg,-0.3,0,0,14.26835
E:\IMG\center_2025_12_05_11_48_52_842.jpg,E:\IMG\left_2025_12_05_11_48_52_842.jpg,E:\IMG\right_2025_12_05_11_48_52_842.jpg,0,0,0,14.0816
E:\IMG\center_2025_12_05_11_48_52_919.jpg,E:\IMG\left_2025_12_05_11_48_52_919.jpg,E:\IMG\right_2025_12_05_11_48_52_919.jpg,0,0,0,13.94396
E:\IMG\center_2025_12_05_11_48_52_994.jpg,E:\IMG\left_2025_12_05_11_48_52_994.jpg,E:\IMG\right_2025_12_05_11_48_52_994.jpg,0,0,0,13.7981
E:\IMG\center_2025_12_05_11_48_53_070.jpg,E:\IMG\left_2025_12_05_11_48_53_070.jpg,E:\IMG\right_2025_12_05_11_48_53_070.jpg,0,0.224124,0,13.74297
E:\IMG\center_2025_12_05_11_48_53_141.jpg,E:\IMG\left_2025_12_05_11_48_53_141.jpg,E:\IMG\right_2025_12_05_11_48_53_141.jpg,0,0.4395483,0,14.379
E:\IMG\center_2025_12_05_11_48_53_214.jpg,E:\IMG\left_2025_12_05_11_48_53_214.jpg,E:\IMG\right_2025_12_05_11_48_53_214.jpg,-0.2,0.6604827,0,14.74184
E:\IMG\center_2025_12_05_11_48_53_288.jpg,E:\IMG\left_2025_12_05_11_48_53_288.jpg,E:\IMG\right_2025_12_05_11_48_53_288.jpg,-0.35,0.8480229,0,15.07165
E:\IMG\center_2025_12_05_11_48_53_362.jpg,E:\IMG\left_2025_12_05_11_48_53_362.jpg,E:\IMG\right_2025_12_05_11_48_53_362.jpg,-0.5500001,1,0,15.79604
E:\IMG\center_2025_12_05_11_48_53_440.jpg,E:\IMG\left_2025_12_05_11_48_53_440.jpg,E:\IMG\right_2025_12_05_11_48_53_440.jpg,-0.7500002,0.770296,0,16.42931
E:\IMG\center_2025_12_05_11_48_53_517.jpg,E:\IMG\left_2025_12_05_11_48_53_517.jpg,E:\IMG\right_2025_12_05_11_48_53_517.jpg,0,0.5369849,0,16.75991
E:\IMG\center_2025_12_05_11_48_53_584.jpg,E:\IMG\left_2025_12_05_11_48_53_584.jpg,E:\IMG\right_2025_12_05_11_48_53_584.jpg,0,0.3789926,0,16.8068
E:\IMG\center_2025_12_05_11_48_53_654.jpg,E:\IMG\left_2025_12_05_11_48_53_654.jpg,E:\IMG\right_2025_12_05_11_48_53_654.jpg,-0.1,0.1256714,0,16.77258
E:\IMG\center_2025_12_05_11_48_53_724.jpg,E:\IMG\left_2025_12_05_11_48_53_724.jpg,E:\IMG\right_2025_12_05_11_48_53_724.jpg,-0.25,0,0,16.95517
E:\IMG\center_2025_12_05_11_48_53_793.jpg,E:\IMG\left_2025_12_05_11_48_53_793.jpg,E:\IMG\right_2025_12_05_11_48_53_793.jpg,-0.45,0,0,16.76727
E:\IMG\center_2025_12_05_11_48_53_864.jpg,E:\IMG\left_2025_12_05_11_48_53_864.jpg,E:\IMG\right_2025_12_05_11_48_53_864.jpg,-0.6000001,0,0,16.32073
E:\IMG\center_2025_12_05_11_48_53_934.jpg,E:\IMG\left_2025_12_05_11_48_53_934.jpg,E:\IMG\right_2025_12_05_11_48_53_934.jpg,-0.8000001,0,0,16.06068
E:\IMG\center_2025_12_05_11_48_54_005.jpg,E:\IMG\left_2025_12_05_11_48_54_005.jpg,E:\IMG\right_2025_12_05_11_48_54_005.jpg,-0.9500002,0,0,16.05534
E:\IMG\center_2025_12_05_11_48_54_079.jpg,E:\IMG\left_2025_12_05_11_48_54_079.jpg,E:\IMG\right_2025_12_05_11_48_54_079.jpg,-1,0,0,15.77302
E:\IMG\center_2025_12_05_11_48_54_155.jpg,E:\IMG\left_2025_12_05_11_48_54_155.jpg,E:\IMG\right_2025_12_05_11_48_54_155.jpg,-1,0,0,15.56336
E:\IMG\center_2025_12_05_11_48_54_230.jpg,E:\IMG\left_2025_12_05_11_48_54_230.jpg,E:\IMG\right_2025_12_05_11_48_54_230.jpg,0,0,0,15.29144
E:\IMG\center_2025_12_05_11_48_54_308.jpg,E:\IMG\left_2025_12_05_11_48_54_308.jpg,E:\IMG\right_2025_12_05_11_48_54_308.jpg,0,0,0,14.93914
E:\IMG\center_2025_12_05_11_48_54_386.jpg,E:\IMG\left_2025_12_05_11_48_54_386.jpg,E:\IMG\right_2025_12_05_11_48_54_386.jpg,-0.2,0,0,14.77729
E:\IMG\center_2025_12_05_11_48_54_465.jpg,E:\IMG\left_2025_12_05_11_48_54_465.jpg,E:\IMG\right_2025_12_05_11_48_54_465.jpg,-0.4,0,0,14.63999
E:\IMG\center_2025_12_05_11_48_54_547.jpg,E:\IMG\left_2025_12_05_11_48_54_547.jpg,E:\IMG\right_2025_12_05_11_48_54_547.jpg,-0.6000001,0,0,14.4525
E:\IMG\center_2025_12_05_11_48_54_616.jpg,E:\IMG\left_2025_12_05_11_48_54_616.jpg,E:\IMG\right_2025_12_05_11_48_54_616.jpg,-0.8000001,0,0,14.20536
E:\IMG\center_2025_12_05_11_48_54_685.jpg,E:\IMG\left_2025_12_05_11_48_54_685.jpg,E:\IMG\right_2025_12_05_11_48_54_685.jpg,-0.9500002,0,0,14.24791
E:\IMG\center_2025_12_05_11_48_54_753.jpg,E:\IMG\left_2025_12_05_11_48_54_753.jpg,E:\IMG\right_2025_12_05_11_48_54_753.jpg,-1,0.1018965,0,14.00336
E:\IMG\center_2025_12_05_11_48_54_821.jpg,E:\IMG\left_2025_12_05_11_48_54_821.jpg,E:\IMG\right_2025_12_05_11_48_54_821.jpg,-1,0.204093,0,13.78006
E:\IMG\center_2025_12_05_11_48_54_888.jpg,E:\IMG\left_2025_12_05_11_48_54_888.jpg,E:\IMG\right_2025_12_05_11_48_54_888.jpg,-1,0.04802669,0,13.99356
E:\IMG\center_2025_12_05_11_48_54_960.jpg,E:\IMG\left_2025_12_05_11_48_54_960.jpg,E:\IMG\right_2025_12_05_11_48_54_960.jpg,-1,0,0,13.86112
E:\IMG\center_2025_12_05_11_48_55_035.jpg,E:\IMG\left_2025_12_05_11_48_55_035.jpg,E:\IMG\right_2025_12_05_11_48_55_035.jpg,-1,0,0,13.71291
E:\IMG\center_2025_12_05_11_48_55_106.jpg,E:\IMG\left_2025_12_05_11_48_55_106.jpg,E:\IMG\right_2025_12_05_11_48_55_106.jpg,-1,0,0,13.41874
E:\IMG\center_2025_12_05_11_48_55_177.jpg,E:\IMG\left_2025_12_05_11_48_55_177.jpg,E:\IMG\right_2025_12_05_11_48_55_177.jpg,-1,0,0,13.37493
E:\IMG\center_2025_12_05_11_48_55_246.jpg,E:\IMG\left_2025_12_05_11_48_55_246.jpg,E:\IMG\right_2025_12_05_11_48_55_246.jpg,-1,0,0,13.33392
E:\IMG\center_2025_12_05_11_48_55_324.jpg,E:\IMG\left_2025_12_05_11_48_55_324.jpg,E:\IMG\right_2025_12_05_11_48_55_324.jpg,0,0,0,13.14294
E:\IMG\center_2025_12_05_11_48_55_400.jpg,E:\IMG\left_2025_12_05_11_48_55_400.jpg,E:\IMG\right_2025_12_05_11_48_55_400.jpg,0,0.1734849,0,12.94597
E:\IMG\center_2025_12_05_11_48_55_477.jpg,E:\IMG\left_2025_12_05_11_48_55_477.jpg,E:\IMG\right_2025_12_05_11_48_55_477.jpg,0,0.4016166,0,13.1124
E:\IMG\center_2025_12_05_11_48_55_553.jpg,E:\IMG\left_2025_12_05_11_48_55_553.jpg,E:\IMG\right_2025_12_05_11_48_55_553.jpg,0,0.6260457,0,13.55738
E:\IMG\center_2025_12_05_11_48_55_629.jpg,E:\IMG\left_2025_12_05_11_48_55_629.jpg,E:\IMG\right_2025_12_05_11_48_55_629.jpg,-0.1,0.8591496,0,13.93704
E:\IMG\center_2025_12_05_11_48_55_704.jpg,E:\IMG\left_2025_12_05_11_48_55_704.jpg,E:\IMG\right_2025_12_05_11_48_55_704.jpg,-0.3,1,0,14.61073
E:\IMG\center_2025_12_05_11_48_55_779.jpg,E:\IMG\left_2025_12_05_11_48_55_779.jpg,E:\IMG\right_2025_12_05_11_48_55_779.jpg,-0.5000001,1,0,15.38271
E:\IMG\center_2025_12_05_11_48_55_856.jpg,E:\IMG\left_2025_12_05_11_48_55_856.jpg,E:\IMG\right_2025_12_05_11_48_55_856.jpg,-0.7,0.7674541,0,15.97064
E:\IMG\center_2025_12_05_11_48_55_939.jpg,E:\IMG\left_2025_12_05_11_48_55_939.jpg,E:\IMG\right_2025_12_05_11_48_55_939.jpg,-0.9000002,0.5212762,0,16.27468
E:\IMG\center_2025_12_05_11_48_56_020.jpg,E:\IMG\left_2025_12_05_11_48_56_020.jpg,E:\IMG\right_2025_12_05_11_48_56_020.jpg,-1,0.2767946,0,16.35634
E:\IMG\center_2025_12_05_11_48_56_104.jpg,E:\IMG\left_2025_12_05_11_48_56_104.jpg,E:\IMG\right_2025_12_05_11_48_56_104.jpg,0,0.02529585,0,16.26069
E:\IMG\center_2025_12_05_11_48_56_190.jpg,E:\IMG\left_2025_12_05_11_48_56_190.jpg,E:\IMG\right_2025_12_05_11_48_56_190.jpg,-0.2,0,0,16.21813
E:\IMG\center_2025_12_05_11_48_56_280.jpg,E:\IMG\left_2025_12_05_11_48_56_280.jpg,E:\IMG\right_2025_12_05_11_48_56_280.jpg,-0.4,0,0,16.09506
E:\IMG\center_2025_12_05_11_48_56_367.jpg,E:\IMG\left_2025_12_05_11_48_56_367.jpg,E:\IMG\right_2025_12_05_11_48_56_367.jpg,-0.6000001,0,0,15.89088
E:\IMG\center_2025_12_05_11_48_56_446.jpg,E:\IMG\left_2025_12_05_11_48_56_446.jpg,E:\IMG\right_2025_12_05_11_48_56_446.jpg,-0.8000001,0,0,15.62527
E:\IMG\center_2025_12_05_11_48_56_527.jpg,E:\IMG\left_2025_12_05_11_48_56_527.jpg,E:\IMG\right_2025_12_05_11_48_56_527.jpg,-1,0,0,15.31598
E:\IMG\center_2025_12_05_11_48_56_604.jpg,E:\IMG\left_2025_12_05_11_48_56_604.jpg,E:\IMG\right_2025_12_05_11_48_56_604.jpg,-1,0,0,15.07356
E:\IMG\center_2025_12_05_11_48_56_687.jpg,E:\IMG\left_2025_12_05_11_48_56_687.jpg,E:\IMG\right_2025_12_05_11_48_56_687.jpg,-1,0,0,14.88595
E:\IMG\center_2025_12_05_11_48_56_764.jpg,E:\IMG\left_2025_12_05_11_48_56_764.jpg,E:\IMG\right_2025_12_05_11_48_56_764.jpg,-1,0,0,14.73108
E:\IMG\center_2025_12_05_11_48_56_839.jpg,E:\IMG\left_2025_12_05_11_48_56_839.jpg,E:\IMG\right_2025_12_05_11_48_56_839.jpg,0,0,0,14.45755
E:\IMG\center_2025_12_05_11_48_56_915.jpg,E:\IMG\left_2025_12_05_11_48_56_915.jpg,E:\IMG\right_2025_12_05_11_48_56_915.jpg,0,0,0,14.2487
E:\IMG\center_2025_12_05_11_48_56_990.jpg,E:\IMG\left_2025_12_05_11_48_56_990.jpg,E:\IMG\right_2025_12_05_11_48_56_990.jpg,0,0,0,13.89438
E:\IMG\center_2025_12_05_11_48_57_066.jpg,E:\IMG\left_2025_12_05_11_48_57_066.jpg,E:\IMG\right_2025_12_05_11_48_57_066.jpg,0,0,0,13.72693
E:\IMG\center_2025_12_05_11_48_57_148.jpg,E:\IMG\left_2025_12_05_11_48_57_148.jpg,E:\IMG\right_2025_12_05_11_48_57_148.jpg,-0.05,0,0,13.65617
E:\IMG\center_2025_12_05_11_48_57_223.jpg,E:\IMG\left_2025_12_05_11_48_57_223.jpg,E:\IMG\right_2025_12_05_11_48_57_223.jpg,-0.25,0,0,13.54914
E:\IMG\center_2025_12_05_11_48_57_302.jpg,E:\IMG\left_2025_12_05_11_48_57_302.jpg,E:\IMG\right_2025_12_05_11_48_57_302.jpg,-0.45,0,0,13.31264
E:\IMG\center_2025_12_05_11_48_57_381.jpg,E:\IMG\left_2025_12_05_11_48_57_381.jpg,E:\IMG\right_2025_12_05_11_48_57_381.jpg,-0.6500001,0,0,13.09729
E:\IMG\center_2025_12_05_11_48_57_460.jpg,E:\IMG\left_2025_12_05_11_48_57_460.jpg,E:\IMG\right_2025_12_05_11_48_57_460.jpg,-0.8500001,0,0,12.86604
E:\IMG\center_2025_12_05_11_48_57_536.jpg,E:\IMG\left_2025_12_05_11_48_57_536.jpg,E:\IMG\right_2025_12_05_11_48_57_536.jpg,0,0,0,12.65401
E:\IMG\center_2025_12_05_11_48_57_613.jpg,E:\IMG\left_2025_12_05_11_48_57_613.jpg,E:\IMG\right_2025_12_05_11_48_57_613.jpg,0,0,0,12.4587
E:\IMG\center_2025_12_05_11_48_57_686.jpg,E:\IMG\left_2025_12_05_11_48_57_686.jpg,E:\IMG\right_2025_12_05_11_48_57_686.jpg,0,0,0,12.61267
E:\IMG\center_2025_12_05_11_48_57_760.jpg,E:\IMG\left_2025_12_05_11_48_57_760.jpg,E:\IMG\right_2025_12_05_11_48_57_760.jpg,0,0,0,12.52311
E:\IMG\center_2025_12_05_11_48_57_837.jpg,E:\IMG\left_2025_12_05_11_48_57_837.jpg,E:\IMG\right_2025_12_05_11_48_57_837.jpg,0,0,0,12.34388
E:\IMG\center_2025_12_05_11_48_57_912.jpg,E:\IMG\left_2025_12_05_11_48_57_912.jpg,E:\IMG\right_2025_12_05_11_48_57_912.jpg,0,0,0,12.01042
E:\IMG\center_2025_12_05_11_48_57_995.jpg,E:\IMG\left_2025_12_05_11_48_57_995.jpg,E:\IMG\right_2025_12_05_11_48_57_995.jpg,0,0,0,12.02987
E:\IMG\center_2025_12_05_11_48_58_073.jpg,E:\IMG\left_2025_12_05_11_48_58_073.jpg,E:\IMG\right_2025_12_05_11_48_58_073.jpg,0,0,0,11.91806
E:\IMG\center_2025_12_05_11_48_58_150.jpg,E:\IMG\left_2025_12_05_11_48_58_150.jpg,E:\IMG\right_2025_12_05_11_48_58_150.jpg,0,0.1184127,0,11.83585
E:\IMG\center_2025_12_05_11_48_58_231.jpg,E:\IMG\left_2025_12_05_11_48_58_231.jpg,E:\IMG\right_2025_12_05_11_48_58_231.jpg,0,0.3617253,0,11.95344
E:\IMG\center_2025_12_05_11_48_58_313.jpg,E:\IMG\left_2025_12_05_11_48_58_313.jpg,E:\IMG\right_2025_12_05_11_48_58_313.jpg,0.15,0.6042246,0,12.52796
E:\IMG\center_2025_12_05_11_48_58_392.jpg,E:\IMG\left_2025_12_05_11_48_58_392.jpg,E:\IMG\right_2025_12_05_11_48_58_392.jpg,0.35,0.7239,0,12.98346
E:\IMG\center_2025_12_05_11_48_58_477.jpg,E:\IMG\left_2025_12_05_11_48_58_477.jpg,E:\IMG\right_2025_12_05_11_48_58_477.jpg,0.5500001,0.4821099,0,13.45791
E:\IMG\center_2025_12_05_11_48_58_563.jpg,E:\IMG\left_2025_12_05_11_48_58_563.jpg,E:\IMG\right_2025_12_05_11_48_58_563.jpg,0,0.2246559,0,13.52944
E:\IMG\center_2025_12_05_11_48_58_648.jpg,E:\IMG\left_2025_12_05_11_48_58_648.jpg,E:\IMG\right_2025_12_05_11_48_58_648.jpg,0,0,0,13.39807
E:\IMG\center_2025_12_05_11_48_58_737.jpg,E:\IMG\left_2025_12_05_11_48_58_737.jpg,E:\IMG\right_2025_12_05_11_48_58_737.jpg,0.15,0,0,13.50524
E:\IMG\center_2025_12_05_11_48_58_821.jpg,E:\IMG\left_2025_12_05_11_48_58_821.jpg,E:\IMG\right_2025_12_05_11_48_58_821.jpg,0.35,0,0,13.38139
E:\IMG\center_2025_12_05_11_48_58_907.jpg,E:\IMG\left_2025_12_05_11_48_58_907.jpg,E:\IMG\right_2025_12_05_11_48_58_907.jpg,0.5500001,0,0,13.18876
E:\IMG\center_2025_12_05_11_48_58_987.jpg,E:\IMG\left_2025_12_05_11_48_58_987.jpg,E:\IMG\right_2025_12_05_11_48_58_987.jpg,0.7500002,0,0,12.93663
E:\IMG\center_2025_12_05_11_48_59_065.jpg,E:\IMG\left_2025_12_05_11_48_59_065.jpg,E:\IMG\right_2025_12_05_11_48_59_065.jpg,0,0,0,12.75508
E:\IMG\center_2025_12_05_11_48_59_143.jpg,E:\IMG\left_2025_12_05_11_48_59_143.jpg,E:\IMG\right_2025_12_05_11_48_59_143.jpg,0,0,0,12.69247
E:\IMG\center_2025_12_05_11_48_59_217.jpg,E:\IMG\left_2025_12_05_11_48_59_217.jpg,E:\IMG\right_2025_12_05_11_48_59_217.jpg,0,0,0,12.54707
E:\IMG\center_2025_12_05_11_48_59_287.jpg,E:\IMG\left_2025_12_05_11_48_59_287.jpg,E:\IMG\right_2025_12_05_11_48_59_287.jpg,0.05,0,0,12.24118
E:\IMG\center_2025_12_05_11_48_59_362.jpg,E:\IMG\left_2025_12_05_11_48_59_362.jpg,E:\IMG\right_2025_12_05_11_48_59_362.jpg,0.25,0,0,12.01564
E:\IMG\center_2025_12_05_11_48_59_434.jpg,E:\IMG\left_2025_12_05_11_48_59_434.jpg,E:\IMG\right_2025_12_05_11_48_59_434.jpg,0.45,0,0,11.86806
E:\IMG\center_2025_12_05_11_48_59_504.jpg,E:\IMG\left_2025_12_05_11_48_59_504.jpg,E:\IMG\right_2025_12_05_11_48_59_504.jpg,0,0,0,12.08818
E:\IMG\center_2025_12_05_11_48_59_580.jpg,E:\IMG\left_2025_12_05_11_48_59_580.jpg,E:\IMG\right_2025_12_05_11_48_59_580.jpg,0,0,0,11.96357
E:\IMG\center_2025_12_05_11_48_59_657.jpg,E:\IMG\left_2025_12_05_11_48_59_657.jpg,E:\IMG\right_2025_12_05_11_48_59_657.jpg,0,0.1773258,0,11.85948
E:\IMG\center_2025_12_05_11_48_59_734.jpg,E:\IMG\left_2025_12_05_11_48_59_734.jpg,E:\IMG\right_2025_12_05_11_48_59_734.jpg,0,0.405111,0,12.04823
E:\IMG\center_2025_12_05_11_48_59_813.jpg,E:\IMG\left_2025_12_05_11_48_59_813.jpg,E:\IMG\right_2025_12_05_11_48_59_813.jpg,0,0.6447861,0,12.41183
E:\IMG\center_2025_12_05_11_48_59_888.jpg,E:\IMG\left_2025_12_05_11_48_59_888.jpg,E:\IMG\right_2025_12_05_11_48_59_888.jpg,0,0.8257332,0,12.80214
E:\IMG\center_2025_12_05_11_48_59_962.jpg,E:\IMG\left_2025_12_05_11_48_59_962.jpg,E:\IMG\right_2025_12_05_11_48_59_962.jpg,0,0.9437563,0,13.76153
E:\IMG\center_2025_12_05_11_49_00_036.jpg,E:\IMG\left_2025_12_05_11_49_00_036.jpg,E:\IMG\right_2025_12_05_11_49_00_036.jpg,0,0.7167771,0,14.44173
E:\IMG\center_2025_12_05_11_49_00_111.jpg,E:\IMG\left_2025_12_05_11_49_00_111.jpg,E:\IMG\right_2025_12_05_11_49_00_111.jpg,0,0.4931992,0,14.88239
E:\IMG\center_2025_12_05_11_49_00_180.jpg,E:\IMG\left_2025_12_05_11_49_00_180.jpg,E:\IMG\right_2025_12_05_11_49_00_180.jpg,0,0.2884912,0,15.07333
E:\IMG\center_2025_12_05_11_49_00_247.jpg,E:\IMG\left_2025_12_05_11_49_00_247.jpg,E:\IMG\right_2025_12_05_11_49_00_247.jpg,-0.05,0.1318507,0,15.09712
E:\IMG\center_2025_12_05_11_49_00_317.jpg,E:\IMG\left_2025_12_05_11_49_00_317.jpg,E:\IMG\right_2025_12_05_11_49_00_317.jpg,-0.25,0,0,14.99486
E:\IMG\center_2025_12_05_11_49_00_384.jpg,E:\IMG\left_2025_12_05_11_49_00_384.jpg,E:\IMG\right_2025_12_05_11_49_00_384.jpg,0,0,0,14.81278
E:\IMG\center_2025_12_05_11_49_00_454.jpg,E:\IMG\left_2025_12_05_11_49_00_454.jpg,E:\IMG\right_2025_12_05_11_49_00_454.jpg,0,0,0,14.68675
E:\IMG\center_2025_12_05_11_49_00_524.jpg,E:\IMG\left_2025_12_05_11_49_00_524.jpg,E:\IMG\right_2025_12_05_11_49_00_524.jpg,-0.1,0,0,14.67668
E:\IMG\center_2025_12_05_11_49_00_592.jpg,E:\IMG\left_2025_12_05_11_49_00_592.jpg,E:\IMG\right_2025_12_05_11_49_00_592.jpg,-0.3,0,0,14.53404
E:\IMG\center_2025_12_05_11_49_00_659.jpg,E:\IMG\left_2025_12_05_11_49_00_659.jpg,E:\IMG\right_2025_12_05_11_49_00_659.jpg,-0.45,0,0,14.36725
E:\IMG\center_2025_12_05_11_49_00_730.jpg,E:\IMG\left_2025_12_05_11_49_00_730.jpg,E:\IMG\right_2025_12_05_11_49_00_730.jpg,-0.6500001,0,0,14.14414
E:\IMG\center_2025_12_05_11_49_00_801.jpg,E:\IMG\left_2025_12_05_11_49_00_801.jpg,E:\IMG\right_2025_12_05_11_49_00_801.jpg,-0.8000001,0,0,13.96337
E:\IMG\center_2025_12_05_11_49_00_871.jpg,E:\IMG\left_2025_12_05_11_49_00_871.jpg,E:\IMG\right_2025_12_05_11_49_00_871.jpg,0,0,0,13.6752
E:\IMG\center_2025_12_05_11_49_00_943.jpg,E:\IMG\left_2025_12_05_11_49_00_943.jpg,E:\IMG\right_2025_12_05_11_49_00_943.jpg,0,0,0,13.55377
E:\IMG\center_2025_12_05_11_49_01_014.jpg,E:\IMG\left_2025_12_05_11_49_01_014.jpg,E:\IMG\right_2025_12_05_11_49_01_014.jpg,0,0,0,13.37723
E:\IMG\center_2025_12_05_11_49_01_086.jpg,E:\IMG\left_2025_12_05_11_49_01_086.jpg,E:\IMG\right_2025_12_05_11_49_01_086.jpg,0,0,0,13.26544
E:\IMG\center_2025_12_05_11_49_01_161.jpg,E:\IMG\left_2025_12_05_11_49_01_161.jpg,E:\IMG\right_2025_12_05_11_49_01_161.jpg,0,0.1677162,0,13.26323
E:\IMG\center_2025_12_05_11_49_01_234.jpg,E:\IMG\left_2025_12_05_11_49_01_234.jpg,E:\IMG\right_2025_12_05_11_49_01_234.jpg,-0.05,0.3899733,0,13.40819
E:\IMG\center_2025_12_05_11_49_01_305.jpg,E:\IMG\left_2025_12_05_11_49_01_305.jpg,E:\IMG\right_2025_12_05_11_49_01_305.jpg,-0.2,0.6051744,0,13.677
E:\IMG\center_2025_12_05_11_49_01_375.jpg,E:\IMG\left_2025_12_05_11_49_01_375.jpg,E:\IMG\right_2025_12_05_11_49_01_375.jpg,-0.4,0.8210648,0,14.35032
E:\IMG\center_2025_12_05_11_49_01_448.jpg,E:\IMG\left_2025_12_05_11_49_01_448.jpg,E:\IMG\right_2025_12_05_11_49_01_448.jpg,-0.5500001,0.6573023,0,14.45995
E:\IMG\center_2025_12_05_11_49_01_525.jpg,E:\IMG\left_2025_12_05_11_49_01_525.jpg,E:\IMG\right_2025_12_05_11_49_01_525.jpg,-0.7500002,0.3802131,0,14.63254
E:\IMG\center_2025_12_05_11_49_01_604.jpg,E:\IMG\left_2025_12_05_11_49_01_604.jpg,E:\IMG\right_2025_12_05_11_49_01_604.jpg,0,0.141173,0,14.60237
E:\IMG\center_2025_12_05_11_49_01_675.jpg,E:\IMG\left_2025_12_05_11_49_01_675.jpg,E:\IMG\right_2025_12_05_11_49_01_675.jpg,0,0,0,14.40498
E:\IMG\center_2025_12_05_11_49_01_750.jpg,E:\IMG\left_2025_12_05_11_49_01_750.jpg,E:\IMG\right_2025_12_05_11_49_01_750.jpg,-0.05,0,0,14.81266
E:\IMG\center_2025_12_05_11_49_01_825.jpg,E:\IMG\left_2025_12_05_11_49_01_825.jpg,E:\IMG\right_2025_12_05_11_49_01_825.jpg,-0.25,0,0,14.68333
E:\IMG\center_2025_12_05_11_49_01_903.jpg,E:\IMG\left_2025_12_05_11_49_01_903.jpg,E:\IMG\right_2025_12_05_11_49_01_903.jpg,-0.45,0,0,14.5226
E:\IMG\center_2025_12_05_11_49_01_973.jpg,E:\IMG\left_2025_12_05_11_49_01_973.jpg,E:\IMG\right_2025_12_05_11_49_01_973.jpg,-0.6500001,0,0,14.30666
E:\IMG\center_2025_12_05_11_49_02_040.jpg,E:\IMG\left_2025_12_05_11_49_02_040.jpg,E:\IMG\right_2025_12_05_11_49_02_040.jpg,-0.8000001,0,0,13.61066
E:\IMG\center_2025_12_05_11_49_02_113.jpg,E:\IMG\left_2025_12_05_11_49_02_113.jpg,E:\IMG\right_2025_12_05_11_49_02_113.jpg,0,0,0,13.39911
E:\IMG\center_2025_12_05_11_49_02_185.jpg,E:\IMG\left_2025_12_05_11_49_02_185.jpg,E:\IMG\right_2025_12_05_11_49_02_185.jpg,0,0,0,13.74173
E:\IMG\center_2025_12_05_11_49_02_260.jpg,E:\IMG\left_2025_12_05_11_49_02_260.jpg,E:\IMG\right_2025_12_05_11_49_02_260.jpg,-0.2,0,0,13.63352
E:\IMG\center_2025_12_05_11_49_02_334.jpg,E:\IMG\left_2025_12_05_11_49_02_334.jpg,E:\IMG\right_2025_12_05_11_49_02_334.jpg,-0.4,0,0,13.50751
E:\IMG\center_2025_12_05_11_49_02_410.jpg,E:\IMG\left_2025_12_05_11_49_02_410.jpg,E:\IMG\right_2025_12_05_11_49_02_410.jpg,-0.5500001,0,0,12.82348
E:\IMG\center_2025_12_05_11_49_02_486.jpg,E:\IMG\left_2025_12_05_11_49_02_486.jpg,E:\IMG\right_2025_12_05_11_49_02_486.jpg,0,0,0,12.70107
E:\IMG\center_2025_12_05_11_49_02_560.jpg,E:\IMG\left_2025_12_05_11_49_02_560.jpg,E:\IMG\right_2025_12_05_11_49_02_560.jpg,0,0.1693941,0,12.60298
E:\IMG\center_2025_12_05_11_49_02_635.jpg,E:\IMG\left_2025_12_05_11_49_02_635.jpg,E:\IMG\right_2025_12_05_11_49_02_635.jpg,-0.2,0.3946929,0,12.77772
E:\IMG\center_2025_12_05_11_49_02_706.jpg,E:\IMG\left_2025_12_05_11_49_02_706.jpg,E:\IMG\right_2025_12_05_11_49_02_706.jpg,-0.35,0.6165981,0,13.42612
E:\IMG\center_2025_12_05_11_49_02_780.jpg,E:\IMG\left_2025_12_05_11_49_02_780.jpg,E:\IMG\right_2025_12_05_11_49_02_780.jpg,-0.5500001,0.7261867,0,13.91063
E:\IMG\center_2025_12_05_11_49_02_854.jpg,E:\IMG\left_2025_12_05_11_49_02_854.jpg,E:\IMG\right_2025_12_05_11_49_02_854.jpg,-0.7500002,0.5047774,0,14.37478
E:\IMG\center_2025_12_05_11_49_02_929.jpg,E:\IMG\left_2025_12_05_11_49_02_929.jpg,E:\IMG\right_2025_12_05_11_49_02_929.jpg,-0.9000002,0.2864274,0,14.16236
E:\IMG\center_2025_12_05_11_49_03_001.jpg,E:\IMG\left_2025_12_05_11_49_03_001.jpg,E:\IMG\right_2025_12_05_11_49_03_001.jpg,-1,0.06674136,0,13.92811
E:\IMG\center_2025_12_05_11_49_03_074.jpg,E:\IMG\left_2025_12_05_11_49_03_074.jpg,E:\IMG\right_2025_12_05_11_49_03_074.jpg,-1,0,0,13.71445
E:\IMG\center_2025_12_05_11_49_03_149.jpg,E:\IMG\left_2025_12_05_11_49_03_149.jpg,E:\IMG\right_2025_12_05_11_49_03_149.jpg,0,0,0,14.04516
E:\IMG\center_2025_12_05_11_49_03_223.jpg,E:\IMG\left_2025_12_05_11_49_03_223.jpg,E:\IMG\right_2025_12_05_11_49_03_223.jpg,0,0,0,13.83132
E:\IMG\center_2025_12_05_11_49_03_295.jpg,E:\IMG\left_2025_12_05_11_49_03_295.jpg,E:\IMG\right_2025_12_05_11_49_03_295.jpg,0,0.108225,0,13.67701
E:\IMG\center_2025_12_05_11_49_03_365.jpg,E:\IMG\left_2025_12_05_11_49_03_365.jpg,E:\IMG\right_2025_12_05_11_49_03_365.jpg,0,0.3211803,0,13.20893
E:\IMG\center_2025_12_05_11_49_03_438.jpg,E:\IMG\left_2025_12_05_11_49_03_438.jpg,E:\IMG\right_2025_12_05_11_49_03_438.jpg,0,0.538389,0,13.5927
E:\IMG\center_2025_12_05_11_49_03_507.jpg,E:\IMG\left_2025_12_05_11_49_03_507.jpg,E:\IMG\right_2025_12_05_11_49_03_507.jpg,0,0.6996507,0,14.22781
E:\IMG\center_2025_12_05_11_49_03_585.jpg,E:\IMG\left_2025_12_05_11_49_03_585.jpg,E:\IMG\right_2025_12_05_11_49_03_585.jpg,-0.2,0.9788853,0,14.94602
E:\IMG\center_2025_12_05_11_49_03_653.jpg,E:\IMG\left_2025_12_05_11_49_03_653.jpg,E:\IMG\right_2025_12_05_11_49_03_653.jpg,-0.4,1,0,15.64567
E:\IMG\center_2025_12_05_11_49_03_725.jpg,E:\IMG\left_2025_12_05_11_49_03_725.jpg,E:\IMG\right_2025_12_05_11_49_03_725.jpg,-0.5500001,0.8933914,0,16.29128
E:\IMG\center_2025_12_05_11_49_03_800.jpg,E:\IMG\left_2025_12_05_11_49_03_800.jpg,E:\IMG\right_2025_12_05_11_49_03_800.jpg,-0.7500002,0.6670951,0,16.77818
E:\IMG\center_2025_12_05_11_49_03_871.jpg,E:\IMG\left_2025_12_05_11_49_03_871.jpg,E:\IMG\right_2025_12_05_11_49_03_871.jpg,0,0.4555168,0,17.05063
E:\IMG\center_2025_12_05_11_49_03_939.jpg,E:\IMG\left_2025_12_05_11_49_03_939.jpg,E:\IMG\right_2025_12_05_11_49_03_939.jpg,0,0.2465803,0,16.97156
E:\IMG\center_2025_12_05_11_49_04_010.jpg,E:\IMG\left_2025_12_05_11_49_04_010.jpg,E:\IMG\right_2025_12_05_11_49_04_010.jpg,0,0.03762432,0,16.94311
E:\IMG\center_2025_12_05_11_49_04_081.jpg,E:\IMG\left_2025_12_05_11_49_04_081.jpg,E:\IMG\right_2025_12_05_11_49_04_081.jpg,0,0.106956,0,17.14362
E:\IMG\center_2025_12_05_11_49_04_153.jpg,E:\IMG\left_2025_12_05_11_49_04_153.jpg,E:\IMG\right_2025_12_05_11_49_04_153.jpg,0,0.3226038,0,17.21259
E:\IMG\center_2025_12_05_11_49_04_224.jpg,E:\IMG\left_2025_12_05_11_49_04_224.jpg,E:\IMG\right_2025_12_05_11_49_04_224.jpg,-0.1,0.5346705,0,17.15904
E:\IMG\center_2025_12_05_11_49_04_294.jpg,E:\IMG\left_2025_12_05_11_49_04_294.jpg,E:\IMG\right_2025_12_05_11_49_04_294.jpg,-0.3,0.7464084,0,17.67335
E:\IMG\center_2025_12_05_11_49_04_365.jpg,E:\IMG\left_2025_12_05_11_49_04_365.jpg,E:\IMG\right_2025_12_05_11_49_04_365.jpg,-0.45,0.8567739,0,18.26162
E:\IMG\center_2025_12_05_11_49_04_436.jpg,E:\IMG\left_2025_12_05_11_49_04_436.jpg,E:\IMG\right_2025_12_05_11_49_04_436.jpg,-0.6500001,0.6491328,0,18.7268
E:\IMG\center_2025_12_05_11_49_04_504.jpg,E:\IMG\left_2025_12_05_11_49_04_504.jpg,E:\IMG\right_2025_12_05_11_49_04_504.jpg,-0.8000001,0.4409679,0,18.6951
E:\IMG\center_2025_12_05_11_49_04_572.jpg,E:\IMG\left_2025_12_05_11_49_04_572.jpg,E:\IMG\right_2025_12_05_11_49_04_572.jpg,-1,0.240132,0,18.62989
E:\IMG\center_2025_12_05_11_49_04_644.jpg,E:\IMG\left_2025_12_05_11_49_04_644.jpg,E:\IMG\right_2025_12_05_11_49_04_644.jpg,0,0.02318397,0,18.69955
E:\IMG\center_2025_12_05_11_49_04_715.jpg,E:\IMG\left_2025_12_05_11_49_04_715.jpg,E:\IMG\right_2025_12_05_11_49_04_715.jpg,0,0,0,18.47113
E:\IMG\center_2025_12_05_11_49_04_782.jpg,E:\IMG\left_2025_12_05_11_49_04_782.jpg,E:\IMG\right_2025_12_05_11_49_04_782.jpg,0,0,0,17.95367
E:\IMG\center_2025_12_05_11_49_04_861.jpg,E:\IMG\left_2025_12_05_11_49_04_861.jpg,E:\IMG\right_2025_12_05_11_49_04_861.jpg,0,0,0,17.75296
E:\IMG\center_2025_12_05_11_49_04_941.jpg,E:\IMG\left_2025_12_05_11_49_04_941.jpg,E:\IMG\right_2025_12_05_11_49_04_941.jpg,0,0.0482898,0,17.58589
E:\IMG\center_2025_12_05_11_49_05_023.jpg,E:\IMG\left_2025_12_05_11_49_05_023.jpg,E:\IMG\right_2025_12_05_11_49_05_023.jpg,-0.15,0.2950728,0,17.58309
E:\IMG\center_2025_12_05_11_49_05_102.jpg,E:\IMG\left_2025_12_05_11_49_05_102.jpg,E:\IMG\right_2025_12_05_11_49_05_102.jpg,-0.35,0.5308137,0,17.83357
E:\IMG\center_2025_12_05_11_49_05_181.jpg,E:\IMG\left_2025_12_05_11_49_05_181.jpg,E:\IMG\right_2025_12_05_11_49_05_181.jpg,-0.5500001,0.769758,0,18.28092
E:\IMG\center_2025_12_05_11_49_05_258.jpg,E:\IMG\left_2025_12_05_11_49_05_258.jpg,E:\IMG\right_2025_12_05_11_49_05_258.jpg,-0.7500002,1,0,18.88785
E:\IMG\center_2025_12_05_11_49_05_326.jpg,E:\IMG\left_2025_12_05_11_49_05_326.jpg,E:\IMG\right_2025_12_05_11_49_05_326.jpg,-0.9000002,0.8967916,0,19.44498
E:\IMG\center_2025_12_05_11_49_05_409.jpg,E:\IMG\left_2025_12_05_11_49_05_409.jpg,E:\IMG\right_2025_12_05_11_49_05_409.jpg,0,0.6485665,0,19.80137
E:\IMG\center_2025_12_05_11_49_05_489.jpg,E:\IMG\left_2025_12_05_11_49_05_489.jpg,E:\IMG\right_2025_12_05_11_49_05_489.jpg,0,0.3615403,0,19.93442
E:\IMG\center_2025_12_05_11_49_05_566.jpg,E:\IMG\left_2025_12_05_11_49_05_566.jpg,E:\IMG\right_2025_12_05_11_49_05_566.jpg,0,0.1714749,0,20.11269
E:\IMG\center_2025_12_05_11_49_05_643.jpg,E:\IMG\left_2025_12_05_11_49_05_643.jpg,E:\IMG\right_2025_12_05_11_49_05_643.jpg,0,0,0,20.01003
E:\IMG\center_2025_12_05_11_49_05_720.jpg,E:\IMG\left_2025_12_05_11_49_05_720.jpg,E:\IMG\right_2025_12_05_11_49_05_720.jpg,0,0,0,19.89001
E:\IMG\center_2025_12_05_11_49_05_800.jpg,E:\IMG\left_2025_12_05_11_49_05_800.jpg,E:\IMG\right_2025_12_05_11_49_05_800.jpg,0,0,0,19.74127
E:\IMG\center_2025_12_05_11_49_05_877.jpg,E:\IMG\left_2025_12_05_11_49_05_877.jpg,E:\IMG\right_2025_12_05_11_49_05_877.jpg,0,0.0897891,0,19.60374
E:\IMG\center_2025_12_05_11_49_05_951.jpg,E:\IMG\left_2025_12_05_11_49_05_951.jpg,E:\IMG\right_2025_12_05_11_49_05_951.jpg,0,0.3105417,0,19.62646
E:\IMG\center_2025_12_05_11_49_06_024.jpg,E:\IMG\left_2025_12_05_11_49_06_024.jpg,E:\IMG\right_2025_12_05_11_49_06_024.jpg,0,0.5300727,0,19.51352
E:\IMG\center_2025_12_05_11_49_06_097.jpg,E:\IMG\left_2025_12_05_11_49_06_097.jpg,E:\IMG\right_2025_12_05_11_49_06_097.jpg,0,0.7509849,0,20.02698
E:\IMG\center_2025_12_05_11_49_06_170.jpg,E:\IMG\left_2025_12_05_11_49_06_170.jpg,E:\IMG\right_2025_12_05_11_49_06_170.jpg,0,0.6230472,0,20.59529
E:\IMG\center_2025_12_05_11_49_06_250.jpg,E:\IMG\left_2025_12_05_11_49_06_250.jpg,E:\IMG\right_2025_12_05_11_49_06_250.jpg,0,0.3824008,0,20.8847
E:\IMG\center_2025_12_05_11_49_06_322.jpg,E:\IMG\left_2025_12_05_11_49_06_322.jpg,E:\IMG\right_2025_12_05_11_49_06_322.jpg,0,0.1667413,0,21.16434
E:\IMG\center_2025_12_05_11_49_06_392.jpg,E:\IMG\left_2025_12_05_11_49_06_392.jpg,E:\IMG\right_2025_12_05_11_49_06_392.jpg,0,0,0,21.08204
E:\IMG\center_2025_12_05_11_49_06_463.jpg,E:\IMG\left_2025_12_05_11_49_06_463.jpg,E:\IMG\right_2025_12_05_11_49_06_463.jpg,0,0,0,20.65663
E:\IMG\center_2025_12_05_11_49_06_531.jpg,E:\IMG\left_2025_12_05_11_49_06_531.jpg,E:\IMG\right_2025_12_05_11_49_06_531.jpg,0,0,0,20.48393
E:\IMG\center_2025_12_05_11_49_06_598.jpg,E:\IMG\left_2025_12_05_11_49_06_598.jpg,E:\IMG\right_2025_12_05_11_49_06_598.jpg,0,0,0,20.67377
E:\IMG\center_2025_12_05_11_49_06_667.jpg,E:\IMG\left_2025_12_05_11_49_06_667.jpg,E:\IMG\right_2025_12_05_11_49_06_667.jpg,0.05,0,0,20.22851
E:\IMG\center_2025_12_05_11_49_06_746.jpg,E:\IMG\left_2025_12_05_11_49_06_746.jpg,E:\IMG\right_2025_12_05_11_49_06_746.jpg,0.25,0,0,20.0318
E:\IMG\center_2025_12_05_11_49_06_817.jpg,E:\IMG\left_2025_12_05_11_49_06_817.jpg,E:\IMG\right_2025_12_05_11_49_06_817.jpg,0.45,0,0,19.79928
E:\IMG\center_2025_12_05_11_49_06_885.jpg,E:\IMG\left_2025_12_05_11_49_06_885.jpg,E:\IMG\right_2025_12_05_11_49_06_885.jpg,0.6000001,0,0,19.87131
E:\IMG\center_2025_12_05_11_49_06_952.jpg,E:\IMG\left_2025_12_05_11_49_06_952.jpg,E:\IMG\right_2025_12_05_11_49_06_952.jpg,0,0,0,19.69851
E:\IMG\center_2025_12_05_11_49_07_029.jpg,E:\IMG\left_2025_12_05_11_49_07_029.jpg,E:\IMG\right_2025_12_05_11_49_07_029.jpg,0.1,0,0,19.546
E:\IMG\center_2025_12_05_11_49_07_096.jpg,E:\IMG\left_2025_12_05_11_49_07_096.jpg,E:\IMG\right_2025_12_05_11_49_07_096.jpg,0.25,0,0,19.02025
E:\IMG\center_2025_12_05_11_49_07_163.jpg,E:\IMG\left_2025_12_05_11_49_07_163.jpg,E:\IMG\right_2025_12_05_11_49_07_163.jpg,0.4,0,0,19.26018
E:\IMG\center_2025_12_05_11_49_07_243.jpg,E:\IMG\left_2025_12_05_11_49_07_243.jpg,E:\IMG\right_2025_12_05_11_49_07_243.jpg,0.6000001,0,0,18.99282
E:\IMG\center_2025_12_05_11_49_07_310.jpg,E:\IMG\left_2025_12_05_11_49_07_310.jpg,E:\IMG\right_2025_12_05_11_49_07_310.jpg,0,0,0,18.72537
E:\IMG\center_2025_12_05_11_49_07_388.jpg,E:\IMG\left_2025_12_05_11_49_07_388.jpg,E:\IMG\right_2025_12_05_11_49_07_388.jpg,0,0,0,18.16413
E:\IMG\center_2025_12_05_11_49_07_467.jpg,E:\IMG\left_2025_12_05_11_49_07_467.jpg,E:\IMG\right_2025_12_05_11_49_07_467.jpg,0.05,0,0,17.98198
E:\IMG\center_2025_12_05_11_49_07_538.jpg,E:\IMG\left_2025_12_05_11_49_07_538.jpg,E:\IMG\right_2025_12_05_11_49_07_538.jpg,0.25,0,0,17.81505
E:\IMG\center_2025_12_05_11_49_07_606.jpg,E:\IMG\left_2025_12_05_11_49_07_606.jpg,E:\IMG\right_2025_12_05_11_49_07_606.jpg,0.4,0,0,18.14535
E:\IMG\center_2025_12_05_11_49_07_677.jpg,E:\IMG\left_2025_12_05_11_49_07_677.jpg,E:\IMG\right_2025_12_05_11_49_07_677.jpg,0.6000001,0,0,17.88575
E:\IMG\center_2025_12_05_11_49_07_747.jpg,E:\IMG\left_2025_12_05_11_49_07_747.jpg,E:\IMG\right_2025_12_05_11_49_07_747.jpg,0.7500002,0,0,17.2171
E:\IMG\center_2025_12_05_11_49_07_819.jpg,E:\IMG\left_2025_12_05_11_49_07_819.jpg,E:\IMG\right_2025_12_05_11_49_07_819.jpg,0,0,0,16.93761
E:\IMG\center_2025_12_05_11_49_07_891.jpg,E:\IMG\left_2025_12_05_11_49_07_891.jpg,E:\IMG\right_2025_12_05_11_49_07_891.jpg,0,0,0,16.69083
E:\IMG\center_2025_12_05_11_49_07_961.jpg,E:\IMG\left_2025_12_05_11_49_07_961.jpg,E:\IMG\right_2025_12_05_11_49_07_961.jpg,0,0,0,17.03581
E:\IMG\center_2025_12_05_11_49_08_035.jpg,E:\IMG\left_2025_12_05_11_49_08_035.jpg,E:\IMG\right_2025_12_05_11_49_08_035.jpg,0.2,0,0,16.90948
E:\IMG\center_2025_12_05_11_49_08_103.jpg,E:\IMG\left_2025_12_05_11_49_08_103.jpg,E:\IMG\right_2025_12_05_11_49_08_103.jpg,0.35,0,0,16.25677
E:\IMG\center_2025_12_05_11_49_08_176.jpg,E:\IMG\left_2025_12_05_11_49_08_176.jpg,E:\IMG\right_2025_12_05_11_49_08_176.jpg,0.5500001,0,0,16.05173
E:\IMG\center_2025_12_05_11_49_08_255.jpg,E:\IMG\left_2025_12_05_11_49_08_255.jpg,E:\IMG\right_2025_12_05_11_49_08_255.jpg,0.7500002,0,0,15.79611
E:\IMG\center_2025_12_05_11_49_08_330.jpg,E:\IMG\left_2025_12_05_11_49_08_330.jpg,E:\IMG\right_2025_12_05_11_49_08_330.jpg,0.9500002,0,0,15.49929
E:\IMG\center_2025_12_05_11_49_08_404.jpg,E:\IMG\left_2025_12_05_11_49_08_404.jpg,E:\IMG\right_2025_12_05_11_49_08_404.jpg,0,0,0,15.79461
E:\IMG\center_2025_12_05_11_49_08_480.jpg,E:\IMG\left_2025_12_05_11_49_08_480.jpg,E:\IMG\right_2025_12_05_11_49_08_480.jpg,0,0,0,15.64038
E:\IMG\center_2025_12_05_11_49_08_559.jpg,E:\IMG\left_2025_12_05_11_49_08_559.jpg,E:\IMG\right_2025_12_05_11_49_08_559.jpg,0.2,0,0,15.54059
E:\IMG\center_2025_12_05_11_49_08_635.jpg,E:\IMG\left_2025_12_05_11_49_08_635.jpg,E:\IMG\right_2025_12_05_11_49_08_635.jpg,0.4,0,0,15.37762
E:\IMG\center_2025_12_05_11_49_08_711.jpg,E:\IMG\left_2025_12_05_11_49_08_711.jpg,E:\IMG\right_2025_12_05_11_49_08_711.jpg,0.6000001,0,0,15.16469
E:\IMG\center_2025_12_05_11_49_08_788.jpg,E:\IMG\left_2025_12_05_11_49_08_788.jpg,E:\IMG\right_2025_12_05_11_49_08_788.jpg,0.7500002,0,0,14.47101
E:\IMG\center_2025_12_05_11_49_08_868.jpg,E:\IMG\left_2025_12_05_11_49_08_868.jpg,E:\IMG\right_2025_12_05_11_49_08_868.jpg,0.9500002,0,0,14.22465
E:\IMG\center_2025_12_05_11_49_08_951.jpg,E:\IMG\left_2025_12_05_11_49_08_951.jpg,E:\IMG\right_2025_12_05_11_49_08_951.jpg,1,0,0,14.37136
E:\IMG\center_2025_12_05_11_49_09_019.jpg,E:\IMG\left_2025_12_05_11_49_09_019.jpg,E:\IMG\right_2025_12_05_11_49_09_019.jpg,0,0.1545123,0,13.75613
E:\IMG\center_2025_12_05_11_49_09_087.jpg,E:\IMG\left_2025_12_05_11_49_09_087.jpg,E:\IMG\right_2025_12_05_11_49_09_087.jpg,0,0.3099936,0,14.1747
E:\IMG\center_2025_12_05_11_49_09_155.jpg,E:\IMG\left_2025_12_05_11_49_09_155.jpg,E:\IMG\right_2025_12_05_11_49_09_155.jpg,0,0.5687157,0,14.47179
E:\IMG\center_2025_12_05_11_49_09_226.jpg,E:\IMG\left_2025_12_05_11_49_09_226.jpg,E:\IMG\right_2025_12_05_11_49_09_226.jpg,0,0.777093,0,14.49042
E:\IMG\center_2025_12_05_11_49_09_294.jpg,E:\IMG\left_2025_12_05_11_49_09_294.jpg,E:\IMG\right_2025_12_05_11_49_09_294.jpg,0.2,0.9823719,0,15.37925
E:\IMG\center_2025_12_05_11_49_09_360.jpg,E:\IMG\left_2025_12_05_11_49_09_360.jpg,E:\IMG\right_2025_12_05_11_49_09_360.jpg,0.35,1,0,16.06215
E:\IMG\center_2025_12_05_11_49_09_430.jpg,E:\IMG\left_2025_12_05_11_49_09_430.jpg,E:\IMG\right_2025_12_05_11_49_09_430.jpg,0.5500001,1,0,16.80881
E:\IMG\center_2025_12_05_11_49_09_498.jpg,E:\IMG\left_2025_12_05_11_49_09_498.jpg,E:\IMG\right_2025_12_05_11_49_09_498.jpg,0.7,1,0,17.30027
E:\IMG\center_2025_12_05_11_49_09_569.jpg,E:\IMG\left_2025_12_05_11_49_09_569.jpg,E:\IMG\right_2025_12_05_11_49_09_569.jpg,0,1,0,18.00315
E:\IMG\center_2025_12_05_11_49_09_637.jpg,E:\IMG\left_2025_12_05_11_49_09_637.jpg,E:\IMG\right_2025_12_05_11_49_09_637.jpg,0,0.7954795,0,18.49858
E:\IMG\center_2025_12_05_11_49_09_708.jpg,E:\IMG\left_2025_12_05_11_49_09_708.jpg,E:\IMG\right_2025_12_05_11_49_09_708.jpg,0,0.6346504,0,18.87639
E:\IMG\center_2025_12_05_11_49_09_778.jpg,E:\IMG\left_2025_12_05_11_49_09_778.jpg,E:\IMG\right_2025_12_05_11_49_09_778.jpg,0,0.3736981,0,19.19217
E:\IMG\center_2025_12_05_11_49_09_846.jpg,E:\IMG\left_2025_12_05_11_49_09_846.jpg,E:\IMG\right_2025_12_05_11_49_09_846.jpg,0.05,0.2181799,0,19.26896
E:\IMG\center_2025_12_05_11_49_09_915.jpg,E:\IMG\left_2025_12_05_11_49_09_915.jpg,E:\IMG\right_2025_12_05_11_49_09_915.jpg,0.25,0,0,19.15986
E:\IMG\center_2025_12_05_11_49_09_984.jpg,E:\IMG\left_2025_12_05_11_49_09_984.jpg,E:\IMG\right_2025_12_05_11_49_09_984.jpg,0.4,0,0,18.996
E:\IMG\center_2025_12_05_11_49_10_058.jpg,E:\IMG\left_2025_12_05_11_49_10_058.jpg,E:\IMG\right_2025_12_05_11_49_10_058.jpg,0.6000001,0,0,18.73585
E:\IMG\center_2025_12_05_11_49_10_130.jpg,E:\IMG\left_2025_12_05_11_49_10_130.jpg,E:\IMG\right_2025_12_05_11_49_10_130.jpg,0.8000001,0,0,18.4328
E:\IMG\center_2025_12_05_11_49_10_200.jpg,E:\IMG\left_2025_12_05_11_49_10_200.jpg,E:\IMG\right_2025_12_05_11_49_10_200.jpg,0,0,0,18.1326
E:\IMG\center_2025_12_05_11_49_10_271.jpg,E:\IMG\left_2025_12_05_11_49_10_271.jpg,E:\IMG\right_2025_12_05_11_49_10_271.jpg,0,0,0,17.86998
E:\IMG\center_2025_12_05_11_49_10_343.jpg,E:\IMG\left_2025_12_05_11_49_10_343.jpg,E:\IMG\right_2025_12_05_11_49_10_343.jpg,0,0,0,17.84789
E:\IMG\center_2025_12_05_11_49_10_415.jpg,E:\IMG\left_2025_12_05_11_49_10_415.jpg,E:\IMG\right_2025_12_05_11_49_10_415.jpg,0,0,0,17.68268
E:\IMG\center_2025_12_05_11_49_10_484.jpg,E:\IMG\left_2025_12_05_11_49_10_484.jpg,E:\IMG\right_2025_12_05_11_49_10_484.jpg,0,0,0,17.47882
E:\IMG\center_2025_12_05_11_49_10_553.jpg,E:\IMG\left_2025_12_05_11_49_10_553.jpg,E:\IMG\right_2025_12_05_11_49_10_553.jpg,0,0,0,17.34461
E:\IMG\center_2025_12_05_11_49_10_621.jpg,E:\IMG\left_2025_12_05_11_49_10_621.jpg,E:\IMG\right_2025_12_05_11_49_10_621.jpg,0,0,0.0551844,17.30235
E:\IMG\center_2025_12_05_11_49_10_705.jpg,E:\IMG\left_2025_12_05_11_49_10_705.jpg,E:\IMG\right_2025_12_05_11_49_10_705.jpg,0,0,0.3029613,15.92808
E:\IMG\center_2025_12_05_11_49_10_771.jpg,E:\IMG\left_2025_12_05_11_49_10_771.jpg,E:\IMG\right_2025_12_05_11_49_10_771.jpg,0,0,0.5031465,14.6582
E:\IMG\center_2025_12_05_11_49_10_854.jpg,E:\IMG\left_2025_12_05_11_49_10_854.jpg,E:\IMG\right_2025_12_05_11_49_10_854.jpg,0,0,0.355491,13.4031
E:\IMG\center_2025_12_05_11_49_10_934.jpg,E:\IMG\left_2025_12_05_11_49_10_934.jpg,E:\IMG\right_2025_12_05_11_49_10_934.jpg,0,0,0.1155258,12.16286
E:\IMG\center_2025_12_05_11_49_11_013.jpg,E:\IMG\left_2025_12_05_11_49_11_013.jpg,E:\IMG\right_2025_12_05_11_49_11_013.jpg,0,0,0,11.31632
E:\IMG\center_2025_12_05_11_49_11_094.jpg,E:\IMG\left_2025_12_05_11_49_11_094.jpg,E:\IMG\right_2025_12_05_11_49_11_094.jpg,0,0,0,11.24299
E:\IMG\center_2025_12_05_11_49_11_175.jpg,E:\IMG\left_2025_12_05_11_49_11_175.jpg,E:\IMG\right_2025_12_05_11_49_11_175.jpg,0,0,0,11.14709
E:\IMG\center_2025_12_05_11_49_11_258.jpg,E:\IMG\left_2025_12_05_11_49_11_258.jpg,E:\IMG\right_2025_12_05_11_49_11_258.jpg,0,0,0,11.05796
E:\IMG\center_2025_12_05_11_49_11_341.jpg,E:\IMG\left_2025_12_05_11_49_11_341.jpg,E:\IMG\right_2025_12_05_11_49_11_341.jpg,0,0.0516252,0,10.97695
E:\IMG\center_2025_12_05_11_49_11_411.jpg,E:\IMG\left_2025_12_05_11_49_11_411.jpg,E:\IMG\right_2025_12_05_11_49_11_411.jpg,0,0.2593695,0,11.04352
E:\IMG\center_2025_12_05_11_49_11_478.jpg,E:\IMG\left_2025_12_05_11_49_11_478.jpg,E:\IMG\right_2025_12_05_11_49_11_478.jpg,0,0.4611534,0,11.25977
E:\IMG\center_2025_12_05_11_49_11_547.jpg,E:\IMG\left_2025_12_05_11_49_11_547.jpg,E:\IMG\right_2025_12_05_11_49_11_547.jpg,0,0.614772,0,11.74756
E:\IMG\center_2025_12_05_11_49_11_616.jpg,E:\IMG\left_2025_12_05_11_49_11_616.jpg,E:\IMG\right_2025_12_05_11_49_11_616.jpg,0,0.8733327,0,12.06979
E:\IMG\center_2025_12_05_11_49_11_684.jpg,E:\IMG\left_2025_12_05_11_49_11_684.jpg,E:\IMG\right_2025_12_05_11_49_11_684.jpg,-0.05,0.6664003,0,12.35445
E:\IMG\center_2025_12_05_11_49_11_755.jpg,E:\IMG\left_2025_12_05_11_49_11_755.jpg,E:\IMG\right_2025_12_05_11_49_11_755.jpg,-0.25,0.4552693,0,12.98666
E:\IMG\center_2025_12_05_11_49_11_828.jpg,E:\IMG\left_2025_12_05_11_49_11_828.jpg,E:\IMG\right_2025_12_05_11_49_11_828.jpg,0,0.2911624,0,13.44007
E:\IMG\center_2025_12_05_11_49_11_904.jpg,E:\IMG\left_2025_12_05_11_49_11_904.jpg,E:\IMG\right_2025_12_05_11_49_11_904.jpg,0,0.01870538,0,13.52762
E:\IMG\center_2025_12_05_11_49_11_977.jpg,E:\IMG\left_2025_12_05_11_49_11_977.jpg,E:\IMG\right_2025_12_05_11_49_11_977.jpg,0,0.0574776,0,13.38
E:\IMG\center_2025_12_05_11_49_12_048.jpg,E:\IMG\left_2025_12_05_11_49_12_048.jpg,E:\IMG\right_2025_12_05_11_49_12_048.jpg,-0.05,0.2717508,0,12.88999
E:\IMG\center_2025_12_05_11_49_12_119.jpg,E:\IMG\left_2025_12_05_11_49_12_119.jpg,E:\IMG\right_2025_12_05_11_49_12_119.jpg,-0.25,0.4834731,0,13.19047
E:\IMG\center_2025_12_05_11_49_12_186.jpg,E:\IMG\left_2025_12_05_11_49_12_186.jpg,E:\IMG\right_2025_12_05_11_49_12_186.jpg,0,0.6909045,0,13.79917
E:\IMG\center_2025_12_05_11_49_12_259.jpg,E:\IMG\left_2025_12_05_11_49_12_259.jpg,E:\IMG\right_2025_12_05_11_49_12_259.jpg,0,0.5727552,0,14.30288
E:\IMG\center_2025_12_05_11_49_12_326.jpg,E:\IMG\left_2025_12_05_11_49_12_326.jpg,E:\IMG\right_2025_12_05_11_49_12_326.jpg,0,0.3702511,0,14.37577
E:\IMG\center_2025_12_05_11_49_12_391.jpg,E:\IMG\left_2025_12_05_11_49_12_391.jpg,E:\IMG\right_2025_12_05_11_49_12_391.jpg,0,0.1693759,0,14.53725
E:\IMG\center_2025_12_05_11_49_12_473.jpg,E:\IMG\left_2025_12_05_11_49_12_473.jpg,E:\IMG\right_2025_12_05_11_49_12_473.jpg,-0.2,0,0,14.44688
E:\IMG\center_2025_12_05_11_49_12_552.jpg,E:\IMG\left_2025_12_05_11_49_12_552.jpg,E:\IMG\right_2025_12_05_11_49_12_552.jpg,-0.4,0.0460938,0,14.28387
E:\IMG\center_2025_12_05_11_49_12_637.jpg,E:\IMG\left_2025_12_05_11_49_12_637.jpg,E:\IMG\right_2025_12_05_11_49_12_637.jpg,0,0.2974005,0,14.27936
E:\IMG\center_2025_12_05_11_49_12_717.jpg,E:\IMG\left_2025_12_05_11_49_12_717.jpg,E:\IMG\right_2025_12_05_11_49_12_717.jpg,0,0.5435477,0,14.57141
E:\IMG\center_2025_12_05_11_49_12_787.jpg,E:\IMG\left_2025_12_05_11_49_12_787.jpg,E:\IMG\right_2025_12_05_11_49_12_787.jpg,0,0.6997793,0,15.10081
E:\IMG\center_2025_12_05_11_49_12_857.jpg,E:\IMG\left_2025_12_05_11_49_12_857.jpg,E:\IMG\right_2025_12_05_11_49_12_857.jpg,0,0.5486823,0,15.61499
E:\IMG\center_2025_12_05_11_49_12_924.jpg,E:\IMG\left_2025_12_05_11_49_12_924.jpg,E:\IMG\right_2025_12_05_11_49_12_924.jpg,-0.15,0.3440232,0,15.72517
E:\IMG\center_2025_12_05_11_49_12_992.jpg,E:\IMG\left_2025_12_05_11_49_12_992.jpg,E:\IMG\right_2025_12_05_11_49_12_992.jpg,-0.35,0.1393821,0,15.81376
E:\IMG\center_2025_12_05_11_49_13_062.jpg,E:\IMG\left_2025_12_05_11_49_13_062.jpg,E:\IMG\right_2025_12_05_11_49_13_062.jpg,-0.5000001,0,0,16.06419
E:\IMG\center_2025_12_05_11_49_13_130.jpg,E:\IMG\left_2025_12_05_11_49_13_130.jpg,E:\IMG\right_2025_12_05_11_49_13_130.jpg,-0.7,0,0,15.85997
E:\IMG\center_2025_12_05_11_49_13_197.jpg,E:\IMG\left_2025_12_05_11_49_13_197.jpg,E:\IMG\right_2025_12_05_11_49_13_197.jpg,-0.8500001,0,0,15.18595
E:\IMG\center_2025_12_05_11_49_13_264.jpg,E:\IMG\left_2025_12_05_11_49_13_264.jpg,E:\IMG\right_2025_12_05_11_49_13_264.jpg,0,0,0,15.51455
E:\IMG\center_2025_12_05_11_49_13_345.jpg,E:\IMG\left_2025_12_05_11_49_13_345.jpg,E:\IMG\right_2025_12_05_11_49_13_345.jpg,0,0,0,15.32487
E:\IMG\center_2025_12_05_11_49_13_424.jpg,E:\IMG\left_2025_12_05_11_49_13_424.jpg,E:\IMG\right_2025_12_05_11_49_13_424.jpg,0,0,0,15.31021
E:\IMG\center_2025_12_05_11_49_13_508.jpg,E:\IMG\left_2025_12_05_11_49_13_508.jpg,E:\IMG\right_2025_12_05_11_49_13_508.jpg,0,0.1996581,0,15.47047
E:\IMG\center_2025_12_05_11_49_13_596.jpg,E:\IMG\left_2025_12_05_11_49_13_596.jpg,E:\IMG\right_2025_12_05_11_49_13_596.jpg,0,0.5095644,0,15.4842
E:\IMG\center_2025_12_05_11_49_13_664.jpg,E:\IMG\left_2025_12_05_11_49_13_664.jpg,E:\IMG\right_2025_12_05_11_49_13_664.jpg,0,0.7203033,0,16.34756
E:\IMG\center_2025_12_05_11_49_13_734.jpg,E:\IMG\left_2025_12_05_11_49_13_734.jpg,E:\IMG\right_2025_12_05_11_49_13_734.jpg,0,0.511529,0,16.9045
E:\IMG\center_2025_12_05_11_49_13_805.jpg,E:\IMG\left_2025_12_05_11_49_13_805.jpg,E:\IMG\right_2025_12_05_11_49_13_805.jpg,0,0.298538,0,17.11489
E:\IMG\center_2025_12_05_11_49_13_875.jpg,E:\IMG\left_2025_12_05_11_49_13_875.jpg,E:\IMG\right_2025_12_05_11_49_13_875.jpg,0,0.08964082,0,17.32329
E:\IMG\center_2025_12_05_11_49_13_945.jpg,E:\IMG\left_2025_12_05_11_49_13_945.jpg,E:\IMG\right_2025_12_05_11_49_13_945.jpg,-0.05,0,0,17.71982
E:\IMG\center_2025_12_05_11_49_14_016.jpg,E:\IMG\left_2025_12_05_11_49_14_016.jpg,E:\IMG\right_2025_12_05_11_49_14_016.jpg,-0.25,0,0,17.8143
E:\IMG\center_2025_12_05_11_49_14_098.jpg,E:\IMG\left_2025_12_05_11_49_14_098.jpg,E:\IMG\right_2025_12_05_11_49_14_098.jpg,-0.45,0,0,17.75587
E:\IMG\center_2025_12_05_11_49_14_179.jpg,E:\IMG\left_2025_12_05_11_49_14_179.jpg,E:\IMG\right_2025_12_05_11_49_14_179.jpg,-0.6500001,0,0,17.77692
E:\IMG\center_2025_12_05_11_49_14_258.jpg,E:\IMG\left_2025_12_05_11_49_14_258.jpg,E:\IMG\right_2025_12_05_11_49_14_258.jpg,-0.8500001,0,0,17.77695
E:\IMG\center_2025_12_05_11_49_14_340.jpg,E:\IMG\left_2025_12_05_11_49_14_340.jpg,E:\IMG\right_2025_12_05_11_49_14_340.jpg,0,0,0,17.76178
E:\IMG\center_2025_12_05_11_49_14_420.jpg,E:\IMG\left_2025_12_05_11_49_14_420.jpg,E:\IMG\right_2025_12_05_11_49_14_420.jpg,0,0,0,17.86433
E:\IMG\center_2025_12_05_11_49_14_499.jpg,E:\IMG\left_2025_12_05_11_49_14_499.jpg,E:\IMG\right_2025_12_05_11_49_14_499.jpg,0,0,0,18.02944
E:\IMG\center_2025_12_05_11_49_14_578.jpg,E:\IMG\left_2025_12_05_11_49_14_578.jpg,E:\IMG\right_2025_12_05_11_49_14_578.jpg,0,0,0,18.22061
E:\IMG\center_2025_12_05_11_49_14_653.jpg,E:\IMG\left_2025_12_05_11_49_14_653.jpg,E:\IMG\right_2025_12_05_11_49_14_653.jpg,0,0,0,18.39082
E:\IMG\center_2025_12_05_11_49_14_728.jpg,E:\IMG\left_2025_12_05_11_49_14_728.jpg,E:\IMG\right_2025_12_05_11_49_14_728.jpg,0,0,0,18.12307
E:\IMG\center_2025_12_05_11_49_14_801.jpg,E:\IMG\left_2025_12_05_11_49_14_801.jpg,E:\IMG\right_2025_12_05_11_49_14_801.jpg,0,0,0,18.35544
E:\IMG\center_2025_12_05_11_49_14_878.jpg,E:\IMG\left_2025_12_05_11_49_14_878.jpg,E:\IMG\right_2025_12_05_11_49_14_878.jpg,-0.15,0,0,18.49489
E:\IMG\center_2025_12_05_11_49_14_955.jpg,E:\IMG\left_2025_12_05_11_49_14_955.jpg,E:\IMG\right_2025_12_05_11_49_14_955.jpg,-0.35,0,0,18.67036
E:\IMG\center_2025_12_05_11_49_15_031.jpg,E:\IMG\left_2025_12_05_11_49_15_031.jpg,E:\IMG\right_2025_12_05_11_49_15_031.jpg,-0.5500001,0,0,18.81341
E:\IMG\center_2025_12_05_11_49_15_107.jpg,E:\IMG\left_2025_12_05_11_49_15_107.jpg,E:\IMG\right_2025_12_05_11_49_15_107.jpg,-0.7,0,0,19.20587
E:\IMG\center_2025_12_05_11_49_15_185.jpg,E:\IMG\left_2025_12_05_11_49_15_185.jpg,E:\IMG\right_2025_12_05_11_49_15_185.jpg,0,0,0,19.19638
E:\IMG\center_2025_12_05_11_49_15_257.jpg,E:\IMG\left_2025_12_05_11_49_15_257.jpg,E:\IMG\right_2025_12_05_11_49_15_257.jpg,0,0,0,19.33579
E:\IMG\center_2025_12_05_11_49_15_327.jpg,E:\IMG\left_2025_12_05_11_49_15_327.jpg,E:\IMG\right_2025_12_05_11_49_15_327.jpg,-0.1,0,0,19.14131
E:\IMG\center_2025_12_05_11_49_15_399.jpg,E:\IMG\left_2025_12_05_11_49_15_399.jpg,E:\IMG\right_2025_12_05_11_49_15_399.jpg,-0.3,0,0,19.27515
E:\IMG\center_2025_12_05_11_49_15_474.jpg,E:\IMG\left_2025_12_05_11_49_15_474.jpg,E:\IMG\right_2025_12_05_11_49_15_474.jpg,-0.5000001,0,0,19.38594
E:\IMG\center_2025_12_05_11_49_15_548.jpg,E:\IMG\left_2025_12_05_11_49_15_548.jpg,E:\IMG\right_2025_12_05_11_49_15_548.jpg,-0.6500001,0,0,19.81171
E:\IMG\center_2025_12_05_11_49_15_619.jpg,E:\IMG\left_2025_12_05_11_49_15_619.jpg,E:\IMG\right_2025_12_05_11_49_15_619.jpg,-0.8500001,0,0,19.78991
E:\IMG\center_2025_12_05_11_49_15_688.jpg,E:\IMG\left_2025_12_05_11_49_15_688.jpg,E:\IMG\right_2025_12_05_11_49_15_688.jpg,-1,0,0,19.53205
E:\IMG\center_2025_12_05_11_49_15_763.jpg,E:\IMG\left_2025_12_05_11_49_15_763.jpg,E:\IMG\right_2025_12_05_11_49_15_763.jpg,-1,0,0,19.30185
E:\IMG\center_2025_12_05_11_49_15_835.jpg,E:\IMG\left_2025_12_05_11_49_15_835.jpg,E:\IMG\right_2025_12_05_11_49_15_835.jpg,0,0,0,19.37548
E:\IMG\center_2025_12_05_11_49_15_916.jpg,E:\IMG\left_2025_12_05_11_49_15_916.jpg,E:\IMG\right_2025_12_05_11_49_15_916.jpg,0,0,0,19.52201
E:\IMG\center_2025_12_05_11_49_15_995.jpg,E:\IMG\left_2025_12_05_11_49_15_995.jpg,E:\IMG\right_2025_12_05_11_49_15_995.jpg,0,0,0,19.66472
E:\IMG\center_2025_12_05_11_49_16_073.jpg,E:\IMG\left_2025_12_05_11_49_16_073.jpg,E:\IMG\right_2025_12_05_11_49_16_073.jpg,-0.1,0,0,19.69756
E:\IMG\center_2025_12_05_11_49_16_151.jpg,E:\IMG\left_2025_12_05_11_49_16_151.jpg,E:\IMG\right_2025_12_05_11_49_16_151.jpg,-0.3,0,0,19.89864
E:\IMG\center_2025_12_05_11_49_16_230.jpg,E:\IMG\left_2025_12_05_11_49_16_230.jpg,E:\IMG\right_2025_12_05_11_49_16_230.jpg,-0.5000001,0,0,19.93673
E:\IMG\center_2025_12_05_11_49_16_298.jpg,E:\IMG\left_2025_12_05_11_49_16_298.jpg,E:\IMG\right_2025_12_05_11_49_16_298.jpg,-0.6500001,0,0,20.06225
E:\IMG\center_2025_12_05_11_49_16_374.jpg,E:\IMG\left_2025_12_05_11_49_16_374.jpg,E:\IMG\right_2025_12_05_11_49_16_374.jpg,-0.8500001,0,0,19.88633
E:\IMG\center_2025_12_05_11_49_16_452.jpg,E:\IMG\left_2025_12_05_11_49_16_452.jpg,E:\IMG\right_2025_12_05_11_49_16_452.jpg,0,0,0,19.74721
E:\IMG\center_2025_12_05_11_49_16_531.jpg,E:\IMG\left_2025_12_05_11_49_16_531.jpg,E:\IMG\right_2025_12_05_11_49_16_531.jpg,0,0,0,19.77986
E:\IMG\center_2025_12_05_11_49_16_607.jpg,E:\IMG\left_2025_12_05_11_49_16_607.jpg,E:\IMG\right_2025_12_05_11_49_16_607.jpg,0,0,0,19.71212
E:\IMG\center_2025_12_05_11_49_16_687.jpg,E:\IMG\left_2025_12_05_11_49_16_687.jpg,E:\IMG\right_2025_12_05_11_49_16_687.jpg,0,0,0,19.69422
E:\IMG\center_2025_12_05_11_49_16_766.jpg,E:\IMG\left_2025_12_05_11_49_16_766.jpg,E:\IMG\right_2025_12_05_11_49_16_766.jpg,0,0,0,19.80057
E:\IMG\center_2025_12_05_11_49_16_843.jpg,E:\IMG\left_2025_12_05_11_49_16_843.jpg,E:\IMG\right_2025_12_05_11_49_16_843.jpg,0,0,0.1601337,19.10207
E:\IMG\center_2025_12_05_11_49_16_923.jpg,E:\IMG\left_2025_12_05_11_49_16_923.jpg,E:\IMG\right_2025_12_05_11_49_16_923.jpg,0.05,0,0.396429,17.99467
E:\IMG\center_2025_12_05_11_49_17_005.jpg,E:\IMG\left_2025_12_05_11_49_17_005.jpg,E:\IMG\right_2025_12_05_11_49_17_005.jpg,0.25,0,0.5831607,16.78123
E:\IMG\center_2025_12_05_11_49_17_081.jpg,E:\IMG\left_2025_12_05_11_49_17_081.jpg,E:\IMG\right_2025_12_05_11_49_17_081.jpg,0.45,0,0.3524673,15.39582
E:\IMG\center_2025_12_05_11_49_17_159.jpg,E:\IMG\left_2025_12_05_11_49_17_159.jpg,E:\IMG\right_2025_12_05_11_49_17_159.jpg,0.6500001,0,0.1180716,14.05998
E:\IMG\center_2025_12_05_11_49_17_226.jpg,E:\IMG\left_2025_12_05_11_49_17_226.jpg,E:\IMG\right_2025_12_05_11_49_17_226.jpg,0.8000001,0,0,12.91091
E:\IMG\center_2025_12_05_11_49_17_296.jpg,E:\IMG\left_2025_12_05_11_49_17_296.jpg,E:\IMG\right_2025_12_05_11_49_17_296.jpg,1,0,0,12.66924
E:\IMG\center_2025_12_05_11_49_17_362.jpg,E:\IMG\left_2025_12_05_11_49_17_362.jpg,E:\IMG\right_2025_12_05_11_49_17_362.jpg,1,0,0,13.03493
E:\IMG\center_2025_12_05_11_49_17_433.jpg,E:\IMG\left_2025_12_05_11_49_17_433.jpg,E:\IMG\right_2025_12_05_11_49_17_433.jpg,0,0,0,13.00179
E:\IMG\center_2025_12_05_11_49_17_501.jpg,E:\IMG\left_2025_12_05_11_49_17_501.jpg,E:\IMG\right_2025_12_05_11_49_17_501.jpg,0,0,0,12.50148
E:\IMG\center_2025_12_05_11_49_17_570.jpg,E:\IMG\left_2025_12_05_11_49_17_570.jpg,E:\IMG\right_2025_12_05_11_49_17_570.jpg,0,0,0,12.44196
E:\IMG\center_2025_12_05_11_49_17_640.jpg,E:\IMG\left_2025_12_05_11_49_17_640.jpg,E:\IMG\right_2025_12_05_11_49_17_640.jpg,0,0,0.1244949,12.11993
E:\IMG\center_2025_12_05_11_49_17_710.jpg,E:\IMG\left_2025_12_05_11_49_17_710.jpg,E:\IMG\right_2025_12_05_11_49_17_710.jpg,0,0,0.3347256,11.13456
E:\IMG\center_2025_12_05_11_49_17_780.jpg,E:\IMG\left_2025_12_05_11_49_17_780.jpg,E:\IMG\right_2025_12_05_11_49_17_780.jpg,0,0,0.2911506,10.39944
E:\IMG\center_2025_12_05_11_49_17_850.jpg,E:\IMG\left_2025_12_05_11_49_17_850.jpg,E:\IMG\right_2025_12_05_11_49_17_850.jpg,0,0,0.08363247,9.427766
E:\IMG\center_2025_12_05_11_49_17_917.jpg,E:\IMG\left_2025_12_05_11_49_17_917.jpg,E:\IMG\right_2025_12_05_11_49_17_917.jpg,0,0,0,8.906178
E:\IMG\center_2025_12_05_11_49_17_996.jpg,E:\IMG\left_2025_12_05_11_49_17_996.jpg,E:\IMG\right_2025_12_05_11_49_17_996.jpg,0,0,0,9.045657
E:\IMG\center_2025_12_05_11_49_18_075.jpg,E:\IMG\left_2025_12_05_11_49_18_075.jpg,E:\IMG\right_2025_12_05_11_49_18_075.jpg,0,0,0,9.212726
E:\IMG\center_2025_12_05_11_49_18_154.jpg,E:\IMG\left_2025_12_05_11_49_18_154.jpg,E:\IMG\right_2025_12_05_11_49_18_154.jpg,0,0,0,9.379916
E:\IMG\center_2025_12_05_11_49_18_231.jpg,E:\IMG\left_2025_12_05_11_49_18_231.jpg,E:\IMG\right_2025_12_05_11_49_18_231.jpg,0,0,0,9.570945
E:\IMG\center_2025_12_05_11_49_18_306.jpg,E:\IMG\left_2025_12_05_11_49_18_306.jpg,E:\IMG\right_2025_12_05_11_49_18_306.jpg,0,0,0,9.733644
E:\IMG\center_2025_12_05_11_49_18_382.jpg,E:\IMG\left_2025_12_05_11_49_18_382.jpg,E:\IMG\right_2025_12_05_11_49_18_382.jpg,0,0,0,9.953835
E:\IMG\center_2025_12_05_11_49_18_452.jpg,E:\IMG\left_2025_12_05_11_49_18_452.jpg,E:\IMG\right_2025_12_05_11_49_18_452.jpg,0,0,0,10.16883
E:\IMG\center_2025_12_05_11_49_18_519.jpg,E:\IMG\left_2025_12_05_11_49_18_519.jpg,E:\IMG\right_2025_12_05_11_49_18_519.jpg,0,0,0,10.33553
E:\IMG\center_2025_12_05_11_49_18_591.jpg,E:\IMG\left_2025_12_05_11_49_18_591.jpg,E:\IMG\right_2025_12_05_11_49_18_591.jpg,0,0,0,10.56451
E:\IMG\center_2025_12_05_11_49_18_665.jpg,E:\IMG\left_2025_12_05_11_49_18_665.jpg,E:\IMG\right_2025_12_05_11_49_18_665.jpg,0,0,0,10.73293
E:\IMG\center_2025_12_05_11_49_18_738.jpg,E:\IMG\left_2025_12_05_11_49_18_738.jpg,E:\IMG\right_2025_12_05_11_49_18_738.jpg,0.15,0,0,10.99899
E:\IMG\center_2025_12_05_11_49_18_811.jpg,E:\IMG\left_2025_12_05_11_49_18_811.jpg,E:\IMG\right_2025_12_05_11_49_18_811.jpg,0.35,0,0,11.24907
E:\IMG\center_2025_12_05_11_49_18_882.jpg,E:\IMG\left_2025_12_05_11_49_18_882.jpg,E:\IMG\right_2025_12_05_11_49_18_882.jpg,0,0,0,11.36447
E:\IMG\center_2025_12_05_11_49_18_955.jpg,E:\IMG\left_2025_12_05_11_49_18_955.jpg,E:\IMG\right_2025_12_05_11_49_18_955.jpg,0,0,0,11.49085
E:\IMG\center_2025_12_05_11_49_19_027.jpg,E:\IMG\left_2025_12_05_11_49_19_027.jpg,E:\IMG\right_2025_12_05_11_49_19_027.jpg,0,0,0,12.01603
E:\IMG\center_2025_12_05_11_49_19_095.jpg,E:\IMG\left_2025_12_05_11_49_19_095.jpg,E:\IMG\right_2025_12_05_11_49_19_095.jpg,0,0,0,12.13452
E:\IMG\center_2025_12_05_11_49_19_167.jpg,E:\IMG\left_2025_12_05_11_49_19_167.jpg,E:\IMG\right_2025_12_05_11_49_19_167.jpg,0.15,0,0,12.52675
E:\IMG\center_2025_12_05_11_49_19_238.jpg,E:\IMG\left_2025_12_05_11_49_19_238.jpg,E:\IMG\right_2025_12_05_11_49_19_238.jpg,0.35,0,0,12.73887
E:\IMG\center_2025_12_05_11_49_19_309.jpg,E:\IMG\left_2025_12_05_11_49_19_309.jpg,E:\IMG\right_2025_12_05_11_49_19_309.jpg,0.5500001,0,0,13.11053
E:\IMG\center_2025_12_05_11_49_19_378.jpg,E:\IMG\left_2025_12_05_11_49_19_378.jpg,E:\IMG\right_2025_12_05_11_49_19_378.jpg,0.7,0,0,12.91327
E:\IMG\center_2025_12_05_11_49_19_448.jpg,E:\IMG\left_2025_12_05_11_49_19_448.jpg,E:\IMG\right_2025_12_05_11_49_19_448.jpg,0.8500001,0,0,13.03739
E:\IMG\center_2025_12_05_11_49_19_519.jpg,E:\IMG\left_2025_12_05_11_49_19_519.jpg,E:\IMG\right_2025_12_05_11_49_19_519.jpg,0,0,0,13.2464
E:\IMG\center_2025_12_05_11_49_19_594.jpg,E:\IMG\left_2025_12_05_11_49_19_594.jpg,E:\IMG\right_2025_12_05_11_49_19_594.jpg,0,0,0,13.56903
E:\IMG\center_2025_12_05_11_49_19_664.jpg,E:\IMG\left_2025_12_05_11_49_19_664.jpg,E:\IMG\right_2025_12_05_11_49_19_664.jpg,0,0,0,13.57688
E:\IMG\center_2025_12_05_11_49_19_735.jpg,E:\IMG\left_2025_12_05_11_49_19_735.jpg,E:\IMG\right_2025_12_05_11_49_19_735.jpg,0,0,0,13.89829
E:\IMG\center_2025_12_05_11_49_19_807.jpg,E:\IMG\left_2025_12_05_11_49_19_807.jpg,E:\IMG\right_2025_12_05_11_49_19_807.jpg,0,0,0,14.35171
E:\IMG\center_2025_12_05_11_49_19_879.jpg,E:\IMG\left_2025_12_05_11_49_19_879.jpg,E:\IMG\right_2025_12_05_11_49_19_879.jpg,0,0,0,14.57206
E:\IMG\center_2025_12_05_11_49_19_950.jpg,E:\IMG\left_2025_12_05_11_49_19_950.jpg,E:\IMG\right_2025_12_05_11_49_19_950.jpg,0,0,0,14.77453
E:\IMG\center_2025_12_05_11_49_20_021.jpg,E:\IMG\left_2025_12_05_11_49_20_021.jpg,E:\IMG\right_2025_12_05_11_49_20_021.jpg,0,0,0,15.02352
E:\IMG\center_2025_12_05_11_49_20_090.jpg,E:\IMG\left_2025_12_05_11_49_20_090.jpg,E:\IMG\right_2025_12_05_11_49_20_090.jpg,0,0,0,15.59143
E:\IMG\center_2025_12_05_11_49_20_161.jpg,E:\IMG\left_2025_12_05_11_49_20_161.jpg,E:\IMG\right_2025_12_05_11_49_20_161.jpg,0,0,0.0729765,15.13232
E:\IMG\center_2025_12_05_11_49_20_234.jpg,E:\IMG\left_2025_12_05_11_49_20_234.jpg,E:\IMG\right_2025_12_05_11_49_20_234.jpg,0,0,0.3230718,14.24815
E:\IMG\center_2025_12_05_11_49_20_306.jpg,E:\IMG\left_2025_12_05_11_49_20_306.jpg,E:\IMG\right_2025_12_05_11_49_20_306.jpg,0,0,0.5017824,13.67077
E:\IMG\center_2025_12_05_11_49_20_378.jpg,E:\IMG\left_2025_12_05_11_49_20_378.jpg,E:\IMG\right_2025_12_05_11_49_20_378.jpg,0,0,0.322533,12.90396
E:\IMG\center_2025_12_05_11_49_20_451.jpg,E:\IMG\left_2025_12_05_11_49_20_451.jpg,E:\IMG\right_2025_12_05_11_49_20_451.jpg,0,0,0.1008678,12.12068
E:\IMG\center_2025_12_05_11_49_20_525.jpg,E:\IMG\left_2025_12_05_11_49_20_525.jpg,E:\IMG\right_2025_12_05_11_49_20_525.jpg,0.05,0,0,11.2234
E:\IMG\center_2025_12_05_11_49_20_599.jpg,E:\IMG\left_2025_12_05_11_49_20_599.jpg,E:\IMG\right_2025_12_05_11_49_20_599.jpg,0.25,0,0.2216118,11.23523
E:\IMG\center_2025_12_05_11_49_20_671.jpg,E:\IMG\left_2025_12_05_11_49_20_671.jpg,E:\IMG\right_2025_12_05_11_49_20_671.jpg,0.45,0,0.4404498,10.46774
E:\IMG\center_2025_12_05_11_49_20_746.jpg,E:\IMG\left_2025_12_05_11_49_20_746.jpg,E:\IMG\right_2025_12_05_11_49_20_746.jpg,0.6000001,0,0.5430987,9.820355
E:\IMG\center_2025_12_05_11_49_20_820.jpg,E:\IMG\left_2025_12_05_11_49_20_820.jpg,E:\IMG\right_2025_12_05_11_49_20_820.jpg,0.8000001,0,0.2878342,8.9512
E:\IMG\center_2025_12_05_11_49_20_893.jpg,E:\IMG\left_2025_12_05_11_49_20_893.jpg,E:\IMG\right_2025_12_05_11_49_20_893.jpg,1,0,0.06555304,7.967167
E:\IMG\center_2025_12_05_11_49_20_970.jpg,E:\IMG\left_2025_12_05_11_49_20_970.jpg,E:\IMG\right_2025_12_05_11_49_20_970.jpg,1,0,0,7.923248
E:\IMG\center_2025_12_05_11_49_21_043.jpg,E:\IMG\left_2025_12_05_11_49_21_043.jpg,E:\IMG\right_2025_12_05_11_49_21_043.jpg,0,0,0,7.962512
E:\IMG\center_2025_12_05_11_49_21_120.jpg,E:\IMG\left_2025_12_05_11_49_21_120.jpg,E:\IMG\right_2025_12_05_11_49_21_120.jpg,0,0,0,8.162737
E:\IMG\center_2025_12_05_11_49_21_197.jpg,E:\IMG\left_2025_12_05_11_49_21_197.jpg,E:\IMG\right_2025_12_05_11_49_21_197.jpg,0,0,0,8.39323
E:\IMG\center_2025_12_05_11_49_21_273.jpg,E:\IMG\left_2025_12_05_11_49_21_273.jpg,E:\IMG\right_2025_12_05_11_49_21_273.jpg,0,0,0,8.63865
E:\IMG\center_2025_12_05_11_49_21_349.jpg,E:\IMG\left_2025_12_05_11_49_21_349.jpg,E:\IMG\right_2025_12_05_11_49_21_349.jpg,0,0,0,8.895401
E:\IMG\center_2025_12_05_11_49_21_426.jpg,E:\IMG\left_2025_12_05_11_49_21_426.jpg,E:\IMG\right_2025_12_05_11_49_21_426.jpg,0.1,0,0.07146659,8.806928
E:\IMG\center_2025_12_05_11_49_21_502.jpg,E:\IMG\left_2025_12_05_11_49_21_502.jpg,E:\IMG\right_2025_12_05_11_49_21_502.jpg,0.3,0,0.299427,7.901524
E:\IMG\center_2025_12_05_11_49_21_579.jpg,E:\IMG\left_2025_12_05_11_49_21_579.jpg,E:\IMG\right_2025_12_05_11_49_21_579.jpg,0.5000001,0,0.5693049,6.928739
E:\IMG\center_2025_12_05_11_49_21_655.jpg,E:\IMG\left_2025_12_05_11_49_21_655.jpg,E:\IMG\right_2025_12_05_11_49_21_655.jpg,0.7,0,0.4164368,6.076868
E:\IMG\center_2025_12_05_11_49_21_733.jpg,E:\IMG\left_2025_12_05_11_49_21_733.jpg,E:\IMG\right_2025_12_05_11_49_21_733.jpg,0.9000002,0,0.1854374,5.07198
E:\IMG\center_2025_12_05_11_49_21_810.jpg,E:\IMG\left_2025_12_05_11_49_21_810.jpg,E:\IMG\right_2025_12_05_11_49_21_810.jpg,1,0,0,4.744106
E:\IMG\center_2025_12_05_11_49_21_887.jpg,E:\IMG\left_2025_12_05_11_49_21_887.jpg,E:\IMG\right_2025_12_05_11_49_21_887.jpg,1,0,0,4.857061
E:\IMG\center_2025_12_05_11_49_21_964.jpg,E:\IMG\left_2025_12_05_11_49_21_964.jpg,E:\IMG\right_2025_12_05_11_49_21_964.jpg,1,0,0,5.011794
E:\IMG\center_2025_12_05_11_49_22_032.jpg,E:\IMG\left_2025_12_05_11_49_22_032.jpg,E:\IMG\right_2025_12_05_11_49_22_032.jpg,1,0,0,5.168837
E:\IMG\center_2025_12_05_11_49_22_100.jpg,E:\IMG\left_2025_12_05_11_49_22_100.jpg,E:\IMG\right_2025_12_05_11_49_22_100.jpg,1,0,0,5.294017
E:\IMG\center_2025_12_05_11_49_22_168.jpg,E:\IMG\left_2025_12_05_11_49_22_168.jpg,E:\IMG\right_2025_12_05_11_49_22_168.jpg,1,0,0,5.417744
E:\IMG\center_2025_12_05_11_49_22_237.jpg,E:\IMG\left_2025_12_05_11_49_22_237.jpg,E:\IMG\right_2025_12_05_11_49_22_237.jpg,1,0,0,5.595192
E:\IMG\center_2025_12_05_11_49_22_305.jpg,E:\IMG\left_2025_12_05_11_49_22_305.jpg,E:\IMG\right_2025_12_05_11_49_22_305.jpg,1,0,0,5.729262
E:\IMG\center_2025_12_05_11_49_22_378.jpg,E:\IMG\left_2025_12_05_11_49_22_378.jpg,E:\IMG\right_2025_12_05_11_49_22_378.jpg,1,0,0,5.905368
E:\IMG\center_2025_12_05_11_49_22_445.jpg,E:\IMG\left_2025_12_05_11_49_22_445.jpg,E:\IMG\right_2025_12_05_11_49_22_445.jpg,1,0,0,6.035621
E:\IMG\center_2025_12_05_11_49_22_518.jpg,E:\IMG\left_2025_12_05_11_49_22_518.jpg,E:\IMG\right_2025_12_05_11_49_22_518.jpg,1,0,0,6.167315
E:\IMG\center_2025_12_05_11_49_22_590.jpg,E:\IMG\left_2025_12_05_11_49_22_590.jpg,E:\IMG\right_2025_12_05_11_49_22_590.jpg,1,0,0,6.277797
E:\IMG\center_2025_12_05_11_49_22_665.jpg,E:\IMG\left_2025_12_05_11_49_22_665.jpg,E:\IMG\right_2025_12_05_11_49_22_665.jpg,1,0,0,6.349849
E:\IMG\center_2025_12_05_11_49_22_739.jpg,E:\IMG\left_2025_12_05_11_49_22_739.jpg,E:\IMG\right_2025_12_05_11_49_22_739.jpg,1,0.1821255,0,6.499503
E:\IMG\center_2025_12_05_11_49_22_815.jpg,E:\IMG\left_2025_12_05_11_49_22_815.jpg,E:\IMG\right_2025_12_05_11_49_22_815.jpg,1,0.4110447,0,6.829453
E:\IMG\center_2025_12_05_11_49_22_892.jpg,E:\IMG\left_2025_12_05_11_49_22_892.jpg,E:\IMG\right_2025_12_05_11_49_22_892.jpg,0,0.6430143,0,7.262227
E:\IMG\center_2025_12_05_11_49_22_967.jpg,E:\IMG\left_2025_12_05_11_49_22_967.jpg,E:\IMG\right_2025_12_05_11_49_22_967.jpg,0,0.8232417,0,7.847856
E:\IMG\center_2025_12_05_11_49_23_043.jpg,E:\IMG\left_2025_12_05_11_49_23_043.jpg,E:\IMG\right_2025_12_05_11_49_23_043.jpg,0,1,0,8.833073
E:\IMG\center_2025_12_05_11_49_23_121.jpg,E:\IMG\left_2025_12_05_11_49_23_121.jpg,E:\IMG\right_2025_12_05_11_49_23_121.jpg,0,0.8621359,0,9.834754
E:\IMG\center_2025_12_05_11_49_23_197.jpg,E:\IMG\left_2025_12_05_11_49_23_197.jpg,E:\IMG\right_2025_12_05_11_49_23_197.jpg,0.15,0.6296663,0,10.62844
E:\IMG\center_2025_12_05_11_49_23_275.jpg,E:\IMG\left_2025_12_05_11_49_23_275.jpg,E:\IMG\right_2025_12_05_11_49_23_275.jpg,0.35,0.4001648,0,11.17888
E:\IMG\center_2025_12_05_11_49_23_350.jpg,E:\IMG\left_2025_12_05_11_49_23_350.jpg,E:\IMG\right_2025_12_05_11_49_23_350.jpg,0.5500001,0.1717406,0,11.38508
E:\IMG\center_2025_12_05_11_49_23_426.jpg,E:\IMG\left_2025_12_05_11_49_23_426.jpg,E:\IMG\right_2025_12_05_11_49_23_426.jpg,0.7,0,0,11.5182
E:\IMG\center_2025_12_05_11_49_23_503.jpg,E:\IMG\left_2025_12_05_11_49_23_503.jpg,E:\IMG\right_2025_12_05_11_49_23_503.jpg,0.9000002,0,0,11.26666
E:\IMG\center_2025_12_05_11_49_23_580.jpg,E:\IMG\left_2025_12_05_11_49_23_580.jpg,E:\IMG\right_2025_12_05_11_49_23_580.jpg,1,0,0,11.14785
E:\IMG\center_2025_12_05_11_49_23_665.jpg,E:\IMG\left_2025_12_05_11_49_23_665.jpg,E:\IMG\right_2025_12_05_11_49_23_665.jpg,1,0,0,11.04098
E:\IMG\center_2025_12_05_11_49_23_741.jpg,E:\IMG\left_2025_12_05_11_49_23_741.jpg,E:\IMG\right_2025_12_05_11_49_23_741.jpg,1,0,0,11.14202
E:\IMG\center_2025_12_05_11_49_23_815.jpg,E:\IMG\left_2025_12_05_11_49_23_815.jpg,E:\IMG\right_2025_12_05_11_49_23_815.jpg,1,0,0,11.29251
E:\IMG\center_2025_12_05_11_49_23_890.jpg,E:\IMG\left_2025_12_05_11_49_23_890.jpg,E:\IMG\right_2025_12_05_11_49_23_890.jpg,1,0,0,11.46536
E:\IMG\center_2025_12_05_11_49_23_969.jpg,E:\IMG\left_2025_12_05_11_49_23_969.jpg,E:\IMG\right_2025_12_05_11_49_23_969.jpg,1,0,0,11.59466
E:\IMG\center_2025_12_05_11_49_24_049.jpg,E:\IMG\left_2025_12_05_11_49_24_049.jpg,E:\IMG\right_2025_12_05_11_49_24_049.jpg,1,0,0,11.79884
E:\IMG\center_2025_12_05_11_49_24_131.jpg,E:\IMG\left_2025_12_05_11_49_24_131.jpg,E:\IMG\right_2025_12_05_11_49_24_131.jpg,1,0,0,12.02292
E:\IMG\center_2025_12_05_11_49_24_198.jpg,E:\IMG\left_2025_12_05_11_49_24_198.jpg,E:\IMG\right_2025_12_05_11_49_24_198.jpg,1,0,0,12.15204
E:\IMG\center_2025_12_05_11_49_24_267.jpg,E:\IMG\left_2025_12_05_11_49_24_267.jpg,E:\IMG\right_2025_12_05_11_49_24_267.jpg,0,0,0,12.39056
E:\IMG\center_2025_12_05_11_49_24_350.jpg,E:\IMG\left_2025_12_05_11_49_24_350.jpg,E:\IMG\right_2025_12_05_11_49_24_350.jpg,0,0,0,12.76126
E:\IMG\center_2025_12_05_11_49_24_421.jpg,E:\IMG\left_2025_12_05_11_49_24_421.jpg,E:\IMG\right_2025_12_05_11_49_24_421.jpg,0,0,0,12.74466
E:\IMG\center_2025_12_05_11_49_24_489.jpg,E:\IMG\left_2025_12_05_11_49_24_489.jpg,E:\IMG\right_2025_12_05_11_49_24_489.jpg,0,0,0,13.29898
E:\IMG\center_2025_12_05_11_49_24_560.jpg,E:\IMG\left_2025_12_05_11_49_24_560.jpg,E:\IMG\right_2025_12_05_11_49_24_560.jpg,0,0,0,13.27658
E:\IMG\center_2025_12_05_11_49_24_629.jpg,E:\IMG\left_2025_12_05_11_49_24_629.jpg,E:\IMG\right_2025_12_05_11_49_24_629.jpg,0,0,0,13.76
E:\IMG\center_2025_12_05_11_49_24_698.jpg,E:\IMG\left_2025_12_05_11_49_24_698.jpg,E:\IMG\right_2025_12_05_11_49_24_698.jpg,0,0,0,14.26629
E:\IMG\center_2025_12_05_11_49_24_768.jpg,E:\IMG\left_2025_12_05_11_49_24_768.jpg,E:\IMG\right_2025_12_05_11_49_24_768.jpg,0,0.1618965,0,14.37104
E:\IMG\center_2025_12_05_11_49_24_838.jpg,E:\IMG\left_2025_12_05_11_49_24_838.jpg,E:\IMG\right_2025_12_05_11_49_24_838.jpg,0,0.4204866,0,15.02304
E:\IMG\center_2025_12_05_11_49_24_907.jpg,E:\IMG\left_2025_12_05_11_49_24_907.jpg,E:\IMG\right_2025_12_05_11_49_24_907.jpg,0,0.5740833,0,16.04411
E:\IMG\center_2025_12_05_11_49_24_976.jpg,E:\IMG\left_2025_12_05_11_49_24_976.jpg,E:\IMG\right_2025_12_05_11_49_24_976.jpg,0,0.8323515,0,16.78148
E:\IMG\center_2025_12_05_11_49_25_044.jpg,E:\IMG\left_2025_12_05_11_49_25_044.jpg,E:\IMG\right_2025_12_05_11_49_25_044.jpg,0,1,0,17.84222
E:\IMG\center_2025_12_05_11_49_25_111.jpg,E:\IMG\left_2025_12_05_11_49_25_111.jpg,E:\IMG\right_2025_12_05_11_49_25_111.jpg,0,0.9462433,0,18.93731
E:\IMG\center_2025_12_05_11_49_25_179.jpg,E:\IMG\left_2025_12_05_11_49_25_179.jpg,E:\IMG\right_2025_12_05_11_49_25_179.jpg,0,0.7451878,0,19.81468
E:\IMG\center_2025_12_05_11_49_25_262.jpg,E:\IMG\left_2025_12_05_11_49_25_262.jpg,E:\IMG\right_2025_12_05_11_49_25_262.jpg,0,0.4964509,0,20.70411
E:\IMG\center_2025_12_05_11_49_25_347.jpg,E:\IMG\left_2025_12_05_11_49_25_347.jpg,E:\IMG\right_2025_12_05_11_49_25_347.jpg,-0.1,0.2430049,0,21.32789
E:\IMG\center_2025_12_05_11_49_25_427.jpg,E:\IMG\left_2025_12_05_11_49_25_427.jpg,E:\IMG\right_2025_12_05_11_49_25_427.jpg,-0.3,0.04770794,0,21.55656
E:\IMG\center_2025_12_05_11_49_25_495.jpg,E:\IMG\left_2025_12_05_11_49_25_495.jpg,E:\IMG\right_2025_12_05_11_49_25_495.jpg,0,0,0,21.64834
E:\IMG\center_2025_12_05_11_49_25_575.jpg,E:\IMG\left_2025_12_05_11_49_25_575.jpg,E:\IMG\right_2025_12_05_11_49_25_575.jpg,0,0,0,21.96677
E:\IMG\center_2025_12_05_11_49_25_656.jpg,E:\IMG\left_2025_12_05_11_49_25_656.jpg,E:\IMG\right_2025_12_05_11_49_25_656.jpg,0,0,0,22.20916
E:\IMG\center_2025_12_05_11_49_25_724.jpg,E:\IMG\left_2025_12_05_11_49_25_724.jpg,E:\IMG\right_2025_12_05_11_49_25_724.jpg,-0.15,0,0,22.30668
E:\IMG\center_2025_12_05_11_49_25_802.jpg,E:\IMG\left_2025_12_05_11_49_25_802.jpg,E:\IMG\right_2025_12_05_11_49_25_802.jpg,-0.35,0,0,22.24376
E:\IMG\center_2025_12_05_11_49_25_883.jpg,E:\IMG\left_2025_12_05_11_49_25_883.jpg,E:\IMG\right_2025_12_05_11_49_25_883.jpg,-0.5500001,0,0,22.30351
E:\IMG\center_2025_12_05_11_49_25_961.jpg,E:\IMG\left_2025_12_05_11_49_25_961.jpg,E:\IMG\right_2025_12_05_11_49_25_961.jpg,-0.7500002,0,0,22.48166
E:\IMG\center_2025_12_05_11_49_26_040.jpg,E:\IMG\left_2025_12_05_11_49_26_040.jpg,E:\IMG\right_2025_12_05_11_49_26_040.jpg,0,0,0,22.34647
E:\IMG\center_2025_12_05_11_49_26_115.jpg,E:\IMG\left_2025_12_05_11_49_26_115.jpg,E:\IMG\right_2025_12_05_11_49_26_115.jpg,0,0,0,22.39468
E:\IMG\center_2025_12_05_11_49_26_193.jpg,E:\IMG\left_2025_12_05_11_49_26_193.jpg,E:\IMG\right_2025_12_05_11_49_26_193.jpg,0,0,0,22.43458
E:\IMG\center_2025_12_05_11_49_26_269.jpg,E:\IMG\left_2025_12_05_11_49_26_269.jpg,E:\IMG\right_2025_12_05_11_49_26_269.jpg,0,0,0,22.41136
E:\IMG\center_2025_12_05_11_49_26_345.jpg,E:\IMG\left_2025_12_05_11_49_26_345.jpg,E:\IMG\right_2025_12_05_11_49_26_345.jpg,0,0,0,22.27202
E:\IMG\center_2025_12_05_11_49_26_412.jpg,E:\IMG\left_2025_12_05_11_49_26_412.jpg,E:\IMG\right_2025_12_05_11_49_26_412.jpg,0,0,0,22.09544
E:\IMG\center_2025_12_05_11_49_26_486.jpg,E:\IMG\left_2025_12_05_11_49_26_486.jpg,E:\IMG\right_2025_12_05_11_49_26_486.jpg,0,0,0,22.34576
E:\IMG\center_2025_12_05_11_49_26_562.jpg,E:\IMG\left_2025_12_05_11_49_26_562.jpg,E:\IMG\right_2025_12_05_11_49_26_562.jpg,0,0,0,22.18083
E:\IMG\center_2025_12_05_11_49_26_637.jpg,E:\IMG\left_2025_12_05_11_49_26_637.jpg,E:\IMG\right_2025_12_05_11_49_26_637.jpg,0,0,0,22.1909
E:\IMG\center_2025_12_05_11_49_26_709.jpg,E:\IMG\left_2025_12_05_11_49_26_709.jpg,E:\IMG\right_2025_12_05_11_49_26_709.jpg,0,0,0,22.24028
E:\IMG\center_2025_12_05_11_49_26_782.jpg,E:\IMG\left_2025_12_05_11_49_26_782.jpg,E:\IMG\right_2025_12_05_11_49_26_782.jpg,0.05,0,0,22.0827
E:\IMG\center_2025_12_05_11_49_26_856.jpg,E:\IMG\left_2025_12_05_11_49_26_856.jpg,E:\IMG\right_2025_12_05_11_49_26_856.jpg,0.25,0,0,22.45006
E:\IMG\center_2025_12_05_11_49_26_930.jpg,E:\IMG\left_2025_12_05_11_49_26_930.jpg,E:\IMG\right_2025_12_05_11_49_26_930.jpg,0.45,0.2214759,0,22.67494
E:\IMG\center_2025_12_05_11_49_27_004.jpg,E:\IMG\left_2025_12_05_11_49_27_004.jpg,E:\IMG\right_2025_12_05_11_49_27_004.jpg,0.6000001,0.4043619,0,22.89356
E:\IMG\center_2025_12_05_11_49_27_084.jpg,E:\IMG\left_2025_12_05_11_49_27_084.jpg,E:\IMG\right_2025_12_05_11_49_27_084.jpg,0.8000001,0.6846192,0,23.43291
E:\IMG\center_2025_12_05_11_49_27_163.jpg,E:\IMG\left_2025_12_05_11_49_27_163.jpg,E:\IMG\right_2025_12_05_11_49_27_163.jpg,1,0.9234291,0,23.6821
E:\IMG\center_2025_12_05_11_49_27_243.jpg,E:\IMG\left_2025_12_05_11_49_27_243.jpg,E:\IMG\right_2025_12_05_11_49_27_243.jpg,1,0.9518614,0,24.82166
E:\IMG\center_2025_12_05_11_49_27_319.jpg,E:\IMG\left_2025_12_05_11_49_27_319.jpg,E:\IMG\right_2025_12_05_11_49_27_319.jpg,0,0.7235671,0,25.93029
E:\IMG\center_2025_12_05_11_49_27_398.jpg,E:\IMG\left_2025_12_05_11_49_27_398.jpg,E:\IMG\right_2025_12_05_11_49_27_398.jpg,0,0.4887034,0,26.72047
E:\IMG\center_2025_12_05_11_49_27_474.jpg,E:\IMG\left_2025_12_05_11_49_27_474.jpg,E:\IMG\right_2025_12_05_11_49_27_474.jpg,0,0.2574961,0,27.31653
E:\IMG\center_2025_12_05_11_49_27_550.jpg,E:\IMG\left_2025_12_05_11_49_27_550.jpg,E:\IMG\right_2025_12_05_11_49_27_550.jpg,-0.15,0.03194112,0,27.63101
E:\IMG\center_2025_12_05_11_49_27_625.jpg,E:\IMG\left_2025_12_05_11_49_27_625.jpg,E:\IMG\right_2025_12_05_11_49_27_625.jpg,-0.3,0,0,27.80431
E:\IMG\center_2025_12_05_11_49_27_700.jpg,E:\IMG\left_2025_12_05_11_49_27_700.jpg,E:\IMG\right_2025_12_05_11_49_27_700.jpg,-0.5000001,0,0,27.75571
E:\IMG\center_2025_12_05_11_49_27_774.jpg,E:\IMG\left_2025_12_05_11_49_27_774.jpg,E:\IMG\right_2025_12_05_11_49_27_774.jpg,-0.7,0,0,27.72735
E:\IMG\center_2025_12_05_11_49_27_848.jpg,E:\IMG\left_2025_12_05_11_49_27_848.jpg,E:\IMG\right_2025_12_05_11_49_27_848.jpg,-0.8500001,0,0,27.66782
E:\IMG\center_2025_12_05_11_49_27_920.jpg,E:\IMG\left_2025_12_05_11_49_27_920.jpg,E:\IMG\right_2025_12_05_11_49_27_920.jpg,-1,0,0,27.30516
E:\IMG\center_2025_12_05_11_49_27_994.jpg,E:\IMG\left_2025_12_05_11_49_27_994.jpg,E:\IMG\right_2025_12_05_11_49_27_994.jpg,-1,0,0,26.71304
E:\IMG\center_2025_12_05_11_49_28_065.jpg,E:\IMG\left_2025_12_05_11_49_28_065.jpg,E:\IMG\right_2025_12_05_11_49_28_065.jpg,-1,0,0,26.91848
E:\IMG\center_2025_12_05_11_49_28_134.jpg,E:\IMG\left_2025_12_05_11_49_28_134.jpg,E:\IMG\right_2025_12_05_11_49_28_134.jpg,-1,0,0,26.89561
E:\IMG\center_2025_12_05_11_49_28_203.jpg,E:\IMG\left_2025_12_05_11_49_28_203.jpg,E:\IMG\right_2025_12_05_11_49_28_203.jpg,-1,0,0,26.79039
E:\IMG\center_2025_12_05_11_49_28_268.jpg,E:\IMG\left_2025_12_05_11_49_28_268.jpg,E:\IMG\right_2025_12_05_11_49_28_268.jpg,0,0,0,26.28723
E:\IMG\center_2025_12_05_11_49_28_347.jpg,E:\IMG\left_2025_12_05_11_49_28_347.jpg,E:\IMG\right_2025_12_05_11_49_28_347.jpg,0,0,0,26.17707
E:\IMG\center_2025_12_05_11_49_28_425.jpg,E:\IMG\left_2025_12_05_11_49_28_425.jpg,E:\IMG\right_2025_12_05_11_49_28_425.jpg,0,0,0,26.22005
E:\IMG\center_2025_12_05_11_49_28_498.jpg,E:\IMG\left_2025_12_05_11_49_28_498.jpg,E:\IMG\right_2025_12_05_11_49_28_498.jpg,0,0,0,26.0392
E:\IMG\center_2025_12_05_11_49_28_576.jpg,E:\IMG\left_2025_12_05_11_49_28_576.jpg,E:\IMG\right_2025_12_05_11_49_28_576.jpg,0,0,0,25.85604
E:\IMG\center_2025_12_05_11_49_28_652.jpg,E:\IMG\left_2025_12_05_11_49_28_652.jpg,E:\IMG\right_2025_12_05_11_49_28_652.jpg,0,0,0,25.68886
E:\IMG\center_2025_12_05_11_49_28_730.jpg,E:\IMG\left_2025_12_05_11_49_28_730.jpg,E:\IMG\right_2025_12_05_11_49_28_730.jpg,0,0,0,25.52258
E:\IMG\center_2025_12_05_11_49_28_805.jpg,E:\IMG\left_2025_12_05_11_49_28_805.jpg,E:\IMG\right_2025_12_05_11_49_28_805.jpg,0,0,0,25.35575
E:\IMG\center_2025_12_05_11_49_28_882.jpg,E:\IMG\left_2025_12_05_11_49_28_882.jpg,E:\IMG\right_2025_12_05_11_49_28_882.jpg,0.15,0,0,25.1535
E:\IMG\center_2025_12_05_11_49_28_962.jpg,E:\IMG\left_2025_12_05_11_49_28_962.jpg,E:\IMG\right_2025_12_05_11_49_28_962.jpg,0.35,0.1569471,0,24.9147
E:\IMG\center_2025_12_05_11_49_29_038.jpg,E:\IMG\left_2025_12_05_11_49_29_038.jpg,E:\IMG\right_2025_12_05_11_49_29_038.jpg,0.5500001,0.3833013,0,24.81229
E:\IMG\center_2025_12_05_11_49_29_115.jpg,E:\IMG\left_2025_12_05_11_49_29_115.jpg,E:\IMG\right_2025_12_05_11_49_29_115.jpg,0,0.2251338,0,24.77238
E:\IMG\center_2025_12_05_11_49_29_192.jpg,E:\IMG\left_2025_12_05_11_49_29_192.jpg,E:\IMG\right_2025_12_05_11_49_29_192.jpg,0,0,0,24.631
E:\IMG\center_2025_12_05_11_49_29_270.jpg,E:\IMG\left_2025_12_05_11_49_29_270.jpg,E:\IMG\right_2025_12_05_11_49_29_270.jpg,0.1,0,0,24.42756
E:\IMG\center_2025_12_05_11_49_29_347.jpg,E:\IMG\left_2025_12_05_11_49_29_347.jpg,E:\IMG\right_2025_12_05_11_49_29_347.jpg,0.25,0,0,24.26823
E:\IMG\center_2025_12_05_11_49_29_416.jpg,E:\IMG\left_2025_12_05_11_49_29_416.jpg,E:\IMG\right_2025_12_05_11_49_29_416.jpg,0.45,0,0,23.50786
E:\IMG\center_2025_12_05_11_49_29_493.jpg,E:\IMG\left_2025_12_05_11_49_29_493.jpg,E:\IMG\right_2025_12_05_11_49_29_493.jpg,0.6500001,0,0,23.06878
E:\IMG\center_2025_12_05_11_49_29_561.jpg,E:\IMG\left_2025_12_05_11_49_29_561.jpg,E:\IMG\right_2025_12_05_11_49_29_561.jpg,0.8000001,0,0,22.91311
E:\IMG\center_2025_12_05_11_49_29_639.jpg,E:\IMG\left_2025_12_05_11_49_29_639.jpg,E:\IMG\right_2025_12_05_11_49_29_639.jpg,0,0,0,21.82372
E:\IMG\center_2025_12_05_11_49_29_707.jpg,E:\IMG\left_2025_12_05_11_49_29_707.jpg,E:\IMG\right_2025_12_05_11_49_29_707.jpg,0,0,0,20.93486
E:\IMG\center_2025_12_05_11_49_29_775.jpg,E:\IMG\left_2025_12_05_11_49_29_775.jpg,E:\IMG\right_2025_12_05_11_49_29_775.jpg,0,0,0,20.2679
E:\IMG\center_2025_12_05_11_49_29_854.jpg,E:\IMG\left_2025_12_05_11_49_29_854.jpg,E:\IMG\right_2025_12_05_11_49_29_854.jpg,0,0,0,19.46163
E:\IMG\center_2025_12_05_11_49_29_933.jpg,E:\IMG\left_2025_12_05_11_49_29_933.jpg,E:\IMG\right_2025_12_05_11_49_29_933.jpg,0,0,0,18.35144
E:\IMG\center_2025_12_05_11_49_30_010.jpg,E:\IMG\left_2025_12_05_11_49_30_010.jpg,E:\IMG\right_2025_12_05_11_49_30_010.jpg,0,0,0,17.74299
E:\IMG\center_2025_12_05_11_49_30_086.jpg,E:\IMG\left_2025_12_05_11_49_30_086.jpg,E:\IMG\right_2025_12_05_11_49_30_086.jpg,0.05,0,0,17.10807
E:\IMG\center_2025_12_05_11_49_30_161.jpg,E:\IMG\left_2025_12_05_11_49_30_161.jpg,E:\IMG\right_2025_12_05_11_49_30_161.jpg,0.25,0,0,16.54698
E:\IMG\center_2025_12_05_11_49_30_239.jpg,E:\IMG\left_2025_12_05_11_49_30_239.jpg,E:\IMG\right_2025_12_05_11_49_30_239.jpg,0.45,0,0,16.12871
E:\IMG\center_2025_12_05_11_49_30_315.jpg,E:\IMG\left_2025_12_05_11_49_30_315.jpg,E:\IMG\right_2025_12_05_11_49_30_315.jpg,0.6500001,0,0,14.88171
E:\IMG\center_2025_12_05_11_49_30_393.jpg,E:\IMG\left_2025_12_05_11_49_30_393.jpg,E:\IMG\right_2025_12_05_11_49_30_393.jpg,0,0,0,14.26039
E:\IMG\center_2025_12_05_11_49_30_466.jpg,E:\IMG\left_2025_12_05_11_49_30_466.jpg,E:\IMG\right_2025_12_05_11_49_30_466.jpg,0,0,0,13.65993
E:\IMG\center_2025_12_05_11_49_30_544.jpg,E:\IMG\left_2025_12_05_11_49_30_544.jpg,E:\IMG\right_2025_12_05_11_49_30_544.jpg,0,0,0,13.06208
E:\IMG\center_2025_12_05_11_49_30_618.jpg,E:\IMG\left_2025_12_05_11_49_30_618.jpg,E:\IMG\right_2025_12_05_11_49_30_618.jpg,0,0,0,12.62065
E:\IMG\center_2025_12_05_11_49_30_693.jpg,E:\IMG\left_2025_12_05_11_49_30_693.jpg,E:\IMG\right_2025_12_05_11_49_30_693.jpg,0,0,0,11.98517
E:\IMG\center_2025_12_05_11_49_30_767.jpg,E:\IMG\left_2025_12_05_11_49_30_767.jpg,E:\IMG\right_2025_12_05_11_49_30_767.jpg,0,0,0,11.58283
E:\IMG\center_2025_12_05_11_49_30_842.jpg,E:\IMG\left_2025_12_05_11_49_30_842.jpg,E:\IMG\right_2025_12_05_11_49_30_842.jpg,0,0.1506024,0,11.08996
E:\IMG\center_2025_12_05_11_49_30_916.jpg,E:\IMG\left_2025_12_05_11_49_30_916.jpg,E:\IMG\right_2025_12_05_11_49_30_916.jpg,0,0.410877,0,10.88939
E:\IMG\center_2025_12_05_11_49_30_992.jpg,E:\IMG\left_2025_12_05_11_49_30_992.jpg,E:\IMG\right_2025_12_05_11_49_30_992.jpg,0,0.6358554,0,10.87592
E:\IMG\center_2025_12_05_11_49_31_067.jpg,E:\IMG\left_2025_12_05_11_49_31_067.jpg,E:\IMG\right_2025_12_05_11_49_31_067.jpg,0,0.8245932,0,11.0258
E:\IMG\center_2025_12_05_11_49_31_141.jpg,E:\IMG\left_2025_12_05_11_49_31_141.jpg,E:\IMG\right_2025_12_05_11_49_31_141.jpg,0,1,0,11.28076
E:\IMG\center_2025_12_05_11_49_31_216.jpg,E:\IMG\left_2025_12_05_11_49_31_216.jpg,E:\IMG\right_2025_12_05_11_49_31_216.jpg,0,1,0,11.87519
E:\IMG\center_2025_12_05_11_49_31_292.jpg,E:\IMG\left_2025_12_05_11_49_31_292.jpg,E:\IMG\right_2025_12_05_11_49_31_292.jpg,0,1,0,12.33046
E:\IMG\center_2025_12_05_11_49_31_365.jpg,E:\IMG\left_2025_12_05_11_49_31_365.jpg,E:\IMG\right_2025_12_05_11_49_31_365.jpg,0,1,0,12.9396
E:\IMG\center_2025_12_05_11_49_31_440.jpg,E:\IMG\left_2025_12_05_11_49_31_440.jpg,E:\IMG\right_2025_12_05_11_49_31_440.jpg,0,0.9597433,0,13.22159
E:\IMG\center_2025_12_05_11_49_31_512.jpg,E:\IMG\left_2025_12_05_11_49_31_512.jpg,E:\IMG\right_2025_12_05_11_49_31_512.jpg,0,0.7428008,0,13.21526
E:\IMG\center_2025_12_05_11_49_31_588.jpg,E:\IMG\left_2025_12_05_11_49_31_588.jpg,E:\IMG\right_2025_12_05_11_49_31_588.jpg,0,0.5507015,0,13.52505
E:\IMG\center_2025_12_05_11_49_31_661.jpg,E:\IMG\left_2025_12_05_11_49_31_661.jpg,E:\IMG\right_2025_12_05_11_49_31_661.jpg,-0.2,0.2974529,0,13.00401
E:\IMG\center_2025_12_05_11_49_31_734.jpg,E:\IMG\left_2025_12_05_11_49_31_734.jpg,E:\IMG\right_2025_12_05_11_49_31_734.jpg,-0.4,0.0765236,0,12.51595
E:\IMG\center_2025_12_05_11_49_31_808.jpg,E:\IMG\left_2025_12_05_11_49_31_808.jpg,E:\IMG\right_2025_12_05_11_49_31_808.jpg,0,0,0,12.47148
E:\IMG\center_2025_12_05_11_49_31_884.jpg,E:\IMG\left_2025_12_05_11_49_31_884.jpg,E:\IMG\right_2025_12_05_11_49_31_884.jpg,0,0,0,12.12131
E:\IMG\center_2025_12_05_11_49_31_956.jpg,E:\IMG\left_2025_12_05_11_49_31_956.jpg,E:\IMG\right_2025_12_05_11_49_31_956.jpg,-0.1,0.2526921,0,11.82501
E:\IMG\center_2025_12_05_11_49_32_030.jpg,E:\IMG\left_2025_12_05_11_49_32_030.jpg,E:\IMG\right_2025_12_05_11_49_32_030.jpg,-0.3,0.4759206,0,11.59416
E:\IMG\center_2025_12_05_11_49_32_105.jpg,E:\IMG\left_2025_12_05_11_49_32_105.jpg,E:\IMG\right_2025_12_05_11_49_32_105.jpg,-0.45,0.6620277,0,11.58979
E:\IMG\center_2025_12_05_11_49_32_181.jpg,E:\IMG\left_2025_12_05_11_49_32_181.jpg,E:\IMG\right_2025_12_05_11_49_32_181.jpg,-0.6500001,0.7779463,0,11.80919
E:\IMG\center_2025_12_05_11_49_32_255.jpg,E:\IMG\left_2025_12_05_11_49_32_255.jpg,E:\IMG\right_2025_12_05_11_49_32_255.jpg,0,0.5531026,0,11.70139
E:\IMG\center_2025_12_05_11_49_32_328.jpg,E:\IMG\left_2025_12_05_11_49_32_328.jpg,E:\IMG\right_2025_12_05_11_49_32_328.jpg,0,0.369481,0,11.99406
E:\IMG\center_2025_12_05_11_49_32_404.jpg,E:\IMG\left_2025_12_05_11_49_32_404.jpg,E:\IMG\right_2025_12_05_11_49_32_404.jpg,-0.2,0.1481302,0,11.66907
E:\IMG\center_2025_12_05_11_49_32_476.jpg,E:\IMG\left_2025_12_05_11_49_32_476.jpg,E:\IMG\right_2025_12_05_11_49_32_476.jpg,-0.4,0,0,11.43943
E:\IMG\center_2025_12_05_11_49_32_550.jpg,E:\IMG\left_2025_12_05_11_49_32_550.jpg,E:\IMG\right_2025_12_05_11_49_32_550.jpg,-0.6000001,0,0,11.0472
E:\IMG\center_2025_12_05_11_49_32_624.jpg,E:\IMG\left_2025_12_05_11_49_32_624.jpg,E:\IMG\right_2025_12_05_11_49_32_624.jpg,-0.7500002,0.1885293,0,10.80393
E:\IMG\center_2025_12_05_11_49_32_698.jpg,E:\IMG\left_2025_12_05_11_49_32_698.jpg,E:\IMG\right_2025_12_05_11_49_32_698.jpg,-0.9500002,0.4458993,0,10.71108
E:\IMG\center_2025_12_05_11_49_32_774.jpg,E:\IMG\left_2025_12_05_11_49_32_774.jpg,E:\IMG\right_2025_12_05_11_49_32_774.jpg,-1,0.6715722,0,10.88769
E:\IMG\center_2025_12_05_11_49_32_849.jpg,E:\IMG\left_2025_12_05_11_49_32_849.jpg,E:\IMG\right_2025_12_05_11_49_32_849.jpg,0,0.897459,0,11.28141
E:\IMG\center_2025_12_05_11_49_32_922.jpg,E:\IMG\left_2025_12_05_11_49_32_922.jpg,E:\IMG\right_2025_12_05_11_49_32_922.jpg,0,1,0,11.48625
E:\IMG\center_2025_12_05_11_49_32_996.jpg,E:\IMG\left_2025_12_05_11_49_32_996.jpg,E:\IMG\right_2025_12_05_11_49_32_996.jpg,0,0.8548753,0,12.07201
E:\IMG\center_2025_12_05_11_49_33_070.jpg,E:\IMG\left_2025_12_05_11_49_33_070.jpg,E:\IMG\right_2025_12_05_11_49_33_070.jpg,-0.15,0.633621,0,12.5336
E:\IMG\center_2025_12_05_11_49_33_141.jpg,E:\IMG\left_2025_12_05_11_49_33_141.jpg,E:\IMG\right_2025_12_05_11_49_33_141.jpg,-0.3,0.4188694,0,12.66435
E:\IMG\center_2025_12_05_11_49_33_214.jpg,E:\IMG\left_2025_12_05_11_49_33_214.jpg,E:\IMG\right_2025_12_05_11_49_33_214.jpg,-0.5000001,0.2689171,0,12.87303
E:\IMG\center_2025_12_05_11_49_33_285.jpg,E:\IMG\left_2025_12_05_11_49_33_285.jpg,E:\IMG\right_2025_12_05_11_49_33_285.jpg,-0.6500001,0.4443991,0,12.78332
E:\IMG\center_2025_12_05_11_49_33_356.jpg,E:\IMG\left_2025_12_05_11_49_33_356.jpg,E:\IMG\right_2025_12_05_11_49_33_356.jpg,-0.8500001,0.6957193,0,12.96907
E:\IMG\center_2025_12_05_11_49_33_429.jpg,E:\IMG\left_2025_12_05_11_49_33_429.jpg,E:\IMG\right_2025_12_05_11_49_33_429.jpg,-1,0.9145135,0,13.43165
E:\IMG\center_2025_12_05_11_49_33_500.jpg,E:\IMG\left_2025_12_05_11_49_33_500.jpg,E:\IMG\right_2025_12_05_11_49_33_500.jpg,-1,1,0,14.03524
E:\IMG\center_2025_12_05_11_49_33_570.jpg,E:\IMG\left_2025_12_05_11_49_33_570.jpg,E:\IMG\right_2025_12_05_11_49_33_570.jpg,0,1,0,14.65025
E:\IMG\center_2025_12_05_11_49_33_639.jpg,E:\IMG\left_2025_12_05_11_49_33_639.jpg,E:\IMG\right_2025_12_05_11_49_33_639.jpg,0,1,0,15.12089
E:\IMG\center_2025_12_05_11_49_33_711.jpg,E:\IMG\left_2025_12_05_11_49_33_711.jpg,E:\IMG\right_2025_12_05_11_49_33_711.jpg,-0.15,1,0,15.48743
E:\IMG\center_2025_12_05_11_49_33_785.jpg,E:\IMG\left_2025_12_05_11_49_33_785.jpg,E:\IMG\right_2025_12_05_11_49_33_785.jpg,-0.3,1,0,15.4913
E:\IMG\center_2025_12_05_11_49_33_859.jpg,E:\IMG\left_2025_12_05_11_49_33_859.jpg,E:\IMG\right_2025_12_05_11_49_33_859.jpg,-0.5000001,1,0,16.24603
E:\IMG\center_2025_12_05_11_49_33_935.jpg,E:\IMG\left_2025_12_05_11_49_33_935.jpg,E:\IMG\right_2025_12_05_11_49_33_935.jpg,-0.7,1,0,16.48375
E:\IMG\center_2025_12_05_11_49_34_011.jpg,E:\IMG\left_2025_12_05_11_49_34_011.jpg,E:\IMG\right_2025_12_05_11_49_34_011.jpg,-0.9000002,1,0,17.00024
E:\IMG\center_2025_12_05_11_49_34_088.jpg,E:\IMG\left_2025_12_05_11_49_34_088.jpg,E:\IMG\right_2025_12_05_11_49_34_088.jpg,-1,1,0,17.67047
E:\IMG\center_2025_12_05_11_49_34_163.jpg,E:\IMG\left_2025_12_05_11_49_34_163.jpg,E:\IMG\right_2025_12_05_11_49_34_163.jpg,0,1,0,17.59474
E:\IMG\center_2025_12_05_11_49_34_240.jpg,E:\IMG\left_2025_12_05_11_49_34_240.jpg,E:\IMG\right_2025_12_05_11_49_34_240.jpg,0,1,0,17.92577
E:\IMG\center_2025_12_05_11_49_34_317.jpg,E:\IMG\left_2025_12_05_11_49_34_317.jpg,E:\IMG\right_2025_12_05_11_49_34_317.jpg,0,1,0,18.36037
E:\IMG\center_2025_12_05_11_49_34_392.jpg,E:\IMG\left_2025_12_05_11_49_34_392.jpg,E:\IMG\right_2025_12_05_11_49_34_392.jpg,-0.1,1,0,18.67879
E:\IMG\center_2025_12_05_11_49_34_471.jpg,E:\IMG\left_2025_12_05_11_49_34_471.jpg,E:\IMG\right_2025_12_05_11_49_34_471.jpg,-0.3,1,0,19.13165
E:\IMG\center_2025_12_05_11_49_34_547.jpg,E:\IMG\left_2025_12_05_11_49_34_547.jpg,E:\IMG\right_2025_12_05_11_49_34_547.jpg,-0.45,1,0,19.40461
E:\IMG\center_2025_12_05_11_49_34_626.jpg,E:\IMG\left_2025_12_05_11_49_34_626.jpg,E:\IMG\right_2025_12_05_11_49_34_626.jpg,-0.6500001,1,0,19.69348
E:\IMG\center_2025_12_05_11_49_34_704.jpg,E:\IMG\left_2025_12_05_11_49_34_704.jpg,E:\IMG\right_2025_12_05_11_49_34_704.jpg,-0.8500001,1,0,19.89598
E:\IMG\center_2025_12_05_11_49_34_782.jpg,E:\IMG\left_2025_12_05_11_49_34_782.jpg,E:\IMG\right_2025_12_05_11_49_34_782.jpg,0,1,0,20.14891
E:\IMG\center_2025_12_05_11_49_34_850.jpg,E:\IMG\left_2025_12_05_11_49_34_850.jpg,E:\IMG\right_2025_12_05_11_49_34_850.jpg,0,0.8357605,0,20.58608
E:\IMG\center_2025_12_05_11_49_34_925.jpg,E:\IMG\left_2025_12_05_11_49_34_925.jpg,E:\IMG\right_2025_12_05_11_49_34_925.jpg,0,0.6447139,0,20.58611
E:\IMG\center_2025_12_05_11_49_35_005.jpg,E:\IMG\left_2025_12_05_11_49_35_005.jpg,E:\IMG\right_2025_12_05_11_49_35_005.jpg,-0.1,0.4101406,0,20.57069
E:\IMG\center_2025_12_05_11_49_35_084.jpg,E:\IMG\left_2025_12_05_11_49_35_084.jpg,E:\IMG\right_2025_12_05_11_49_35_084.jpg,0,0.1697944,0,20.17654
E:\IMG\center_2025_12_05_11_49_35_161.jpg,E:\IMG\left_2025_12_05_11_49_35_161.jpg,E:\IMG\right_2025_12_05_11_49_35_161.jpg,0,0,0,19.57303
E:\IMG\center_2025_12_05_11_49_35_228.jpg,E:\IMG\left_2025_12_05_11_49_35_228.jpg,E:\IMG\right_2025_12_05_11_49_35_228.jpg,0,0,0,18.89409
E:\IMG\center_2025_12_05_11_49_35_296.jpg,E:\IMG\left_2025_12_05_11_49_35_296.jpg,E:\IMG\right_2025_12_05_11_49_35_296.jpg,0,0,0,18.28758
E:\IMG\center_2025_12_05_11_49_35_364.jpg,E:\IMG\left_2025_12_05_11_49_35_364.jpg,E:\IMG\right_2025_12_05_11_49_35_364.jpg,0,0,0,18.03407
E:\IMG\center_2025_12_05_11_49_35_443.jpg,E:\IMG\left_2025_12_05_11_49_35_443.jpg,E:\IMG\right_2025_12_05_11_49_35_443.jpg,0,0.0774948,0,17.34438
E:\IMG\center_2025_12_05_11_49_35_510.jpg,E:\IMG\left_2025_12_05_11_49_35_510.jpg,E:\IMG\right_2025_12_05_11_49_35_510.jpg,0.2,0.3174879,0,16.62635
E:\IMG\center_2025_12_05_11_49_35_576.jpg,E:\IMG\left_2025_12_05_11_49_35_576.jpg,E:\IMG\right_2025_12_05_11_49_35_576.jpg,0.35,0.1174305,0,16.18633
E:\IMG\center_2025_12_05_11_49_35_656.jpg,E:\IMG\left_2025_12_05_11_49_35_656.jpg,E:\IMG\right_2025_12_05_11_49_35_656.jpg,0.5500001,0,0,15.51186
E:\IMG\center_2025_12_05_11_49_35_723.jpg,E:\IMG\left_2025_12_05_11_49_35_723.jpg,E:\IMG\right_2025_12_05_11_49_35_723.jpg,0.7,0,0,15.10055
E:\IMG\center_2025_12_05_11_49_35_804.jpg,E:\IMG\left_2025_12_05_11_49_35_804.jpg,E:\IMG\right_2025_12_05_11_49_35_804.jpg,0.9000002,0,0,14.23322
E:\IMG\center_2025_12_05_11_49_35_882.jpg,E:\IMG\left_2025_12_05_11_49_35_882.jpg,E:\IMG\right_2025_12_05_11_49_35_882.jpg,1,0,0,13.3142
E:\IMG\center_2025_12_05_11_49_35_962.jpg,E:\IMG\left_2025_12_05_11_49_35_962.jpg,E:\IMG\right_2025_12_05_11_49_35_962.jpg,0,0,0,12.58759
E:\IMG\center_2025_12_05_11_49_36_040.jpg,E:\IMG\left_2025_12_05_11_49_36_040.jpg,E:\IMG\right_2025_12_05_11_49_36_040.jpg,0,0,0,12.20161
E:\IMG\center_2025_12_05_11_49_36_107.jpg,E:\IMG\left_2025_12_05_11_49_36_107.jpg,E:\IMG\right_2025_12_05_11_49_36_107.jpg,0.15,0,0,11.95154
E:\IMG\center_2025_12_05_11_49_36_177.jpg,E:\IMG\left_2025_12_05_11_49_36_177.jpg,E:\IMG\right_2025_12_05_11_49_36_177.jpg,0.35,0,0,11.51545
E:\IMG\center_2025_12_05_11_49_36_248.jpg,E:\IMG\left_2025_12_05_11_49_36_248.jpg,E:\IMG\right_2025_12_05_11_49_36_248.jpg,0.5000001,0,0,11.21993
E:\IMG\center_2025_12_05_11_49_36_323.jpg,E:\IMG\left_2025_12_05_11_49_36_323.jpg,E:\IMG\right_2025_12_05_11_49_36_323.jpg,0.7,0,0,10.83445
E:\IMG\center_2025_12_05_11_49_36_400.jpg,E:\IMG\left_2025_12_05_11_49_36_400.jpg,E:\IMG\right_2025_12_05_11_49_36_400.jpg,0.9000002,0.2276574,0,10.45879
E:\IMG\center_2025_12_05_11_49_36_476.jpg,E:\IMG\left_2025_12_05_11_49_36_476.jpg,E:\IMG\right_2025_12_05_11_49_36_476.jpg,1,0.4576557,0,10.39854
E:\IMG\center_2025_12_05_11_49_36_554.jpg,E:\IMG\left_2025_12_05_11_49_36_554.jpg,E:\IMG\right_2025_12_05_11_49_36_554.jpg,1,0.6917943,0,10.65447
E:\IMG\center_2025_12_05_11_49_36_632.jpg,E:\IMG\left_2025_12_05_11_49_36_632.jpg,E:\IMG\right_2025_12_05_11_49_36_632.jpg,1,0.9249609,0,11.15868
E:\IMG\center_2025_12_05_11_49_36_699.jpg,E:\IMG\left_2025_12_05_11_49_36_699.jpg,E:\IMG\right_2025_12_05_11_49_36_699.jpg,0,1,0,11.70953
E:\IMG\center_2025_12_05_11_49_36_778.jpg,E:\IMG\left_2025_12_05_11_49_36_778.jpg,E:\IMG\right_2025_12_05_11_49_36_778.jpg,0,1,0,12.33935
E:\IMG\center_2025_12_05_11_49_36_860.jpg,E:\IMG\left_2025_12_05_11_49_36_860.jpg,E:\IMG\right_2025_12_05_11_49_36_860.jpg,0,1,0,12.9794
E:\IMG\center_2025_12_05_11_49_36_937.jpg,E:\IMG\left_2025_12_05_11_49_36_937.jpg,E:\IMG\right_2025_12_05_11_49_36_937.jpg,0.2,1,0,13.49041
E:\IMG\center_2025_12_05_11_49_37_004.jpg,E:\IMG\left_2025_12_05_11_49_37_004.jpg,E:\IMG\right_2025_12_05_11_49_37_004.jpg,0.35,1,0,14.13591
E:\IMG\center_2025_12_05_11_49_37_084.jpg,E:\IMG\left_2025_12_05_11_49_37_084.jpg,E:\IMG\right_2025_12_05_11_49_37_084.jpg,0.5500001,1,0,14.78076
E:\IMG\center_2025_12_05_11_49_37_152.jpg,E:\IMG\left_2025_12_05_11_49_37_152.jpg,E:\IMG\right_2025_12_05_11_49_37_152.jpg,0.7500002,1,0,15.35726
E:\IMG\center_2025_12_05_11_49_37_222.jpg,E:\IMG\left_2025_12_05_11_49_37_222.jpg,E:\IMG\right_2025_12_05_11_49_37_222.jpg,0.9000002,1,0,15.26682
E:\IMG\center_2025_12_05_11_49_37_290.jpg,E:\IMG\left_2025_12_05_11_49_37_290.jpg,E:\IMG\right_2025_12_05_11_49_37_290.jpg,1,1,0,15.87108
E:\IMG\center_2025_12_05_11_49_37_363.jpg,E:\IMG\left_2025_12_05_11_49_37_363.jpg,E:\IMG\right_2025_12_05_11_49_37_363.jpg,1,1,0,16.42408
E:\IMG\center_2025_12_05_11_49_37_431.jpg,E:\IMG\left_2025_12_05_11_49_37_431.jpg,E:\IMG\right_2025_12_05_11_49_37_431.jpg,1,1,0,16.98659
E:\IMG\center_2025_12_05_11_49_37_503.jpg,E:\IMG\left_2025_12_05_11_49_37_503.jpg,E:\IMG\right_2025_12_05_11_49_37_503.jpg,1,1,0,17.31285
E:\IMG\center_2025_12_05_11_49_37_577.jpg,E:\IMG\left_2025_12_05_11_49_37_577.jpg,E:\IMG\right_2025_12_05_11_49_37_577.jpg,0,1,0,17.83413
E:\IMG\center_2025_12_05_11_49_37_653.jpg,E:\IMG\left_2025_12_05_11_49_37_653.jpg,E:\IMG\right_2025_12_05_11_49_37_653.jpg,0,0.7714945,0,17.8676
E:\IMG\center_2025_12_05_11_49_37_728.jpg,E:\IMG\left_2025_12_05_11_49_37_728.jpg,E:\IMG\right_2025_12_05_11_49_37_728.jpg,0,0.5933395,0,18.11073
E:\IMG\center_2025_12_05_11_49_37_803.jpg,E:\IMG\left_2025_12_05_11_49_37_803.jpg,E:\IMG\right_2025_12_05_11_49_37_803.jpg,0,0.3210172,0,18.03424
E:\IMG\center_2025_12_05_11_49_37_880.jpg,E:\IMG\left_2025_12_05_11_49_37_880.jpg,E:\IMG\right_2025_12_05_11_49_37_880.jpg,0.15,0.5537086,0,17.93588
E:\IMG\center_2025_12_05_11_49_37_954.jpg,E:\IMG\left_2025_12_05_11_49_37_954.jpg,E:\IMG\right_2025_12_05_11_49_37_954.jpg,0.35,0.7756138,0,17.89363
E:\IMG\center_2025_12_05_11_49_38_031.jpg,E:\IMG\left_2025_12_05_11_49_38_031.jpg,E:\IMG\right_2025_12_05_11_49_38_031.jpg,0.5500001,1,0,18.24853
E:\IMG\center_2025_12_05_11_49_38_107.jpg,E:\IMG\left_2025_12_05_11_49_38_107.jpg,E:\IMG\right_2025_12_05_11_49_38_107.jpg,0.7,1,0,18.51519
E:\IMG\center_2025_12_05_11_49_38_183.jpg,E:\IMG\left_2025_12_05_11_49_38_183.jpg,E:\IMG\right_2025_12_05_11_49_38_183.jpg,0.9000002,1,0,18.78909
E:\IMG\center_2025_12_05_11_49_38_259.jpg,E:\IMG\left_2025_12_05_11_49_38_259.jpg,E:\IMG\right_2025_12_05_11_49_38_259.jpg,0,0.9523138,0,18.84078
E:\IMG\center_2025_12_05_11_49_38_334.jpg,E:\IMG\left_2025_12_05_11_49_38_334.jpg,E:\IMG\right_2025_12_05_11_49_38_334.jpg,0,0.7262092,0,19.07926
E:\IMG\center_2025_12_05_11_49_38_410.jpg,E:\IMG\left_2025_12_05_11_49_38_410.jpg,E:\IMG\right_2025_12_05_11_49_38_410.jpg,0,0.5012584,0,19.11156
E:\IMG\center_2025_12_05_11_49_38_483.jpg,E:\IMG\left_2025_12_05_11_49_38_483.jpg,E:\IMG\right_2025_12_05_11_49_38_483.jpg,0.05,0.2798881,0,18.92783
E:\IMG\center_2025_12_05_11_49_38_555.jpg,E:\IMG\left_2025_12_05_11_49_38_555.jpg,E:\IMG\right_2025_12_05_11_49_38_555.jpg,0.25,0.06703301,0,18.41889
E:\IMG\center_2025_12_05_11_49_38_625.jpg,E:\IMG\left_2025_12_05_11_49_38_625.jpg,E:\IMG\right_2025_12_05_11_49_38_625.jpg,0.4,0,0,18.01269
E:\IMG\center_2025_12_05_11_49_38_696.jpg,E:\IMG\left_2025_12_05_11_49_38_696.jpg,E:\IMG\right_2025_12_05_11_49_38_696.jpg,0.6000001,0,0,17.38313
E:\IMG\center_2025_12_05_11_49_38_765.jpg,E:\IMG\left_2025_12_05_11_49_38_765.jpg,E:\IMG\right_2025_12_05_11_49_38_765.jpg,0,0,0,17.02556
E:\IMG\center_2025_12_05_11_49_38_834.jpg,E:\IMG\left_2025_12_05_11_49_38_834.jpg,E:\IMG\right_2025_12_05_11_49_38_834.jpg,0,0.1234434,0,16.33108
E:\IMG\center_2025_12_05_11_49_38_915.jpg,E:\IMG\left_2025_12_05_11_49_38_915.jpg,E:\IMG\right_2025_12_05_11_49_38_915.jpg,0,0.3680592,0,15.96994
E:\IMG\center_2025_12_05_11_49_38_996.jpg,E:\IMG\left_2025_12_05_11_49_38_996.jpg,E:\IMG\right_2025_12_05_11_49_38_996.jpg,0,0.6088056,0,16.09906
E:\IMG\center_2025_12_05_11_49_39_076.jpg,E:\IMG\left_2025_12_05_11_49_39_076.jpg,E:\IMG\right_2025_12_05_11_49_39_076.jpg,0,0.8490234,0,16.40558
E:\IMG\center_2025_12_05_11_49_39_159.jpg,E:\IMG\left_2025_12_05_11_49_39_159.jpg,E:\IMG\right_2025_12_05_11_49_39_159.jpg,0.1,1,0,16.56093
E:\IMG\center_2025_12_05_11_49_39_225.jpg,E:\IMG\left_2025_12_05_11_49_39_225.jpg,E:\IMG\right_2025_12_05_11_49_39_225.jpg,0.25,1,0,16.73402
E:\IMG\center_2025_12_05_11_49_39_301.jpg,E:\IMG\left_2025_12_05_11_49_39_301.jpg,E:\IMG\right_2025_12_05_11_49_39_301.jpg,0.45,0.8068954,0,17.20374
E:\IMG\center_2025_12_05_11_49_39_380.jpg,E:\IMG\left_2025_12_05_11_49_39_380.jpg,E:\IMG\right_2025_12_05_11_49_39_380.jpg,0.6500001,0.5363386,0,17.15896
E:\IMG\center_2025_12_05_11_49_39_457.jpg,E:\IMG\left_2025_12_05_11_49_39_457.jpg,E:\IMG\right_2025_12_05_11_49_39_457.jpg,0,0.3060437,0,16.96732
E:\IMG\center_2025_12_05_11_49_39_534.jpg,E:\IMG\left_2025_12_05_11_49_39_534.jpg,E:\IMG\right_2025_12_05_11_49_39_534.jpg,0,0.07142865,0,16.6563
E:\IMG\center_2025_12_05_11_49_39_610.jpg,E:\IMG\left_2025_12_05_11_49_39_610.jpg,E:\IMG\right_2025_12_05_11_49_39_610.jpg,0.05,0,0,16.1078
E:\IMG\center_2025_12_05_11_49_39_684.jpg,E:\IMG\left_2025_12_05_11_49_39_684.jpg,E:\IMG\right_2025_12_05_11_49_39_684.jpg,0.2,0,0,16.11606
E:\IMG\center_2025_12_05_11_49_39_758.jpg,E:\IMG\left_2025_12_05_11_49_39_758.jpg,E:\IMG\right_2025_12_05_11_49_39_758.jpg,0.4,0,0,15.68451
E:\IMG\center_2025_12_05_11_49_39_831.jpg,E:\IMG\left_2025_12_05_11_49_39_831.jpg,E:\IMG\right_2025_12_05_11_49_39_831.jpg,0.6000001,0.1819668,0,15.16407
E:\IMG\center_2025_12_05_11_49_39_905.jpg,E:\IMG\left_2025_12_05_11_49_39_905.jpg,E:\IMG\right_2025_12_05_11_49_39_905.jpg,0.7500002,0.3650814,0,14.85788
E:\IMG\center_2025_12_05_11_49_39_976.jpg,E:\IMG\left_2025_12_05_11_49_39_976.jpg,E:\IMG\right_2025_12_05_11_49_39_976.jpg,0.9500002,0.6174794,0,14.74864
E:\IMG\center_2025_12_05_11_49_40_048.jpg,E:\IMG\left_2025_12_05_11_49_40_048.jpg,E:\IMG\right_2025_12_05_11_49_40_048.jpg,1,0.7999052,0,15.09831
E:\IMG\center_2025_12_05_11_49_40_118.jpg,E:\IMG\left_2025_12_05_11_49_40_118.jpg,E:\IMG\right_2025_12_05_11_49_40_118.jpg,0,0.9634534,0,15.48549
E:\IMG\center_2025_12_05_11_49_40_187.jpg,E:\IMG\left_2025_12_05_11_49_40_187.jpg,E:\IMG\right_2025_12_05_11_49_40_187.jpg,0,0.786001,0,15.71957
E:\IMG\center_2025_12_05_11_49_40_257.jpg,E:\IMG\left_2025_12_05_11_49_40_257.jpg,E:\IMG\right_2025_12_05_11_49_40_257.jpg,0,0.5478787,0,15.92042
E:\IMG\center_2025_12_05_11_49_40_325.jpg,E:\IMG\left_2025_12_05_11_49_40_325.jpg,E:\IMG\right_2025_12_05_11_49_40_325.jpg,0,0.3695134,0,16.26328
E:\IMG\center_2025_12_05_11_49_40_394.jpg,E:\IMG\left_2025_12_05_11_49_40_394.jpg,E:\IMG\right_2025_12_05_11_49_40_394.jpg,0.05,0.135925,0,16.2858
E:\IMG\center_2025_12_05_11_49_40_461.jpg,E:\IMG\left_2025_12_05_11_49_40_461.jpg,E:\IMG\right_2025_12_05_11_49_40_461.jpg,0.2,0.1697113,0,16.03172
E:\IMG\center_2025_12_05_11_49_40_539.jpg,E:\IMG\left_2025_12_05_11_49_40_539.jpg,E:\IMG\right_2025_12_05_11_49_40_539.jpg,0.4,0.4401352,0,16.1417
E:\IMG\center_2025_12_05_11_49_40_618.jpg,E:\IMG\left_2025_12_05_11_49_40_618.jpg,E:\IMG\right_2025_12_05_11_49_40_618.jpg,0.6000001,0.6744748,0,16.35042
E:\IMG\center_2025_12_05_11_49_40_687.jpg,E:\IMG\left_2025_12_05_11_49_40_687.jpg,E:\IMG\right_2025_12_05_11_49_40_687.jpg,0.7500002,0.8437634,0,16.76434
E:\IMG\center_2025_12_05_11_49_40_755.jpg,E:\IMG\left_2025_12_05_11_49_40_755.jpg,E:\IMG\right_2025_12_05_11_49_40_755.jpg,0.9500002,1,0,17.30227
E:\IMG\center_2025_12_05_11_49_40_825.jpg,E:\IMG\left_2025_12_05_11_49_40_825.jpg,E:\IMG\right_2025_12_05_11_49_40_825.jpg,1,1,0,17.44393
E:\IMG\center_2025_12_05_11_49_40_896.jpg,E:\IMG\left_2025_12_05_11_49_40_896.jpg,E:\IMG\right_2025_12_05_11_49_40_896.jpg,0,0.9609484,0,18.32726
E:\IMG\center_2025_12_05_11_49_40_965.jpg,E:\IMG\left_2025_12_05_11_49_40_965.jpg,E:\IMG\right_2025_12_05_11_49_40_965.jpg,0,0.7867645,0,18.79683
E:\IMG\center_2025_12_05_11_49_41_036.jpg,E:\IMG\left_2025_12_05_11_49_41_036.jpg,E:\IMG\right_2025_12_05_11_49_41_036.jpg,0,0.540007,0,19.26659
E:\IMG\center_2025_12_05_11_49_41_108.jpg,E:\IMG\left_2025_12_05_11_49_41_108.jpg,E:\IMG\right_2025_12_05_11_49_41_108.jpg,0,0.3608053,0,19.30953
E:\IMG\center_2025_12_05_11_49_41_180.jpg,E:\IMG\left_2025_12_05_11_49_41_180.jpg,E:\IMG\right_2025_12_05_11_49_41_180.jpg,0.15,0.1083664,0,19.3634
E:\IMG\center_2025_12_05_11_49_41_253.jpg,E:\IMG\left_2025_12_05_11_49_41_253.jpg,E:\IMG\right_2025_12_05_11_49_41_253.jpg,0.35,0.191929,0,19.2461
E:\IMG\center_2025_12_05_11_49_41_323.jpg,E:\IMG\left_2025_12_05_11_49_41_323.jpg,E:\IMG\right_2025_12_05_11_49_41_323.jpg,0.5000001,0.3664309,0,19.51677
E:\IMG\center_2025_12_05_11_49_41_400.jpg,E:\IMG\left_2025_12_05_11_49_41_400.jpg,E:\IMG\right_2025_12_05_11_49_41_400.jpg,0.7,0.6308758,0,19.67233
E:\IMG\center_2025_12_05_11_49_41_469.jpg,E:\IMG\left_2025_12_05_11_49_41_469.jpg,E:\IMG\right_2025_12_05_11_49_41_469.jpg,0.8500001,0.7927324,0,19.76375
E:\IMG\center_2025_12_05_11_49_41_536.jpg,E:\IMG\left_2025_12_05_11_49_41_536.jpg,E:\IMG\right_2025_12_05_11_49_41_536.jpg,1,0.5455987,0,19.98283
E:\IMG\center_2025_12_05_11_49_41_609.jpg,E:\IMG\left_2025_12_05_11_49_41_609.jpg,E:\IMG\right_2025_12_05_11_49_41_609.jpg,1,0.3245611,0,20.04596
E:\IMG\center_2025_12_05_11_49_41_689.jpg,E:\IMG\left_2025_12_05_11_49_41_689.jpg,E:\IMG\right_2025_12_05_11_49_41_689.jpg,1,0.1294804,0,20.20595
E:\IMG\center_2025_12_05_11_49_41_768.jpg,E:\IMG\left_2025_12_05_11_49_41_768.jpg,E:\IMG\right_2025_12_05_11_49_41_768.jpg,0,0,0,19.93429
E:\IMG\center_2025_12_05_11_49_41_844.jpg,E:\IMG\left_2025_12_05_11_49_41_844.jpg,E:\IMG\right_2025_12_05_11_49_41_844.jpg,0,0.0458985,0,19.6743
E:\IMG\center_2025_12_05_11_49_41_919.jpg,E:\IMG\left_2025_12_05_11_49_41_919.jpg,E:\IMG\right_2025_12_05_11_49_41_919.jpg,0,0.2714679,0,19.61601
E:\IMG\center_2025_12_05_11_49_42_000.jpg,E:\IMG\left_2025_12_05_11_49_42_000.jpg,E:\IMG\right_2025_12_05_11_49_42_000.jpg,0,0.5131938,0,19.82313
E:\IMG\center_2025_12_05_11_49_42_075.jpg,E:\IMG\left_2025_12_05_11_49_42_075.jpg,E:\IMG\right_2025_12_05_11_49_42_075.jpg,0,0.7376829,0,20.25485
E:\IMG\center_2025_12_05_11_49_42_154.jpg,E:\IMG\left_2025_12_05_11_49_42_154.jpg,E:\IMG\right_2025_12_05_11_49_42_154.jpg,0,0.9752064,0,20.89402
E:\IMG\center_2025_12_05_11_49_42_234.jpg,E:\IMG\left_2025_12_05_11_49_42_234.jpg,E:\IMG\right_2025_12_05_11_49_42_234.jpg,0,1,0,21.67261
E:\IMG\center_2025_12_05_11_49_42_311.jpg,E:\IMG\left_2025_12_05_11_49_42_311.jpg,E:\IMG\right_2025_12_05_11_49_42_311.jpg,0.1,1,0,22.44934
E:\IMG\center_2025_12_05_11_49_42_394.jpg,E:\IMG\left_2025_12_05_11_49_42_394.jpg,E:\IMG\right_2025_12_05_11_49_42_394.jpg,0.3,1,0,23.18298
E:\IMG\center_2025_12_05_11_49_42_476.jpg,E:\IMG\left_2025_12_05_11_49_42_476.jpg,E:\IMG\right_2025_12_05_11_49_42_476.jpg,0.5000001,0.9503815,0,23.8443
E:\IMG\center_2025_12_05_11_49_42_560.jpg,E:\IMG\left_2025_12_05_11_49_42_560.jpg,E:\IMG\right_2025_12_05_11_49_42_560.jpg,0.7,0.7014679,0,24.26828
E:\IMG\center_2025_12_05_11_49_42_627.jpg,E:\IMG\left_2025_12_05_11_49_42_627.jpg,E:\IMG\right_2025_12_05_11_49_42_627.jpg,0,0.5494102,0,24.53238
E:\IMG\center_2025_12_05_11_49_42_710.jpg,E:\IMG\left_2025_12_05_11_49_42_710.jpg,E:\IMG\right_2025_12_05_11_49_42_710.jpg,0,0.2509096,0,24.72311
E:\IMG\center_2025_12_05_11_49_42_790.jpg,E:\IMG\left_2025_12_05_11_49_42_790.jpg,E:\IMG\right_2025_12_05_11_49_42_790.jpg,0.15,0.009331007,0,24.6364
E:\IMG\center_2025_12_05_11_49_42_871.jpg,E:\IMG\left_2025_12_05_11_49_42_871.jpg,E:\IMG\right_2025_12_05_11_49_42_871.jpg,0.35,0,0,24.39183
E:\IMG\center_2025_12_05_11_49_42_953.jpg,E:\IMG\left_2025_12_05_11_49_42_953.jpg,E:\IMG\right_2025_12_05_11_49_42_953.jpg,0.5500001,0,0,24.06991
E:\IMG\center_2025_12_05_11_49_43_033.jpg,E:\IMG\left_2025_12_05_11_49_43_033.jpg,E:\IMG\right_2025_12_05_11_49_43_033.jpg,0.7500002,0,0,23.67229
E:\IMG\center_2025_12_05_11_49_43_117.jpg,E:\IMG\left_2025_12_05_11_49_43_117.jpg,E:\IMG\right_2025_12_05_11_49_43_117.jpg,0.9500002,0,0,23.20678
E:\IMG\center_2025_12_05_11_49_43_187.jpg,E:\IMG\left_2025_12_05_11_49_43_187.jpg,E:\IMG\right_2025_12_05_11_49_43_187.jpg,1,0,0,22.85234
E:\IMG\center_2025_12_05_11_49_43_260.jpg,E:\IMG\left_2025_12_05_11_49_43_260.jpg,E:\IMG\right_2025_12_05_11_49_43_260.jpg,1,0,0,22.48282
E:\IMG\center_2025_12_05_11_49_43_334.jpg,E:\IMG\left_2025_12_05_11_49_43_334.jpg,E:\IMG\right_2025_12_05_11_49_43_334.jpg,1,0,0,22.18552
E:\IMG\center_2025_12_05_11_49_43_413.jpg,E:\IMG\left_2025_12_05_11_49_43_413.jpg,E:\IMG\right_2025_12_05_11_49_43_413.jpg,0,0,0,21.85044
E:\IMG\center_2025_12_05_11_49_43_491.jpg,E:\IMG\left_2025_12_05_11_49_43_491.jpg,E:\IMG\right_2025_12_05_11_49_43_491.jpg,0,0,0,21.53514
E:\IMG\center_2025_12_05_11_49_43_574.jpg,E:\IMG\left_2025_12_05_11_49_43_574.jpg,E:\IMG\right_2025_12_05_11_49_43_574.jpg,0,0,0,21.27592
E:\IMG\center_2025_12_05_11_49_43_654.jpg,E:\IMG\left_2025_12_05_11_49_43_654.jpg,E:\IMG\right_2025_12_05_11_49_43_654.jpg,-0.15,0,0,21.05776
E:\IMG\center_2025_12_05_11_49_43_730.jpg,E:\IMG\left_2025_12_05_11_49_43_730.jpg,E:\IMG\right_2025_12_05_11_49_43_730.jpg,-0.35,0,0,20.79779
E:\IMG\center_2025_12_05_11_49_43_808.jpg,E:\IMG\left_2025_12_05_11_49_43_808.jpg,E:\IMG\right_2025_12_05_11_49_43_808.jpg,0,0,0,20.82343
E:\IMG\center_2025_12_05_11_49_43_884.jpg,E:\IMG\left_2025_12_05_11_49_43_884.jpg,E:\IMG\right_2025_12_05_11_49_43_884.jpg,0,0,0,20.67222
E:\IMG\center_2025_12_05_11_49_43_959.jpg,E:\IMG\left_2025_12_05_11_49_43_959.jpg,E:\IMG\right_2025_12_05_11_49_43_959.jpg,0,0.2263263,0,20.6352
E:\IMG\center_2025_12_05_11_49_44_031.jpg,E:\IMG\left_2025_12_05_11_49_44_031.jpg,E:\IMG\right_2025_12_05_11_49_44_031.jpg,0,0.4423827,0,20.783
E:\IMG\center_2025_12_05_11_49_44_104.jpg,E:\IMG\left_2025_12_05_11_49_44_104.jpg,E:\IMG\right_2025_12_05_11_49_44_104.jpg,0,0.6590733,0,20.8556
E:\IMG\center_2025_12_05_11_49_44_176.jpg,E:\IMG\left_2025_12_05_11_49_44_176.jpg,E:\IMG\right_2025_12_05_11_49_44_176.jpg,-0.15,0.8757477,0,21.46278
E:\IMG\center_2025_12_05_11_49_44_251.jpg,E:\IMG\left_2025_12_05_11_49_44_251.jpg,E:\IMG\right_2025_12_05_11_49_44_251.jpg,-0.35,0.9427564,0,22.19439
E:\IMG\center_2025_12_05_11_49_44_326.jpg,E:\IMG\left_2025_12_05_11_49_44_326.jpg,E:\IMG\right_2025_12_05_11_49_44_326.jpg,0,0.7189816,0,22.70029
E:\IMG\center_2025_12_05_11_49_44_407.jpg,E:\IMG\left_2025_12_05_11_49_44_407.jpg,E:\IMG\right_2025_12_05_11_49_44_407.jpg,0,0.4760957,0,23.09188
E:\IMG\center_2025_12_05_11_49_44_481.jpg,E:\IMG\left_2025_12_05_11_49_44_481.jpg,E:\IMG\right_2025_12_05_11_49_44_481.jpg,0,0.2504195,0,23.25777
E:\IMG\center_2025_12_05_11_49_44_555.jpg,E:\IMG\left_2025_12_05_11_49_44_555.jpg,E:\IMG\right_2025_12_05_11_49_44_555.jpg,0,0.0288332,0,23.20429
E:\IMG\center_2025_12_05_11_49_44_630.jpg,E:\IMG\left_2025_12_05_11_49_44_630.jpg,E:\IMG\right_2025_12_05_11_49_44_630.jpg,-0.1,0,0,23.01245
E:\IMG\center_2025_12_05_11_49_44_706.jpg,E:\IMG\left_2025_12_05_11_49_44_706.jpg,E:\IMG\right_2025_12_05_11_49_44_706.jpg,-0.25,0,0,22.84105
E:\IMG\center_2025_12_05_11_49_44_779.jpg,E:\IMG\left_2025_12_05_11_49_44_779.jpg,E:\IMG\right_2025_12_05_11_49_44_779.jpg,0,0,0,22.63502
E:\IMG\center_2025_12_05_11_49_44_850.jpg,E:\IMG\left_2025_12_05_11_49_44_850.jpg,E:\IMG\right_2025_12_05_11_49_44_850.jpg,0,0,0,22.45227
E:\IMG\center_2025_12_05_11_49_44_921.jpg,E:\IMG\left_2025_12_05_11_49_44_921.jpg,E:\IMG\right_2025_12_05_11_49_44_921.jpg,0,0.1624779,0,22.37021
E:\IMG\center_2025_12_05_11_49_44_993.jpg,E:\IMG\left_2025_12_05_11_49_44_993.jpg,E:\IMG\right_2025_12_05_11_49_44_993.jpg,0,0.38004,0,22.45052
E:\IMG\center_2025_12_05_11_49_45_065.jpg,E:\IMG\left_2025_12_05_11_49_45_065.jpg,E:\IMG\right_2025_12_05_11_49_45_065.jpg,0,0.5948802,0,22.67304
E:\IMG\center_2025_12_05_11_49_45_135.jpg,E:\IMG\left_2025_12_05_11_49_45_135.jpg,E:\IMG\right_2025_12_05_11_49_45_135.jpg,0,0.8060508,0,23.16239
E:\IMG\center_2025_12_05_11_49_45_207.jpg,E:\IMG\left_2025_12_05_11_49_45_207.jpg,E:\IMG\right_2025_12_05_11_49_45_207.jpg,0,1,0,23.65818
E:\IMG\center_2025_12_05_11_49_45_281.jpg,E:\IMG\left_2025_12_05_11_49_45_281.jpg,E:\IMG\right_2025_12_05_11_49_45_281.jpg,0,1,0,24.44139
E:\IMG\center_2025_12_05_11_49_45_358.jpg,E:\IMG\left_2025_12_05_11_49_45_358.jpg,E:\IMG\right_2025_12_05_11_49_45_358.jpg,0,0.9426154,0,25.21364
E:\IMG\center_2025_12_05_11_49_45_431.jpg,E:\IMG\left_2025_12_05_11_49_45_431.jpg,E:\IMG\right_2025_12_05_11_49_45_431.jpg,0,0.7220491,0,25.82263
E:\IMG\center_2025_12_05_11_49_45_505.jpg,E:\IMG\left_2025_12_05_11_49_45_505.jpg,E:\IMG\right_2025_12_05_11_49_45_505.jpg,-0.15,0.5030209,0,26.12676
E:\IMG\center_2025_12_05_11_49_45_579.jpg,E:\IMG\left_2025_12_05_11_49_45_579.jpg,E:\IMG\right_2025_12_05_11_49_45_579.jpg,0,0.2799745,0,26.27626
E:\IMG\center_2025_12_05_11_49_45_650.jpg,E:\IMG\left_2025_12_05_11_49_45_650.jpg,E:\IMG\right_2025_12_05_11_49_45_650.jpg,0,0.06590682,0,26.24046
E:\IMG\center_2025_12_05_11_49_45_723.jpg,E:\IMG\left_2025_12_05_11_49_45_723.jpg,E:\IMG\right_2025_12_05_11_49_45_723.jpg,0,0,0,26.09006
E:\IMG\center_2025_12_05_11_49_45_797.jpg,E:\IMG\left_2025_12_05_11_49_45_797.jpg,E:\IMG\right_2025_12_05_11_49_45_797.jpg,0,0.1122327,0,25.89965
E:\IMG\center_2025_12_05_11_49_45_871.jpg,E:\IMG\left_2025_12_05_11_49_45_871.jpg,E:\IMG\right_2025_12_05_11_49_45_871.jpg,0,0.332268,0,25.89919
E:\IMG\center_2025_12_05_11_49_45_943.jpg,E:\IMG\left_2025_12_05_11_49_45_943.jpg,E:\IMG\right_2025_12_05_11_49_45_943.jpg,0,0.5485956,0,26.06668
E:\IMG\center_2025_12_05_11_49_46_015.jpg,E:\IMG\left_2025_12_05_11_49_46_015.jpg,E:\IMG\right_2025_12_05_11_49_46_015.jpg,0,0.4388814,0,26.38883
E:\IMG\center_2025_12_05_11_49_46_088.jpg,E:\IMG\left_2025_12_05_11_49_46_088.jpg,E:\IMG\right_2025_12_05_11_49_46_088.jpg,0,0.2733939,0,26.49437
E:\IMG\center_2025_12_05_11_49_46_157.jpg,E:\IMG\left_2025_12_05_11_49_46_157.jpg,E:\IMG\right_2025_12_05_11_49_46_157.jpg,0,0.0127959,0,26.40932
E:\IMG\center_2025_12_05_11_49_46_229.jpg,E:\IMG\left_2025_12_05_11_49_46_229.jpg,E:\IMG\right_2025_12_05_11_49_46_229.jpg,0,0,0,26.2506
E:\IMG\center_2025_12_05_11_49_46_299.jpg,E:\IMG\left_2025_12_05_11_49_46_299.jpg,E:\IMG\right_2025_12_05_11_49_46_299.jpg,0,0,0,26.03946
E:\IMG\center_2025_12_05_11_49_46_368.jpg,E:\IMG\left_2025_12_05_11_49_46_368.jpg,E:\IMG\right_2025_12_05_11_49_46_368.jpg,0,0,0,25.88226
E:\IMG\center_2025_12_05_11_49_46_440.jpg,E:\IMG\left_2025_12_05_11_49_46_440.jpg,E:\IMG\right_2025_12_05_11_49_46_440.jpg,0,0,0,25.67414
E:\IMG\center_2025_12_05_11_49_46_510.jpg,E:\IMG\left_2025_12_05_11_49_46_510.jpg,E:\IMG\right_2025_12_05_11_49_46_510.jpg,0,0,0.1081989,24.97571
E:\IMG\center_2025_12_05_11_49_46_584.jpg,E:\IMG\left_2025_12_05_11_49_46_584.jpg,E:\IMG\right_2025_12_05_11_49_46_584.jpg,0,0,0.3206007,23.94478
E:\IMG\center_2025_12_05_11_49_46_658.jpg,E:\IMG\left_2025_12_05_11_49_46_658.jpg,E:\IMG\right_2025_12_05_11_49_46_658.jpg,0,0,0.5436336,22.58347
E:\IMG\center_2025_12_05_11_49_46_730.jpg,E:\IMG\left_2025_12_05_11_49_46_730.jpg,E:\IMG\right_2025_12_05_11_49_46_730.jpg,0,0,0.4371962,21.23823
E:\IMG\center_2025_12_05_11_49_46_803.jpg,E:\IMG\left_2025_12_05_11_49_46_803.jpg,E:\IMG\right_2025_12_05_11_49_46_803.jpg,0,0,0.221276,20.23989
E:\IMG\center_2025_12_05_11_49_46_876.jpg,E:\IMG\left_2025_12_05_11_49_46_876.jpg,E:\IMG\right_2025_12_05_11_49_46_876.jpg,0,0,0.0001958236,18.92253
E:\IMG\center_2025_12_05_11_49_46_947.jpg,E:\IMG\left_2025_12_05_11_49_46_947.jpg,E:\IMG\right_2025_12_05_11_49_46_947.jpg,0,0,0,18.08632
E:\IMG\center_2025_12_05_11_49_47_017.jpg,E:\IMG\left_2025_12_05_11_49_47_017.jpg,E:\IMG\right_2025_12_05_11_49_47_017.jpg,0,0,0,17.9923
E:\IMG\center_2025_12_05_11_49_47_088.jpg,E:\IMG\left_2025_12_05_11_49_47_088.jpg,E:\IMG\right_2025_12_05_11_49_47_088.jpg,0,0,0,17.70863
E:\IMG\center_2025_12_05_11_49_47_160.jpg,E:\IMG\left_2025_12_05_11_49_47_160.jpg,E:\IMG\right_2025_12_05_11_49_47_160.jpg,0,0,0,17.56544
E:\IMG\center_2025_12_05_11_49_47_232.jpg,E:\IMG\left_2025_12_05_11_49_47_232.jpg,E:\IMG\right_2025_12_05_11_49_47_232.jpg,0,0.1106565,0,17.44366
E:\IMG\center_2025_12_05_11_49_47_301.jpg,E:\IMG\left_2025_12_05_11_49_47_301.jpg,E:\IMG\right_2025_12_05_11_49_47_301.jpg,0,0.3182244,0,17.66221
E:\IMG\center_2025_12_05_11_49_47_373.jpg,E:\IMG\left_2025_12_05_11_49_47_373.jpg,E:\IMG\right_2025_12_05_11_49_47_373.jpg,0,0.5314761,0,17.95412
E:\IMG\center_2025_12_05_11_49_47_445.jpg,E:\IMG\left_2025_12_05_11_49_47_445.jpg,E:\IMG\right_2025_12_05_11_49_47_445.jpg,0,0.3113371,0,17.96235
E:\IMG\center_2025_12_05_11_49_47_519.jpg,E:\IMG\left_2025_12_05_11_49_47_519.jpg,E:\IMG\right_2025_12_05_11_49_47_519.jpg,0,0.08965296,0,17.96841
E:\IMG\center_2025_12_05_11_49_47_593.jpg,E:\IMG\left_2025_12_05_11_49_47_593.jpg,E:\IMG\right_2025_12_05_11_49_47_593.jpg,0,0,0.1094637,17.88718
E:\IMG\center_2025_12_05_11_49_47_668.jpg,E:\IMG\left_2025_12_05_11_49_47_668.jpg,E:\IMG\right_2025_12_05_11_49_47_668.jpg,0,0,0.3275049,16.91678
E:\IMG\center_2025_12_05_11_49_47_739.jpg,E:\IMG\left_2025_12_05_11_49_47_739.jpg,E:\IMG\right_2025_12_05_11_49_47_739.jpg,0,0,0.5406452,15.63532
E:\IMG\center_2025_12_05_11_49_47_806.jpg,E:\IMG\left_2025_12_05_11_49_47_806.jpg,E:\IMG\right_2025_12_05_11_49_47_806.jpg,0,0,0.697577,14.68384
E:\IMG\center_2025_12_05_11_49_47_876.jpg,E:\IMG\left_2025_12_05_11_49_47_876.jpg,E:\IMG\right_2025_12_05_11_49_47_876.jpg,0,0,0.7502201,13.42883
E:\IMG\center_2025_12_05_11_49_47_944.jpg,E:\IMG\left_2025_12_05_11_49_47_944.jpg,E:\IMG\right_2025_12_05_11_49_47_944.jpg,0,0,0.5479556,12.4972
E:\IMG\center_2025_12_05_11_49_48_025.jpg,E:\IMG\left_2025_12_05_11_49_48_025.jpg,E:\IMG\right_2025_12_05_11_49_48_025.jpg,0,0,0.3019667,11.26802
E:\IMG\center_2025_12_05_11_49_48_097.jpg,E:\IMG\left_2025_12_05_11_49_48_097.jpg,E:\IMG\right_2025_12_05_11_49_48_097.jpg,0,0,0.09155545,10.06886
E:\IMG\center_2025_12_05_11_49_48_163.jpg,E:\IMG\left_2025_12_05_11_49_48_163.jpg,E:\IMG\right_2025_12_05_11_49_48_163.jpg,0,0,0,9.348392
E:\IMG\center_2025_12_05_11_49_48_230.jpg,E:\IMG\left_2025_12_05_11_49_48_230.jpg,E:\IMG\right_2025_12_05_11_49_48_230.jpg,0,0,0,9.273566
E:\IMG\center_2025_12_05_11_49_48_301.jpg,E:\IMG\left_2025_12_05_11_49_48_301.jpg,E:\IMG\right_2025_12_05_11_49_48_301.jpg,0,0,0,9.217587
E:\IMG\center_2025_12_05_11_49_48_368.jpg,E:\IMG\left_2025_12_05_11_49_48_368.jpg,E:\IMG\right_2025_12_05_11_49_48_368.jpg,0,0,0,9.161951
E:\IMG\center_2025_12_05_11_49_48_441.jpg,E:\IMG\left_2025_12_05_11_49_48_441.jpg,E:\IMG\right_2025_12_05_11_49_48_441.jpg,0,0,0,9.088302
E:\IMG\center_2025_12_05_11_49_48_512.jpg,E:\IMG\left_2025_12_05_11_49_48_512.jpg,E:\IMG\right_2025_12_05_11_49_48_512.jpg,0,0,0.1570152,8.00561
E:\IMG\center_2025_12_05_11_49_48_582.jpg,E:\IMG\left_2025_12_05_11_49_48_582.jpg,E:\IMG\right_2025_12_05_11_49_48_582.jpg,0,0,0.3679839,7.119988
E:\IMG\center_2025_12_05_11_49_48_653.jpg,E:\IMG\left_2025_12_05_11_49_48_653.jpg,E:\IMG\right_2025_12_05_11_49_48_653.jpg,0,0,0.3657972,5.950679
E:\IMG\center_2025_12_05_11_49_48_721.jpg,E:\IMG\left_2025_12_05_11_49_48_721.jpg,E:\IMG\right_2025_12_05_11_49_48_721.jpg,0,0,0.1584411,5.082829
E:\IMG\center_2025_12_05_11_49_48_785.jpg,E:\IMG\left_2025_12_05_11_49_48_785.jpg,E:\IMG\right_2025_12_05_11_49_48_785.jpg,0,0,0.007259119,4.587149
E:\IMG\center_2025_12_05_11_49_48_853.jpg,E:\IMG\left_2025_12_05_11_49_48_853.jpg,E:\IMG\right_2025_12_05_11_49_48_853.jpg,0.15,0,0,4.546829
E:\IMG\center_2025_12_05_11_49_48_920.jpg,E:\IMG\left_2025_12_05_11_49_48_920.jpg,E:\IMG\right_2025_12_05_11_49_48_920.jpg,0.3,0,0,4.508929
E:\IMG\center_2025_12_05_11_49_48_988.jpg,E:\IMG\left_2025_12_05_11_49_48_988.jpg,E:\IMG\right_2025_12_05_11_49_48_988.jpg,0.45,0,0,4.465576
E:\IMG\center_2025_12_05_11_49_49_057.jpg,E:\IMG\left_2025_12_05_11_49_49_057.jpg,E:\IMG\right_2025_12_05_11_49_49_057.jpg,0.6500001,0,0,4.399799
E:\IMG\center_2025_12_05_11_49_49_139.jpg,E:\IMG\left_2025_12_05_11_49_49_139.jpg,E:\IMG\right_2025_12_05_11_49_49_139.jpg,0,0,0,4.298274
E:\IMG\center_2025_12_05_11_49_49_206.jpg,E:\IMG\left_2025_12_05_11_49_49_206.jpg,E:\IMG\right_2025_12_05_11_49_49_206.jpg,0,0,0,4.26567
E:\IMG\center_2025_12_05_11_49_49_289.jpg,E:\IMG\left_2025_12_05_11_49_49_289.jpg,E:\IMG\right_2025_12_05_11_49_49_289.jpg,0,0,0,4.222532
E:\IMG\center_2025_12_05_11_49_49_371.jpg,E:\IMG\left_2025_12_05_11_49_49_371.jpg,E:\IMG\right_2025_12_05_11_49_49_371.jpg,0,0,0,4.188593
E:\IMG\center_2025_12_05_11_49_49_439.jpg,E:\IMG\left_2025_12_05_11_49_49_439.jpg,E:\IMG\right_2025_12_05_11_49_49_439.jpg,0,0.0512016,0,4.173632
E:\IMG\center_2025_12_05_11_49_49_519.jpg,E:\IMG\left_2025_12_05_11_49_49_519.jpg,E:\IMG\right_2025_12_05_11_49_49_519.jpg,0,0.2900955,0,4.321316
E:\IMG\center_2025_12_05_11_49_49_597.jpg,E:\IMG\left_2025_12_05_11_49_49_597.jpg,E:\IMG\right_2025_12_05_11_49_49_597.jpg,0,0.5247654,0,4.695225
E:\IMG\center_2025_12_05_11_49_49_675.jpg,E:\IMG\left_2025_12_05_11_49_49_675.jpg,E:\IMG\right_2025_12_05_11_49_49_675.jpg,0,0.7606134,0,5.30238
E:\IMG\center_2025_12_05_11_49_49_754.jpg,E:\IMG\left_2025_12_05_11_49_49_754.jpg,E:\IMG\right_2025_12_05_11_49_49_754.jpg,0,0.992605,0,6.127621
E:\IMG\center_2025_12_05_11_49_49_831.jpg,E:\IMG\left_2025_12_05_11_49_49_831.jpg,E:\IMG\right_2025_12_05_11_49_49_831.jpg,0,1,0,7.044089
E:\IMG\center_2025_12_05_11_49_49_907.jpg,E:\IMG\left_2025_12_05_11_49_49_907.jpg,E:\IMG\right_2025_12_05_11_49_49_907.jpg,0,0.8613493,0,7.670285
E:\IMG\center_2025_12_05_11_49_49_984.jpg,E:\IMG\left_2025_12_05_11_49_49_984.jpg,E:\IMG\right_2025_12_05_11_49_49_984.jpg,0,0.6305038,0,8.301015
E:\IMG\center_2025_12_05_11_49_50_062.jpg,E:\IMG\left_2025_12_05_11_49_50_062.jpg,E:\IMG\right_2025_12_05_11_49_50_062.jpg,0,0.3519262,0,8.754106
E:\IMG\center_2025_12_05_11_49_50_138.jpg,E:\IMG\left_2025_12_05_11_49_50_138.jpg,E:\IMG\right_2025_12_05_11_49_50_138.jpg,0,0.1259938,0,8.987214
E:\IMG\center_2025_12_05_11_49_50_216.jpg,E:\IMG\left_2025_12_05_11_49_50_216.jpg,E:\IMG\right_2025_12_05_11_49_50_216.jpg,0.1,0,0,9.018571
E:\IMG\center_2025_12_05_11_49_50_292.jpg,E:\IMG\left_2025_12_05_11_49_50_292.jpg,E:\IMG\right_2025_12_05_11_49_50_292.jpg,0.3,0,0,8.999564
E:\IMG\center_2025_12_05_11_49_50_369.jpg,E:\IMG\left_2025_12_05_11_49_50_369.jpg,E:\IMG\right_2025_12_05_11_49_50_369.jpg,0.5000001,0,0,8.95501
E:\IMG\center_2025_12_05_11_49_50_451.jpg,E:\IMG\left_2025_12_05_11_49_50_451.jpg,E:\IMG\right_2025_12_05_11_49_50_451.jpg,0,0,0,8.896977
E:\IMG\center_2025_12_05_11_49_50_532.jpg,E:\IMG\left_2025_12_05_11_49_50_532.jpg,E:\IMG\right_2025_12_05_11_49_50_532.jpg,0,0,0,8.892268
E:\IMG\center_2025_12_05_11_49_50_611.jpg,E:\IMG\left_2025_12_05_11_49_50_611.jpg,E:\IMG\right_2025_12_05_11_49_50_611.jpg,0.1,0,0,8.927425
E:\IMG\center_2025_12_05_11_49_50_691.jpg,E:\IMG\left_2025_12_05_11_49_50_691.jpg,E:\IMG\right_2025_12_05_11_49_50_691.jpg,0.3,0,0,8.934624
E:\IMG\center_2025_12_05_11_49_50_769.jpg,E:\IMG\left_2025_12_05_11_49_50_769.jpg,E:\IMG\right_2025_12_05_11_49_50_769.jpg,0.5000001,0,0,9.041018
E:\IMG\center_2025_12_05_11_49_50_850.jpg,E:\IMG\left_2025_12_05_11_49_50_850.jpg,E:\IMG\right_2025_12_05_11_49_50_850.jpg,0.7,0,0,9.135566
E:\IMG\center_2025_12_05_11_49_50_929.jpg,E:\IMG\left_2025_12_05_11_49_50_929.jpg,E:\IMG\right_2025_12_05_11_49_50_929.jpg,0.8500001,0,0,9.216751
E:\IMG\center_2025_12_05_11_49_51_003.jpg,E:\IMG\left_2025_12_05_11_49_51_003.jpg,E:\IMG\right_2025_12_05_11_49_51_003.jpg,1,0,0,9.301168
E:\IMG\center_2025_12_05_11_49_51_080.jpg,E:\IMG\left_2025_12_05_11_49_51_080.jpg,E:\IMG\right_2025_12_05_11_49_51_080.jpg,1,0,0,9.408081
E:\IMG\center_2025_12_05_11_49_51_160.jpg,E:\IMG\left_2025_12_05_11_49_51_160.jpg,E:\IMG\right_2025_12_05_11_49_51_160.jpg,1,0,0,9.507986
E:\IMG\center_2025_12_05_11_49_51_239.jpg,E:\IMG\left_2025_12_05_11_49_51_239.jpg,E:\IMG\right_2025_12_05_11_49_51_239.jpg,1,0,0,9.710692
E:\IMG\center_2025_12_05_11_49_51_312.jpg,E:\IMG\left_2025_12_05_11_49_51_312.jpg,E:\IMG\right_2025_12_05_11_49_51_312.jpg,1,0,0,9.932828
E:\IMG\center_2025_12_05_11_49_51_381.jpg,E:\IMG\left_2025_12_05_11_49_51_381.jpg,E:\IMG\right_2025_12_05_11_49_51_381.jpg,1,0,0,10.21879
E:\IMG\center_2025_12_05_11_49_51_451.jpg,E:\IMG\left_2025_12_05_11_49_51_451.jpg,E:\IMG\right_2025_12_05_11_49_51_451.jpg,0.1,0,0,10.46832
E:\IMG\center_2025_12_05_11_49_51_518.jpg,E:\IMG\left_2025_12_05_11_49_51_518.jpg,E:\IMG\right_2025_12_05_11_49_51_518.jpg,0,0,0,10.66799
E:\IMG\center_2025_12_05_11_49_51_586.jpg,E:\IMG\left_2025_12_05_11_49_51_586.jpg,E:\IMG\right_2025_12_05_11_49_51_586.jpg,0,0,0,10.92829
E:\IMG\center_2025_12_05_11_49_51_655.jpg,E:\IMG\left_2025_12_05_11_49_51_655.jpg,E:\IMG\right_2025_12_05_11_49_51_655.jpg,0,0,0,11.23086
E:\IMG\center_2025_12_05_11_49_51_724.jpg,E:\IMG\left_2025_12_05_11_49_51_724.jpg,E:\IMG\right_2025_12_05_11_49_51_724.jpg,0,0,0,11.40573
E:\IMG\center_2025_12_05_11_49_51_793.jpg,E:\IMG\left_2025_12_05_11_49_51_793.jpg,E:\IMG\right_2025_12_05_11_49_51_793.jpg,0.1,0,0,11.62473
E:\IMG\center_2025_12_05_11_49_51_863.jpg,E:\IMG\left_2025_12_05_11_49_51_863.jpg,E:\IMG\right_2025_12_05_11_49_51_863.jpg,0.25,0,0,12.20973
E:\IMG\center_2025_12_05_11_49_51_941.jpg,E:\IMG\left_2025_12_05_11_49_51_941.jpg,E:\IMG\right_2025_12_05_11_49_51_941.jpg,0.45,0,0,12.3265
E:\IMG\center_2025_12_05_11_49_52_010.jpg,E:\IMG\left_2025_12_05_11_49_52_010.jpg,E:\IMG\right_2025_12_05_11_49_52_010.jpg,0.6500001,0,0,12.70961
E:\IMG\center_2025_12_05_11_49_52_088.jpg,E:\IMG\left_2025_12_05_11_49_52_088.jpg,E:\IMG\right_2025_12_05_11_49_52_088.jpg,0.8000001,0,0,12.80649
E:\IMG\center_2025_12_05_11_49_52_167.jpg,E:\IMG\left_2025_12_05_11_49_52_167.jpg,E:\IMG\right_2025_12_05_11_49_52_167.jpg,1,0,0,13.29202
E:\IMG\center_2025_12_05_11_49_52_241.jpg,E:\IMG\left_2025_12_05_11_49_52_241.jpg,E:\IMG\right_2025_12_05_11_49_52_241.jpg,0,0,0,13.5712
E:\IMG\center_2025_12_05_11_49_52_314.jpg,E:\IMG\left_2025_12_05_11_49_52_314.jpg,E:\IMG\right_2025_12_05_11_49_52_314.jpg,0,0,0,13.61706
E:\IMG\center_2025_12_05_11_49_52_390.jpg,E:\IMG\left_2025_12_05_11_49_52_390.jpg,E:\IMG\right_2025_12_05_11_49_52_390.jpg,0,0,0,13.91267
E:\IMG\center_2025_12_05_11_49_52_463.jpg,E:\IMG\left_2025_12_05_11_49_52_463.jpg,E:\IMG\right_2025_12_05_11_49_52_463.jpg,0,0,0,14.01856
E:\IMG\center_2025_12_05_11_49_52_539.jpg,E:\IMG\left_2025_12_05_11_49_52_539.jpg,E:\IMG\right_2025_12_05_11_49_52_539.jpg,-0.05,0,0,14.20558
E:\IMG\center_2025_12_05_11_49_52_615.jpg,E:\IMG\left_2025_12_05_11_49_52_615.jpg,E:\IMG\right_2025_12_05_11_49_52_615.jpg,-0.25,0,0,14.63745
E:\IMG\center_2025_12_05_11_49_52_689.jpg,E:\IMG\left_2025_12_05_11_49_52_689.jpg,E:\IMG\right_2025_12_05_11_49_52_689.jpg,-0.45,0,0,14.93174
E:\IMG\center_2025_12_05_11_49_52_764.jpg,E:\IMG\left_2025_12_05_11_49_52_764.jpg,E:\IMG\right_2025_12_05_11_49_52_764.jpg,0,0,0,15.20529
E:\IMG\center_2025_12_05_11_49_52_833.jpg,E:\IMG\left_2025_12_05_11_49_52_833.jpg,E:\IMG\right_2025_12_05_11_49_52_833.jpg,0,0,0,15.34887
E:\IMG\center_2025_12_05_11_49_52_907.jpg,E:\IMG\left_2025_12_05_11_49_52_907.jpg,E:\IMG\right_2025_12_05_11_49_52_907.jpg,0,0,0,15.56965
E:\IMG\center_2025_12_05_11_49_52_984.jpg,E:\IMG\left_2025_12_05_11_49_52_984.jpg,E:\IMG\right_2025_12_05_11_49_52_984.jpg,-0.2,0,0,15.85093
E:\IMG\center_2025_12_05_11_49_53_058.jpg,E:\IMG\left_2025_12_05_11_49_53_058.jpg,E:\IMG\right_2025_12_05_11_49_53_058.jpg,-0.4,0,0,16.03278
E:\IMG\center_2025_12_05_11_49_53_135.jpg,E:\IMG\left_2025_12_05_11_49_53_135.jpg,E:\IMG\right_2025_12_05_11_49_53_135.jpg,-0.6000001,0,0,16.23509
E:\IMG\center_2025_12_05_11_49_53_210.jpg,E:\IMG\left_2025_12_05_11_49_53_210.jpg,E:\IMG\right_2025_12_05_11_49_53_210.jpg,-0.8000001,0,0,16.50449
E:\IMG\center_2025_12_05_11_49_53_285.jpg,E:\IMG\left_2025_12_05_11_49_53_285.jpg,E:\IMG\right_2025_12_05_11_49_53_285.jpg,-0.9500002,0,0,16.616
E:\IMG\center_2025_12_05_11_49_53_365.jpg,E:\IMG\left_2025_12_05_11_49_53_365.jpg,E:\IMG\right_2025_12_05_11_49_53_365.jpg,0,0,0,16.26168
E:\IMG\center_2025_12_05_11_49_53_433.jpg,E:\IMG\left_2025_12_05_11_49_53_433.jpg,E:\IMG\right_2025_12_05_11_49_53_433.jpg,0,0,0,16.23562
E:\IMG\center_2025_12_05_11_49_53_501.jpg,E:\IMG\left_2025_12_05_11_49_53_501.jpg,E:\IMG\right_2025_12_05_11_49_53_501.jpg,0,0,0,16.68992
E:\IMG\center_2025_12_05_11_49_53_567.jpg,E:\IMG\left_2025_12_05_11_49_53_567.jpg,E:\IMG\right_2025_12_05_11_49_53_567.jpg,-0.1,0,0,16.4868
E:\IMG\center_2025_12_05_11_49_53_635.jpg,E:\IMG\left_2025_12_05_11_49_53_635.jpg,E:\IMG\right_2025_12_05_11_49_53_635.jpg,-0.3,0,0,16.89651
E:\IMG\center_2025_12_05_11_49_53_709.jpg,E:\IMG\left_2025_12_05_11_49_53_709.jpg,E:\IMG\right_2025_12_05_11_49_53_709.jpg,-0.5000001,0,0,17.05948
E:\IMG\center_2025_12_05_11_49_53_781.jpg,E:\IMG\left_2025_12_05_11_49_53_781.jpg,E:\IMG\right_2025_12_05_11_49_53_781.jpg,-0.6500001,0,0,16.99657
E:\IMG\center_2025_12_05_11_49_53_853.jpg,E:\IMG\left_2025_12_05_11_49_53_853.jpg,E:\IMG\right_2025_12_05_11_49_53_853.jpg,0,0,0,16.70925
E:\IMG\center_2025_12_05_11_49_53_924.jpg,E:\IMG\left_2025_12_05_11_49_53_924.jpg,E:\IMG\right_2025_12_05_11_49_53_924.jpg,0,0,0,16.70612
E:\IMG\center_2025_12_05_11_49_53_999.jpg,E:\IMG\left_2025_12_05_11_49_53_999.jpg,E:\IMG\right_2025_12_05_11_49_53_999.jpg,-0.1,0,0,16.836
E:\IMG\center_2025_12_05_11_49_54_072.jpg,E:\IMG\left_2025_12_05_11_49_54_072.jpg,E:\IMG\right_2025_12_05_11_49_54_072.jpg,-0.3,0,0,16.89858
E:\IMG\center_2025_12_05_11_49_54_147.jpg,E:\IMG\left_2025_12_05_11_49_54_147.jpg,E:\IMG\right_2025_12_05_11_49_54_147.jpg,-0.45,0,0,16.95217
E:\IMG\center_2025_12_05_11_49_54_225.jpg,E:\IMG\left_2025_12_05_11_49_54_225.jpg,E:\IMG\right_2025_12_05_11_49_54_225.jpg,-0.6500001,0,0,16.58534
E:\IMG\center_2025_12_05_11_49_54_306.jpg,E:\IMG\left_2025_12_05_11_49_54_306.jpg,E:\IMG\right_2025_12_05_11_49_54_306.jpg,0,0,0,16.28692
E:\IMG\center_2025_12_05_11_49_54_384.jpg,E:\IMG\left_2025_12_05_11_49_54_384.jpg,E:\IMG\right_2025_12_05_11_49_54_384.jpg,0,0,0,16.14715
E:\IMG\center_2025_12_05_11_49_54_463.jpg,E:\IMG\left_2025_12_05_11_49_54_463.jpg,E:\IMG\right_2025_12_05_11_49_54_463.jpg,-0.1,0,0,16.0641
E:\IMG\center_2025_12_05_11_49_54_542.jpg,E:\IMG\left_2025_12_05_11_49_54_542.jpg,E:\IMG\right_2025_12_05_11_49_54_542.jpg,-0.3,0,0,15.99936
E:\IMG\center_2025_12_05_11_49_54_619.jpg,E:\IMG\left_2025_12_05_11_49_54_619.jpg,E:\IMG\right_2025_12_05_11_49_54_619.jpg,-0.5000001,0,0,15.8034
E:\IMG\center_2025_12_05_11_49_54_691.jpg,E:\IMG\left_2025_12_05_11_49_54_691.jpg,E:\IMG\right_2025_12_05_11_49_54_691.jpg,-0.7,0,0,15.51575
E:\IMG\center_2025_12_05_11_49_54_765.jpg,E:\IMG\left_2025_12_05_11_49_54_765.jpg,E:\IMG\right_2025_12_05_11_49_54_765.jpg,0,0,0,15.55315
E:\IMG\center_2025_12_05_11_49_54_840.jpg,E:\IMG\left_2025_12_05_11_49_54_840.jpg,E:\IMG\right_2025_12_05_11_49_54_840.jpg,0,0,0,15.36082
E:\IMG\center_2025_12_05_11_49_54_920.jpg,E:\IMG\left_2025_12_05_11_49_54_920.jpg,E:\IMG\right_2025_12_05_11_49_54_920.jpg,-0.1,0,0,15.22483
E:\IMG\center_2025_12_05_11_49_55_001.jpg,E:\IMG\left_2025_12_05_11_49_55_001.jpg,E:\IMG\right_2025_12_05_11_49_55_001.jpg,-0.3,0,0,15.0847
E:\IMG\center_2025_12_05_11_49_55_082.jpg,E:\IMG\left_2025_12_05_11_49_55_082.jpg,E:\IMG\right_2025_12_05_11_49_55_082.jpg,-0.5000001,0,0,14.90276
E:\IMG\center_2025_12_05_11_49_55_149.jpg,E:\IMG\left_2025_12_05_11_49_55_149.jpg,E:\IMG\right_2025_12_05_11_49_55_149.jpg,-0.6500001,0,0,14.49383
E:\IMG\center_2025_12_05_11_49_55_233.jpg,E:\IMG\left_2025_12_05_11_49_55_233.jpg,E:\IMG\right_2025_12_05_11_49_55_233.jpg,-0.9000002,0,0,14.42589
E:\IMG\center_2025_12_05_11_49_55_299.jpg,E:\IMG\left_2025_12_05_11_49_55_299.jpg,E:\IMG\right_2025_12_05_11_49_55_299.jpg,0,0,0,14.01083
E:\IMG\center_2025_12_05_11_49_55_383.jpg,E:\IMG\left_2025_12_05_11_49_55_383.jpg,E:\IMG\right_2025_12_05_11_49_55_383.jpg,0,0,0,13.83693
E:\IMG\center_2025_12_05_11_49_55_453.jpg,E:\IMG\left_2025_12_05_11_49_55_453.jpg,E:\IMG\right_2025_12_05_11_49_55_453.jpg,0,0,0,13.73827
E:\IMG\center_2025_12_05_11_49_55_522.jpg,E:\IMG\left_2025_12_05_11_49_55_522.jpg,E:\IMG\right_2025_12_05_11_49_55_522.jpg,0,0,0,13.88345
E:\IMG\center_2025_12_05_11_49_55_589.jpg,E:\IMG\left_2025_12_05_11_49_55_589.jpg,E:\IMG\right_2025_12_05_11_49_55_589.jpg,0,0,0,13.77372
E:\IMG\center_2025_12_05_11_49_55_672.jpg,E:\IMG\left_2025_12_05_11_49_55_672.jpg,E:\IMG\right_2025_12_05_11_49_55_672.jpg,-0.05,0,0,13.66705
E:\IMG\center_2025_12_05_11_49_55_752.jpg,E:\IMG\left_2025_12_05_11_49_55_752.jpg,E:\IMG\right_2025_12_05_11_49_55_752.jpg,-0.25,0,0,13.54613
E:\IMG\center_2025_12_05_11_49_55_821.jpg,E:\IMG\left_2025_12_05_11_49_55_821.jpg,E:\IMG\right_2025_12_05_11_49_55_821.jpg,-0.4,0,0,13.12794
E:\IMG\center_2025_12_05_11_49_55_887.jpg,E:\IMG\left_2025_12_05_11_49_55_887.jpg,E:\IMG\right_2025_12_05_11_49_55_887.jpg,-0.5500001,0.1533186,0,13.25186
E:\IMG\center_2025_12_05_11_49_55_972.jpg,E:\IMG\left_2025_12_05_11_49_55_972.jpg,E:\IMG\right_2025_12_05_11_49_55_972.jpg,0,0.4538001,0,13.24974
E:\IMG\center_2025_12_05_11_49_56_054.jpg,E:\IMG\left_2025_12_05_11_49_56_054.jpg,E:\IMG\right_2025_12_05_11_49_56_054.jpg,-0.05,0.701463,0,13.90669
E:\IMG\center_2025_12_05_11_49_56_135.jpg,E:\IMG\left_2025_12_05_11_49_56_135.jpg,E:\IMG\right_2025_12_05_11_49_56_135.jpg,-0.25,0.455523,0,14.06838
E:\IMG\center_2025_12_05_11_49_56_219.jpg,E:\IMG\left_2025_12_05_11_49_56_219.jpg,E:\IMG\right_2025_12_05_11_49_56_219.jpg,-0.45,0.2089629,0,14.26594
E:\IMG\center_2025_12_05_11_49_56_285.jpg,E:\IMG\left_2025_12_05_11_49_56_285.jpg,E:\IMG\right_2025_12_05_11_49_56_285.jpg,-0.6000001,0.006959967,0,14.61323
E:\IMG\center_2025_12_05_11_49_56_367.jpg,E:\IMG\left_2025_12_05_11_49_56_367.jpg,E:\IMG\right_2025_12_05_11_49_56_367.jpg,-0.8000001,0,0,14.37344
E:\IMG\center_2025_12_05_11_49_56_450.jpg,E:\IMG\left_2025_12_05_11_49_56_450.jpg,E:\IMG\right_2025_12_05_11_49_56_450.jpg,0,0,0,13.6179
E:\IMG\center_2025_12_05_11_49_56_533.jpg,E:\IMG\left_2025_12_05_11_49_56_533.jpg,E:\IMG\right_2025_12_05_11_49_56_533.jpg,0,0.09963541,0,13.4533
E:\IMG\center_2025_12_05_11_49_56_613.jpg,E:\IMG\left_2025_12_05_11_49_56_613.jpg,E:\IMG\right_2025_12_05_11_49_56_613.jpg,0,0.3398133,0,13.63654
E:\IMG\center_2025_12_05_11_49_56_696.jpg,E:\IMG\left_2025_12_05_11_49_56_696.jpg,E:\IMG\right_2025_12_05_11_49_56_696.jpg,-0.15,0.5871135,0,14.18423
E:\IMG\center_2025_12_05_11_49_56_777.jpg,E:\IMG\left_2025_12_05_11_49_56_777.jpg,E:\IMG\right_2025_12_05_11_49_56_777.jpg,-0.35,0.8328852,0,14.79249
E:\IMG\center_2025_12_05_11_49_56_857.jpg,E:\IMG\left_2025_12_05_11_49_56_857.jpg,E:\IMG\right_2025_12_05_11_49_56_857.jpg,-0.5500001,0.6906729,0,15.3915
E:\IMG\center_2025_12_05_11_49_56_925.jpg,E:\IMG\left_2025_12_05_11_49_56_925.jpg,E:\IMG\right_2025_12_05_11_49_56_925.jpg,-0.7,0.4901496,0,15.54676
E:\IMG\center_2025_12_05_11_49_57_007.jpg,E:\IMG\left_2025_12_05_11_49_57_007.jpg,E:\IMG\right_2025_12_05_11_49_57_007.jpg,-0.9000002,0.2902825,0,15.72074
E:\IMG\center_2025_12_05_11_49_57_090.jpg,E:\IMG\left_2025_12_05_11_49_57_090.jpg,E:\IMG\right_2025_12_05_11_49_57_090.jpg,-1,0,0,15.51933
E:\IMG\center_2025_12_05_11_49_57_158.jpg,E:\IMG\left_2025_12_05_11_49_57_158.jpg,E:\IMG\right_2025_12_05_11_49_57_158.jpg,0,0,0,15.28665
E:\IMG\center_2025_12_05_11_49_57_240.jpg,E:\IMG\left_2025_12_05_11_49_57_240.jpg,E:\IMG\right_2025_12_05_11_49_57_240.jpg,0,0,0,15.03924
E:\IMG\center_2025_12_05_11_49_57_324.jpg,E:\IMG\left_2025_12_05_11_49_57_324.jpg,E:\IMG\right_2025_12_05_11_49_57_324.jpg,-0.2,0,0,14.88703
E:\IMG\center_2025_12_05_11_49_57_406.jpg,E:\IMG\left_2025_12_05_11_49_57_406.jpg,E:\IMG\right_2025_12_05_11_49_57_406.jpg,-0.4,0,0,14.75296
E:\IMG\center_2025_12_05_11_49_57_488.jpg,E:\IMG\left_2025_12_05_11_49_57_488.jpg,E:\IMG\right_2025_12_05_11_49_57_488.jpg,-0.6000001,0,0,14.57289
E:\IMG\center_2025_12_05_11_49_57_571.jpg,E:\IMG\left_2025_12_05_11_49_57_571.jpg,E:\IMG\right_2025_12_05_11_49_57_571.jpg,-0.8500001,0,0,14.28412
E:\IMG\center_2025_12_05_11_49_57_654.jpg,E:\IMG\left_2025_12_05_11_49_57_654.jpg,E:\IMG\right_2025_12_05_11_49_57_654.jpg,-1,0,0,13.99646
E:\IMG\center_2025_12_05_11_49_57_735.jpg,E:\IMG\left_2025_12_05_11_49_57_735.jpg,E:\IMG\right_2025_12_05_11_49_57_735.jpg,-1,0,0,13.81675
E:\IMG\center_2025_12_05_11_49_57_802.jpg,E:\IMG\left_2025_12_05_11_49_57_802.jpg,E:\IMG\right_2025_12_05_11_49_57_802.jpg,-1,0,0,13.64964
E:\IMG\center_2025_12_05_11_49_57_869.jpg,E:\IMG\left_2025_12_05_11_49_57_869.jpg,E:\IMG\right_2025_12_05_11_49_57_869.jpg,-1,0,0,13.4951
E:\IMG\center_2025_12_05_11_49_57_953.jpg,E:\IMG\left_2025_12_05_11_49_57_953.jpg,E:\IMG\right_2025_12_05_11_49_57_953.jpg,0,0,0,13.36685
E:\IMG\center_2025_12_05_11_49_58_034.jpg,E:\IMG\left_2025_12_05_11_49_58_034.jpg,E:\IMG\right_2025_12_05_11_49_58_034.jpg,0,0,0,13.18044
E:\IMG\center_2025_12_05_11_49_58_113.jpg,E:\IMG\left_2025_12_05_11_49_58_113.jpg,E:\IMG\right_2025_12_05_11_49_58_113.jpg,-0.2,0,0,13.11372
E:\IMG\center_2025_12_05_11_49_58_189.jpg,E:\IMG\left_2025_12_05_11_49_58_189.jpg,E:\IMG\right_2025_12_05_11_49_58_189.jpg,-0.35,0,0,12.70971
E:\IMG\center_2025_12_05_11_49_58_267.jpg,E:\IMG\left_2025_12_05_11_49_58_267.jpg,E:\IMG\right_2025_12_05_11_49_58_267.jpg,-0.5500001,0.2335077,0,12.63152
E:\IMG\center_2025_12_05_11_49_58_345.jpg,E:\IMG\left_2025_12_05_11_49_58_345.jpg,E:\IMG\right_2025_12_05_11_49_58_345.jpg,-0.7500002,0.4673831,0,12.84538
E:\IMG\center_2025_12_05_11_49_58_423.jpg,E:\IMG\left_2025_12_05_11_49_58_423.jpg,E:\IMG\right_2025_12_05_11_49_58_423.jpg,-0.9500002,0.747684,0,13.07841
E:\IMG\center_2025_12_05_11_49_58_498.jpg,E:\IMG\left_2025_12_05_11_49_58_498.jpg,E:\IMG\right_2025_12_05_11_49_58_498.jpg,-1,0.6100907,0,13.6162
E:\IMG\center_2025_12_05_11_49_58_572.jpg,E:\IMG\left_2025_12_05_11_49_58_572.jpg,E:\IMG\right_2025_12_05_11_49_58_572.jpg,-1,0.3903242,0,13.89761
E:\IMG\center_2025_12_05_11_49_58_643.jpg,E:\IMG\left_2025_12_05_11_49_58_643.jpg,E:\IMG\right_2025_12_05_11_49_58_643.jpg,-1,0.1753754,0,14.1797
E:\IMG\center_2025_12_05_11_49_58_722.jpg,E:\IMG\left_2025_12_05_11_49_58_722.jpg,E:\IMG\right_2025_12_05_11_49_58_722.jpg,-1,0,0,14.18507
E:\IMG\center_2025_12_05_11_49_58_796.jpg,E:\IMG\left_2025_12_05_11_49_58_796.jpg,E:\IMG\right_2025_12_05_11_49_58_796.jpg,-1,0,0,14.07879
E:\IMG\center_2025_12_05_11_49_58_870.jpg,E:\IMG\left_2025_12_05_11_49_58_870.jpg,E:\IMG\right_2025_12_05_11_49_58_870.jpg,0,0,0,13.81722
E:\IMG\center_2025_12_05_11_49_58_945.jpg,E:\IMG\left_2025_12_05_11_49_58_945.jpg,E:\IMG\right_2025_12_05_11_49_58_945.jpg,0,0,0,13.42862
E:\IMG\center_2025_12_05_11_49_59_021.jpg,E:\IMG\left_2025_12_05_11_49_59_021.jpg,E:\IMG\right_2025_12_05_11_49_59_021.jpg,0,0.1753245,0,13.26538
E:\IMG\center_2025_12_05_11_49_59_093.jpg,E:\IMG\left_2025_12_05_11_49_59_093.jpg,E:\IMG\right_2025_12_05_11_49_59_093.jpg,0,0.3931656,0,13.46142
E:\IMG\center_2025_12_05_11_49_59_163.jpg,E:\IMG\left_2025_12_05_11_49_59_163.jpg,E:\IMG\right_2025_12_05_11_49_59_163.jpg,-0.05,0.5639821,0,14.04268
E:\IMG\center_2025_12_05_11_49_59_230.jpg,E:\IMG\left_2025_12_05_11_49_59_230.jpg,E:\IMG\right_2025_12_05_11_49_59_230.jpg,-0.25,0.8073925,0,14.4337
E:\IMG\center_2025_12_05_11_49_59_299.jpg,E:\IMG\left_2025_12_05_11_49_59_299.jpg,E:\IMG\right_2025_12_05_11_49_59_299.jpg,-0.4,1,0,14.9661
E:\IMG\center_2025_12_05_11_49_59_366.jpg,E:\IMG\left_2025_12_05_11_49_59_366.jpg,E:\IMG\right_2025_12_05_11_49_59_366.jpg,-0.5500001,0.8365141,0,15.43613
E:\IMG\center_2025_12_05_11_49_59_435.jpg,E:\IMG\left_2025_12_05_11_49_59_435.jpg,E:\IMG\right_2025_12_05_11_49_59_435.jpg,-0.7500002,0.5922085,0,15.83695
E:\IMG\center_2025_12_05_11_49_59_502.jpg,E:\IMG\left_2025_12_05_11_49_59_502.jpg,E:\IMG\right_2025_12_05_11_49_59_502.jpg,-0.9000002,0.4296079,0,16.06894
E:\IMG\center_2025_12_05_11_49_59_583.jpg,E:\IMG\left_2025_12_05_11_49_59_583.jpg,E:\IMG\right_2025_12_05_11_49_59_583.jpg,-1,0.1490857,0,16.0583
E:\IMG\center_2025_12_05_11_49_59_651.jpg,E:\IMG\left_2025_12_05_11_49_59_651.jpg,E:\IMG\right_2025_12_05_11_49_59_651.jpg,-1,0,0,15.89719
E:\IMG\center_2025_12_05_11_49_59_720.jpg,E:\IMG\left_2025_12_05_11_49_59_720.jpg,E:\IMG\right_2025_12_05_11_49_59_720.jpg,-1,0,0,15.57043
E:\IMG\center_2025_12_05_11_49_59_798.jpg,E:\IMG\left_2025_12_05_11_49_59_798.jpg,E:\IMG\right_2025_12_05_11_49_59_798.jpg,-1,0,0,15.38796
E:\IMG\center_2025_12_05_11_49_59_875.jpg,E:\IMG\left_2025_12_05_11_49_59_875.jpg,E:\IMG\right_2025_12_05_11_49_59_875.jpg,0,0,0,15.19897
E:\IMG\center_2025_12_05_11_49_59_950.jpg,E:\IMG\left_2025_12_05_11_49_59_950.jpg,E:\IMG\right_2025_12_05_11_49_59_950.jpg,0,0,0,14.94462
E:\IMG\center_2025_12_05_11_50_00_029.jpg,E:\IMG\left_2025_12_05_11_50_00_029.jpg,E:\IMG\right_2025_12_05_11_50_00_029.jpg,0,0,0,14.72312
E:\IMG\center_2025_12_05_11_50_00_105.jpg,E:\IMG\left_2025_12_05_11_50_00_105.jpg,E:\IMG\right_2025_12_05_11_50_00_105.jpg,0,0.1126914,0,14.92199
E:\IMG\center_2025_12_05_11_50_00_182.jpg,E:\IMG\left_2025_12_05_11_50_00_182.jpg,E:\IMG\right_2025_12_05_11_50_00_182.jpg,0,0.3757518,0,14.9864
E:\IMG\center_2025_12_05_11_50_00_256.jpg,E:\IMG\left_2025_12_05_11_50_00_256.jpg,E:\IMG\right_2025_12_05_11_50_00_256.jpg,0,0.6028513,0,15.32965
E:\IMG\center_2025_12_05_11_50_00_334.jpg,E:\IMG\left_2025_12_05_11_50_00_334.jpg,E:\IMG\right_2025_12_05_11_50_00_334.jpg,-0.2,0.8324772,0,15.86274
E:\IMG\center_2025_12_05_11_50_00_412.jpg,E:\IMG\left_2025_12_05_11_50_00_412.jpg,E:\IMG\right_2025_12_05_11_50_00_412.jpg,-0.4,0.6718643,0,16.49017
E:\IMG\center_2025_12_05_11_50_00_485.jpg,E:\IMG\left_2025_12_05_11_50_00_485.jpg,E:\IMG\right_2025_12_05_11_50_00_485.jpg,-0.5500001,0.4838147,0,16.54894
E:\IMG\center_2025_12_05_11_50_00_558.jpg,E:\IMG\left_2025_12_05_11_50_00_558.jpg,E:\IMG\right_2025_12_05_11_50_00_558.jpg,-0.7500002,0.2317265,0,16.60616
E:\IMG\center_2025_12_05_11_50_00_635.jpg,E:\IMG\left_2025_12_05_11_50_00_635.jpg,E:\IMG\right_2025_12_05_11_50_00_635.jpg,-0.9500002,0.001288701,0,16.39161
E:\IMG\center_2025_12_05_11_50_00_712.jpg,E:\IMG\left_2025_12_05_11_50_00_712.jpg,E:\IMG\right_2025_12_05_11_50_00_712.jpg,-1,0,0,16.0603
E:\IMG\center_2025_12_05_11_50_00_788.jpg,E:\IMG\left_2025_12_05_11_50_00_788.jpg,E:\IMG\right_2025_12_05_11_50_00_788.jpg,-1,0,0,16.13384
E:\IMG\center_2025_12_05_11_50_00_866.jpg,E:\IMG\left_2025_12_05_11_50_00_866.jpg,E:\IMG\right_2025_12_05_11_50_00_866.jpg,-1,0,0,15.94606
E:\IMG\center_2025_12_05_11_50_00_933.jpg,E:\IMG\left_2025_12_05_11_50_00_933.jpg,E:\IMG\right_2025_12_05_11_50_00_933.jpg,-1,0,0,15.78403
E:\IMG\center_2025_12_05_11_50_01_003.jpg,E:\IMG\left_2025_12_05_11_50_01_003.jpg,E:\IMG\right_2025_12_05_11_50_01_003.jpg,-1,0,0,15.43525
E:\IMG\center_2025_12_05_11_50_01_074.jpg,E:\IMG\left_2025_12_05_11_50_01_074.jpg,E:\IMG\right_2025_12_05_11_50_01_074.jpg,0,0,0,15.28552
E:\IMG\center_2025_12_05_11_50_01_155.jpg,E:\IMG\left_2025_12_05_11_50_01_155.jpg,E:\IMG\right_2025_12_05_11_50_01_155.jpg,0,0,0,15.01943
E:\IMG\center_2025_12_05_11_50_01_224.jpg,E:\IMG\left_2025_12_05_11_50_01_224.jpg,E:\IMG\right_2025_12_05_11_50_01_224.jpg,0,0,0,15.02925
E:\IMG\center_2025_12_05_11_50_01_293.jpg,E:\IMG\left_2025_12_05_11_50_01_293.jpg,E:\IMG\right_2025_12_05_11_50_01_293.jpg,0,0,0,14.83104
E:\IMG\center_2025_12_05_11_50_01_363.jpg,E:\IMG\left_2025_12_05_11_50_01_363.jpg,E:\IMG\right_2025_12_05_11_50_01_363.jpg,0,0,0,14.7963
E:\IMG\center_2025_12_05_11_50_01_430.jpg,E:\IMG\left_2025_12_05_11_50_01_430.jpg,E:\IMG\right_2025_12_05_11_50_01_430.jpg,0,0,0,14.707
E:\IMG\center_2025_12_05_11_50_01_498.jpg,E:\IMG\left_2025_12_05_11_50_01_498.jpg,E:\IMG\right_2025_12_05_11_50_01_498.jpg,0,0.08202299,0,14.70693
E:\IMG\center_2025_12_05_11_50_01_577.jpg,E:\IMG\left_2025_12_05_11_50_01_577.jpg,E:\IMG\right_2025_12_05_11_50_01_577.jpg,0.2,0.3214599,0,14.84204
E:\IMG\center_2025_12_05_11_50_01_657.jpg,E:\IMG\left_2025_12_05_11_50_01_657.jpg,E:\IMG\right_2025_12_05_11_50_01_657.jpg,0.4,0.557583,0,14.94733
E:\IMG\center_2025_12_05_11_50_01_734.jpg,E:\IMG\left_2025_12_05_11_50_01_734.jpg,E:\IMG\right_2025_12_05_11_50_01_734.jpg,0.6000001,0.7902839,0,15.25618
E:\IMG\center_2025_12_05_11_50_01_807.jpg,E:\IMG\left_2025_12_05_11_50_01_807.jpg,E:\IMG\right_2025_12_05_11_50_01_807.jpg,0.7500002,0.9730616,0,15.54518
E:\IMG\center_2025_12_05_11_50_01_878.jpg,E:\IMG\left_2025_12_05_11_50_01_878.jpg,E:\IMG\right_2025_12_05_11_50_01_878.jpg,0,1,0,16.24713
E:\IMG\center_2025_12_05_11_50_01_945.jpg,E:\IMG\left_2025_12_05_11_50_01_945.jpg,E:\IMG\right_2025_12_05_11_50_01_945.jpg,0,0.9157237,0,17.16479
E:\IMG\center_2025_12_05_11_50_02_024.jpg,E:\IMG\left_2025_12_05_11_50_02_024.jpg,E:\IMG\right_2025_12_05_11_50_02_024.jpg,0,0.6759802,0,17.56944
E:\IMG\center_2025_12_05_11_50_02_101.jpg,E:\IMG\left_2025_12_05_11_50_02_101.jpg,E:\IMG\right_2025_12_05_11_50_02_101.jpg,0.2,0.6784509,0,18.214
E:\IMG\center_2025_12_05_11_50_02_182.jpg,E:\IMG\left_2025_12_05_11_50_02_182.jpg,E:\IMG\right_2025_12_05_11_50_02_182.jpg,0.4,0.9529741,0,18.93598
E:\IMG\center_2025_12_05_11_50_02_251.jpg,E:\IMG\left_2025_12_05_11_50_02_251.jpg,E:\IMG\right_2025_12_05_11_50_02_251.jpg,0.6000001,1,0,20.02178
E:\IMG\center_2025_12_05_11_50_02_331.jpg,E:\IMG\left_2025_12_05_11_50_02_331.jpg,E:\IMG\right_2025_12_05_11_50_02_331.jpg,0.8000001,1,0,20.81775
E:\IMG\center_2025_12_05_11_50_02_399.jpg,E:\IMG\left_2025_12_05_11_50_02_399.jpg,E:\IMG\right_2025_12_05_11_50_02_399.jpg,0.9500002,0.8775035,0,21.33005
E:\IMG\center_2025_12_05_11_50_02_470.jpg,E:\IMG\left_2025_12_05_11_50_02_470.jpg,E:\IMG\right_2025_12_05_11_50_02_470.jpg,1,0.6684925,0,22.15941
E:\IMG\center_2025_12_05_11_50_02_540.jpg,E:\IMG\left_2025_12_05_11_50_02_540.jpg,E:\IMG\right_2025_12_05_11_50_02_540.jpg,1,0.4563667,0,22.92072
E:\IMG\center_2025_12_05_11_50_02_611.jpg,E:\IMG\left_2025_12_05_11_50_02_611.jpg,E:\IMG\right_2025_12_05_11_50_02_611.jpg,0,0.2451949,0,23.96055
E:\IMG\center_2025_12_05_11_50_02_680.jpg,E:\IMG\left_2025_12_05_11_50_02_680.jpg,E:\IMG\right_2025_12_05_11_50_02_680.jpg,0,0.03774638,0,24.33798
E:\IMG\center_2025_12_05_11_50_02_747.jpg,E:\IMG\left_2025_12_05_11_50_02_747.jpg,E:\IMG\right_2025_12_05_11_50_02_747.jpg,-0.15,0,0,24.59847
E:\IMG\center_2025_12_05_11_50_02_817.jpg,E:\IMG\left_2025_12_05_11_50_02_817.jpg,E:\IMG\right_2025_12_05_11_50_02_817.jpg,-0.35,0,0,25.24276
E:\IMG\center_2025_12_05_11_50_02_888.jpg,E:\IMG\left_2025_12_05_11_50_02_888.jpg,E:\IMG\right_2025_12_05_11_50_02_888.jpg,-0.5000001,0,0,25.38838
E:\IMG\center_2025_12_05_11_50_02_958.jpg,E:\IMG\left_2025_12_05_11_50_02_958.jpg,E:\IMG\right_2025_12_05_11_50_02_958.jpg,-0.7,0,0,25.18851
E:\IMG\center_2025_12_05_11_50_03_026.jpg,E:\IMG\left_2025_12_05_11_50_03_026.jpg,E:\IMG\right_2025_12_05_11_50_03_026.jpg,-0.8500001,0,0,25.02914
E:\IMG\center_2025_12_05_11_50_03_096.jpg,E:\IMG\left_2025_12_05_11_50_03_096.jpg,E:\IMG\right_2025_12_05_11_50_03_096.jpg,-1,0,0,24.89267
E:\IMG\center_2025_12_05_11_50_03_164.jpg,E:\IMG\left_2025_12_05_11_50_03_164.jpg,E:\IMG\right_2025_12_05_11_50_03_164.jpg,-1,0,0,24.99045
E:\IMG\center_2025_12_05_11_50_03_234.jpg,E:\IMG\left_2025_12_05_11_50_03_234.jpg,E:\IMG\right_2025_12_05_11_50_03_234.jpg,-1,0,0,24.70394
E:\IMG\center_2025_12_05_11_50_03_301.jpg,E:\IMG\left_2025_12_05_11_50_03_301.jpg,E:\IMG\right_2025_12_05_11_50_03_301.jpg,0,0,0,24.63299
E:\IMG\center_2025_12_05_11_50_03_372.jpg,E:\IMG\left_2025_12_05_11_50_03_372.jpg,E:\IMG\right_2025_12_05_11_50_03_372.jpg,0,0,0,24.60825
E:\IMG\center_2025_12_05_11_50_03_451.jpg,E:\IMG\left_2025_12_05_11_50_03_451.jpg,E:\IMG\right_2025_12_05_11_50_03_451.jpg,0,0,0,24.77754
E:\IMG\center_2025_12_05_11_50_03_530.jpg,E:\IMG\left_2025_12_05_11_50_03_530.jpg,E:\IMG\right_2025_12_05_11_50_03_530.jpg,0,0,0,24.68866
E:\IMG\center_2025_12_05_11_50_03_605.jpg,E:\IMG\left_2025_12_05_11_50_03_605.jpg,E:\IMG\right_2025_12_05_11_50_03_605.jpg,0,0,0,24.50547
E:\IMG\center_2025_12_05_11_50_03_681.jpg,E:\IMG\left_2025_12_05_11_50_03_681.jpg,E:\IMG\right_2025_12_05_11_50_03_681.jpg,0,0,0,24.62581
E:\IMG\center_2025_12_05_11_50_03_759.jpg,E:\IMG\left_2025_12_05_11_50_03_759.jpg,E:\IMG\right_2025_12_05_11_50_03_759.jpg,0,0,0,24.70033
E:\IMG\center_2025_12_05_11_50_03_835.jpg,E:\IMG\left_2025_12_05_11_50_03_835.jpg,E:\IMG\right_2025_12_05_11_50_03_835.jpg,0.05,0,0,24.40601
E:\IMG\center_2025_12_05_11_50_03_910.jpg,E:\IMG\left_2025_12_05_11_50_03_910.jpg,E:\IMG\right_2025_12_05_11_50_03_910.jpg,0.25,0,0,24.14894
E:\IMG\center_2025_12_05_11_50_03_981.jpg,E:\IMG\left_2025_12_05_11_50_03_981.jpg,E:\IMG\right_2025_12_05_11_50_03_981.jpg,0.4,0,0,24.19093
E:\IMG\center_2025_12_05_11_50_04_058.jpg,E:\IMG\left_2025_12_05_11_50_04_058.jpg,E:\IMG\right_2025_12_05_11_50_04_058.jpg,0,0,0,23.91677
E:\IMG\center_2025_12_05_11_50_04_132.jpg,E:\IMG\left_2025_12_05_11_50_04_132.jpg,E:\IMG\right_2025_12_05_11_50_04_132.jpg,0,0,0,23.70278
E:\IMG\center_2025_12_05_11_50_04_206.jpg,E:\IMG\left_2025_12_05_11_50_04_206.jpg,E:\IMG\right_2025_12_05_11_50_04_206.jpg,0,0,0,23.4933
E:\IMG\center_2025_12_05_11_50_04_279.jpg,E:\IMG\left_2025_12_05_11_50_04_279.jpg,E:\IMG\right_2025_12_05_11_50_04_279.jpg,0,0,0,23.31906
E:\IMG\center_2025_12_05_11_50_04_353.jpg,E:\IMG\left_2025_12_05_11_50_04_353.jpg,E:\IMG\right_2025_12_05_11_50_04_353.jpg,0,0,0,23.13357
E:\IMG\center_2025_12_05_11_50_04_427.jpg,E:\IMG\left_2025_12_05_11_50_04_427.jpg,E:\IMG\right_2025_12_05_11_50_04_427.jpg,0,0,0,22.99642
E:\IMG\center_2025_12_05_11_50_04_498.jpg,E:\IMG\left_2025_12_05_11_50_04_498.jpg,E:\IMG\right_2025_12_05_11_50_04_498.jpg,0,0,0,22.81108
E:\IMG\center_2025_12_05_11_50_04_570.jpg,E:\IMG\left_2025_12_05_11_50_04_570.jpg,E:\IMG\right_2025_12_05_11_50_04_570.jpg,0.15,0,0,22.61958
E:\IMG\center_2025_12_05_11_50_04_641.jpg,E:\IMG\left_2025_12_05_11_50_04_641.jpg,E:\IMG\right_2025_12_05_11_50_04_641.jpg,0.3,0,0,22.44406
E:\IMG\center_2025_12_05_11_50_04_712.jpg,E:\IMG\left_2025_12_05_11_50_04_712.jpg,E:\IMG\right_2025_12_05_11_50_04_712.jpg,0.5000001,0,0,22.15179
E:\IMG\center_2025_12_05_11_50_04_784.jpg,E:\IMG\left_2025_12_05_11_50_04_784.jpg,E:\IMG\right_2025_12_05_11_50_04_784.jpg,0.6500001,0,0,21.88956
E:\IMG\center_2025_12_05_11_50_04_857.jpg,E:\IMG\left_2025_12_05_11_50_04_857.jpg,E:\IMG\right_2025_12_05_11_50_04_857.jpg,0,0,0,21.52892
E:\IMG\center_2025_12_05_11_50_04_930.jpg,E:\IMG\left_2025_12_05_11_50_04_930.jpg,E:\IMG\right_2025_12_05_11_50_04_930.jpg,0,0,0,21.2973
E:\IMG\center_2025_12_05_11_50_05_000.jpg,E:\IMG\left_2025_12_05_11_50_05_000.jpg,E:\IMG\right_2025_12_05_11_50_05_000.jpg,0,0,0,21.10427
E:\IMG\center_2025_12_05_11_50_05_071.jpg,E:\IMG\left_2025_12_05_11_50_05_071.jpg,E:\IMG\right_2025_12_05_11_50_05_071.jpg,0,0,0,20.88191
E:\IMG\center_2025_12_05_11_50_05_142.jpg,E:\IMG\left_2025_12_05_11_50_05_142.jpg,E:\IMG\right_2025_12_05_11_50_05_142.jpg,0,0,0,20.9087
E:\IMG\center_2025_12_05_11_50_05_211.jpg,E:\IMG\left_2025_12_05_11_50_05_211.jpg,E:\IMG\right_2025_12_05_11_50_05_211.jpg,0.2,0,0,20.73303
E:\IMG\center_2025_12_05_11_50_05_281.jpg,E:\IMG\left_2025_12_05_11_50_05_281.jpg,E:\IMG\right_2025_12_05_11_50_05_281.jpg,0.35,0,0,20.38828
E:\IMG\center_2025_12_05_11_50_05_351.jpg,E:\IMG\left_2025_12_05_11_50_05_351.jpg,E:\IMG\right_2025_12_05_11_50_05_351.jpg,0.5500001,0,0,20.08834
E:\IMG\center_2025_12_05_11_50_05_420.jpg,E:\IMG\left_2025_12_05_11_50_05_420.jpg,E:\IMG\right_2025_12_05_11_50_05_420.jpg,0,0,0,20.08732
E:\IMG\center_2025_12_05_11_50_05_490.jpg,E:\IMG\left_2025_12_05_11_50_05_490.jpg,E:\IMG\right_2025_12_05_11_50_05_490.jpg,0,0,0,19.9416
E:\IMG\center_2025_12_05_11_50_05_560.jpg,E:\IMG\left_2025_12_05_11_50_05_560.jpg,E:\IMG\right_2025_12_05_11_50_05_560.jpg,0,0,0,19.46275
E:\IMG\center_2025_12_05_11_50_05_629.jpg,E:\IMG\left_2025_12_05_11_50_05_629.jpg,E:\IMG\right_2025_12_05_11_50_05_629.jpg,0,0.1712574,0,19.371
E:\IMG\center_2025_12_05_11_50_05_699.jpg,E:\IMG\left_2025_12_05_11_50_05_699.jpg,E:\IMG\right_2025_12_05_11_50_05_699.jpg,0.1,0.3785301,0,19.78205
E:\IMG\center_2025_12_05_11_50_05_767.jpg,E:\IMG\left_2025_12_05_11_50_05_767.jpg,E:\IMG\right_2025_12_05_11_50_05_767.jpg,0.25,0.5508786,0,19.69291
E:\IMG\center_2025_12_05_11_50_05_835.jpg,E:\IMG\left_2025_12_05_11_50_05_835.jpg,E:\IMG\right_2025_12_05_11_50_05_835.jpg,0.45,0.3822612,0,19.94957
E:\IMG\center_2025_12_05_11_50_05_904.jpg,E:\IMG\left_2025_12_05_11_50_05_904.jpg,E:\IMG\right_2025_12_05_11_50_05_904.jpg,0.6000001,0.2121257,0,20.1885
E:\IMG\center_2025_12_05_11_50_05_973.jpg,E:\IMG\left_2025_12_05_11_50_05_973.jpg,E:\IMG\right_2025_12_05_11_50_05_973.jpg,0.8000001,0,0,19.93551
E:\IMG\center_2025_12_05_11_50_06_039.jpg,E:\IMG\left_2025_12_05_11_50_06_039.jpg,E:\IMG\right_2025_12_05_11_50_06_039.jpg,0.9500002,0,0,19.39676
E:\IMG\center_2025_12_05_11_50_06_106.jpg,E:\IMG\left_2025_12_05_11_50_06_106.jpg,E:\IMG\right_2025_12_05_11_50_06_106.jpg,1,0,0,19.3824
E:\IMG\center_2025_12_05_11_50_06_175.jpg,E:\IMG\left_2025_12_05_11_50_06_175.jpg,E:\IMG\right_2025_12_05_11_50_06_175.jpg,1,0,0,19.11703
E:\IMG\center_2025_12_05_11_50_06_245.jpg,E:\IMG\left_2025_12_05_11_50_06_245.jpg,E:\IMG\right_2025_12_05_11_50_06_245.jpg,1,0,0,18.52864
E:\IMG\center_2025_12_05_11_50_06_316.jpg,E:\IMG\left_2025_12_05_11_50_06_316.jpg,E:\IMG\right_2025_12_05_11_50_06_316.jpg,1,0,0,18.3045
E:\IMG\center_2025_12_05_11_50_06_388.jpg,E:\IMG\left_2025_12_05_11_50_06_388.jpg,E:\IMG\right_2025_12_05_11_50_06_388.jpg,0,0,0,18.50067
E:\IMG\center_2025_12_05_11_50_06_458.jpg,E:\IMG\left_2025_12_05_11_50_06_458.jpg,E:\IMG\right_2025_12_05_11_50_06_458.jpg,0,0.1792032,0,18.27259
E:\IMG\center_2025_12_05_11_50_06_530.jpg,E:\IMG\left_2025_12_05_11_50_06_530.jpg,E:\IMG\right_2025_12_05_11_50_06_530.jpg,0,0.3953502,0,18.31899
E:\IMG\center_2025_12_05_11_50_06_603.jpg,E:\IMG\left_2025_12_05_11_50_06_603.jpg,E:\IMG\right_2025_12_05_11_50_06_603.jpg,0,0.5791876,0,18.26316
E:\IMG\center_2025_12_05_11_50_06_677.jpg,E:\IMG\left_2025_12_05_11_50_06_677.jpg,E:\IMG\right_2025_12_05_11_50_06_677.jpg,0,0.6138715,0,18.80392
E:\IMG\center_2025_12_05_11_50_06_748.jpg,E:\IMG\left_2025_12_05_11_50_06_748.jpg,E:\IMG\right_2025_12_05_11_50_06_748.jpg,0.15,0.4360575,0,19.31831
E:\IMG\center_2025_12_05_11_50_06_820.jpg,E:\IMG\left_2025_12_05_11_50_06_820.jpg,E:\IMG\right_2025_12_05_11_50_06_820.jpg,0.35,0.1850547,0,19.4307
E:\IMG\center_2025_12_05_11_50_06_892.jpg,E:\IMG\left_2025_12_05_11_50_06_892.jpg,E:\IMG\right_2025_12_05_11_50_06_892.jpg,0.5500001,0,0,19.26336
E:\IMG\center_2025_12_05_11_50_06_959.jpg,E:\IMG\left_2025_12_05_11_50_06_959.jpg,E:\IMG\right_2025_12_05_11_50_06_959.jpg,0.7,0,0,18.71369
E:\IMG\center_2025_12_05_11_50_07_028.jpg,E:\IMG\left_2025_12_05_11_50_07_028.jpg,E:\IMG\right_2025_12_05_11_50_07_028.jpg,0.8500001,0,0,18.79433
E:\IMG\center_2025_12_05_11_50_07_099.jpg,E:\IMG\left_2025_12_05_11_50_07_099.jpg,E:\IMG\right_2025_12_05_11_50_07_099.jpg,0,0,0,18.47909
E:\IMG\center_2025_12_05_11_50_07_170.jpg,E:\IMG\left_2025_12_05_11_50_07_170.jpg,E:\IMG\right_2025_12_05_11_50_07_170.jpg,0,0,0,18.28959
E:\IMG\center_2025_12_05_11_50_07_239.jpg,E:\IMG\left_2025_12_05_11_50_07_239.jpg,E:\IMG\right_2025_12_05_11_50_07_239.jpg,0,0.1762239,0,17.77637
E:\IMG\center_2025_12_05_11_50_07_310.jpg,E:\IMG\left_2025_12_05_11_50_07_310.jpg,E:\IMG\right_2025_12_05_11_50_07_310.jpg,0,0.3887451,0,17.93222
E:\IMG\center_2025_12_05_11_50_07_382.jpg,E:\IMG\left_2025_12_05_11_50_07_382.jpg,E:\IMG\right_2025_12_05_11_50_07_382.jpg,0,0.5709483,0,18.5499
E:\IMG\center_2025_12_05_11_50_07_456.jpg,E:\IMG\left_2025_12_05_11_50_07_456.jpg,E:\IMG\right_2025_12_05_11_50_07_456.jpg,0.15,0.6089758,0,19.0181
E:\IMG\center_2025_12_05_11_50_07_525.jpg,E:\IMG\left_2025_12_05_11_50_07_525.jpg,E:\IMG\right_2025_12_05_11_50_07_525.jpg,0.3,0.436858,0,18.98123
E:\IMG\center_2025_12_05_11_50_07_599.jpg,E:\IMG\left_2025_12_05_11_50_07_599.jpg,E:\IMG\right_2025_12_05_11_50_07_599.jpg,0.5000001,0.1804417,0,19.02258
E:\IMG\center_2025_12_05_11_50_07_670.jpg,E:\IMG\left_2025_12_05_11_50_07_670.jpg,E:\IMG\right_2025_12_05_11_50_07_670.jpg,0.7,0,0,18.78923
E:\IMG\center_2025_12_05_11_50_07_740.jpg,E:\IMG\left_2025_12_05_11_50_07_740.jpg,E:\IMG\right_2025_12_05_11_50_07_740.jpg,0.8500001,0,0,18.8355
E:\IMG\center_2025_12_05_11_50_07_810.jpg,E:\IMG\left_2025_12_05_11_50_07_810.jpg,E:\IMG\right_2025_12_05_11_50_07_810.jpg,1,0,0,18.4866
E:\IMG\center_2025_12_05_11_50_07_884.jpg,E:\IMG\left_2025_12_05_11_50_07_884.jpg,E:\IMG\right_2025_12_05_11_50_07_884.jpg,1,0,0,17.86503
E:\IMG\center_2025_12_05_11_50_07_959.jpg,E:\IMG\left_2025_12_05_11_50_07_959.jpg,E:\IMG\right_2025_12_05_11_50_07_959.jpg,0,0,0,17.62936
E:\IMG\center_2025_12_05_11_50_08_036.jpg,E:\IMG\left_2025_12_05_11_50_08_036.jpg,E:\IMG\right_2025_12_05_11_50_08_036.jpg,0,0,0,17.37538
E:\IMG\center_2025_12_05_11_50_08_115.jpg,E:\IMG\left_2025_12_05_11_50_08_115.jpg,E:\IMG\right_2025_12_05_11_50_08_115.jpg,0.05,0,0,17.12357
E:\IMG\center_2025_12_05_11_50_08_192.jpg,E:\IMG\left_2025_12_05_11_50_08_192.jpg,E:\IMG\right_2025_12_05_11_50_08_192.jpg,0.25,0,0,16.9558
E:\IMG\center_2025_12_05_11_50_08_265.jpg,E:\IMG\left_2025_12_05_11_50_08_265.jpg,E:\IMG\right_2025_12_05_11_50_08_265.jpg,0.4,0,0,17.32789
E:\IMG\center_2025_12_05_11_50_08_341.jpg,E:\IMG\left_2025_12_05_11_50_08_341.jpg,E:\IMG\right_2025_12_05_11_50_08_341.jpg,0.6000001,0,0,17.08464
E:\IMG\center_2025_12_05_11_50_08_421.jpg,E:\IMG\left_2025_12_05_11_50_08_421.jpg,E:\IMG\right_2025_12_05_11_50_08_421.jpg,0.8000001,0,0,16.79631
E:\IMG\center_2025_12_05_11_50_08_492.jpg,E:\IMG\left_2025_12_05_11_50_08_492.jpg,E:\IMG\right_2025_12_05_11_50_08_492.jpg,0,0,0,16.47648
E:\IMG\center_2025_12_05_11_50_08_567.jpg,E:\IMG\left_2025_12_05_11_50_08_567.jpg,E:\IMG\right_2025_12_05_11_50_08_567.jpg,0,0,0,15.8888
E:\IMG\center_2025_12_05_11_50_08_637.jpg,E:\IMG\left_2025_12_05_11_50_08_637.jpg,E:\IMG\right_2025_12_05_11_50_08_637.jpg,0,0,0,15.6658
E:\IMG\center_2025_12_05_11_50_08_707.jpg,E:\IMG\left_2025_12_05_11_50_08_707.jpg,E:\IMG\right_2025_12_05_11_50_08_707.jpg,0,0,0,16.09749
E:\IMG\center_2025_12_05_11_50_08_776.jpg,E:\IMG\left_2025_12_05_11_50_08_776.jpg,E:\IMG\right_2025_12_05_11_50_08_776.jpg,0.1,0,0,15.97535
E:\IMG\center_2025_12_05_11_50_08_844.jpg,E:\IMG\left_2025_12_05_11_50_08_844.jpg,E:\IMG\right_2025_12_05_11_50_08_844.jpg,0.25,0,0,15.33232
E:\IMG\center_2025_12_05_11_50_08_916.jpg,E:\IMG\left_2025_12_05_11_50_08_916.jpg,E:\IMG\right_2025_12_05_11_50_08_916.jpg,0.45,0,0,15.15284
E:\IMG\center_2025_12_05_11_50_08_987.jpg,E:\IMG\left_2025_12_05_11_50_08_987.jpg,E:\IMG\right_2025_12_05_11_50_08_987.jpg,0.6000001,0,0,15.48824
E:\IMG\center_2025_12_05_11_50_09_059.jpg,E:\IMG\left_2025_12_05_11_50_09_059.jpg,E:\IMG\right_2025_12_05_11_50_09_059.jpg,0.8000001,0,0,15.2203
E:\IMG\center_2025_12_05_11_50_09_131.jpg,E:\IMG\left_2025_12_05_11_50_09_131.jpg,E:\IMG\right_2025_12_05_11_50_09_131.jpg,1,0,0,14.92063
E:\IMG\center_2025_12_05_11_50_09_205.jpg,E:\IMG\left_2025_12_05_11_50_09_205.jpg,E:\IMG\right_2025_12_05_11_50_09_205.jpg,1,0,0,14.27195
E:\IMG\center_2025_12_05_11_50_09_284.jpg,E:\IMG\left_2025_12_05_11_50_09_284.jpg,E:\IMG\right_2025_12_05_11_50_09_284.jpg,0,0,0,14.03044
E:\IMG\center_2025_12_05_11_50_09_361.jpg,E:\IMG\left_2025_12_05_11_50_09_361.jpg,E:\IMG\right_2025_12_05_11_50_09_361.jpg,0,0,0,13.80704
E:\IMG\center_2025_12_05_11_50_09_441.jpg,E:\IMG\left_2025_12_05_11_50_09_441.jpg,E:\IMG\right_2025_12_05_11_50_09_441.jpg,0.05,0,0,13.70583
E:\IMG\center_2025_12_05_11_50_09_522.jpg,E:\IMG\left_2025_12_05_11_50_09_522.jpg,E:\IMG\right_2025_12_05_11_50_09_522.jpg,0.25,0,0,13.51951
E:\IMG\center_2025_12_05_11_50_09_603.jpg,E:\IMG\left_2025_12_05_11_50_09_603.jpg,E:\IMG\right_2025_12_05_11_50_09_603.jpg,0.45,0,0,13.38078
E:\IMG\center_2025_12_05_11_50_09_684.jpg,E:\IMG\left_2025_12_05_11_50_09_684.jpg,E:\IMG\right_2025_12_05_11_50_09_684.jpg,0.6500001,0,0,13.19582
E:\IMG\center_2025_12_05_11_50_09_765.jpg,E:\IMG\left_2025_12_05_11_50_09_765.jpg,E:\IMG\right_2025_12_05_11_50_09_765.jpg,0.8500001,0,0,12.99168
E:\IMG\center_2025_12_05_11_50_09_847.jpg,E:\IMG\left_2025_12_05_11_50_09_847.jpg,E:\IMG\right_2025_12_05_11_50_09_847.jpg,1,0.1497549,0,12.72836
E:\IMG\center_2025_12_05_11_50_09_919.jpg,E:\IMG\left_2025_12_05_11_50_09_919.jpg,E:\IMG\right_2025_12_05_11_50_09_919.jpg,0,0.4145151,0,12.81268
E:\IMG\center_2025_12_05_11_50_10_001.jpg,E:\IMG\left_2025_12_05_11_50_10_001.jpg,E:\IMG\right_2025_12_05_11_50_10_001.jpg,0,0.5613348,0,13.19182
E:\IMG\center_2025_12_05_11_50_10_086.jpg,E:\IMG\left_2025_12_05_11_50_10_086.jpg,E:\IMG\right_2025_12_05_11_50_10_086.jpg,0,0.3137952,0,13.52289
E:\IMG\center_2025_12_05_11_50_10_165.jpg,E:\IMG\left_2025_12_05_11_50_10_165.jpg,E:\IMG\right_2025_12_05_11_50_10_165.jpg,0,0.1175664,0,13.57725
E:\IMG\center_2025_12_05_11_50_10_245.jpg,E:\IMG\left_2025_12_05_11_50_10_245.jpg,E:\IMG\right_2025_12_05_11_50_10_245.jpg,0.1,0,0,13.49827
E:\IMG\center_2025_12_05_11_50_10_327.jpg,E:\IMG\left_2025_12_05_11_50_10_327.jpg,E:\IMG\right_2025_12_05_11_50_10_327.jpg,0.3,0,0,13.4087
E:\IMG\center_2025_12_05_11_50_10_407.jpg,E:\IMG\left_2025_12_05_11_50_10_407.jpg,E:\IMG\right_2025_12_05_11_50_10_407.jpg,0.5000001,0,0,13.18902
E:\IMG\center_2025_12_05_11_50_10_475.jpg,E:\IMG\left_2025_12_05_11_50_10_475.jpg,E:\IMG\right_2025_12_05_11_50_10_475.jpg,0.7,0,0,12.93439
E:\IMG\center_2025_12_05_11_50_10_545.jpg,E:\IMG\left_2025_12_05_11_50_10_545.jpg,E:\IMG\right_2025_12_05_11_50_10_545.jpg,0.8500001,0.057831,0,13.27168
E:\IMG\center_2025_12_05_11_50_10_618.jpg,E:\IMG\left_2025_12_05_11_50_10_618.jpg,E:\IMG\right_2025_12_05_11_50_10_618.jpg,0,0.2733195,0,13.16025
E:\IMG\center_2025_12_05_11_50_10_686.jpg,E:\IMG\left_2025_12_05_11_50_10_686.jpg,E:\IMG\right_2025_12_05_11_50_10_686.jpg,0,0.4318071,0,12.88636
E:\IMG\center_2025_12_05_11_50_10_760.jpg,E:\IMG\left_2025_12_05_11_50_10_760.jpg,E:\IMG\right_2025_12_05_11_50_10_760.jpg,0,0.6951411,0,13.44413
E:\IMG\center_2025_12_05_11_50_10_828.jpg,E:\IMG\left_2025_12_05_11_50_10_828.jpg,E:\IMG\right_2025_12_05_11_50_10_828.jpg,0,0.8540612,0,14.06994
E:\IMG\center_2025_12_05_11_50_10_901.jpg,E:\IMG\left_2025_12_05_11_50_10_901.jpg,E:\IMG\right_2025_12_05_11_50_10_901.jpg,0.1,1,0,14.98362
E:\IMG\center_2025_12_05_11_50_10_972.jpg,E:\IMG\left_2025_12_05_11_50_10_972.jpg,E:\IMG\right_2025_12_05_11_50_10_972.jpg,0.3,1,0,15.78761
E:\IMG\center_2025_12_05_11_50_11_042.jpg,E:\IMG\left_2025_12_05_11_50_11_042.jpg,E:\IMG\right_2025_12_05_11_50_11_042.jpg,0.45,1,0,16.16814
E:\IMG\center_2025_12_05_11_50_11_114.jpg,E:\IMG\left_2025_12_05_11_50_11_114.jpg,E:\IMG\right_2025_12_05_11_50_11_114.jpg,0.6500001,0.8372896,0,16.40799
E:\IMG\center_2025_12_05_11_50_11_186.jpg,E:\IMG\left_2025_12_05_11_50_11_186.jpg,E:\IMG\right_2025_12_05_11_50_11_186.jpg,0,0.6185344,0,16.8751
E:\IMG\center_2025_12_05_11_50_11_257.jpg,E:\IMG\left_2025_12_05_11_50_11_257.jpg,E:\IMG\right_2025_12_05_11_50_11_257.jpg,0,0.4047634,0,17.10001
E:\IMG\center_2025_12_05_11_50_11_333.jpg,E:\IMG\left_2025_12_05_11_50_11_333.jpg,E:\IMG\right_2025_12_05_11_50_11_333.jpg,0,0.1830502,0,16.78369
E:\IMG\center_2025_12_05_11_50_11_407.jpg,E:\IMG\left_2025_12_05_11_50_11_407.jpg,E:\IMG\right_2025_12_05_11_50_11_407.jpg,0.05,0.2471104,0,16.22396
E:\IMG\center_2025_12_05_11_50_11_485.jpg,E:\IMG\left_2025_12_05_11_50_11_485.jpg,E:\IMG\right_2025_12_05_11_50_11_485.jpg,0.25,0.5253196,0,15.954
E:\IMG\center_2025_12_05_11_50_11_558.jpg,E:\IMG\left_2025_12_05_11_50_11_558.jpg,E:\IMG\right_2025_12_05_11_50_11_558.jpg,0.45,0.752256,0,15.95071
E:\IMG\center_2025_12_05_11_50_11_634.jpg,E:\IMG\left_2025_12_05_11_50_11_634.jpg,E:\IMG\right_2025_12_05_11_50_11_634.jpg,0.6500001,0.9772537,0,15.46038
E:\IMG\center_2025_12_05_11_50_11_714.jpg,E:\IMG\left_2025_12_05_11_50_11_714.jpg,E:\IMG\right_2025_12_05_11_50_11_714.jpg,0.8500001,1,0,15.12932
E:\IMG\center_2025_12_05_11_50_11_786.jpg,E:\IMG\left_2025_12_05_11_50_11_786.jpg,E:\IMG\right_2025_12_05_11_50_11_786.jpg,1,1,0,14.75562
E:\IMG\center_2025_12_05_11_50_11_855.jpg,E:\IMG\left_2025_12_05_11_50_11_855.jpg,E:\IMG\right_2025_12_05_11_50_11_855.jpg,1,1,0,15.10137
E:\IMG\center_2025_12_05_11_50_11_924.jpg,E:\IMG\left_2025_12_05_11_50_11_924.jpg,E:\IMG\right_2025_12_05_11_50_11_924.jpg,1,0.7928671,0,15.2731
E:\IMG\center_2025_12_05_11_50_12_006.jpg,E:\IMG\left_2025_12_05_11_50_12_006.jpg,E:\IMG\right_2025_12_05_11_50_12_006.jpg,1,0.5470339,0,15.30422
E:\IMG\center_2025_12_05_11_50_12_073.jpg,E:\IMG\left_2025_12_05_11_50_12_073.jpg,E:\IMG\right_2025_12_05_11_50_12_073.jpg,1,0.3459955,0,15.25102
E:\IMG\center_2025_12_05_11_50_12_144.jpg,E:\IMG\left_2025_12_05_11_50_12_144.jpg,E:\IMG\right_2025_12_05_11_50_12_144.jpg,1,0.1352479,0,15.34917
E:\IMG\center_2025_12_05_11_50_12_218.jpg,E:\IMG\left_2025_12_05_11_50_12_218.jpg,E:\IMG\right_2025_12_05_11_50_12_218.jpg,0,0,0,14.90543
E:\IMG\center_2025_12_05_11_50_12_290.jpg,E:\IMG\left_2025_12_05_11_50_12_290.jpg,E:\IMG\right_2025_12_05_11_50_12_290.jpg,0,0,0,14.25384
E:\IMG\center_2025_12_05_11_50_12_364.jpg,E:\IMG\left_2025_12_05_11_50_12_364.jpg,E:\IMG\right_2025_12_05_11_50_12_364.jpg,0,0,0,13.96779
E:\IMG\center_2025_12_05_11_50_12_440.jpg,E:\IMG\left_2025_12_05_11_50_12_440.jpg,E:\IMG\right_2025_12_05_11_50_12_440.jpg,0,0,0,13.498
E:\IMG\center_2025_12_05_11_50_12_511.jpg,E:\IMG\left_2025_12_05_11_50_12_511.jpg,E:\IMG\right_2025_12_05_11_50_12_511.jpg,0,0.1095465,0,12.79965
E:\IMG\center_2025_12_05_11_50_12_588.jpg,E:\IMG\left_2025_12_05_11_50_12_588.jpg,E:\IMG\right_2025_12_05_11_50_12_588.jpg,0,0.3300534,0,12.31783
E:\IMG\center_2025_12_05_11_50_12_662.jpg,E:\IMG\left_2025_12_05_11_50_12_662.jpg,E:\IMG\right_2025_12_05_11_50_12_662.jpg,0,0.5543052,0,12.2824
E:\IMG\center_2025_12_05_11_50_12_733.jpg,E:\IMG\left_2025_12_05_11_50_12_733.jpg,E:\IMG\right_2025_12_05_11_50_12_733.jpg,0,0.7666135,0,12.38142
E:\IMG\center_2025_12_05_11_50_12_802.jpg,E:\IMG\left_2025_12_05_11_50_12_802.jpg,E:\IMG\right_2025_12_05_11_50_12_802.jpg,0,0.9782572,0,12.68907
E:\IMG\center_2025_12_05_11_50_12_874.jpg,E:\IMG\left_2025_12_05_11_50_12_874.jpg,E:\IMG\right_2025_12_05_11_50_12_874.jpg,0,1,0,13.10033
E:\IMG\center_2025_12_05_11_50_12_940.jpg,E:\IMG\left_2025_12_05_11_50_12_940.jpg,E:\IMG\right_2025_12_05_11_50_12_940.jpg,0,1,0,13.41172
E:\IMG\center_2025_12_05_11_50_13_010.jpg,E:\IMG\left_2025_12_05_11_50_13_010.jpg,E:\IMG\right_2025_12_05_11_50_13_010.jpg,0,1,0,13.76012
E:\IMG\center_2025_12_05_11_50_13_083.jpg,E:\IMG\left_2025_12_05_11_50_13_083.jpg,E:\IMG\right_2025_12_05_11_50_13_083.jpg,0,1,0,14.26609
E:\IMG\center_2025_12_05_11_50_13_159.jpg,E:\IMG\left_2025_12_05_11_50_13_159.jpg,E:\IMG\right_2025_12_05_11_50_13_159.jpg,0,1,0,14.52349
E:\IMG\center_2025_12_05_11_50_13_227.jpg,E:\IMG\left_2025_12_05_11_50_13_227.jpg,E:\IMG\right_2025_12_05_11_50_13_227.jpg,0,0.9454882,0,14.63595
E:\IMG\center_2025_12_05_11_50_13_299.jpg,E:\IMG\left_2025_12_05_11_50_13_299.jpg,E:\IMG\right_2025_12_05_11_50_13_299.jpg,0,0.6841682,0,14.96231
E:\IMG\center_2025_12_05_11_50_13_367.jpg,E:\IMG\left_2025_12_05_11_50_13_367.jpg,E:\IMG\right_2025_12_05_11_50_13_367.jpg,0,0.5239235,0,14.86309
E:\IMG\center_2025_12_05_11_50_13_439.jpg,E:\IMG\left_2025_12_05_11_50_13_439.jpg,E:\IMG\right_2025_12_05_11_50_13_439.jpg,-0.1,0.2598887,0,14.70316
E:\IMG\center_2025_12_05_11_50_13_506.jpg,E:\IMG\left_2025_12_05_11_50_13_506.jpg,E:\IMG\right_2025_12_05_11_50_13_506.jpg,-0.25,0.1060841,0,14.44992
E:\IMG\center_2025_12_05_11_50_13_578.jpg,E:\IMG\left_2025_12_05_11_50_13_578.jpg,E:\IMG\right_2025_12_05_11_50_13_578.jpg,-0.45,0,0,13.86705
E:\IMG\center_2025_12_05_11_50_13_646.jpg,E:\IMG\left_2025_12_05_11_50_13_646.jpg,E:\IMG\right_2025_12_05_11_50_13_646.jpg,0,0,0,13.49027
E:\IMG\center_2025_12_05_11_50_13_719.jpg,E:\IMG\left_2025_12_05_11_50_13_719.jpg,E:\IMG\right_2025_12_05_11_50_13_719.jpg,0,0,0,13.01631
E:\IMG\center_2025_12_05_11_50_13_802.jpg,E:\IMG\left_2025_12_05_11_50_13_802.jpg,E:\IMG\right_2025_12_05_11_50_13_802.jpg,-0.1,0,0,12.51971
E:\IMG\center_2025_12_05_11_50_13_866.jpg,E:\IMG\left_2025_12_05_11_50_13_866.jpg,E:\IMG\right_2025_12_05_11_50_13_866.jpg,-0.25,0,0,12.33726
E:\IMG\center_2025_12_05_11_50_13_936.jpg,E:\IMG\left_2025_12_05_11_50_13_936.jpg,E:\IMG\right_2025_12_05_11_50_13_936.jpg,-0.45,0.1529532,0,11.77959
E:\IMG\center_2025_12_05_11_50_14_019.jpg,E:\IMG\left_2025_12_05_11_50_14_019.jpg,E:\IMG\right_2025_12_05_11_50_14_019.jpg,0,0.4017651,0,11.38084
E:\IMG\center_2025_12_05_11_50_14_103.jpg,E:\IMG\left_2025_12_05_11_50_14_103.jpg,E:\IMG\right_2025_12_05_11_50_14_103.jpg,0,0.6516882,0,11.22204
E:\IMG\center_2025_12_05_11_50_14_168.jpg,E:\IMG\left_2025_12_05_11_50_14_168.jpg,E:\IMG\right_2025_12_05_11_50_14_168.jpg,-0.15,0.8003709,0,11.5898
E:\IMG\center_2025_12_05_11_50_14_237.jpg,E:\IMG\left_2025_12_05_11_50_14_237.jpg,E:\IMG\right_2025_12_05_11_50_14_237.jpg,-0.35,1,0,12.1025
E:\IMG\center_2025_12_05_11_50_14_318.jpg,E:\IMG\left_2025_12_05_11_50_14_318.jpg,E:\IMG\right_2025_12_05_11_50_14_318.jpg,-0.5500001,1,0,12.74878
E:\IMG\center_2025_12_05_11_50_14_403.jpg,E:\IMG\left_2025_12_05_11_50_14_403.jpg,E:\IMG\right_2025_12_05_11_50_14_403.jpg,-0.7500002,1,0,13.43194
E:\IMG\center_2025_12_05_11_50_14_469.jpg,E:\IMG\left_2025_12_05_11_50_14_469.jpg,E:\IMG\right_2025_12_05_11_50_14_469.jpg,-0.9500002,0.8469463,0,13.67338
E:\IMG\center_2025_12_05_11_50_14_541.jpg,E:\IMG\left_2025_12_05_11_50_14_541.jpg,E:\IMG\right_2025_12_05_11_50_14_541.jpg,-1,0.6381922,0,13.98357
E:\IMG\center_2025_12_05_11_50_14_607.jpg,E:\IMG\left_2025_12_05_11_50_14_607.jpg,E:\IMG\right_2025_12_05_11_50_14_607.jpg,-1,0.4857866,0,13.92309
E:\IMG\center_2025_12_05_11_50_14_677.jpg,E:\IMG\left_2025_12_05_11_50_14_677.jpg,E:\IMG\right_2025_12_05_11_50_14_677.jpg,0,0.2284583,0,13.91823
E:\IMG\center_2025_12_05_11_50_14_743.jpg,E:\IMG\left_2025_12_05_11_50_14_743.jpg,E:\IMG\right_2025_12_05_11_50_14_743.jpg,0,0.2297738,0,13.89648
E:\IMG\center_2025_12_05_11_50_14_809.jpg,E:\IMG\left_2025_12_05_11_50_14_809.jpg,E:\IMG\right_2025_12_05_11_50_14_809.jpg,0,0.4298342,0,13.85266
E:\IMG\center_2025_12_05_11_50_14_877.jpg,E:\IMG\left_2025_12_05_11_50_14_877.jpg,E:\IMG\right_2025_12_05_11_50_14_877.jpg,0,0.632207,0,14.33558
E:\IMG\center_2025_12_05_11_50_14_960.jpg,E:\IMG\left_2025_12_05_11_50_14_960.jpg,E:\IMG\right_2025_12_05_11_50_14_960.jpg,0,0.8812286,0,14.88059
E:\IMG\center_2025_12_05_11_50_15_038.jpg,E:\IMG\left_2025_12_05_11_50_15_038.jpg,E:\IMG\right_2025_12_05_11_50_15_038.jpg,0,1,0,15.65213
E:\IMG\center_2025_12_05_11_50_15_119.jpg,E:\IMG\left_2025_12_05_11_50_15_119.jpg,E:\IMG\right_2025_12_05_11_50_15_119.jpg,-0.2,1,0,16.36734
E:\IMG\center_2025_12_05_11_50_15_201.jpg,E:\IMG\left_2025_12_05_11_50_15_201.jpg,E:\IMG\right_2025_12_05_11_50_15_201.jpg,-0.4,1,0,17.16166
E:\IMG\center_2025_12_05_11_50_15_284.jpg,E:\IMG\left_2025_12_05_11_50_15_284.jpg,E:\IMG\right_2025_12_05_11_50_15_284.jpg,0,0.9508219,0,17.91495
E:\IMG\center_2025_12_05_11_50_15_363.jpg,E:\IMG\left_2025_12_05_11_50_15_363.jpg,E:\IMG\right_2025_12_05_11_50_15_363.jpg,0,0.7112244,0,18.54505
E:\IMG\center_2025_12_05_11_50_15_445.jpg,E:\IMG\left_2025_12_05_11_50_15_445.jpg,E:\IMG\right_2025_12_05_11_50_15_445.jpg,0,0.467022,0,18.97709
E:\IMG\center_2025_12_05_11_50_15_525.jpg,E:\IMG\left_2025_12_05_11_50_15_525.jpg,E:\IMG\right_2025_12_05_11_50_15_525.jpg,0,0.2269953,0,19.18337
E:\IMG\center_2025_12_05_11_50_15_604.jpg,E:\IMG\left_2025_12_05_11_50_15_604.jpg,E:\IMG\right_2025_12_05_11_50_15_604.jpg,-0.2,0.3650151,0,19.23375
E:\IMG\center_2025_12_05_11_50_15_671.jpg,E:\IMG\left_2025_12_05_11_50_15_671.jpg,E:\IMG\right_2025_12_05_11_50_15_671.jpg,-0.4,0.5650224,0,19.47499
E:\IMG\center_2025_12_05_11_50_15_742.jpg,E:\IMG\left_2025_12_05_11_50_15_742.jpg,E:\IMG\right_2025_12_05_11_50_15_742.jpg,-0.5500001,0.7686633,0,19.77496
E:\IMG\center_2025_12_05_11_50_15_813.jpg,E:\IMG\left_2025_12_05_11_50_15_813.jpg,E:\IMG\right_2025_12_05_11_50_15_813.jpg,0,0.7847242,0,20.34208
E:\IMG\center_2025_12_05_11_50_15_895.jpg,E:\IMG\left_2025_12_05_11_50_15_895.jpg,E:\IMG\right_2025_12_05_11_50_15_895.jpg,0,0.5381362,0,20.81974
E:\IMG\center_2025_12_05_11_50_15_981.jpg,E:\IMG\left_2025_12_05_11_50_15_981.jpg,E:\IMG\right_2025_12_05_11_50_15_981.jpg,0,0.2813359,0,21.0627
E:\IMG\center_2025_12_05_11_50_16_064.jpg,E:\IMG\left_2025_12_05_11_50_16_064.jpg,E:\IMG\right_2025_12_05_11_50_16_064.jpg,0,0.530221,0,21.26423
E:\IMG\center_2025_12_05_11_50_16_143.jpg,E:\IMG\left_2025_12_05_11_50_16_143.jpg,E:\IMG\right_2025_12_05_11_50_16_143.jpg,0,0.7682518,0,21.69044
E:\IMG\center_2025_12_05_11_50_16_219.jpg,E:\IMG\left_2025_12_05_11_50_16_219.jpg,E:\IMG\right_2025_12_05_11_50_16_219.jpg,0,0.9969337,0,22.35777
E:\IMG\center_2025_12_05_11_50_16_297.jpg,E:\IMG\left_2025_12_05_11_50_16_297.jpg,E:\IMG\right_2025_12_05_11_50_16_297.jpg,0,1,0,23.14162
E:\IMG\center_2025_12_05_11_50_16_377.jpg,E:\IMG\left_2025_12_05_11_50_16_377.jpg,E:\IMG\right_2025_12_05_11_50_16_377.jpg,0,1,0,23.92094
E:\IMG\center_2025_12_05_11_50_16_453.jpg,E:\IMG\left_2025_12_05_11_50_16_453.jpg,E:\IMG\right_2025_12_05_11_50_16_453.jpg,0,1,0,24.69504
E:\IMG\center_2025_12_05_11_50_16_533.jpg,E:\IMG\left_2025_12_05_11_50_16_533.jpg,E:\IMG\right_2025_12_05_11_50_16_533.jpg,0,1,0,25.46343
E:\IMG\center_2025_12_05_11_50_16_611.jpg,E:\IMG\left_2025_12_05_11_50_16_611.jpg,E:\IMG\right_2025_12_05_11_50_16_611.jpg,0,0.7651879,0,26.10704
E:\IMG\center_2025_12_05_11_50_16_688.jpg,E:\IMG\left_2025_12_05_11_50_16_688.jpg,E:\IMG\right_2025_12_05_11_50_16_688.jpg,0,0.5802532,0,26.43654
E:\IMG\center_2025_12_05_11_50_16_765.jpg,E:\IMG\left_2025_12_05_11_50_16_765.jpg,E:\IMG\right_2025_12_05_11_50_16_765.jpg,0,0.3474538,0,26.66227
E:\IMG\center_2025_12_05_11_50_16_843.jpg,E:\IMG\left_2025_12_05_11_50_16_843.jpg,E:\IMG\right_2025_12_05_11_50_16_843.jpg,0.2,0.06918404,0,26.6458
E:\IMG\center_2025_12_05_11_50_16_918.jpg,E:\IMG\left_2025_12_05_11_50_16_918.jpg,E:\IMG\right_2025_12_05_11_50_16_918.jpg,0,0,0,26.38087
E:\IMG\center_2025_12_05_11_50_16_993.jpg,E:\IMG\left_2025_12_05_11_50_16_993.jpg,E:\IMG\right_2025_12_05_11_50_16_993.jpg,0,0,0,26.16435
E:\IMG\center_2025_12_05_11_50_17_067.jpg,E:\IMG\left_2025_12_05_11_50_17_067.jpg,E:\IMG\right_2025_12_05_11_50_17_067.jpg,0,0,0,26.00544
E:\IMG\center_2025_12_05_11_50_17_145.jpg,E:\IMG\left_2025_12_05_11_50_17_145.jpg,E:\IMG\right_2025_12_05_11_50_17_145.jpg,0,0,0,25.7959
E:\IMG\center_2025_12_05_11_50_17_220.jpg,E:\IMG\left_2025_12_05_11_50_17_220.jpg,E:\IMG\right_2025_12_05_11_50_17_220.jpg,0,0,0,25.58838
E:\IMG\center_2025_12_05_11_50_17_299.jpg,E:\IMG\left_2025_12_05_11_50_17_299.jpg,E:\IMG\right_2025_12_05_11_50_17_299.jpg,0,0,0,25.38262
E:\IMG\center_2025_12_05_11_50_17_376.jpg,E:\IMG\left_2025_12_05_11_50_17_376.jpg,E:\IMG\right_2025_12_05_11_50_17_376.jpg,0,0,0,25.17852
E:\IMG\center_2025_12_05_11_50_17_453.jpg,E:\IMG\left_2025_12_05_11_50_17_453.jpg,E:\IMG\right_2025_12_05_11_50_17_453.jpg,0.2,0,0,24.95848
E:\IMG\center_2025_12_05_11_50_17_534.jpg,E:\IMG\left_2025_12_05_11_50_17_534.jpg,E:\IMG\right_2025_12_05_11_50_17_534.jpg,0,0,0,24.74037
E:\IMG\center_2025_12_05_11_50_17_615.jpg,E:\IMG\left_2025_12_05_11_50_17_615.jpg,E:\IMG\right_2025_12_05_11_50_17_615.jpg,0,0,0,24.54094
E:\IMG\center_2025_12_05_11_50_17_695.jpg,E:\IMG\left_2025_12_05_11_50_17_695.jpg,E:\IMG\right_2025_12_05_11_50_17_695.jpg,0,0,0,24.34348
E:\IMG\center_2025_12_05_11_50_17_777.jpg,E:\IMG\left_2025_12_05_11_50_17_777.jpg,E:\IMG\right_2025_12_05_11_50_17_777.jpg,0,0,0.2391675,23.02124
E:\IMG\center_2025_12_05_11_50_17_845.jpg,E:\IMG\left_2025_12_05_11_50_17_845.jpg,E:\IMG\right_2025_12_05_11_50_17_845.jpg,0,0,0.4403097,22.00664
E:\IMG\center_2025_12_05_11_50_17_915.jpg,E:\IMG\left_2025_12_05_11_50_17_915.jpg,E:\IMG\right_2025_12_05_11_50_17_915.jpg,0,0,0.6465438,20.66768
E:\IMG\center_2025_12_05_11_50_17_984.jpg,E:\IMG\left_2025_12_05_11_50_17_984.jpg,E:\IMG\right_2025_12_05_11_50_17_984.jpg,0,0,0.859818,19.67388
E:\IMG\center_2025_12_05_11_50_18_052.jpg,E:\IMG\left_2025_12_05_11_50_18_052.jpg,E:\IMG\right_2025_12_05_11_50_18_052.jpg,0,0,0.8599545,18.36256
E:\IMG\center_2025_12_05_11_50_18_123.jpg,E:\IMG\left_2025_12_05_11_50_18_123.jpg,E:\IMG\right_2025_12_05_11_50_18_123.jpg,0,0,0.6481907,17.38915
E:\IMG\center_2025_12_05_11_50_18_193.jpg,E:\IMG\left_2025_12_05_11_50_18_193.jpg,E:\IMG\right_2025_12_05_11_50_18_193.jpg,0,0,0.4409018,16.10425
E:\IMG\center_2025_12_05_11_50_18_262.jpg,E:\IMG\left_2025_12_05_11_50_18_262.jpg,E:\IMG\right_2025_12_05_11_50_18_262.jpg,0,0,0.231455,15.15013
E:\IMG\center_2025_12_05_11_50_18_331.jpg,E:\IMG\left_2025_12_05_11_50_18_331.jpg,E:\IMG\right_2025_12_05_11_50_18_331.jpg,0,0,0.02258122,13.89101
E:\IMG\center_2025_12_05_11_50_18_402.jpg,E:\IMG\left_2025_12_05_11_50_18_402.jpg,E:\IMG\right_2025_12_05_11_50_18_402.jpg,0,0.1027452,0,13.49947
E:\IMG\center_2025_12_05_11_50_18_471.jpg,E:\IMG\left_2025_12_05_11_50_18_471.jpg,E:\IMG\right_2025_12_05_11_50_18_471.jpg,0,0.321987,0,13.60561
E:\IMG\center_2025_12_05_11_50_18_546.jpg,E:\IMG\left_2025_12_05_11_50_18_546.jpg,E:\IMG\right_2025_12_05_11_50_18_546.jpg,0,0.5370783,0,13.58217
E:\IMG\center_2025_12_05_11_50_18_618.jpg,E:\IMG\left_2025_12_05_11_50_18_618.jpg,E:\IMG\right_2025_12_05_11_50_18_618.jpg,0,0.7603281,0,14.1903
E:\IMG\center_2025_12_05_11_50_18_692.jpg,E:\IMG\left_2025_12_05_11_50_18_692.jpg,E:\IMG\right_2025_12_05_11_50_18_692.jpg,0,0.8639349,0,14.88982
E:\IMG\center_2025_12_05_11_50_18_765.jpg,E:\IMG\left_2025_12_05_11_50_18_765.jpg,E:\IMG\right_2025_12_05_11_50_18_765.jpg,0,0.6436602,0,15.26396
E:\IMG\center_2025_12_05_11_50_18_846.jpg,E:\IMG\left_2025_12_05_11_50_18_846.jpg,E:\IMG\right_2025_12_05_11_50_18_846.jpg,0,0.4176885,0,15.649
E:\IMG\center_2025_12_05_11_50_18_921.jpg,E:\IMG\left_2025_12_05_11_50_18_921.jpg,E:\IMG\right_2025_12_05_11_50_18_921.jpg,0,0.1851109,0,15.78465
E:\IMG\center_2025_12_05_11_50_18_995.jpg,E:\IMG\left_2025_12_05_11_50_18_995.jpg,E:\IMG\right_2025_12_05_11_50_18_995.jpg,0,0,0,15.74051
E:\IMG\center_2025_12_05_11_50_19_079.jpg,E:\IMG\left_2025_12_05_11_50_19_079.jpg,E:\IMG\right_2025_12_05_11_50_19_079.jpg,-0.15,0.2423661,0,15.71914
E:\IMG\center_2025_12_05_11_50_19_151.jpg,E:\IMG\left_2025_12_05_11_50_19_151.jpg,E:\IMG\right_2025_12_05_11_50_19_151.jpg,0,0.4710663,0,15.93126
E:\IMG\center_2025_12_05_11_50_19_225.jpg,E:\IMG\left_2025_12_05_11_50_19_225.jpg,E:\IMG\right_2025_12_05_11_50_19_225.jpg,0,0.4738317,0,16.29014
E:\IMG\center_2025_12_05_11_50_19_301.jpg,E:\IMG\left_2025_12_05_11_50_19_301.jpg,E:\IMG\right_2025_12_05_11_50_19_301.jpg,0,0.2439138,0,16.5117
E:\IMG\center_2025_12_05_11_50_19_376.jpg,E:\IMG\left_2025_12_05_11_50_19_376.jpg,E:\IMG\right_2025_12_05_11_50_19_376.jpg,0,0.020826,0,16.51363
E:\IMG\center_2025_12_05_11_50_19_455.jpg,E:\IMG\left_2025_12_05_11_50_19_455.jpg,E:\IMG\right_2025_12_05_11_50_19_455.jpg,0,0,0,16.35812
E:\IMG\center_2025_12_05_11_50_19_530.jpg,E:\IMG\left_2025_12_05_11_50_19_530.jpg,E:\IMG\right_2025_12_05_11_50_19_530.jpg,0,0.2240508,0,16.31652
E:\IMG\center_2025_12_05_11_50_19_603.jpg,E:\IMG\left_2025_12_05_11_50_19_603.jpg,E:\IMG\right_2025_12_05_11_50_19_603.jpg,0,0.4431153,0,16.39055
E:\IMG\center_2025_12_05_11_50_19_674.jpg,E:\IMG\left_2025_12_05_11_50_19_674.jpg,E:\IMG\right_2025_12_05_11_50_19_674.jpg,-0.1,0.6571509,0,16.80288
E:\IMG\center_2025_12_05_11_50_19_748.jpg,E:\IMG\left_2025_12_05_11_50_19_748.jpg,E:\IMG\right_2025_12_05_11_50_19_748.jpg,-0.25,0.6000843,0,17.31414
E:\IMG\center_2025_12_05_11_50_19_822.jpg,E:\IMG\left_2025_12_05_11_50_19_822.jpg,E:\IMG\right_2025_12_05_11_50_19_822.jpg,0,0.3259395,0,17.62485
E:\IMG\center_2025_12_05_11_50_19_896.jpg,E:\IMG\left_2025_12_05_11_50_19_896.jpg,E:\IMG\right_2025_12_05_11_50_19_896.jpg,0,0.101706,0,17.72442
E:\IMG\center_2025_12_05_11_50_19_968.jpg,E:\IMG\left_2025_12_05_11_50_19_968.jpg,E:\IMG\right_2025_12_05_11_50_19_968.jpg,0,0,0,17.29681
E:\IMG\center_2025_12_05_11_50_20_040.jpg,E:\IMG\left_2025_12_05_11_50_20_040.jpg,E:\IMG\right_2025_12_05_11_50_20_040.jpg,0,0,0.1098555,17.27621
E:\IMG\center_2025_12_05_11_50_20_117.jpg,E:\IMG\left_2025_12_05_11_50_20_117.jpg,E:\IMG\right_2025_12_05_11_50_20_117.jpg,0,0,0.3321942,15.99111
E:\IMG\center_2025_12_05_11_50_20_196.jpg,E:\IMG\left_2025_12_05_11_50_20_196.jpg,E:\IMG\right_2025_12_05_11_50_20_196.jpg,0,0,0.5636358,14.72042
E:\IMG\center_2025_12_05_11_50_20_274.jpg,E:\IMG\left_2025_12_05_11_50_20_274.jpg,E:\IMG\right_2025_12_05_11_50_20_274.jpg,0,0,0.800136,13.4645
E:\IMG\center_2025_12_05_11_50_20_355.jpg,E:\IMG\left_2025_12_05_11_50_20_355.jpg,E:\IMG\right_2025_12_05_11_50_20_355.jpg,0,0,1,12.22373
E:\IMG\center_2025_12_05_11_50_20_429.jpg,E:\IMG\left_2025_12_05_11_50_20_429.jpg,E:\IMG\right_2025_12_05_11_50_20_429.jpg,0,0,1,11.30256
E:\IMG\center_2025_12_05_11_50_20_515.jpg,E:\IMG\left_2025_12_05_11_50_20_515.jpg,E:\IMG\right_2025_12_05_11_50_20_515.jpg,0,0,0.8726461,9.79582
E:\IMG\center_2025_12_05_11_50_20_600.jpg,E:\IMG\left_2025_12_05_11_50_20_600.jpg,E:\IMG\right_2025_12_05_11_50_20_600.jpg,0,0,0.7491142,8.58554
E:\IMG\center_2025_12_05_11_50_20_684.jpg,E:\IMG\left_2025_12_05_11_50_20_684.jpg,E:\IMG\right_2025_12_05_11_50_20_684.jpg,-0.15,0,0.9971926,7.535316
E:\IMG\center_2025_12_05_11_50_20_765.jpg,E:\IMG\left_2025_12_05_11_50_20_765.jpg,E:\IMG\right_2025_12_05_11_50_20_765.jpg,-0.35,0,0.8188723,6.412739
E:\IMG\center_2025_12_05_11_50_20_844.jpg,E:\IMG\left_2025_12_05_11_50_20_844.jpg,E:\IMG\right_2025_12_05_11_50_20_844.jpg,-0.5500001,0,0.5781118,5.278895
E:\IMG\center_2025_12_05_11_50_20_918.jpg,E:\IMG\left_2025_12_05_11_50_20_918.jpg,E:\IMG\right_2025_12_05_11_50_20_918.jpg,0,0,0.3468972,4.470546
E:\IMG\center_2025_12_05_11_50_20_991.jpg,E:\IMG\left_2025_12_05_11_50_20_991.jpg,E:\IMG\right_2025_12_05_11_50_20_991.jpg,0,0,0.1294,4.426376
E:\IMG\center_2025_12_05_11_50_21_060.jpg,E:\IMG\left_2025_12_05_11_50_21_060.jpg,E:\IMG\right_2025_12_05_11_50_21_060.jpg,0,0.0516507,0,4.451965
E:\IMG\center_2025_12_05_11_50_21_140.jpg,E:\IMG\left_2025_12_05_11_50_21_140.jpg,E:\IMG\right_2025_12_05_11_50_21_140.jpg,0,0.2915889,0,4.656483
E:\IMG\center_2025_12_05_11_50_21_220.jpg,E:\IMG\left_2025_12_05_11_50_21_220.jpg,E:\IMG\right_2025_12_05_11_50_21_220.jpg,-0.1,0.1463841,0,4.91747
E:\IMG\center_2025_12_05_11_50_21_295.jpg,E:\IMG\left_2025_12_05_11_50_21_295.jpg,E:\IMG\right_2025_12_05_11_50_21_295.jpg,-0.3,0,0,4.970021
E:\IMG\center_2025_12_05_11_50_21_372.jpg,E:\IMG\left_2025_12_05_11_50_21_372.jpg,E:\IMG\right_2025_12_05_11_50_21_372.jpg,-0.5000001,0,0,4.96386
E:\IMG\center_2025_12_05_11_50_21_448.jpg,E:\IMG\left_2025_12_05_11_50_21_448.jpg,E:\IMG\right_2025_12_05_11_50_21_448.jpg,-0.6500001,0,0,4.951182
E:\IMG\center_2025_12_05_11_50_21_527.jpg,E:\IMG\left_2025_12_05_11_50_21_527.jpg,E:\IMG\right_2025_12_05_11_50_21_527.jpg,0,0,0,4.901233
E:\IMG\center_2025_12_05_11_50_21_608.jpg,E:\IMG\left_2025_12_05_11_50_21_608.jpg,E:\IMG\right_2025_12_05_11_50_21_608.jpg,0,0,0,4.925741
E:\IMG\center_2025_12_05_11_50_21_688.jpg,E:\IMG\left_2025_12_05_11_50_21_688.jpg,E:\IMG\right_2025_12_05_11_50_21_688.jpg,-0.1,0,0,4.959516
E:\IMG\center_2025_12_05_11_50_21_770.jpg,E:\IMG\left_2025_12_05_11_50_21_770.jpg,E:\IMG\right_2025_12_05_11_50_21_770.jpg,-0.35,0,0,4.987358
E:\IMG\center_2025_12_05_11_50_21_839.jpg,E:\IMG\left_2025_12_05_11_50_21_839.jpg,E:\IMG\right_2025_12_05_11_50_21_839.jpg,-0.5000001,0,0,5.008069
E:\IMG\center_2025_12_05_11_50_21_912.jpg,E:\IMG\left_2025_12_05_11_50_21_912.jpg,E:\IMG\right_2025_12_05_11_50_21_912.jpg,-0.7,0,0,5.040886
E:\IMG\center_2025_12_05_11_50_21_990.jpg,E:\IMG\left_2025_12_05_11_50_21_990.jpg,E:\IMG\right_2025_12_05_11_50_21_990.jpg,-0.9000002,0.1163325,0,5.117759
E:\IMG\center_2025_12_05_11_50_22_067.jpg,E:\IMG\left_2025_12_05_11_50_22_067.jpg,E:\IMG\right_2025_12_05_11_50_22_067.jpg,-1,0.3457125,0,5.372907
E:\IMG\center_2025_12_05_11_50_22_143.jpg,E:\IMG\left_2025_12_05_11_50_22_143.jpg,E:\IMG\right_2025_12_05_11_50_22_143.jpg,0,0.3399495,0,5.804601
E:\IMG\center_2025_12_05_11_50_22_220.jpg,E:\IMG\left_2025_12_05_11_50_22_220.jpg,E:\IMG\right_2025_12_05_11_50_22_220.jpg,0,0.1114995,0,6.181359
E:\IMG\center_2025_12_05_11_50_22_296.jpg,E:\IMG\left_2025_12_05_11_50_22_296.jpg,E:\IMG\right_2025_12_05_11_50_22_296.jpg,0,0,0,6.387794
E:\IMG\center_2025_12_05_11_50_22_371.jpg,E:\IMG\left_2025_12_05_11_50_22_371.jpg,E:\IMG\right_2025_12_05_11_50_22_371.jpg,-0.05,0.1729665,0,6.647879
E:\IMG\center_2025_12_05_11_50_22_450.jpg,E:\IMG\left_2025_12_05_11_50_22_450.jpg,E:\IMG\right_2025_12_05_11_50_22_450.jpg,-0.25,0.408927,0,7.10308
E:\IMG\center_2025_12_05_11_50_22_524.jpg,E:\IMG\left_2025_12_05_11_50_22_524.jpg,E:\IMG\right_2025_12_05_11_50_22_524.jpg,-0.4,0.6313692,0,7.593727
E:\IMG\center_2025_12_05_11_50_22_599.jpg,E:\IMG\left_2025_12_05_11_50_22_599.jpg,E:\IMG\right_2025_12_05_11_50_22_599.jpg,-0.6000001,0.6320766,0,8.356729
E:\IMG\center_2025_12_05_11_50_22_676.jpg,E:\IMG\left_2025_12_05_11_50_22_676.jpg,E:\IMG\right_2025_12_05_11_50_22_676.jpg,0,0.4029849,0,8.919207
E:\IMG\center_2025_12_05_11_50_22_747.jpg,E:\IMG\left_2025_12_05_11_50_22_747.jpg,E:\IMG\right_2025_12_05_11_50_22_747.jpg,0,0.2399289,0,9.237736
E:\IMG\center_2025_12_05_11_50_22_817.jpg,E:\IMG\left_2025_12_05_11_50_22_817.jpg,E:\IMG\right_2025_12_05_11_50_22_817.jpg,-0.15,0,0,9.432198
E:\IMG\center_2025_12_05_11_50_22_894.jpg,E:\IMG\left_2025_12_05_11_50_22_894.jpg,E:\IMG\right_2025_12_05_11_50_22_894.jpg,-0.35,0,0,9.533115
E:\IMG\center_2025_12_05_11_50_22_973.jpg,E:\IMG\left_2025_12_05_11_50_22_973.jpg,E:\IMG\right_2025_12_05_11_50_22_973.jpg,-0.5500001,0,0,9.682096
E:\IMG\center_2025_12_05_11_50_23_053.jpg,E:\IMG\left_2025_12_05_11_50_23_053.jpg,E:\IMG\right_2025_12_05_11_50_23_053.jpg,-0.7500002,0,0,9.810275
E:\IMG\center_2025_12_05_11_50_23_136.jpg,E:\IMG\left_2025_12_05_11_50_23_136.jpg,E:\IMG\right_2025_12_05_11_50_23_136.jpg,-0.9500002,0,0,10.01351
E:\IMG\center_2025_12_05_11_50_23_219.jpg,E:\IMG\left_2025_12_05_11_50_23_219.jpg,E:\IMG\right_2025_12_05_11_50_23_219.jpg,-1,0,0,10.18224
E:\IMG\center_2025_12_05_11_50_23_294.jpg,E:\IMG\left_2025_12_05_11_50_23_294.jpg,E:\IMG\right_2025_12_05_11_50_23_294.jpg,0,0,0,10.32746
E:\IMG\center_2025_12_05_11_50_23_364.jpg,E:\IMG\left_2025_12_05_11_50_23_364.jpg,E:\IMG\right_2025_12_05_11_50_23_364.jpg,0,0,0,10.48731
E:\IMG\center_2025_12_05_11_50_23_435.jpg,E:\IMG\left_2025_12_05_11_50_23_435.jpg,E:\IMG\right_2025_12_05_11_50_23_435.jpg,-0.1,0,0,10.75604
E:\IMG\center_2025_12_05_11_50_23_502.jpg,E:\IMG\left_2025_12_05_11_50_23_502.jpg,E:\IMG\right_2025_12_05_11_50_23_502.jpg,-0.25,0,0,10.94221
E:\IMG\center_2025_12_05_11_50_23_582.jpg,E:\IMG\left_2025_12_05_11_50_23_582.jpg,E:\IMG\right_2025_12_05_11_50_23_582.jpg,-0.45,0,0,11.10442
E:\IMG\center_2025_12_05_11_50_23_654.jpg,E:\IMG\left_2025_12_05_11_50_23_654.jpg,E:\IMG\right_2025_12_05_11_50_23_654.jpg,0,0,0,11.27826
E:\IMG\center_2025_12_05_11_50_23_727.jpg,E:\IMG\left_2025_12_05_11_50_23_727.jpg,E:\IMG\right_2025_12_05_11_50_23_727.jpg,0,0,0,11.54838
E:\IMG\center_2025_12_05_11_50_23_808.jpg,E:\IMG\left_2025_12_05_11_50_23_808.jpg,E:\IMG\right_2025_12_05_11_50_23_808.jpg,-0.2,0,0,11.98071
E:\IMG\center_2025_12_05_11_50_23_878.jpg,E:\IMG\left_2025_12_05_11_50_23_878.jpg,E:\IMG\right_2025_12_05_11_50_23_878.jpg,-0.4,0,0,12.11803
E:\IMG\center_2025_12_05_11_50_23_946.jpg,E:\IMG\left_2025_12_05_11_50_23_946.jpg,E:\IMG\right_2025_12_05_11_50_23_946.jpg,-0.5500001,0,0,12.66045
E:\IMG\center_2025_12_05_11_50_24_019.jpg,E:\IMG\left_2025_12_05_11_50_24_019.jpg,E:\IMG\right_2025_12_05_11_50_24_019.jpg,-0.7500002,0,0,12.57553
E:\IMG\center_2025_12_05_11_50_24_087.jpg,E:\IMG\left_2025_12_05_11_50_24_087.jpg,E:\IMG\right_2025_12_05_11_50_24_087.jpg,-0.9000002,0,0,12.6714
E:\IMG\center_2025_12_05_11_50_24_159.jpg,E:\IMG\left_2025_12_05_11_50_24_159.jpg,E:\IMG\right_2025_12_05_11_50_24_159.jpg,0,0,0,12.71697
E:\IMG\center_2025_12_05_11_50_24_230.jpg,E:\IMG\left_2025_12_05_11_50_24_230.jpg,E:\IMG\right_2025_12_05_11_50_24_230.jpg,0,0,0,12.97121
E:\IMG\center_2025_12_05_11_50_24_301.jpg,E:\IMG\left_2025_12_05_11_50_24_301.jpg,E:\IMG\right_2025_12_05_11_50_24_301.jpg,0,0,0,13.50686
E:\IMG\center_2025_12_05_11_50_24_372.jpg,E:\IMG\left_2025_12_05_11_50_24_372.jpg,E:\IMG\right_2025_12_05_11_50_24_372.jpg,0,0,0,13.89876
E:\IMG\center_2025_12_05_11_50_24_440.jpg,E:\IMG\left_2025_12_05_11_50_24_440.jpg,E:\IMG\right_2025_12_05_11_50_24_440.jpg,0,0,0,13.72376
E:\IMG\center_2025_12_05_11_50_24_511.jpg,E:\IMG\left_2025_12_05_11_50_24_511.jpg,E:\IMG\right_2025_12_05_11_50_24_511.jpg,0,0,0,14.06281
E:\IMG\center_2025_12_05_11_50_24_580.jpg,E:\IMG\left_2025_12_05_11_50_24_580.jpg,E:\IMG\right_2025_12_05_11_50_24_580.jpg,0,0,0,14.79176
E:\IMG\center_2025_12_05_11_50_24_652.jpg,E:\IMG\left_2025_12_05_11_50_24_652.jpg,E:\IMG\right_2025_12_05_11_50_24_652.jpg,0,0,0,15.06431
E:\IMG\center_2025_12_05_11_50_24_722.jpg,E:\IMG\left_2025_12_05_11_50_24_722.jpg,E:\IMG\right_2025_12_05_11_50_24_722.jpg,0.05,0,0,14.90218
E:\IMG\center_2025_12_05_11_50_24_792.jpg,E:\IMG\left_2025_12_05_11_50_24_792.jpg,E:\IMG\right_2025_12_05_11_50_24_792.jpg,0.25,0,0,15.40537
E:\IMG\center_2025_12_05_11_50_24_861.jpg,E:\IMG\left_2025_12_05_11_50_24_861.jpg,E:\IMG\right_2025_12_05_11_50_24_861.jpg,0.4,0,0,15.72838
E:\IMG\center_2025_12_05_11_50_24_931.jpg,E:\IMG\left_2025_12_05_11_50_24_931.jpg,E:\IMG\right_2025_12_05_11_50_24_931.jpg,0,0,0,16.12107
E:\IMG\center_2025_12_05_11_50_25_000.jpg,E:\IMG\left_2025_12_05_11_50_25_000.jpg,E:\IMG\right_2025_12_05_11_50_25_000.jpg,0,0,0,16.03041
E:\IMG\center_2025_12_05_11_50_25_070.jpg,E:\IMG\left_2025_12_05_11_50_25_070.jpg,E:\IMG\right_2025_12_05_11_50_25_070.jpg,0.1,0,0,16.5887
E:\IMG\center_2025_12_05_11_50_25_141.jpg,E:\IMG\left_2025_12_05_11_50_25_141.jpg,E:\IMG\right_2025_12_05_11_50_25_141.jpg,0.25,0,0,16.70241
E:\IMG\center_2025_12_05_11_50_25_208.jpg,E:\IMG\left_2025_12_05_11_50_25_208.jpg,E:\IMG\right_2025_12_05_11_50_25_208.jpg,0.4,0,0,16.85399
E:\IMG\center_2025_12_05_11_50_25_278.jpg,E:\IMG\left_2025_12_05_11_50_25_278.jpg,E:\IMG\right_2025_12_05_11_50_25_278.jpg,0.6000001,0,0,17.09503
E:\IMG\center_2025_12_05_11_50_25_348.jpg,E:\IMG\left_2025_12_05_11_50_25_348.jpg,E:\IMG\right_2025_12_05_11_50_25_348.jpg,0.7500002,0,0,17.15767
E:\IMG\center_2025_12_05_11_50_25_417.jpg,E:\IMG\left_2025_12_05_11_50_25_417.jpg,E:\IMG\right_2025_12_05_11_50_25_417.jpg,0.9500002,0,0,17.27267
E:\IMG\center_2025_12_05_11_50_25_487.jpg,E:\IMG\left_2025_12_05_11_50_25_487.jpg,E:\IMG\right_2025_12_05_11_50_25_487.jpg,1,0,0,16.76681
E:\IMG\center_2025_12_05_11_50_25_557.jpg,E:\IMG\left_2025_12_05_11_50_25_557.jpg,E:\IMG\right_2025_12_05_11_50_25_557.jpg,0,0,0,16.5386
E:\IMG\center_2025_12_05_11_50_25_629.jpg,E:\IMG\left_2025_12_05_11_50_25_629.jpg,E:\IMG\right_2025_12_05_11_50_25_629.jpg,0,0,0,16.74098
E:\IMG\center_2025_12_05_11_50_25_701.jpg,E:\IMG\left_2025_12_05_11_50_25_701.jpg,E:\IMG\right_2025_12_05_11_50_25_701.jpg,0,0.0431331,0,16.71993
E:\IMG\center_2025_12_05_11_50_25_779.jpg,E:\IMG\left_2025_12_05_11_50_25_779.jpg,E:\IMG\right_2025_12_05_11_50_25_779.jpg,0.2,0.2751837,0,14.51792
E:\IMG\center_2025_12_05_11_50_25_862.jpg,E:\IMG\left_2025_12_05_11_50_25_862.jpg,E:\IMG\right_2025_12_05_11_50_25_862.jpg,0.4,0.5224875,0,14.73485
E:\IMG\center_2025_12_05_11_50_25_927.jpg,E:\IMG\left_2025_12_05_11_50_25_927.jpg,E:\IMG\right_2025_12_05_11_50_25_927.jpg,0.5500001,0.6737442,0,15.3568
E:\IMG\center_2025_12_05_11_50_25_999.jpg,E:\IMG\left_2025_12_05_11_50_25_999.jpg,E:\IMG\right_2025_12_05_11_50_25_999.jpg,0.7500002,0.7154685,0,15.89812
E:\IMG\center_2025_12_05_11_50_26_074.jpg,E:\IMG\left_2025_12_05_11_50_26_074.jpg,E:\IMG\right_2025_12_05_11_50_26_074.jpg,0.9500002,0.4911749,0,16.32215
E:\IMG\center_2025_12_05_11_50_26_145.jpg,E:\IMG\left_2025_12_05_11_50_26_145.jpg,E:\IMG\right_2025_12_05_11_50_26_145.jpg,1,0.275045,0,16.50574
E:\IMG\center_2025_12_05_11_50_26_218.jpg,E:\IMG\left_2025_12_05_11_50_26_218.jpg,E:\IMG\right_2025_12_05_11_50_26_218.jpg,1,0.05744993,0,16.39571
E:\IMG\center_2025_12_05_11_50_26_293.jpg,E:\IMG\left_2025_12_05_11_50_26_293.jpg,E:\IMG\right_2025_12_05_11_50_26_293.jpg,1,0,0,16.26458
E:\IMG\center_2025_12_05_11_50_26_362.jpg,E:\IMG\left_2025_12_05_11_50_26_362.jpg,E:\IMG\right_2025_12_05_11_50_26_362.jpg,1,0,0,15.80169
E:\IMG\center_2025_12_05_11_50_26_437.jpg,E:\IMG\left_2025_12_05_11_50_26_437.jpg,E:\IMG\right_2025_12_05_11_50_26_437.jpg,1,0,0,15.62147
E:\IMG\center_2025_12_05_11_50_26_506.jpg,E:\IMG\left_2025_12_05_11_50_26_506.jpg,E:\IMG\right_2025_12_05_11_50_26_506.jpg,0,0,0,15.83778
E:\IMG\center_2025_12_05_11_50_26_577.jpg,E:\IMG\left_2025_12_05_11_50_26_577.jpg,E:\IMG\right_2025_12_05_11_50_26_577.jpg,0,0,0,15.57958
E:\IMG\center_2025_12_05_11_50_26_643.jpg,E:\IMG\left_2025_12_05_11_50_26_643.jpg,E:\IMG\right_2025_12_05_11_50_26_643.jpg,0,0,0,14.98595
E:\IMG\center_2025_12_05_11_50_26_712.jpg,E:\IMG\left_2025_12_05_11_50_26_712.jpg,E:\IMG\right_2025_12_05_11_50_26_712.jpg,0,0,0,14.78159
E:\IMG\center_2025_12_05_11_50_26_784.jpg,E:\IMG\left_2025_12_05_11_50_26_784.jpg,E:\IMG\right_2025_12_05_11_50_26_784.jpg,0.15,0,0,15.24758
E:\IMG\center_2025_12_05_11_50_26_855.jpg,E:\IMG\left_2025_12_05_11_50_26_855.jpg,E:\IMG\right_2025_12_05_11_50_26_855.jpg,0.35,0,0,15.09614
E:\IMG\center_2025_12_05_11_50_26_921.jpg,E:\IMG\left_2025_12_05_11_50_26_921.jpg,E:\IMG\right_2025_12_05_11_50_26_921.jpg,0.5000001,0,0,14.4447
E:\IMG\center_2025_12_05_11_50_27_002.jpg,E:\IMG\left_2025_12_05_11_50_27_002.jpg,E:\IMG\right_2025_12_05_11_50_27_002.jpg,0.7,0,0,14.23102
E:\IMG\center_2025_12_05_11_50_27_069.jpg,E:\IMG\left_2025_12_05_11_50_27_069.jpg,E:\IMG\right_2025_12_05_11_50_27_069.jpg,0.9000002,0,0,13.93815
E:\IMG\center_2025_12_05_11_50_27_139.jpg,E:\IMG\left_2025_12_05_11_50_27_139.jpg,E:\IMG\right_2025_12_05_11_50_27_139.jpg,0,0,0,14.21109
E:\IMG\center_2025_12_05_11_50_27_220.jpg,E:\IMG\left_2025_12_05_11_50_27_220.jpg,E:\IMG\right_2025_12_05_11_50_27_220.jpg,0,0,0,14.01083
E:\IMG\center_2025_12_05_11_50_27_298.jpg,E:\IMG\left_2025_12_05_11_50_27_298.jpg,E:\IMG\right_2025_12_05_11_50_27_298.jpg,0,0,0,13.90193
E:\IMG\center_2025_12_05_11_50_27_375.jpg,E:\IMG\left_2025_12_05_11_50_27_375.jpg,E:\IMG\right_2025_12_05_11_50_27_375.jpg,0,0,0,13.79923
E:\IMG\center_2025_12_05_11_50_27_448.jpg,E:\IMG\left_2025_12_05_11_50_27_448.jpg,E:\IMG\right_2025_12_05_11_50_27_448.jpg,0,0,0,13.17073
E:\IMG\center_2025_12_05_11_50_27_523.jpg,E:\IMG\left_2025_12_05_11_50_27_523.jpg,E:\IMG\right_2025_12_05_11_50_27_523.jpg,0,0.1815321,0,13.13848
E:\IMG\center_2025_12_05_11_50_27_600.jpg,E:\IMG\left_2025_12_05_11_50_27_600.jpg,E:\IMG\right_2025_12_05_11_50_27_600.jpg,0,0.4504158,0,13.37914
E:\IMG\center_2025_12_05_11_50_27_673.jpg,E:\IMG\left_2025_12_05_11_50_27_673.jpg,E:\IMG\right_2025_12_05_11_50_27_673.jpg,0,0.6706296,0,13.89933
E:\IMG\center_2025_12_05_11_50_27_743.jpg,E:\IMG\left_2025_12_05_11_50_27_743.jpg,E:\IMG\right_2025_12_05_11_50_27_743.jpg,0,0.8411661,0,14.49423
E:\IMG\center_2025_12_05_11_50_27_819.jpg,E:\IMG\left_2025_12_05_11_50_27_819.jpg,E:\IMG\right_2025_12_05_11_50_27_819.jpg,0,1,0,15.35319
E:\IMG\center_2025_12_05_11_50_27_893.jpg,E:\IMG\left_2025_12_05_11_50_27_893.jpg,E:\IMG\right_2025_12_05_11_50_27_893.jpg,0,1,0,16.15063
E:\IMG\center_2025_12_05_11_50_27_970.jpg,E:\IMG\left_2025_12_05_11_50_27_970.jpg,E:\IMG\right_2025_12_05_11_50_27_970.jpg,0,1,0,16.97959
E:\IMG\center_2025_12_05_11_50_28_046.jpg,E:\IMG\left_2025_12_05_11_50_28_046.jpg,E:\IMG\right_2025_12_05_11_50_28_046.jpg,0,0.9055273,0,17.74664
E:\IMG\center_2025_12_05_11_50_28_124.jpg,E:\IMG\left_2025_12_05_11_50_28_124.jpg,E:\IMG\right_2025_12_05_11_50_28_124.jpg,-0.2,0.6276625,0,18.36258
E:\IMG\center_2025_12_05_11_50_28_198.jpg,E:\IMG\left_2025_12_05_11_50_28_198.jpg,E:\IMG\right_2025_12_05_11_50_28_198.jpg,-0.4,0.406954,0,18.66747
E:\IMG\center_2025_12_05_11_50_28_274.jpg,E:\IMG\left_2025_12_05_11_50_28_274.jpg,E:\IMG\right_2025_12_05_11_50_28_274.jpg,0,0.1788028,0,18.8118
E:\IMG\center_2025_12_05_11_50_28_350.jpg,E:\IMG\left_2025_12_05_11_50_28_350.jpg,E:\IMG\right_2025_12_05_11_50_28_350.jpg,0,0,0,18.73413
E:\IMG\center_2025_12_05_11_50_28_430.jpg,E:\IMG\left_2025_12_05_11_50_28_430.jpg,E:\IMG\right_2025_12_05_11_50_28_430.jpg,-0.2,0,0,18.59556
E:\IMG\center_2025_12_05_11_50_28_507.jpg,E:\IMG\left_2025_12_05_11_50_28_507.jpg,E:\IMG\right_2025_12_05_11_50_28_507.jpg,-0.35,0.052071,0,17.99489
E:\IMG\center_2025_12_05_11_50_28_587.jpg,E:\IMG\left_2025_12_05_11_50_28_587.jpg,E:\IMG\right_2025_12_05_11_50_28_587.jpg,-0.5500001,0.2859606,0,17.97846
E:\IMG\center_2025_12_05_11_50_28_666.jpg,E:\IMG\left_2025_12_05_11_50_28_666.jpg,E:\IMG\right_2025_12_05_11_50_28_666.jpg,-0.7500002,0.5228952,0,18.15009
E:\IMG\center_2025_12_05_11_50_28_746.jpg,E:\IMG\left_2025_12_05_11_50_28_746.jpg,E:\IMG\right_2025_12_05_11_50_28_746.jpg,0,0.7604982,0,18.59428
E:\IMG\center_2025_12_05_11_50_28_829.jpg,E:\IMG\left_2025_12_05_11_50_28_829.jpg,E:\IMG\right_2025_12_05_11_50_28_829.jpg,0,0.8555679,0,19.58236
E:\IMG\center_2025_12_05_11_50_28_904.jpg,E:\IMG\left_2025_12_05_11_50_28_904.jpg,E:\IMG\right_2025_12_05_11_50_28_904.jpg,-0.15,0.6300282,0,19.87235
E:\IMG\center_2025_12_05_11_50_28_981.jpg,E:\IMG\left_2025_12_05_11_50_28_981.jpg,E:\IMG\right_2025_12_05_11_50_28_981.jpg,-0.35,0.3983316,0,20.17294
E:\IMG\center_2025_12_05_11_50_29_057.jpg,E:\IMG\left_2025_12_05_11_50_29_057.jpg,E:\IMG\right_2025_12_05_11_50_29_057.jpg,-0.5500001,0.1706904,0,20.13848
E:\IMG\center_2025_12_05_11_50_29_135.jpg,E:\IMG\left_2025_12_05_11_50_29_135.jpg,E:\IMG\right_2025_12_05_11_50_29_135.jpg,-0.7500002,0,0,19.86295
E:\IMG\center_2025_12_05_11_50_29_215.jpg,E:\IMG\left_2025_12_05_11_50_29_215.jpg,E:\IMG\right_2025_12_05_11_50_29_215.jpg,-0.9500002,0,0,19.4938
E:\IMG\center_2025_12_05_11_50_29_291.jpg,E:\IMG\left_2025_12_05_11_50_29_291.jpg,E:\IMG\right_2025_12_05_11_50_29_291.jpg,0,0,0,19.23047
E:\IMG\center_2025_12_05_11_50_29_370.jpg,E:\IMG\left_2025_12_05_11_50_29_370.jpg,E:\IMG\right_2025_12_05_11_50_29_370.jpg,0,0,0,18.94736
E:\IMG\center_2025_12_05_11_50_29_449.jpg,E:\IMG\left_2025_12_05_11_50_29_449.jpg,E:\IMG\right_2025_12_05_11_50_29_449.jpg,0,0,0,18.76705
E:\IMG\center_2025_12_05_11_50_29_528.jpg,E:\IMG\left_2025_12_05_11_50_29_528.jpg,E:\IMG\right_2025_12_05_11_50_29_528.jpg,-0.1,0,0,19.07456
E:\IMG\center_2025_12_05_11_50_29_604.jpg,E:\IMG\left_2025_12_05_11_50_29_604.jpg,E:\IMG\right_2025_12_05_11_50_29_604.jpg,-0.3,0,0,18.89439
E:\IMG\center_2025_12_05_11_50_29_681.jpg,E:\IMG\left_2025_12_05_11_50_29_681.jpg,E:\IMG\right_2025_12_05_11_50_29_681.jpg,-0.5000001,0,0,18.65602
E:\IMG\center_2025_12_05_11_50_29_753.jpg,E:\IMG\left_2025_12_05_11_50_29_753.jpg,E:\IMG\right_2025_12_05_11_50_29_753.jpg,-0.7,0,0,18.36536
E:\IMG\center_2025_12_05_11_50_29_828.jpg,E:\IMG\left_2025_12_05_11_50_29_828.jpg,E:\IMG\right_2025_12_05_11_50_29_828.jpg,0,0,0,17.77957
E:\IMG\center_2025_12_05_11_50_29_898.jpg,E:\IMG\left_2025_12_05_11_50_29_898.jpg,E:\IMG\right_2025_12_05_11_50_29_898.jpg,0,0.2583852,0,17.70817
E:\IMG\center_2025_12_05_11_50_29_967.jpg,E:\IMG\left_2025_12_05_11_50_29_967.jpg,E:\IMG\right_2025_12_05_11_50_29_967.jpg,0,0.4225683,0,18.27206
E:\IMG\center_2025_12_05_11_50_30_036.jpg,E:\IMG\left_2025_12_05_11_50_30_036.jpg,E:\IMG\right_2025_12_05_11_50_30_036.jpg,0,0.6720194,0,18.62738
E:\IMG\center_2025_12_05_11_50_30_103.jpg,E:\IMG\left_2025_12_05_11_50_30_103.jpg,E:\IMG\right_2025_12_05_11_50_30_103.jpg,0,0.8325881,0,18.81845
E:\IMG\center_2025_12_05_11_50_30_171.jpg,E:\IMG\left_2025_12_05_11_50_30_171.jpg,E:\IMG\right_2025_12_05_11_50_30_171.jpg,0,1,0,19.63434
E:\IMG\center_2025_12_05_11_50_30_241.jpg,E:\IMG\left_2025_12_05_11_50_30_241.jpg,E:\IMG\right_2025_12_05_11_50_30_241.jpg,0,1,0,20.36371
E:\IMG\center_2025_12_05_11_50_30_311.jpg,E:\IMG\left_2025_12_05_11_50_30_311.jpg,E:\IMG\right_2025_12_05_11_50_30_311.jpg,0,1,0,21.15477
E:\IMG\center_2025_12_05_11_50_30_381.jpg,E:\IMG\left_2025_12_05_11_50_30_381.jpg,E:\IMG\right_2025_12_05_11_50_30_381.jpg,0,1,0,21.69016
E:\IMG\center_2025_12_05_11_50_30_453.jpg,E:\IMG\left_2025_12_05_11_50_30_453.jpg,E:\IMG\right_2025_12_05_11_50_30_453.jpg,-0.1,1,0,22.49279
E:\IMG\center_2025_12_05_11_50_30_523.jpg,E:\IMG\left_2025_12_05_11_50_30_523.jpg,E:\IMG\right_2025_12_05_11_50_30_523.jpg,-0.25,1,0,23.07943
E:\IMG\center_2025_12_05_11_50_30_593.jpg,E:\IMG\left_2025_12_05_11_50_30_593.jpg,E:\IMG\right_2025_12_05_11_50_30_593.jpg,0,1,0,23.81027
E:\IMG\center_2025_12_05_11_50_30_663.jpg,E:\IMG\left_2025_12_05_11_50_30_663.jpg,E:\IMG\right_2025_12_05_11_50_30_663.jpg,0,0.9110377,0,24.36425
E:\IMG\center_2025_12_05_11_50_30_732.jpg,E:\IMG\left_2025_12_05_11_50_30_732.jpg,E:\IMG\right_2025_12_05_11_50_30_732.jpg,0,0.6633034,0,24.92461
E:\IMG\center_2025_12_05_11_50_30_801.jpg,E:\IMG\left_2025_12_05_11_50_30_801.jpg,E:\IMG\right_2025_12_05_11_50_30_801.jpg,0,0.4582957,0,25.19736
E:\IMG\center_2025_12_05_11_50_30_871.jpg,E:\IMG\left_2025_12_05_11_50_30_871.jpg,E:\IMG\right_2025_12_05_11_50_30_871.jpg,0,0.249175,0,25.33363
E:\IMG\center_2025_12_05_11_50_30_938.jpg,E:\IMG\left_2025_12_05_11_50_30_938.jpg,E:\IMG\right_2025_12_05_11_50_30_938.jpg,0,0.2005684,0,25.2919
E:\IMG\center_2025_12_05_11_50_31_008.jpg,E:\IMG\left_2025_12_05_11_50_31_008.jpg,E:\IMG\right_2025_12_05_11_50_31_008.jpg,0,0.3688771,0,25.35401
E:\IMG\center_2025_12_05_11_50_31_076.jpg,E:\IMG\left_2025_12_05_11_50_31_076.jpg,E:\IMG\right_2025_12_05_11_50_31_076.jpg,0,0.6146785,0,25.61521
E:\IMG\center_2025_12_05_11_50_31_157.jpg,E:\IMG\left_2025_12_05_11_50_31_157.jpg,E:\IMG\right_2025_12_05_11_50_31_157.jpg,0,0.8545527,0,26.11539
E:\IMG\center_2025_12_05_11_50_31_224.jpg,E:\IMG\left_2025_12_05_11_50_31_224.jpg,E:\IMG\right_2025_12_05_11_50_31_224.jpg,0,1,0,26.6313
E:\IMG\center_2025_12_05_11_50_31_292.jpg,E:\IMG\left_2025_12_05_11_50_31_292.jpg,E:\IMG\right_2025_12_05_11_50_31_292.jpg,0,0.8772895,0,27.35538
E:\IMG\center_2025_12_05_11_50_31_370.jpg,E:\IMG\left_2025_12_05_11_50_31_370.jpg,E:\IMG\right_2025_12_05_11_50_31_370.jpg,0,0.6408376,0,27.86958
E:\IMG\center_2025_12_05_11_50_31_449.jpg,E:\IMG\left_2025_12_05_11_50_31_449.jpg,E:\IMG\right_2025_12_05_11_50_31_449.jpg,0.1,0.4027297,0,28.14682
E:\IMG\center_2025_12_05_11_50_31_528.jpg,E:\IMG\left_2025_12_05_11_50_31_528.jpg,E:\IMG\right_2025_12_05_11_50_31_528.jpg,0.25,0.207346,0,28.1822
E:\IMG\center_2025_12_05_11_50_31_607.jpg,E:\IMG\left_2025_12_05_11_50_31_607.jpg,E:\IMG\right_2025_12_05_11_50_31_607.jpg,0.45,0,0,27.9283
E:\IMG\center_2025_12_05_11_50_31_684.jpg,E:\IMG\left_2025_12_05_11_50_31_684.jpg,E:\IMG\right_2025_12_05_11_50_31_684.jpg,0,0,0,27.6442
E:\IMG\center_2025_12_05_11_50_31_763.jpg,E:\IMG\left_2025_12_05_11_50_31_763.jpg,E:\IMG\right_2025_12_05_11_50_31_763.jpg,0,0,0,27.41521
E:\IMG\center_2025_12_05_11_50_31_841.jpg,E:\IMG\left_2025_12_05_11_50_31_841.jpg,E:\IMG\right_2025_12_05_11_50_31_841.jpg,0,0,0,27.1932
E:\IMG\center_2025_12_05_11_50_31_910.jpg,E:\IMG\left_2025_12_05_11_50_31_910.jpg,E:\IMG\right_2025_12_05_11_50_31_910.jpg,0.2,0,0,26.96198
E:\IMG\center_2025_12_05_11_50_31_986.jpg,E:\IMG\left_2025_12_05_11_50_31_986.jpg,E:\IMG\right_2025_12_05_11_50_31_986.jpg,0,0,0,26.78461
E:\IMG\center_2025_12_05_11_50_32_064.jpg,E:\IMG\left_2025_12_05_11_50_32_064.jpg,E:\IMG\right_2025_12_05_11_50_32_064.jpg,0,0,0,26.56753
E:\IMG\center_2025_12_05_11_50_32_146.jpg,E:\IMG\left_2025_12_05_11_50_32_146.jpg,E:\IMG\right_2025_12_05_11_50_32_146.jpg,0,0,0,26.35357
E:\IMG\center_2025_12_05_11_50_32_221.jpg,E:\IMG\left_2025_12_05_11_50_32_221.jpg,E:\IMG\right_2025_12_05_11_50_32_221.jpg,0,0.2389827,0,26.25687
E:\IMG\center_2025_12_05_11_50_32_300.jpg,E:\IMG\left_2025_12_05_11_50_32_300.jpg,E:\IMG\right_2025_12_05_11_50_32_300.jpg,0,0.5059026,0,26.39488
E:\IMG\center_2025_12_05_11_50_32_378.jpg,E:\IMG\left_2025_12_05_11_50_32_378.jpg,E:\IMG\right_2025_12_05_11_50_32_378.jpg,0,0.7397125,0,26.76583
E:\IMG\center_2025_12_05_11_50_32_454.jpg,E:\IMG\left_2025_12_05_11_50_32_454.jpg,E:\IMG\right_2025_12_05_11_50_32_454.jpg,-0.2,0.5819328,0,27.21433
E:\IMG\center_2025_12_05_11_50_32_531.jpg,E:\IMG\left_2025_12_05_11_50_32_531.jpg,E:\IMG\right_2025_12_05_11_50_32_531.jpg,-0.4,0.3506668,0,27.35739
E:\IMG\center_2025_12_05_11_50_32_605.jpg,E:\IMG\left_2025_12_05_11_50_32_605.jpg,E:\IMG\right_2025_12_05_11_50_32_605.jpg,-0.5500001,0.1619247,0,27.25888
E:\IMG\center_2025_12_05_11_50_32_681.jpg,E:\IMG\left_2025_12_05_11_50_32_681.jpg,E:\IMG\right_2025_12_05_11_50_32_681.jpg,0,0,0,27.01372
E:\IMG\center_2025_12_05_11_50_32_756.jpg,E:\IMG\left_2025_12_05_11_50_32_756.jpg,E:\IMG\right_2025_12_05_11_50_32_756.jpg,0,0,0,26.78566
E:\IMG\center_2025_12_05_11_50_32_829.jpg,E:\IMG\left_2025_12_05_11_50_32_829.jpg,E:\IMG\right_2025_12_05_11_50_32_829.jpg,-0.2,0,0,26.5644
E:\IMG\center_2025_12_05_11_50_32_903.jpg,E:\IMG\left_2025_12_05_11_50_32_903.jpg,E:\IMG\right_2025_12_05_11_50_32_903.jpg,-0.35,0,0,26.36231
E:\IMG\center_2025_12_05_11_50_32_975.jpg,E:\IMG\left_2025_12_05_11_50_32_975.jpg,E:\IMG\right_2025_12_05_11_50_32_975.jpg,-0.5500001,0,0,26.01911
E:\IMG\center_2025_12_05_11_50_33_048.jpg,E:\IMG\left_2025_12_05_11_50_33_048.jpg,E:\IMG\right_2025_12_05_11_50_33_048.jpg,-0.7,0,0,25.70702
E:\IMG\center_2025_12_05_11_50_33_121.jpg,E:\IMG\left_2025_12_05_11_50_33_121.jpg,E:\IMG\right_2025_12_05_11_50_33_121.jpg,-0.9000002,0,0,25.2247
E:\IMG\center_2025_12_05_11_50_33_194.jpg,E:\IMG\left_2025_12_05_11_50_33_194.jpg,E:\IMG\right_2025_12_05_11_50_33_194.jpg,-1,0,0,24.70822
E:\IMG\center_2025_12_05_11_50_33_266.jpg,E:\IMG\left_2025_12_05_11_50_33_266.jpg,E:\IMG\right_2025_12_05_11_50_33_266.jpg,0,0,0,24.41598
E:\IMG\center_2025_12_05_11_50_33_338.jpg,E:\IMG\left_2025_12_05_11_50_33_338.jpg,E:\IMG\right_2025_12_05_11_50_33_338.jpg,0,0,0,24.10643
E:\IMG\center_2025_12_05_11_50_33_411.jpg,E:\IMG\left_2025_12_05_11_50_33_411.jpg,E:\IMG\right_2025_12_05_11_50_33_411.jpg,0,0,0,23.87554
E:\IMG\center_2025_12_05_11_50_33_481.jpg,E:\IMG\left_2025_12_05_11_50_33_481.jpg,E:\IMG\right_2025_12_05_11_50_33_481.jpg,0,0,0,23.81706
E:\IMG\center_2025_12_05_11_50_33_553.jpg,E:\IMG\left_2025_12_05_11_50_33_553.jpg,E:\IMG\right_2025_12_05_11_50_33_553.jpg,0,0,0,23.62556
E:\IMG\center_2025_12_05_11_50_33_625.jpg,E:\IMG\left_2025_12_05_11_50_33_625.jpg,E:\IMG\right_2025_12_05_11_50_33_625.jpg,0,0,0,23.37631
E:\IMG\center_2025_12_05_11_50_33_695.jpg,E:\IMG\left_2025_12_05_11_50_33_695.jpg,E:\IMG\right_2025_12_05_11_50_33_695.jpg,0,0,0,23.18762
E:\IMG\center_2025_12_05_11_50_33_766.jpg,E:\IMG\left_2025_12_05_11_50_33_766.jpg,E:\IMG\right_2025_12_05_11_50_33_766.jpg,0,0,0,23.15472
E:\IMG\center_2025_12_05_11_50_33_837.jpg,E:\IMG\left_2025_12_05_11_50_33_837.jpg,E:\IMG\right_2025_12_05_11_50_33_837.jpg,0,0,0,22.97069
E:\IMG\center_2025_12_05_11_50_33_908.jpg,E:\IMG\left_2025_12_05_11_50_33_908.jpg,E:\IMG\right_2025_12_05_11_50_33_908.jpg,0,0,0,22.71711
E:\IMG\center_2025_12_05_11_50_33_979.jpg,E:\IMG\left_2025_12_05_11_50_33_979.jpg,E:\IMG\right_2025_12_05_11_50_33_979.jpg,0,0,0,22.53053
E:\IMG\center_2025_12_05_11_50_34_052.jpg,E:\IMG\left_2025_12_05_11_50_34_052.jpg,E:\IMG\right_2025_12_05_11_50_34_052.jpg,0,0,0,22.34536
E:\IMG\center_2025_12_05_11_50_34_123.jpg,E:\IMG\left_2025_12_05_11_50_34_123.jpg,E:\IMG\right_2025_12_05_11_50_34_123.jpg,0,0,0,22.34021
E:\IMG\center_2025_12_05_11_50_34_196.jpg,E:\IMG\left_2025_12_05_11_50_34_196.jpg,E:\IMG\right_2025_12_05_11_50_34_196.jpg,0,0,0,22.16348
E:\IMG\center_2025_12_05_11_50_34_267.jpg,E:\IMG\left_2025_12_05_11_50_34_267.jpg,E:\IMG\right_2025_12_05_11_50_34_267.jpg,0.15,0,0,21.87977
E:\IMG\center_2025_12_05_11_50_34_339.jpg,E:\IMG\left_2025_12_05_11_50_34_339.jpg,E:\IMG\right_2025_12_05_11_50_34_339.jpg,0.35,0,0,21.63764
E:\IMG\center_2025_12_05_11_50_34_411.jpg,E:\IMG\left_2025_12_05_11_50_34_411.jpg,E:\IMG\right_2025_12_05_11_50_34_411.jpg,0.5500001,0,0,21.33827
E:\IMG\center_2025_12_05_11_50_34_481.jpg,E:\IMG\left_2025_12_05_11_50_34_481.jpg,E:\IMG\right_2025_12_05_11_50_34_481.jpg,0,0,0,21.30573
E:\IMG\center_2025_12_05_11_50_34_551.jpg,E:\IMG\left_2025_12_05_11_50_34_551.jpg,E:\IMG\right_2025_12_05_11_50_34_551.jpg,0,0,0,21.15471
E:\IMG\center_2025_12_05_11_50_34_621.jpg,E:\IMG\left_2025_12_05_11_50_34_621.jpg,E:\IMG\right_2025_12_05_11_50_34_621.jpg,0,0,0,20.73
E:\IMG\center_2025_12_05_11_50_34_691.jpg,E:\IMG\left_2025_12_05_11_50_34_691.jpg,E:\IMG\right_2025_12_05_11_50_34_691.jpg,0,0,0,20.55418
E:\IMG\center_2025_12_05_11_50_34_762.jpg,E:\IMG\left_2025_12_05_11_50_34_762.jpg,E:\IMG\right_2025_12_05_11_50_34_762.jpg,0,0.0689988,0,20.7498
E:\IMG\center_2025_12_05_11_50_34_831.jpg,E:\IMG\left_2025_12_05_11_50_34_831.jpg,E:\IMG\right_2025_12_05_11_50_34_831.jpg,0,0.3139593,0,20.76592
E:\IMG\center_2025_12_05_11_50_34_902.jpg,E:\IMG\left_2025_12_05_11_50_34_902.jpg,E:\IMG\right_2025_12_05_11_50_34_902.jpg,0,0.4902093,0,20.70149
E:\IMG\center_2025_12_05_11_50_34_973.jpg,E:\IMG\left_2025_12_05_11_50_34_973.jpg,E:\IMG\right_2025_12_05_11_50_34_973.jpg,0,0.739089,0,21.17211
E:\IMG\center_2025_12_05_11_50_35_042.jpg,E:\IMG\left_2025_12_05_11_50_35_042.jpg,E:\IMG\right_2025_12_05_11_50_35_042.jpg,0,0.5667456,0,21.66699
E:\IMG\center_2025_12_05_11_50_35_112.jpg,E:\IMG\left_2025_12_05_11_50_35_112.jpg,E:\IMG\right_2025_12_05_11_50_35_112.jpg,0,0.3212288,0,21.90857
E:\IMG\center_2025_12_05_11_50_35_180.jpg,E:\IMG\left_2025_12_05_11_50_35_180.jpg,E:\IMG\right_2025_12_05_11_50_35_180.jpg,0,0.1194626,0,21.81479
E:\IMG\center_2025_12_05_11_50_35_247.jpg,E:\IMG\left_2025_12_05_11_50_35_247.jpg,E:\IMG\right_2025_12_05_11_50_35_247.jpg,-0.05,0,0,21.8704
E:\IMG\center_2025_12_05_11_50_35_316.jpg,E:\IMG\left_2025_12_05_11_50_35_316.jpg,E:\IMG\right_2025_12_05_11_50_35_316.jpg,-0.25,0,0,21.70141
E:\IMG\center_2025_12_05_11_50_35_384.jpg,E:\IMG\left_2025_12_05_11_50_35_384.jpg,E:\IMG\right_2025_12_05_11_50_35_384.jpg,-0.4,0,0,21.23504
E:\IMG\center_2025_12_05_11_50_35_454.jpg,E:\IMG\left_2025_12_05_11_50_35_454.jpg,E:\IMG\right_2025_12_05_11_50_35_454.jpg,-0.6000001,0,0,20.94234
E:\IMG\center_2025_12_05_11_50_35_523.jpg,E:\IMG\left_2025_12_05_11_50_35_523.jpg,E:\IMG\right_2025_12_05_11_50_35_523.jpg,-0.7500002,0,0,20.91243
E:\IMG\center_2025_12_05_11_50_35_594.jpg,E:\IMG\left_2025_12_05_11_50_35_594.jpg,E:\IMG\right_2025_12_05_11_50_35_594.jpg,0,0,0,20.68786
E:\IMG\center_2025_12_05_11_50_35_664.jpg,E:\IMG\left_2025_12_05_11_50_35_664.jpg,E:\IMG\right_2025_12_05_11_50_35_664.jpg,0,0,0,20.26174
E:\IMG\center_2025_12_05_11_50_35_734.jpg,E:\IMG\left_2025_12_05_11_50_35_734.jpg,E:\IMG\right_2025_12_05_11_50_35_734.jpg,-0.05,0,0,20.07524
E:\IMG\center_2025_12_05_11_50_35_807.jpg,E:\IMG\left_2025_12_05_11_50_35_807.jpg,E:\IMG\right_2025_12_05_11_50_35_807.jpg,-0.2,0,0,20.27693
E:\IMG\center_2025_12_05_11_50_35_877.jpg,E:\IMG\left_2025_12_05_11_50_35_877.jpg,E:\IMG\right_2025_12_05_11_50_35_877.jpg,-0.4,0,0,20.04995
E:\IMG\center_2025_12_05_11_50_35_948.jpg,E:\IMG\left_2025_12_05_11_50_35_948.jpg,E:\IMG\right_2025_12_05_11_50_35_948.jpg,-0.5500001,0,0,19.53073
E:\IMG\center_2025_12_05_11_50_36_019.jpg,E:\IMG\left_2025_12_05_11_50_36_019.jpg,E:\IMG\right_2025_12_05_11_50_36_019.jpg,-0.7500002,0,0,19.21693
E:\IMG\center_2025_12_05_11_50_36_089.jpg,E:\IMG\left_2025_12_05_11_50_36_089.jpg,E:\IMG\right_2025_12_05_11_50_36_089.jpg,-0.9500002,0,0,18.83922
E:\IMG\center_2025_12_05_11_50_36_159.jpg,E:\IMG\left_2025_12_05_11_50_36_159.jpg,E:\IMG\right_2025_12_05_11_50_36_159.jpg,-1,0,0,18.88741
E:\IMG\center_2025_12_05_11_50_36_232.jpg,E:\IMG\left_2025_12_05_11_50_36_232.jpg,E:\IMG\right_2025_12_05_11_50_36_232.jpg,-1,0,0,18.61425
E:\IMG\center_2025_12_05_11_50_36_304.jpg,E:\IMG\left_2025_12_05_11_50_36_304.jpg,E:\IMG\right_2025_12_05_11_50_36_304.jpg,-1,0,0,18.01946
E:\IMG\center_2025_12_05_11_50_36_379.jpg,E:\IMG\left_2025_12_05_11_50_36_379.jpg,E:\IMG\right_2025_12_05_11_50_36_379.jpg,0,0,0,17.84134
E:\IMG\center_2025_12_05_11_50_36_456.jpg,E:\IMG\left_2025_12_05_11_50_36_456.jpg,E:\IMG\right_2025_12_05_11_50_36_456.jpg,0,0,0,17.56783
E:\IMG\center_2025_12_05_11_50_36_533.jpg,E:\IMG\left_2025_12_05_11_50_36_533.jpg,E:\IMG\right_2025_12_05_11_50_36_533.jpg,0,0.1880862,0,17.39834
E:\IMG\center_2025_12_05_11_50_36_611.jpg,E:\IMG\left_2025_12_05_11_50_36_611.jpg,E:\IMG\right_2025_12_05_11_50_36_611.jpg,-0.2,0.4210692,0,17.54481
E:\IMG\center_2025_12_05_11_50_36_686.jpg,E:\IMG\left_2025_12_05_11_50_36_686.jpg,E:\IMG\right_2025_12_05_11_50_36_686.jpg,-0.35,0.61431,0,18.14689
E:\IMG\center_2025_12_05_11_50_36_764.jpg,E:\IMG\left_2025_12_05_11_50_36_764.jpg,E:\IMG\right_2025_12_05_11_50_36_764.jpg,-0.5500001,0.8462591,0,18.62248
E:\IMG\center_2025_12_05_11_50_36_831.jpg,E:\IMG\left_2025_12_05_11_50_36_831.jpg,E:\IMG\right_2025_12_05_11_50_36_831.jpg,-0.7500002,1,0,19.22508
E:\IMG\center_2025_12_05_11_50_36_898.jpg,E:\IMG\left_2025_12_05_11_50_36_898.jpg,E:\IMG\right_2025_12_05_11_50_36_898.jpg,-0.9000002,1,0,19.53711
E:\IMG\center_2025_12_05_11_50_36_965.jpg,E:\IMG\left_2025_12_05_11_50_36_965.jpg,E:\IMG\right_2025_12_05_11_50_36_965.jpg,0,1,0,19.94668
E:\IMG\center_2025_12_05_11_50_37_035.jpg,E:\IMG\left_2025_12_05_11_50_37_035.jpg,E:\IMG\right_2025_12_05_11_50_37_035.jpg,0,1,0,20.6318
E:\IMG\center_2025_12_05_11_50_37_103.jpg,E:\IMG\left_2025_12_05_11_50_37_103.jpg,E:\IMG\right_2025_12_05_11_50_37_103.jpg,-0.05,1,0,21.19221
E:\IMG\center_2025_12_05_11_50_37_171.jpg,E:\IMG\left_2025_12_05_11_50_37_171.jpg,E:\IMG\right_2025_12_05_11_50_37_171.jpg,-0.25,1,0,21.89307
E:\IMG\center_2025_12_05_11_50_37_239.jpg,E:\IMG\left_2025_12_05_11_50_37_239.jpg,E:\IMG\right_2025_12_05_11_50_37_239.jpg,-0.4,1,0,22.28062
E:\IMG\center_2025_12_05_11_50_37_308.jpg,E:\IMG\left_2025_12_05_11_50_37_308.jpg,E:\IMG\right_2025_12_05_11_50_37_308.jpg,-0.5500001,1,0,22.60873
E:\IMG\center_2025_12_05_11_50_37_376.jpg,E:\IMG\left_2025_12_05_11_50_37_376.jpg,E:\IMG\right_2025_12_05_11_50_37_376.jpg,-0.7500002,1,0,23.1793
E:\IMG\center_2025_12_05_11_50_37_447.jpg,E:\IMG\left_2025_12_05_11_50_37_447.jpg,E:\IMG\right_2025_12_05_11_50_37_447.jpg,-0.9000002,1,0,23.1926
E:\IMG\center_2025_12_05_11_50_37_519.jpg,E:\IMG\left_2025_12_05_11_50_37_519.jpg,E:\IMG\right_2025_12_05_11_50_37_519.jpg,-1,1,0,23.43352
E:\IMG\center_2025_12_05_11_50_37_594.jpg,E:\IMG\left_2025_12_05_11_50_37_594.jpg,E:\IMG\right_2025_12_05_11_50_37_594.jpg,-1,1,0,23.90331
E:\IMG\center_2025_12_05_11_50_37_670.jpg,E:\IMG\left_2025_12_05_11_50_37_670.jpg,E:\IMG\right_2025_12_05_11_50_37_670.jpg,-1,1,0,24.40037
E:\IMG\center_2025_12_05_11_50_37_751.jpg,E:\IMG\left_2025_12_05_11_50_37_751.jpg,E:\IMG\right_2025_12_05_11_50_37_751.jpg,0,0.8641869,0,24.73713
E:\IMG\center_2025_12_05_11_50_37_831.jpg,E:\IMG\left_2025_12_05_11_50_37_831.jpg,E:\IMG\right_2025_12_05_11_50_37_831.jpg,0,0.6235048,0,24.73635
E:\IMG\center_2025_12_05_11_50_37_906.jpg,E:\IMG\left_2025_12_05_11_50_37_906.jpg,E:\IMG\right_2025_12_05_11_50_37_906.jpg,0,0.4473499,0,24.69551
E:\IMG\center_2025_12_05_11_50_37_983.jpg,E:\IMG\left_2025_12_05_11_50_37_983.jpg,E:\IMG\right_2025_12_05_11_50_37_983.jpg,0,0.1692817,0,24.32397
E:\IMG\center_2025_12_05_11_50_38_060.jpg,E:\IMG\left_2025_12_05_11_50_38_060.jpg,E:\IMG\right_2025_12_05_11_50_38_060.jpg,0.1,0,0,23.813
E:\IMG\center_2025_12_05_11_50_38_134.jpg,E:\IMG\left_2025_12_05_11_50_38_134.jpg,E:\IMG\right_2025_12_05_11_50_38_134.jpg,0.3,0,0,23.25817
E:\IMG\center_2025_12_05_11_50_38_211.jpg,E:\IMG\left_2025_12_05_11_50_38_211.jpg,E:\IMG\right_2025_12_05_11_50_38_211.jpg,0.5000001,0,0,22.45147
E:\IMG\center_2025_12_05_11_50_38_284.jpg,E:\IMG\left_2025_12_05_11_50_38_284.jpg,E:\IMG\right_2025_12_05_11_50_38_284.jpg,0.6500001,0,0,22.02641
E:\IMG\center_2025_12_05_11_50_38_355.jpg,E:\IMG\left_2025_12_05_11_50_38_355.jpg,E:\IMG\right_2025_12_05_11_50_38_355.jpg,0.8500001,0,0,21.25774
E:\IMG\center_2025_12_05_11_50_38_424.jpg,E:\IMG\left_2025_12_05_11_50_38_424.jpg,E:\IMG\right_2025_12_05_11_50_38_424.jpg,0,0,0,20.72368
E:\IMG\center_2025_12_05_11_50_38_494.jpg,E:\IMG\left_2025_12_05_11_50_38_494.jpg,E:\IMG\right_2025_12_05_11_50_38_494.jpg,-0.15,0,0,20.09007
E:\IMG\center_2025_12_05_11_50_38_567.jpg,E:\IMG\left_2025_12_05_11_50_38_567.jpg,E:\IMG\right_2025_12_05_11_50_38_567.jpg,-0.3,0,0,19.65557
E:\IMG\center_2025_12_05_11_50_38_642.jpg,E:\IMG\left_2025_12_05_11_50_38_642.jpg,E:\IMG\right_2025_12_05_11_50_38_642.jpg,-0.5000001,0,0,19.01264
E:\IMG\center_2025_12_05_11_50_38_716.jpg,E:\IMG\left_2025_12_05_11_50_38_716.jpg,E:\IMG\right_2025_12_05_11_50_38_716.jpg,-0.7,0,0,18.35161
E:\IMG\center_2025_12_05_11_50_38_787.jpg,E:\IMG\left_2025_12_05_11_50_38_787.jpg,E:\IMG\right_2025_12_05_11_50_38_787.jpg,-0.8500001,0,0,17.62896
E:\IMG\center_2025_12_05_11_50_38_861.jpg,E:\IMG\left_2025_12_05_11_50_38_861.jpg,E:\IMG\right_2025_12_05_11_50_38_861.jpg,0,0,0,16.96731
E:\IMG\center_2025_12_05_11_50_38_933.jpg,E:\IMG\left_2025_12_05_11_50_38_933.jpg,E:\IMG\right_2025_12_05_11_50_38_933.jpg,-0.1,0,0,16.35622
E:\IMG\center_2025_12_05_11_50_39_005.jpg,E:\IMG\left_2025_12_05_11_50_39_005.jpg,E:\IMG\right_2025_12_05_11_50_39_005.jpg,-0.25,0,0,16.40137
E:\IMG\center_2025_12_05_11_50_39_079.jpg,E:\IMG\left_2025_12_05_11_50_39_079.jpg,E:\IMG\right_2025_12_05_11_50_39_079.jpg,-0.45,0,0,15.85471
E:\IMG\center_2025_12_05_11_50_39_152.jpg,E:\IMG\left_2025_12_05_11_50_39_152.jpg,E:\IMG\right_2025_12_05_11_50_39_152.jpg,-0.6500001,0,0,15.33412
E:\IMG\center_2025_12_05_11_50_39_225.jpg,E:\IMG\left_2025_12_05_11_50_39_225.jpg,E:\IMG\right_2025_12_05_11_50_39_225.jpg,0,0.132171,0,14.50665
E:\IMG\center_2025_12_05_11_50_39_297.jpg,E:\IMG\left_2025_12_05_11_50_39_297.jpg,E:\IMG\right_2025_12_05_11_50_39_297.jpg,-0.1,0.3876519,0,14.30932
E:\IMG\center_2025_12_05_11_50_39_367.jpg,E:\IMG\left_2025_12_05_11_50_39_367.jpg,E:\IMG\right_2025_12_05_11_50_39_367.jpg,-0.25,0.5598202,0,14.67042
E:\IMG\center_2025_12_05_11_50_39_441.jpg,E:\IMG\left_2025_12_05_11_50_39_441.jpg,E:\IMG\right_2025_12_05_11_50_39_441.jpg,-0.45,0.8240272,0,14.86416
E:\IMG\center_2025_12_05_11_50_39_512.jpg,E:\IMG\left_2025_12_05_11_50_39_512.jpg,E:\IMG\right_2025_12_05_11_50_39_512.jpg,-0.6500001,1,0,15.21056
E:\IMG\center_2025_12_05_11_50_39_584.jpg,E:\IMG\left_2025_12_05_11_50_39_584.jpg,E:\IMG\right_2025_12_05_11_50_39_584.jpg,-0.8000001,0.8274127,0,15.34316
E:\IMG\center_2025_12_05_11_50_39_657.jpg,E:\IMG\left_2025_12_05_11_50_39_657.jpg,E:\IMG\right_2025_12_05_11_50_39_657.jpg,0,0.5661799,0,15.44212
E:\IMG\center_2025_12_05_11_50_39_731.jpg,E:\IMG\left_2025_12_05_11_50_39_731.jpg,E:\IMG\right_2025_12_05_11_50_39_731.jpg,-0.1,0.3456937,0,15.44889
E:\IMG\center_2025_12_05_11_50_39_804.jpg,E:\IMG\left_2025_12_05_11_50_39_804.jpg,E:\IMG\right_2025_12_05_11_50_39_804.jpg,-0.25,0.1245058,0,15.22091
E:\IMG\center_2025_12_05_11_50_39_878.jpg,E:\IMG\left_2025_12_05_11_50_39_878.jpg,E:\IMG\right_2025_12_05_11_50_39_878.jpg,-0.45,0,0,14.95299
E:\IMG\center_2025_12_05_11_50_39_951.jpg,E:\IMG\left_2025_12_05_11_50_39_951.jpg,E:\IMG\right_2025_12_05_11_50_39_951.jpg,-0.6500001,0,0,14.50373
E:\IMG\center_2025_12_05_11_50_40_023.jpg,E:\IMG\left_2025_12_05_11_50_40_023.jpg,E:\IMG\right_2025_12_05_11_50_40_023.jpg,-0.8000001,0,0,14.11444
E:\IMG\center_2025_12_05_11_50_40_099.jpg,E:\IMG\left_2025_12_05_11_50_40_099.jpg,E:\IMG\right_2025_12_05_11_50_40_099.jpg,-1,0,0,13.60938
E:\IMG\center_2025_12_05_11_50_40_172.jpg,E:\IMG\left_2025_12_05_11_50_40_172.jpg,E:\IMG\right_2025_12_05_11_50_40_172.jpg,-1,0,0,13.3252
E:\IMG\center_2025_12_05_11_50_40_248.jpg,E:\IMG\left_2025_12_05_11_50_40_248.jpg,E:\IMG\right_2025_12_05_11_50_40_248.jpg,-1,0,0,13.03048
E:\IMG\center_2025_12_05_11_50_40_328.jpg,E:\IMG\left_2025_12_05_11_50_40_328.jpg,E:\IMG\right_2025_12_05_11_50_40_328.jpg,-1,0,0,12.791
E:\IMG\center_2025_12_05_11_50_40_413.jpg,E:\IMG\left_2025_12_05_11_50_40_413.jpg,E:\IMG\right_2025_12_05_11_50_40_413.jpg,0,0,0,12.07651
E:\IMG\center_2025_12_05_11_50_40_494.jpg,E:\IMG\left_2025_12_05_11_50_40_494.jpg,E:\IMG\right_2025_12_05_11_50_40_494.jpg,0,0,0,11.6772
E:\IMG\center_2025_12_05_11_50_40_577.jpg,E:\IMG\left_2025_12_05_11_50_40_577.jpg,E:\IMG\right_2025_12_05_11_50_40_577.jpg,0,0,0,11.41857
E:\IMG\center_2025_12_05_11_50_40_661.jpg,E:\IMG\left_2025_12_05_11_50_40_661.jpg,E:\IMG\right_2025_12_05_11_50_40_661.jpg,0,0.0529995,0,11.19317
E:\IMG\center_2025_12_05_11_50_40_742.jpg,E:\IMG\left_2025_12_05_11_50_40_742.jpg,E:\IMG\right_2025_12_05_11_50_40_742.jpg,0,0.295782,0,11.3634
E:\IMG\center_2025_12_05_11_50_40_821.jpg,E:\IMG\left_2025_12_05_11_50_40_821.jpg,E:\IMG\right_2025_12_05_11_50_40_821.jpg,0,0.5339871,0,11.37896
E:\IMG\center_2025_12_05_11_50_40_904.jpg,E:\IMG\left_2025_12_05_11_50_40_904.jpg,E:\IMG\right_2025_12_05_11_50_40_904.jpg,0.05,0.2868591,0,11.50431
E:\IMG\center_2025_12_05_11_50_40_984.jpg,E:\IMG\left_2025_12_05_11_50_40_984.jpg,E:\IMG\right_2025_12_05_11_50_40_984.jpg,0.25,0.05195159,0,11.57868
E:\IMG\center_2025_12_05_11_50_41_068.jpg,E:\IMG\left_2025_12_05_11_50_41_068.jpg,E:\IMG\right_2025_12_05_11_50_41_068.jpg,0.45,0,0,11.4642
E:\IMG\center_2025_12_05_11_50_41_138.jpg,E:\IMG\left_2025_12_05_11_50_41_138.jpg,E:\IMG\right_2025_12_05_11_50_41_138.jpg,0.6500001,0,0,11.29981
E:\IMG\center_2025_12_05_11_50_41_206.jpg,E:\IMG\left_2025_12_05_11_50_41_206.jpg,E:\IMG\right_2025_12_05_11_50_41_206.jpg,0,0,0,11.18023
E:\IMG\center_2025_12_05_11_50_41_273.jpg,E:\IMG\left_2025_12_05_11_50_41_273.jpg,E:\IMG\right_2025_12_05_11_50_41_273.jpg,0,0,0,11.04135
E:\IMG\center_2025_12_05_11_50_41_341.jpg,E:\IMG\left_2025_12_05_11_50_41_341.jpg,E:\IMG\right_2025_12_05_11_50_41_341.jpg,0,0,0,10.97642
E:\IMG\center_2025_12_05_11_50_41_422.jpg,E:\IMG\left_2025_12_05_11_50_41_422.jpg,E:\IMG\right_2025_12_05_11_50_41_422.jpg,0.05,0,0,10.89936
E:\IMG\center_2025_12_05_11_50_41_494.jpg,E:\IMG\left_2025_12_05_11_50_41_494.jpg,E:\IMG\right_2025_12_05_11_50_41_494.jpg,0.25,0,0,10.8462
E:\IMG\center_2025_12_05_11_50_41_568.jpg,E:\IMG\left_2025_12_05_11_50_41_568.jpg,E:\IMG\right_2025_12_05_11_50_41_568.jpg,0.4,0,0,10.84475
E:\IMG\center_2025_12_05_11_50_41_645.jpg,E:\IMG\left_2025_12_05_11_50_41_645.jpg,E:\IMG\right_2025_12_05_11_50_41_645.jpg,0.6000001,0,0,10.83806
E:\IMG\center_2025_12_05_11_50_41_725.jpg,E:\IMG\left_2025_12_05_11_50_41_725.jpg,E:\IMG\right_2025_12_05_11_50_41_725.jpg,0.8000001,0,0,10.79107
E:\IMG\center_2025_12_05_11_50_41_803.jpg,E:\IMG\left_2025_12_05_11_50_41_803.jpg,E:\IMG\right_2025_12_05_11_50_41_803.jpg,1,0,0,10.72498
E:\IMG\center_2025_12_05_11_50_41_876.jpg,E:\IMG\left_2025_12_05_11_50_41_876.jpg,E:\IMG\right_2025_12_05_11_50_41_876.jpg,1,0,0,10.69656
E:\IMG\center_2025_12_05_11_50_41_951.jpg,E:\IMG\left_2025_12_05_11_50_41_951.jpg,E:\IMG\right_2025_12_05_11_50_41_951.jpg,1,0.08998381,0,10.76759
E:\IMG\center_2025_12_05_11_50_42_021.jpg,E:\IMG\left_2025_12_05_11_50_42_021.jpg,E:\IMG\right_2025_12_05_11_50_42_021.jpg,1,0.300213,0,10.96639
E:\IMG\center_2025_12_05_11_50_42_088.jpg,E:\IMG\left_2025_12_05_11_50_42_088.jpg,E:\IMG\right_2025_12_05_11_50_42_088.jpg,0,0.464772,0,11.22472
E:\IMG\center_2025_12_05_11_50_42_168.jpg,E:\IMG\left_2025_12_05_11_50_42_168.jpg,E:\IMG\right_2025_12_05_11_50_42_168.jpg,0,0.698775,0,11.95344
E:\IMG\center_2025_12_05_11_50_42_234.jpg,E:\IMG\left_2025_12_05_11_50_42_234.jpg,E:\IMG\right_2025_12_05_11_50_42_234.jpg,0,0.9424833,0,12.62467
E:\IMG\center_2025_12_05_11_50_42_304.jpg,E:\IMG\left_2025_12_05_11_50_42_304.jpg,E:\IMG\right_2025_12_05_11_50_42_304.jpg,0,1,0,13.49806
E:\IMG\center_2025_12_05_11_50_42_375.jpg,E:\IMG\left_2025_12_05_11_50_42_375.jpg,E:\IMG\right_2025_12_05_11_50_42_375.jpg,0,1,0,14.66673
E:\IMG\center_2025_12_05_11_50_42_447.jpg,E:\IMG\left_2025_12_05_11_50_42_447.jpg,E:\IMG\right_2025_12_05_11_50_42_447.jpg,0,1,0,15.61915
E:\IMG\center_2025_12_05_11_50_42_520.jpg,E:\IMG\left_2025_12_05_11_50_42_520.jpg,E:\IMG\right_2025_12_05_11_50_42_520.jpg,0,1,0,16.7361
E:\IMG\center_2025_12_05_11_50_42_592.jpg,E:\IMG\left_2025_12_05_11_50_42_592.jpg,E:\IMG\right_2025_12_05_11_50_42_592.jpg,0,1,0,17.75741
E:\IMG\center_2025_12_05_11_50_42_663.jpg,E:\IMG\left_2025_12_05_11_50_42_663.jpg,E:\IMG\right_2025_12_05_11_50_42_663.jpg,0.1,1,0,18.41343
E:\IMG\center_2025_12_05_11_50_42_736.jpg,E:\IMG\left_2025_12_05_11_50_42_736.jpg,E:\IMG\right_2025_12_05_11_50_42_736.jpg,0.3,0.9537067,0,19.75925
E:\IMG\center_2025_12_05_11_50_42_808.jpg,E:\IMG\left_2025_12_05_11_50_42_808.jpg,E:\IMG\right_2025_12_05_11_50_42_808.jpg,0.45,0.7856314,0,20.53576
E:\IMG\center_2025_12_05_11_50_42_882.jpg,E:\IMG\left_2025_12_05_11_50_42_882.jpg,E:\IMG\right_2025_12_05_11_50_42_882.jpg,0.6500001,0.5156359,0,21.15331
E:\IMG\center_2025_12_05_11_50_42_957.jpg,E:\IMG\left_2025_12_05_11_50_42_957.jpg,E:\IMG\right_2025_12_05_11_50_42_957.jpg,0,0.2938963,0,21.84855
E:\IMG\center_2025_12_05_11_50_43_031.jpg,E:\IMG\left_2025_12_05_11_50_43_031.jpg,E:\IMG\right_2025_12_05_11_50_43_031.jpg,0,0.0707659,0,22.17954
E:\IMG\center_2025_12_05_11_50_43_104.jpg,E:\IMG\left_2025_12_05_11_50_43_104.jpg,E:\IMG\right_2025_12_05_11_50_43_104.jpg,0,0.0461598,0,22.31183
E:\IMG\center_2025_12_05_11_50_43_180.jpg,E:\IMG\left_2025_12_05_11_50_43_180.jpg,E:\IMG\right_2025_12_05_11_50_43_180.jpg,0.05,0.3133938,0,22.68252
E:\IMG\center_2025_12_05_11_50_43_254.jpg,E:\IMG\left_2025_12_05_11_50_43_254.jpg,E:\IMG\right_2025_12_05_11_50_43_254.jpg,0.25,0.5367261,0,23.33924
E:\IMG\center_2025_12_05_11_50_43_327.jpg,E:\IMG\left_2025_12_05_11_50_43_327.jpg,E:\IMG\right_2025_12_05_11_50_43_327.jpg,0.4,0.7101211,0,23.74716
E:\IMG\center_2025_12_05_11_50_43_402.jpg,E:\IMG\left_2025_12_05_11_50_43_402.jpg,E:\IMG\right_2025_12_05_11_50_43_402.jpg,0.6000001,0.9818608,0,24.7078
E:\IMG\center_2025_12_05_11_50_43_478.jpg,E:\IMG\left_2025_12_05_11_50_43_478.jpg,E:\IMG\right_2025_12_05_11_50_43_478.jpg,0.8000001,1,0,25.57462
E:\IMG\center_2025_12_05_11_50_43_551.jpg,E:\IMG\left_2025_12_05_11_50_43_551.jpg,E:\IMG\right_2025_12_05_11_50_43_551.jpg,1,0.9109642,0,26.3345
E:\IMG\center_2025_12_05_11_50_43_624.jpg,E:\IMG\left_2025_12_05_11_50_43_624.jpg,E:\IMG\right_2025_12_05_11_50_43_624.jpg,1,0.7352746,0,26.97359
E:\IMG\center_2025_12_05_11_50_43_699.jpg,E:\IMG\left_2025_12_05_11_50_43_699.jpg,E:\IMG\right_2025_12_05_11_50_43_699.jpg,0,0.4703611,0,27.49116
E:\IMG\center_2025_12_05_11_50_43_772.jpg,E:\IMG\left_2025_12_05_11_50_43_772.jpg,E:\IMG\right_2025_12_05_11_50_43_772.jpg,0,0.2508109,0,28.06279
E:\IMG\center_2025_12_05_11_50_43_846.jpg,E:\IMG\left_2025_12_05_11_50_43_846.jpg,E:\IMG\right_2025_12_05_11_50_43_846.jpg,0,0.06977202,0,28.20502
E:\IMG\center_2025_12_05_11_50_43_921.jpg,E:\IMG\left_2025_12_05_11_50_43_921.jpg,E:\IMG\right_2025_12_05_11_50_43_921.jpg,0,0,0,28.2847
E:\IMG\center_2025_12_05_11_50_43_993.jpg,E:\IMG\left_2025_12_05_11_50_43_993.jpg,E:\IMG\right_2025_12_05_11_50_43_993.jpg,0,0,0,28.38837
E:\IMG\center_2025_12_05_11_50_44_065.jpg,E:\IMG\left_2025_12_05_11_50_44_065.jpg,E:\IMG\right_2025_12_05_11_50_44_065.jpg,0,0,0,28.33025
E:\IMG\center_2025_12_05_11_50_44_140.jpg,E:\IMG\left_2025_12_05_11_50_44_140.jpg,E:\IMG\right_2025_12_05_11_50_44_140.jpg,0.05,0,0,28.34935
E:\IMG\center_2025_12_05_11_50_44_211.jpg,E:\IMG\left_2025_12_05_11_50_44_211.jpg,E:\IMG\right_2025_12_05_11_50_44_211.jpg,0.25,0,0,28.14565
E:\IMG\center_2025_12_05_11_50_44_282.jpg,E:\IMG\left_2025_12_05_11_50_44_282.jpg,E:\IMG\right_2025_12_05_11_50_44_282.jpg,0.4,0,0,28.02219
E:\IMG\center_2025_12_05_11_50_44_352.jpg,E:\IMG\left_2025_12_05_11_50_44_352.jpg,E:\IMG\right_2025_12_05_11_50_44_352.jpg,0,0,0,27.78291
E:\IMG\center_2025_12_05_11_50_44_419.jpg,E:\IMG\left_2025_12_05_11_50_44_419.jpg,E:\IMG\right_2025_12_05_11_50_44_419.jpg,0,0,0,27.46667
E:\IMG\center_2025_12_05_11_50_44_487.jpg,E:\IMG\left_2025_12_05_11_50_44_487.jpg,E:\IMG\right_2025_12_05_11_50_44_487.jpg,0,0,0,27.45905
E:\IMG\center_2025_12_05_11_50_44_555.jpg,E:\IMG\left_2025_12_05_11_50_44_555.jpg,E:\IMG\right_2025_12_05_11_50_44_555.jpg,0,0,0,27.20916
E:\IMG\center_2025_12_05_11_50_44_625.jpg,E:\IMG\left_2025_12_05_11_50_44_625.jpg,E:\IMG\right_2025_12_05_11_50_44_625.jpg,0,0,0,26.80365
E:\IMG\center_2025_12_05_11_50_44_705.jpg,E:\IMG\left_2025_12_05_11_50_44_705.jpg,E:\IMG\right_2025_12_05_11_50_44_705.jpg,0,0.0813981,0,26.50103
E:\IMG\center_2025_12_05_11_50_44_775.jpg,E:\IMG\left_2025_12_05_11_50_44_775.jpg,E:\IMG\right_2025_12_05_11_50_44_775.jpg,0,0.3302307,0,26.44092
E:\IMG\center_2025_12_05_11_50_44_842.jpg,E:\IMG\left_2025_12_05_11_50_44_842.jpg,E:\IMG\right_2025_12_05_11_50_44_842.jpg,0,0.4971705,0,26.52686
E:\IMG\center_2025_12_05_11_50_44_910.jpg,E:\IMG\left_2025_12_05_11_50_44_910.jpg,E:\IMG\right_2025_12_05_11_50_44_910.jpg,-0.1,0.6552222,0,26.72415
E:\IMG\center_2025_12_05_11_50_44_978.jpg,E:\IMG\left_2025_12_05_11_50_44_978.jpg,E:\IMG\right_2025_12_05_11_50_44_978.jpg,-0.25,0.4530687,0,26.59814
E:\IMG\center_2025_12_05_11_50_45_059.jpg,E:\IMG\left_2025_12_05_11_50_45_059.jpg,E:\IMG\right_2025_12_05_11_50_45_059.jpg,-0.45,0.2116377,0,26.47287
E:\IMG\center_2025_12_05_11_50_45_139.jpg,E:\IMG\left_2025_12_05_11_50_45_139.jpg,E:\IMG\right_2025_12_05_11_50_45_139.jpg,0,0,0,25.93034
E:\IMG\center_2025_12_05_11_50_45_207.jpg,E:\IMG\left_2025_12_05_11_50_45_207.jpg,E:\IMG\right_2025_12_05_11_50_45_207.jpg,-0.15,0,0,25.48078
E:\IMG\center_2025_12_05_11_50_45_274.jpg,E:\IMG\left_2025_12_05_11_50_45_274.jpg,E:\IMG\right_2025_12_05_11_50_45_274.jpg,-0.35,0,0,25.0471
E:\IMG\center_2025_12_05_11_50_45_342.jpg,E:\IMG\left_2025_12_05_11_50_45_342.jpg,E:\IMG\right_2025_12_05_11_50_45_342.jpg,-0.5000001,0,0,24.53335
E:\IMG\center_2025_12_05_11_50_45_410.jpg,E:\IMG\left_2025_12_05_11_50_45_410.jpg,E:\IMG\right_2025_12_05_11_50_45_410.jpg,-0.7,0,0,23.84748
E:\IMG\center_2025_12_05_11_50_45_489.jpg,E:\IMG\left_2025_12_05_11_50_45_489.jpg,E:\IMG\right_2025_12_05_11_50_45_489.jpg,0,0,0,23.28116
E:\IMG\center_2025_12_05_11_50_45_557.jpg,E:\IMG\left_2025_12_05_11_50_45_557.jpg,E:\IMG\right_2025_12_05_11_50_45_557.jpg,-0.05,0,0,22.79815
E:\IMG\center_2025_12_05_11_50_45_624.jpg,E:\IMG\left_2025_12_05_11_50_45_624.jpg,E:\IMG\right_2025_12_05_11_50_45_624.jpg,-0.2,0,0,22.47799
E:\IMG\center_2025_12_05_11_50_45_691.jpg,E:\IMG\left_2025_12_05_11_50_45_691.jpg,E:\IMG\right_2025_12_05_11_50_45_691.jpg,-0.4,0,0,21.86736
E:\IMG\center_2025_12_05_11_50_45_769.jpg,E:\IMG\left_2025_12_05_11_50_45_769.jpg,E:\IMG\right_2025_12_05_11_50_45_769.jpg,-0.6000001,0,0,21.21203
E:\IMG\center_2025_12_05_11_50_45_836.jpg,E:\IMG\left_2025_12_05_11_50_45_836.jpg,E:\IMG\right_2025_12_05_11_50_45_836.jpg,-0.7500002,0,0,20.64337
E:\IMG\center_2025_12_05_11_50_45_914.jpg,E:\IMG\left_2025_12_05_11_50_45_914.jpg,E:\IMG\right_2025_12_05_11_50_45_914.jpg,0,0,0,19.86541
E:\IMG\center_2025_12_05_11_50_45_991.jpg,E:\IMG\left_2025_12_05_11_50_45_991.jpg,E:\IMG\right_2025_12_05_11_50_45_991.jpg,0,0,0,19.29518
E:\IMG\center_2025_12_05_11_50_46_071.jpg,E:\IMG\left_2025_12_05_11_50_46_071.jpg,E:\IMG\right_2025_12_05_11_50_46_071.jpg,-0.2,0,0,18.7823
E:\IMG\center_2025_12_05_11_50_46_148.jpg,E:\IMG\left_2025_12_05_11_50_46_148.jpg,E:\IMG\right_2025_12_05_11_50_46_148.jpg,-0.35,0,0,18.53807
E:\IMG\center_2025_12_05_11_50_46_224.jpg,E:\IMG\left_2025_12_05_11_50_46_224.jpg,E:\IMG\right_2025_12_05_11_50_46_224.jpg,-0.5500001,0,0,18.0031
E:\IMG\center_2025_12_05_11_50_46_301.jpg,E:\IMG\left_2025_12_05_11_50_46_301.jpg,E:\IMG\right_2025_12_05_11_50_46_301.jpg,-0.7500002,0,0,17.40935
E:\IMG\center_2025_12_05_11_50_46_380.jpg,E:\IMG\left_2025_12_05_11_50_46_380.jpg,E:\IMG\right_2025_12_05_11_50_46_380.jpg,0,0.0377043,0,16.73515
E:\IMG\center_2025_12_05_11_50_46_454.jpg,E:\IMG\left_2025_12_05_11_50_46_454.jpg,E:\IMG\right_2025_12_05_11_50_46_454.jpg,0,0.2592231,0,16.37473
E:\IMG\center_2025_12_05_11_50_46_529.jpg,E:\IMG\left_2025_12_05_11_50_46_529.jpg,E:\IMG\right_2025_12_05_11_50_46_529.jpg,-0.2,0.4859451,0,16.39469
E:\IMG\center_2025_12_05_11_50_46_603.jpg,E:\IMG\left_2025_12_05_11_50_46_603.jpg,E:\IMG\right_2025_12_05_11_50_46_603.jpg,-0.35,0.6718038,0,16.26726
E:\IMG\center_2025_12_05_11_50_46_678.jpg,E:\IMG\left_2025_12_05_11_50_46_678.jpg,E:\IMG\right_2025_12_05_11_50_46_678.jpg,-0.5500001,0.5653824,0,16.36845
E:\IMG\center_2025_12_05_11_50_46_751.jpg,E:\IMG\left_2025_12_05_11_50_46_751.jpg,E:\IMG\right_2025_12_05_11_50_46_751.jpg,0,0.3447916,0,16.21679
E:\IMG\center_2025_12_05_11_50_46_823.jpg,E:\IMG\left_2025_12_05_11_50_46_823.jpg,E:\IMG\right_2025_12_05_11_50_46_823.jpg,0,0.1605964,0,16.11131
E:\IMG\center_2025_12_05_11_50_46_897.jpg,E:\IMG\left_2025_12_05_11_50_46_897.jpg,E:\IMG\right_2025_12_05_11_50_46_897.jpg,0,0,0,15.72631
E:\IMG\center_2025_12_05_11_50_46_968.jpg,E:\IMG\left_2025_12_05_11_50_46_968.jpg,E:\IMG\right_2025_12_05_11_50_46_968.jpg,0,0,0,15.23849
E:\IMG\center_2025_12_05_11_50_47_042.jpg,E:\IMG\left_2025_12_05_11_50_47_042.jpg,E:\IMG\right_2025_12_05_11_50_47_042.jpg,-0.2,0.0418017,0,14.80914
E:\IMG\center_2025_12_05_11_50_47_118.jpg,E:\IMG\left_2025_12_05_11_50_47_118.jpg,E:\IMG\right_2025_12_05_11_50_47_118.jpg,-0.4,0.3000174,0,14.53774
E:\IMG\center_2025_12_05_11_50_47_189.jpg,E:\IMG\left_2025_12_05_11_50_47_189.jpg,E:\IMG\right_2025_12_05_11_50_47_189.jpg,-0.6000001,0.5140116,0,14.54961
E:\IMG\center_2025_12_05_11_50_47_259.jpg,E:\IMG\left_2025_12_05_11_50_47_259.jpg,E:\IMG\right_2025_12_05_11_50_47_259.jpg,-0.7500002,0.4757202,0,14.6252
E:\IMG\center_2025_12_05_11_50_47_333.jpg,E:\IMG\left_2025_12_05_11_50_47_333.jpg,E:\IMG\right_2025_12_05_11_50_47_333.jpg,0,0.2280852,0,14.51513
E:\IMG\center_2025_12_05_11_50_47_403.jpg,E:\IMG\left_2025_12_05_11_50_47_403.jpg,E:\IMG\right_2025_12_05_11_50_47_403.jpg,0,0.05322326,0,14.13633
E:\IMG\center_2025_12_05_11_50_47_473.jpg,E:\IMG\left_2025_12_05_11_50_47_473.jpg,E:\IMG\right_2025_12_05_11_50_47_473.jpg,-0.05,0,0,13.7372
E:\IMG\center_2025_12_05_11_50_47_544.jpg,E:\IMG\left_2025_12_05_11_50_47_544.jpg,E:\IMG\right_2025_12_05_11_50_47_544.jpg,-0.2,0,0,13.75734
E:\IMG\center_2025_12_05_11_50_47_615.jpg,E:\IMG\left_2025_12_05_11_50_47_615.jpg,E:\IMG\right_2025_12_05_11_50_47_615.jpg,-0.4,0,0,13.4213
E:\IMG\center_2025_12_05_11_50_47_685.jpg,E:\IMG\left_2025_12_05_11_50_47_685.jpg,E:\IMG\right_2025_12_05_11_50_47_685.jpg,-0.5500001,0,0,12.89298
E:\IMG\center_2025_12_05_11_50_47_757.jpg,E:\IMG\left_2025_12_05_11_50_47_757.jpg,E:\IMG\right_2025_12_05_11_50_47_757.jpg,-0.7500002,0,0,12.51446
E:\IMG\center_2025_12_05_11_50_47_830.jpg,E:\IMG\left_2025_12_05_11_50_47_830.jpg,E:\IMG\right_2025_12_05_11_50_47_830.jpg,-0.9500002,0,0,12.18678
E:\IMG\center_2025_12_05_11_50_47_902.jpg,E:\IMG\left_2025_12_05_11_50_47_902.jpg,E:\IMG\right_2025_12_05_11_50_47_902.jpg,0,0,0,12.0588
E:\IMG\center_2025_12_05_11_50_47_980.jpg,E:\IMG\left_2025_12_05_11_50_47_980.jpg,E:\IMG\right_2025_12_05_11_50_47_980.jpg,0,0.2310303,0,11.80972
E:\IMG\center_2025_12_05_11_50_48_054.jpg,E:\IMG\left_2025_12_05_11_50_48_054.jpg,E:\IMG\right_2025_12_05_11_50_48_054.jpg,-0.15,0.4528683,0,11.88397
E:\IMG\center_2025_12_05_11_50_48_128.jpg,E:\IMG\left_2025_12_05_11_50_48_128.jpg,E:\IMG\right_2025_12_05_11_50_48_128.jpg,-0.3,0.6366369,0,12.12068
E:\IMG\center_2025_12_05_11_50_48_204.jpg,E:\IMG\left_2025_12_05_11_50_48_204.jpg,E:\IMG\right_2025_12_05_11_50_48_204.jpg,-0.5000001,0.8664159,0,12.38584
E:\IMG\center_2025_12_05_11_50_48_279.jpg,E:\IMG\left_2025_12_05_11_50_48_279.jpg,E:\IMG\right_2025_12_05_11_50_48_279.jpg,-0.7,0.8364945,0,13.16546
E:\IMG\center_2025_12_05_11_50_48_357.jpg,E:\IMG\left_2025_12_05_11_50_48_357.jpg,E:\IMG\right_2025_12_05_11_50_48_357.jpg,0,0.6061338,0,13.58939
E:\IMG\center_2025_12_05_11_50_48_434.jpg,E:\IMG\left_2025_12_05_11_50_48_434.jpg,E:\IMG\right_2025_12_05_11_50_48_434.jpg,0,0.3766374,0,13.79886
E:\IMG\center_2025_12_05_11_50_48_501.jpg,E:\IMG\left_2025_12_05_11_50_48_501.jpg,E:\IMG\right_2025_12_05_11_50_48_501.jpg,-0.05,0.1741911,0,14.15266
E:\IMG\center_2025_12_05_11_50_48_580.jpg,E:\IMG\left_2025_12_05_11_50_48_580.jpg,E:\IMG\right_2025_12_05_11_50_48_580.jpg,-0.25,0.3300243,0,14.17955
E:\IMG\center_2025_12_05_11_50_48_659.jpg,E:\IMG\left_2025_12_05_11_50_48_659.jpg,E:\IMG\right_2025_12_05_11_50_48_659.jpg,-0.45,0.5664663,0,14.39904
E:\IMG\center_2025_12_05_11_50_48_725.jpg,E:\IMG\left_2025_12_05_11_50_48_725.jpg,E:\IMG\right_2025_12_05_11_50_48_725.jpg,0,0.7254345,0,14.54248
E:\IMG\center_2025_12_05_11_50_48_804.jpg,E:\IMG\left_2025_12_05_11_50_48_804.jpg,E:\IMG\right_2025_12_05_11_50_48_804.jpg,0,0.9638706,0,15.19599
E:\IMG\center_2025_12_05_11_50_48_874.jpg,E:\IMG\left_2025_12_05_11_50_48_874.jpg,E:\IMG\right_2025_12_05_11_50_48_874.jpg,-0.15,1,0,16.11691
E:\IMG\center_2025_12_05_11_50_48_951.jpg,E:\IMG\left_2025_12_05_11_50_48_951.jpg,E:\IMG\right_2025_12_05_11_50_48_951.jpg,-0.35,1,0,16.92445
E:\IMG\center_2025_12_05_11_50_49_030.jpg,E:\IMG\left_2025_12_05_11_50_49_030.jpg,E:\IMG\right_2025_12_05_11_50_49_030.jpg,-0.5500001,1,0,17.65755
E:\IMG\center_2025_12_05_11_50_49_097.jpg,E:\IMG\left_2025_12_05_11_50_49_097.jpg,E:\IMG\right_2025_12_05_11_50_49_097.jpg,-0.7,1,0,18.00553
E:\IMG\center_2025_12_05_11_50_49_167.jpg,E:\IMG\left_2025_12_05_11_50_49_167.jpg,E:\IMG\right_2025_12_05_11_50_49_167.jpg,-0.8500001,0.9569284,0,18.62881
E:\IMG\center_2025_12_05_11_50_49_245.jpg,E:\IMG\left_2025_12_05_11_50_49_245.jpg,E:\IMG\right_2025_12_05_11_50_49_245.jpg,-1,0.7246576,0,19.05525
E:\IMG\center_2025_12_05_11_50_49_323.jpg,E:\IMG\left_2025_12_05_11_50_49_323.jpg,E:\IMG\right_2025_12_05_11_50_49_323.jpg,-1,0.4486804,0,19.34351
E:\IMG\center_2025_12_05_11_50_49_392.jpg,E:\IMG\left_2025_12_05_11_50_49_392.jpg,E:\IMG\right_2025_12_05_11_50_49_392.jpg,-1,0.2416414,0,19.45714
E:\IMG\center_2025_12_05_11_50_49_461.jpg,E:\IMG\left_2025_12_05_11_50_49_461.jpg,E:\IMG\right_2025_12_05_11_50_49_461.jpg,-1,0.03582913,0,19.09418
E:\IMG\center_2025_12_05_11_50_49_528.jpg,E:\IMG\left_2025_12_05_11_50_49_528.jpg,E:\IMG\right_2025_12_05_11_50_49_528.jpg,0,0,0,19.20265
E:\IMG\center_2025_12_05_11_50_49_597.jpg,E:\IMG\left_2025_12_05_11_50_49_597.jpg,E:\IMG\right_2025_12_05_11_50_49_597.jpg,0,0,0,18.91603
E:\IMG\center_2025_12_05_11_50_49_664.jpg,E:\IMG\left_2025_12_05_11_50_49_664.jpg,E:\IMG\right_2025_12_05_11_50_49_664.jpg,0,0,0,18.42467
E:\IMG\center_2025_12_05_11_50_49_733.jpg,E:\IMG\left_2025_12_05_11_50_49_733.jpg,E:\IMG\right_2025_12_05_11_50_49_733.jpg,-0.05,0,0,18.18703
E:\IMG\center_2025_12_05_11_50_49_801.jpg,E:\IMG\left_2025_12_05_11_50_49_801.jpg,E:\IMG\right_2025_12_05_11_50_49_801.jpg,-0.2,0,0,18.51051
E:\IMG\center_2025_12_05_11_50_49_875.jpg,E:\IMG\left_2025_12_05_11_50_49_875.jpg,E:\IMG\right_2025_12_05_11_50_49_875.jpg,-0.4,0,0,18.32306
E:\IMG\center_2025_12_05_11_50_49_944.jpg,E:\IMG\left_2025_12_05_11_50_49_944.jpg,E:\IMG\right_2025_12_05_11_50_49_944.jpg,-0.5500001,0,0,17.69482
E:\IMG\center_2025_12_05_11_50_50_013.jpg,E:\IMG\left_2025_12_05_11_50_50_013.jpg,E:\IMG\right_2025_12_05_11_50_50_013.jpg,-0.7500002,0,0,17.41303
E:\IMG\center_2025_12_05_11_50_50_084.jpg,E:\IMG\left_2025_12_05_11_50_50_084.jpg,E:\IMG\right_2025_12_05_11_50_50_084.jpg,-0.9000002,0,0,17.60187
E:\IMG\center_2025_12_05_11_50_50_153.jpg,E:\IMG\left_2025_12_05_11_50_50_153.jpg,E:\IMG\right_2025_12_05_11_50_50_153.jpg,-1,0,0,17.2731
E:\IMG\center_2025_12_05_11_50_50_222.jpg,E:\IMG\left_2025_12_05_11_50_50_222.jpg,E:\IMG\right_2025_12_05_11_50_50_222.jpg,-1,0,0,16.60516
E:\IMG\center_2025_12_05_11_50_50_295.jpg,E:\IMG\left_2025_12_05_11_50_50_295.jpg,E:\IMG\right_2025_12_05_11_50_50_295.jpg,-1,0,0,16.39185
E:\IMG\center_2025_12_05_11_50_50_368.jpg,E:\IMG\left_2025_12_05_11_50_50_368.jpg,E:\IMG\right_2025_12_05_11_50_50_368.jpg,-1,0,0,16.74512
E:\IMG\center_2025_12_05_11_50_50_447.jpg,E:\IMG\left_2025_12_05_11_50_50_447.jpg,E:\IMG\right_2025_12_05_11_50_50_447.jpg,-1,0,0,16.57044
E:\IMG\center_2025_12_05_11_50_50_520.jpg,E:\IMG\left_2025_12_05_11_50_50_520.jpg,E:\IMG\right_2025_12_05_11_50_50_520.jpg,-1,0,0,16.40443
E:\IMG\center_2025_12_05_11_50_50_598.jpg,E:\IMG\left_2025_12_05_11_50_50_598.jpg,E:\IMG\right_2025_12_05_11_50_50_598.jpg,-1,0,0,16.24331
E:\IMG\center_2025_12_05_11_50_50_676.jpg,E:\IMG\left_2025_12_05_11_50_50_676.jpg,E:\IMG\right_2025_12_05_11_50_50_676.jpg,0,0,0,16.0196
E:\IMG\center_2025_12_05_11_50_50_757.jpg,E:\IMG\left_2025_12_05_11_50_50_757.jpg,E:\IMG\right_2025_12_05_11_50_50_757.jpg,0,0,0,15.76473
E:\IMG\center_2025_12_05_11_50_50_836.jpg,E:\IMG\left_2025_12_05_11_50_50_836.jpg,E:\IMG\right_2025_12_05_11_50_50_836.jpg,-0.1,0.2425125,0,15.66098
E:\IMG\center_2025_12_05_11_50_50_915.jpg,E:\IMG\left_2025_12_05_11_50_50_915.jpg,E:\IMG\right_2025_12_05_11_50_50_915.jpg,-0.3,0.4802838,0,15.8882
E:\IMG\center_2025_12_05_11_50_50_994.jpg,E:\IMG\left_2025_12_05_11_50_50_994.jpg,E:\IMG\right_2025_12_05_11_50_50_994.jpg,-0.5000001,0.7162191,0,16.26374
E:\IMG\center_2025_12_05_11_50_51_072.jpg,E:\IMG\left_2025_12_05_11_50_51_072.jpg,E:\IMG\right_2025_12_05_11_50_51_072.jpg,-0.7,0.952677,0,16.77499
E:\IMG\center_2025_12_05_11_50_51_152.jpg,E:\IMG\left_2025_12_05_11_50_51_152.jpg,E:\IMG\right_2025_12_05_11_50_51_152.jpg,-0.9000002,1,0,17.42772
E:\IMG\center_2025_12_05_11_50_51_229.jpg,E:\IMG\left_2025_12_05_11_50_51_229.jpg,E:\IMG\right_2025_12_05_11_50_51_229.jpg,0,1,0,18.06238
E:\IMG\center_2025_12_05_11_50_51_303.jpg,E:\IMG\left_2025_12_05_11_50_51_303.jpg,E:\IMG\right_2025_12_05_11_50_51_303.jpg,0,0.9420877,0,18.56983
E:\IMG\center_2025_12_05_11_50_51_379.jpg,E:\IMG\left_2025_12_05_11_50_51_379.jpg,E:\IMG\right_2025_12_05_11_50_51_379.jpg,-0.2,0.7167253,0,19.20229
E:\IMG\center_2025_12_05_11_50_51_452.jpg,E:\IMG\left_2025_12_05_11_50_51_452.jpg,E:\IMG\right_2025_12_05_11_50_51_452.jpg,-0.4,0.4967611,0,19.56882
E:\IMG\center_2025_12_05_11_50_51_527.jpg,E:\IMG\left_2025_12_05_11_50_51_527.jpg,E:\IMG\right_2025_12_05_11_50_51_527.jpg,-0.5500001,0.2720329,0,19.80302
E:\IMG\center_2025_12_05_11_50_51_598.jpg,E:\IMG\left_2025_12_05_11_50_51_598.jpg,E:\IMG\right_2025_12_05_11_50_51_598.jpg,-0.7500002,0.05858712,0,19.66512
E:\IMG\center_2025_12_05_11_50_51_667.jpg,E:\IMG\left_2025_12_05_11_50_51_667.jpg,E:\IMG\right_2025_12_05_11_50_51_667.jpg,-0.9000002,0,0,19.16617
E:\IMG\center_2025_12_05_11_50_51_737.jpg,E:\IMG\left_2025_12_05_11_50_51_737.jpg,E:\IMG\right_2025_12_05_11_50_51_737.jpg,-1,0.1567344,0,18.80976
E:\IMG\center_2025_12_05_11_50_51_808.jpg,E:\IMG\left_2025_12_05_11_50_51_808.jpg,E:\IMG\right_2025_12_05_11_50_51_808.jpg,-1,0.3192645,0,19.0705
E:\IMG\center_2025_12_05_11_50_51_880.jpg,E:\IMG\left_2025_12_05_11_50_51_880.jpg,E:\IMG\right_2025_12_05_11_50_51_880.jpg,0,0.5864841,0,19.21274
E:\IMG\center_2025_12_05_11_50_51_951.jpg,E:\IMG\left_2025_12_05_11_50_51_951.jpg,E:\IMG\right_2025_12_05_11_50_51_951.jpg,0,0.6916062,0,19.55268
E:\IMG\center_2025_12_05_11_50_52_021.jpg,E:\IMG\left_2025_12_05_11_50_52_021.jpg,E:\IMG\right_2025_12_05_11_50_52_021.jpg,0,0.4805928,0,19.66024
E:\IMG\center_2025_12_05_11_50_52_089.jpg,E:\IMG\left_2025_12_05_11_50_52_089.jpg,E:\IMG\right_2025_12_05_11_50_52_089.jpg,0,0.5818464,0,19.91997
E:\IMG\center_2025_12_05_11_50_52_157.jpg,E:\IMG\left_2025_12_05_11_50_52_157.jpg,E:\IMG\right_2025_12_05_11_50_52_157.jpg,-0.05,0.7852875,0,20.46297
E:\IMG\center_2025_12_05_11_50_52_237.jpg,E:\IMG\left_2025_12_05_11_50_52_237.jpg,E:\IMG\right_2025_12_05_11_50_52_237.jpg,-0.25,1,0,21.13412
E:\IMG\center_2025_12_05_11_50_52_316.jpg,E:\IMG\left_2025_12_05_11_50_52_316.jpg,E:\IMG\right_2025_12_05_11_50_52_316.jpg,-0.45,1,0,21.83519
E:\IMG\center_2025_12_05_11_50_52_393.jpg,E:\IMG\left_2025_12_05_11_50_52_393.jpg,E:\IMG\right_2025_12_05_11_50_52_393.jpg,-0.6500001,1,0,22.46272
E:\IMG\center_2025_12_05_11_50_52_475.jpg,E:\IMG\left_2025_12_05_11_50_52_475.jpg,E:\IMG\right_2025_12_05_11_50_52_475.jpg,-0.8500001,1,0,23.01401
E:\IMG\center_2025_12_05_11_50_52_557.jpg,E:\IMG\left_2025_12_05_11_50_52_557.jpg,E:\IMG\right_2025_12_05_11_50_52_557.jpg,-1,1,0,23.50251
E:\IMG\center_2025_12_05_11_50_52_633.jpg,E:\IMG\left_2025_12_05_11_50_52_633.jpg,E:\IMG\right_2025_12_05_11_50_52_633.jpg,-1,1,0,24.06483
E:\IMG\center_2025_12_05_11_50_52_710.jpg,E:\IMG\left_2025_12_05_11_50_52_710.jpg,E:\IMG\right_2025_12_05_11_50_52_710.jpg,0,0.770832,0,24.56943
E:\IMG\center_2025_12_05_11_50_52_785.jpg,E:\IMG\left_2025_12_05_11_50_52_785.jpg,E:\IMG\right_2025_12_05_11_50_52_785.jpg,0,0.5900901,0,24.842
E:\IMG\center_2025_12_05_11_50_52_861.jpg,E:\IMG\left_2025_12_05_11_50_52_861.jpg,E:\IMG\right_2025_12_05_11_50_52_861.jpg,0,0.3162729,0,25.01311
E:\IMG\center_2025_12_05_11_50_52_938.jpg,E:\IMG\left_2025_12_05_11_50_52_938.jpg,E:\IMG\right_2025_12_05_11_50_52_938.jpg,0,0.0860103,0,24.99068
E:\IMG\center_2025_12_05_11_50_53_011.jpg,E:\IMG\left_2025_12_05_11_50_53_011.jpg,E:\IMG\right_2025_12_05_11_50_53_011.jpg,0,0,0,24.80683
E:\IMG\center_2025_12_05_11_50_53_082.jpg,E:\IMG\left_2025_12_05_11_50_53_082.jpg,E:\IMG\right_2025_12_05_11_50_53_082.jpg,0,0,0,24.65363
E:\IMG\center_2025_12_05_11_50_53_152.jpg,E:\IMG\left_2025_12_05_11_50_53_152.jpg,E:\IMG\right_2025_12_05_11_50_53_152.jpg,0.1,0,0,24.45146
E:\IMG\center_2025_12_05_11_50_53_232.jpg,E:\IMG\left_2025_12_05_11_50_53_232.jpg,E:\IMG\right_2025_12_05_11_50_53_232.jpg,0.3,0,0,24.20377
E:\IMG\center_2025_12_05_11_50_53_301.jpg,E:\IMG\left_2025_12_05_11_50_53_301.jpg,E:\IMG\right_2025_12_05_11_50_53_301.jpg,0.45,0,0,23.97262
E:\IMG\center_2025_12_05_11_50_53_370.jpg,E:\IMG\left_2025_12_05_11_50_53_370.jpg,E:\IMG\right_2025_12_05_11_50_53_370.jpg,0.6500001,0,0,23.60283
E:\IMG\center_2025_12_05_11_50_53_438.jpg,E:\IMG\left_2025_12_05_11_50_53_438.jpg,E:\IMG\right_2025_12_05_11_50_53_438.jpg,0.8000001,0,0,23.28166
E:\IMG\center_2025_12_05_11_50_53_507.jpg,E:\IMG\left_2025_12_05_11_50_53_507.jpg,E:\IMG\right_2025_12_05_11_50_53_507.jpg,0.9500002,0,0,22.9259
E:\IMG\center_2025_12_05_11_50_53_577.jpg,E:\IMG\left_2025_12_05_11_50_53_577.jpg,E:\IMG\right_2025_12_05_11_50_53_577.jpg,1,0,0,22.47025
E:\IMG\center_2025_12_05_11_50_53_650.jpg,E:\IMG\left_2025_12_05_11_50_53_650.jpg,E:\IMG\right_2025_12_05_11_50_53_650.jpg,1,0,0,22.1272
E:\IMG\center_2025_12_05_11_50_53_722.jpg,E:\IMG\left_2025_12_05_11_50_53_722.jpg,E:\IMG\right_2025_12_05_11_50_53_722.jpg,1,0,0.0446196,21.91273
E:\IMG\center_2025_12_05_11_50_53_791.jpg,E:\IMG\left_2025_12_05_11_50_53_791.jpg,E:\IMG\right_2025_12_05_11_50_53_791.jpg,1,0,0.2496189,20.32015
E:\IMG\center_2025_12_05_11_50_53_865.jpg,E:\IMG\left_2025_12_05_11_50_53_865.jpg,E:\IMG\right_2025_12_05_11_50_53_865.jpg,1,0,0.4265985,19.29572
E:\IMG\center_2025_12_05_11_50_53_935.jpg,E:\IMG\left_2025_12_05_11_50_53_935.jpg,E:\IMG\right_2025_12_05_11_50_53_935.jpg,1,0,0.6839727,17.95536
E:\IMG\center_2025_12_05_11_50_54_009.jpg,E:\IMG\left_2025_12_05_11_50_54_009.jpg,E:\IMG\right_2025_12_05_11_50_54_009.jpg,0,0,0.4627971,16.55424
E:\IMG\center_2025_12_05_11_50_54_080.jpg,E:\IMG\left_2025_12_05_11_50_54_080.jpg,E:\IMG\right_2025_12_05_11_50_54_080.jpg,0,0,0.251559,15.54236
E:\IMG\center_2025_12_05_11_50_54_148.jpg,E:\IMG\left_2025_12_05_11_50_54_148.jpg,E:\IMG\right_2025_12_05_11_50_54_148.jpg,0.15,0,0.08617143,14.57722
E:\IMG\center_2025_12_05_11_50_54_217.jpg,E:\IMG\left_2025_12_05_11_50_54_217.jpg,E:\IMG\right_2025_12_05_11_50_54_217.jpg,0.35,0,0,13.84322
E:\IMG\center_2025_12_05_11_50_54_288.jpg,E:\IMG\left_2025_12_05_11_50_54_288.jpg,E:\IMG\right_2025_12_05_11_50_54_288.jpg,0.5000001,0,0,13.21757
E:\IMG\center_2025_12_05_11_50_54_361.jpg,E:\IMG\left_2025_12_05_11_50_54_361.jpg,E:\IMG\right_2025_12_05_11_50_54_361.jpg,0.7,0,0,13.03752
E:\IMG\center_2025_12_05_11_50_54_437.jpg,E:\IMG\left_2025_12_05_11_50_54_437.jpg,E:\IMG\right_2025_12_05_11_50_54_437.jpg,0.9000002,0,0,12.81243
E:\IMG\center_2025_12_05_11_50_54_511.jpg,E:\IMG\left_2025_12_05_11_50_54_511.jpg,E:\IMG\right_2025_12_05_11_50_54_511.jpg,1,0,0,12.57073
E:\IMG\center_2025_12_05_11_50_54_586.jpg,E:\IMG\left_2025_12_05_11_50_54_586.jpg,E:\IMG\right_2025_12_05_11_50_54_586.jpg,1,0,0,12.91887
E:\IMG\center_2025_12_05_11_50_54_666.jpg,E:\IMG\left_2025_12_05_11_50_54_666.jpg,E:\IMG\right_2025_12_05_11_50_54_666.jpg,1,0,0,12.7373
E:\IMG\center_2025_12_05_11_50_54_745.jpg,E:\IMG\left_2025_12_05_11_50_54_745.jpg,E:\IMG\right_2025_12_05_11_50_54_745.jpg,1,0,0,12.63046
E:\IMG\center_2025_12_05_11_50_54_825.jpg,E:\IMG\left_2025_12_05_11_50_54_825.jpg,E:\IMG\right_2025_12_05_11_50_54_825.jpg,1,0,0,12.53532
E:\IMG\center_2025_12_05_11_50_54_905.jpg,E:\IMG\left_2025_12_05_11_50_54_905.jpg,E:\IMG\right_2025_12_05_11_50_54_905.jpg,1,0,0,12.36199
E:\IMG\center_2025_12_05_11_50_54_988.jpg,E:\IMG\left_2025_12_05_11_50_54_988.jpg,E:\IMG\right_2025_12_05_11_50_54_988.jpg,1,0,0,12.19706
E:\IMG\center_2025_12_05_11_50_55_056.jpg,E:\IMG\left_2025_12_05_11_50_55_056.jpg,E:\IMG\right_2025_12_05_11_50_55_056.jpg,1,0,0,12.10488
E:\IMG\center_2025_12_05_11_50_55_123.jpg,E:\IMG\left_2025_12_05_11_50_55_123.jpg,E:\IMG\right_2025_12_05_11_50_55_123.jpg,1,0.1535115,0,11.7224
E:\IMG\center_2025_12_05_11_50_55_191.jpg,E:\IMG\left_2025_12_05_11_50_55_191.jpg,E:\IMG\right_2025_12_05_11_50_55_191.jpg,1,0.3560028,0,11.80941
E:\IMG\center_2025_12_05_11_50_55_258.jpg,E:\IMG\left_2025_12_05_11_50_55_258.jpg,E:\IMG\right_2025_12_05_11_50_55_258.jpg,1,0.5607225,0,12.39145
E:\IMG\center_2025_12_05_11_50_55_331.jpg,E:\IMG\left_2025_12_05_11_50_55_331.jpg,E:\IMG\right_2025_12_05_11_50_55_331.jpg,1,0.7802756,0,12.61868
E:\IMG\center_2025_12_05_11_50_55_401.jpg,E:\IMG\left_2025_12_05_11_50_55_401.jpg,E:\IMG\right_2025_12_05_11_50_55_401.jpg,1,0.9885249,0,13.17903
E:\IMG\center_2025_12_05_11_50_55_472.jpg,E:\IMG\left_2025_12_05_11_50_55_472.jpg,E:\IMG\right_2025_12_05_11_50_55_472.jpg,1,1,0,14.23547
E:\IMG\center_2025_12_05_11_50_55_547.jpg,E:\IMG\left_2025_12_05_11_50_55_547.jpg,E:\IMG\right_2025_12_05_11_50_55_547.jpg,1,1,0,14.6883
E:\IMG\center_2025_12_05_11_50_55_616.jpg,E:\IMG\left_2025_12_05_11_50_55_616.jpg,E:\IMG\right_2025_12_05_11_50_55_616.jpg,1,1,0,15.40666
E:\IMG\center_2025_12_05_11_50_55_691.jpg,E:\IMG\left_2025_12_05_11_50_55_691.jpg,E:\IMG\right_2025_12_05_11_50_55_691.jpg,1,1,0,16.21941
E:\IMG\center_2025_12_05_11_50_55_762.jpg,E:\IMG\left_2025_12_05_11_50_55_762.jpg,E:\IMG\right_2025_12_05_11_50_55_762.jpg,1,1,0,17.02639
E:\IMG\center_2025_12_05_11_50_55_832.jpg,E:\IMG\left_2025_12_05_11_50_55_832.jpg,E:\IMG\right_2025_12_05_11_50_55_832.jpg,1,0.8963023,0,17.78135
E:\IMG\center_2025_12_05_11_50_55_903.jpg,E:\IMG\left_2025_12_05_11_50_55_903.jpg,E:\IMG\right_2025_12_05_11_50_55_903.jpg,0,0.6891109,0,18.03042
E:\IMG\center_2025_12_05_11_50_55_973.jpg,E:\IMG\left_2025_12_05_11_50_55_973.jpg,E:\IMG\right_2025_12_05_11_50_55_973.jpg,0,0.4745595,0,18.30682
E:\IMG\center_2025_12_05_11_50_56_042.jpg,E:\IMG\left_2025_12_05_11_50_56_042.jpg,E:\IMG\right_2025_12_05_11_50_56_042.jpg,0,0.2656488,0,18.41645
E:\IMG\center_2025_12_05_11_50_56_114.jpg,E:\IMG\left_2025_12_05_11_50_56_114.jpg,E:\IMG\right_2025_12_05_11_50_56_114.jpg,0.2,0.3682323,0,18.52917
E:\IMG\center_2025_12_05_11_50_56_184.jpg,E:\IMG\left_2025_12_05_11_50_56_184.jpg,E:\IMG\right_2025_12_05_11_50_56_184.jpg,0.35,0.5768859,0,18.7131
E:\IMG\center_2025_12_05_11_50_56_255.jpg,E:\IMG\left_2025_12_05_11_50_56_255.jpg,E:\IMG\right_2025_12_05_11_50_56_255.jpg,0.5500001,0.788895,0,19.15569
E:\IMG\center_2025_12_05_11_50_56_323.jpg,E:\IMG\left_2025_12_05_11_50_56_323.jpg,E:\IMG\right_2025_12_05_11_50_56_323.jpg,0.7,0.994362,0,19.56425
E:\IMG\center_2025_12_05_11_50_56_391.jpg,E:\IMG\left_2025_12_05_11_50_56_391.jpg,E:\IMG\right_2025_12_05_11_50_56_391.jpg,0.9000002,1,0,20.16395
E:\IMG\center_2025_12_05_11_50_56_459.jpg,E:\IMG\left_2025_12_05_11_50_56_459.jpg,E:\IMG\right_2025_12_05_11_50_56_459.jpg,1,1,0,20.61578
E:\IMG\center_2025_12_05_11_50_56_526.jpg,E:\IMG\left_2025_12_05_11_50_56_526.jpg,E:\IMG\right_2025_12_05_11_50_56_526.jpg,1,0.8480902,0,20.98454
E:\IMG\center_2025_12_05_11_50_56_608.jpg,E:\IMG\left_2025_12_05_11_50_56_608.jpg,E:\IMG\right_2025_12_05_11_50_56_608.jpg,1,0.6019344,0,21.3684
E:\IMG\center_2025_12_05_11_50_56_690.jpg,E:\IMG\left_2025_12_05_11_50_56_690.jpg,E:\IMG\right_2025_12_05_11_50_56_690.jpg,1,0.308533,0,21.68214
E:\IMG\center_2025_12_05_11_50_56_764.jpg,E:\IMG\left_2025_12_05_11_50_56_764.jpg,E:\IMG\right_2025_12_05_11_50_56_764.jpg,0,0.08706758,0,21.47038
E:\IMG\center_2025_12_05_11_50_56_835.jpg,E:\IMG\left_2025_12_05_11_50_56_835.jpg,E:\IMG\right_2025_12_05_11_50_56_835.jpg,0,0,0,21.19718
E:\IMG\center_2025_12_05_11_50_56_905.jpg,E:\IMG\left_2025_12_05_11_50_56_905.jpg,E:\IMG\right_2025_12_05_11_50_56_905.jpg,0,0,0,21.14691
E:\IMG\center_2025_12_05_11_50_56_980.jpg,E:\IMG\left_2025_12_05_11_50_56_980.jpg,E:\IMG\right_2025_12_05_11_50_56_980.jpg,-0.2,0,0.1350018,20.28483
E:\IMG\center_2025_12_05_11_50_57_056.jpg,E:\IMG\left_2025_12_05_11_50_57_056.jpg,E:\IMG\right_2025_12_05_11_50_57_056.jpg,-0.4,0,0.3602643,18.83887
E:\IMG\center_2025_12_05_11_50_57_131.jpg,E:\IMG\left_2025_12_05_11_50_57_131.jpg,E:\IMG\right_2025_12_05_11_50_57_131.jpg,0,0,0.5846973,17.4864
E:\IMG\center_2025_12_05_11_50_57_205.jpg,E:\IMG\left_2025_12_05_11_50_57_205.jpg,E:\IMG\right_2025_12_05_11_50_57_205.jpg,0,0,0.8084691,16.51624
E:\IMG\center_2025_12_05_11_50_57_278.jpg,E:\IMG\left_2025_12_05_11_50_57_278.jpg,E:\IMG\right_2025_12_05_11_50_57_278.jpg,0,0,1,15.23969
E:\IMG\center_2025_12_05_11_50_57_348.jpg,E:\IMG\left_2025_12_05_11_50_57_348.jpg,E:\IMG\right_2025_12_05_11_50_57_348.jpg,0,0,1,14.29283
E:\IMG\center_2025_12_05_11_50_57_425.jpg,E:\IMG\left_2025_12_05_11_50_57_425.jpg,E:\IMG\right_2025_12_05_11_50_57_425.jpg,0,0,0.8210131,13.04325
E:\IMG\center_2025_12_05_11_50_57_500.jpg,E:\IMG\left_2025_12_05_11_50_57_500.jpg,E:\IMG\right_2025_12_05_11_50_57_500.jpg,-0.2,0,0.5948224,11.79471
E:\IMG\center_2025_12_05_11_50_57_572.jpg,E:\IMG\left_2025_12_05_11_50_57_572.jpg,E:\IMG\right_2025_12_05_11_50_57_572.jpg,-0.4,0,0.3805924,10.55153
E:\IMG\center_2025_12_05_11_50_57_643.jpg,E:\IMG\left_2025_12_05_11_50_57_643.jpg,E:\IMG\right_2025_12_05_11_50_57_643.jpg,-0.5500001,0,0.1651756,9.672883
E:\IMG\center_2025_12_05_11_50_57_714.jpg,E:\IMG\left_2025_12_05_11_50_57_714.jpg,E:\IMG\right_2025_12_05_11_50_57_714.jpg,0,0,0,8.780356
E:\IMG\center_2025_12_05_11_50_57_789.jpg,E:\IMG\left_2025_12_05_11_50_57_789.jpg,E:\IMG\right_2025_12_05_11_50_57_789.jpg,0,0,0,8.77404
E:\IMG\center_2025_12_05_11_50_57_861.jpg,E:\IMG\left_2025_12_05_11_50_57_861.jpg,E:\IMG\right_2025_12_05_11_50_57_861.jpg,0.05,0,0,8.769747
E:\IMG\center_2025_12_05_11_50_57_942.jpg,E:\IMG\left_2025_12_05_11_50_57_942.jpg,E:\IMG\right_2025_12_05_11_50_57_942.jpg,0.25,0,0,8.747639
E:\IMG\center_2025_12_05_11_50_58_010.jpg,E:\IMG\left_2025_12_05_11_50_58_010.jpg,E:\IMG\right_2025_12_05_11_50_58_010.jpg,0.45,0,0,8.695304
E:\IMG\center_2025_12_05_11_50_58_087.jpg,E:\IMG\left_2025_12_05_11_50_58_087.jpg,E:\IMG\right_2025_12_05_11_50_58_087.jpg,0,0.0553707,0,8.67421
E:\IMG\center_2025_12_05_11_50_58_161.jpg,E:\IMG\left_2025_12_05_11_50_58_161.jpg,E:\IMG\right_2025_12_05_11_50_58_161.jpg,0,0.3195591,0,8.852835
E:\IMG\center_2025_12_05_11_50_58_231.jpg,E:\IMG\left_2025_12_05_11_50_58_231.jpg,E:\IMG\right_2025_12_05_11_50_58_231.jpg,0,0.5313687,0,9.283628
E:\IMG\center_2025_12_05_11_50_58_301.jpg,E:\IMG\left_2025_12_05_11_50_58_301.jpg,E:\IMG\right_2025_12_05_11_50_58_301.jpg,0,0.7425068,0,9.774394
E:\IMG\center_2025_12_05_11_50_58_375.jpg,E:\IMG\left_2025_12_05_11_50_58_375.jpg,E:\IMG\right_2025_12_05_11_50_58_375.jpg,0,0.9628121,0,10.63225
E:\IMG\center_2025_12_05_11_50_58_448.jpg,E:\IMG\left_2025_12_05_11_50_58_448.jpg,E:\IMG\right_2025_12_05_11_50_58_448.jpg,0,1,0,11.43629
E:\IMG\center_2025_12_05_11_50_58_522.jpg,E:\IMG\left_2025_12_05_11_50_58_522.jpg,E:\IMG\right_2025_12_05_11_50_58_522.jpg,0,1,0,12.18522
E:\IMG\center_2025_12_05_11_50_58_597.jpg,E:\IMG\left_2025_12_05_11_50_58_597.jpg,E:\IMG\right_2025_12_05_11_50_58_597.jpg,0,1,0,13.49924
E:\IMG\center_2025_12_05_11_50_58_674.jpg,E:\IMG\left_2025_12_05_11_50_58_674.jpg,E:\IMG\right_2025_12_05_11_50_58_674.jpg,0,1,0,14.4652
E:\IMG\center_2025_12_05_11_50_58_750.jpg,E:\IMG\left_2025_12_05_11_50_58_750.jpg,E:\IMG\right_2025_12_05_11_50_58_750.jpg,0.1,1,0,15.43777
E:\IMG\center_2025_12_05_11_50_58_825.jpg,E:\IMG\left_2025_12_05_11_50_58_825.jpg,E:\IMG\right_2025_12_05_11_50_58_825.jpg,0.25,1,0,16.0859
E:\IMG\center_2025_12_05_11_50_58_904.jpg,E:\IMG\left_2025_12_05_11_50_58_904.jpg,E:\IMG\right_2025_12_05_11_50_58_904.jpg,0.45,0.8085358,0,16.88811
E:\IMG\center_2025_12_05_11_50_58_981.jpg,E:\IMG\left_2025_12_05_11_50_58_981.jpg,E:\IMG\right_2025_12_05_11_50_58_981.jpg,0,0.535198,0,17.9836
E:\IMG\center_2025_12_05_11_50_59_053.jpg,E:\IMG\left_2025_12_05_11_50_59_053.jpg,E:\IMG\right_2025_12_05_11_50_59_053.jpg,0,0.3158188,0,18.5342
E:\IMG\center_2025_12_05_11_50_59_126.jpg,E:\IMG\left_2025_12_05_11_50_59_126.jpg,E:\IMG\right_2025_12_05_11_50_59_126.jpg,0,0.1406356,0,18.75801
E:\IMG\center_2025_12_05_11_50_59_205.jpg,E:\IMG\left_2025_12_05_11_50_59_205.jpg,E:\IMG\right_2025_12_05_11_50_59_205.jpg,0.2,0,0,19.08501
E:\IMG\center_2025_12_05_11_50_59_284.jpg,E:\IMG\left_2025_12_05_11_50_59_284.jpg,E:\IMG\right_2025_12_05_11_50_59_284.jpg,0.4,0,0,19.05596
E:\IMG\center_2025_12_05_11_50_59_355.jpg,E:\IMG\left_2025_12_05_11_50_59_355.jpg,E:\IMG\right_2025_12_05_11_50_59_355.jpg,0.6000001,0,0,19.1691
E:\IMG\center_2025_12_05_11_50_59_427.jpg,E:\IMG\left_2025_12_05_11_50_59_427.jpg,E:\IMG\right_2025_12_05_11_50_59_427.jpg,0.7500002,0,0,19.2485
E:\IMG\center_2025_12_05_11_50_59_504.jpg,E:\IMG\left_2025_12_05_11_50_59_504.jpg,E:\IMG\right_2025_12_05_11_50_59_504.jpg,0.9500002,0,0,19.30233
E:\IMG\center_2025_12_05_11_50_59_575.jpg,E:\IMG\left_2025_12_05_11_50_59_575.jpg,E:\IMG\right_2025_12_05_11_50_59_575.jpg,1,0,0,19.4286
E:\IMG\center_2025_12_05_11_50_59_652.jpg,E:\IMG\left_2025_12_05_11_50_59_652.jpg,E:\IMG\right_2025_12_05_11_50_59_652.jpg,0,0,0,19.46158
E:\IMG\center_2025_12_05_11_50_59_725.jpg,E:\IMG\left_2025_12_05_11_50_59_725.jpg,E:\IMG\right_2025_12_05_11_50_59_725.jpg,0,0.0906342,0,19.42294
E:\IMG\center_2025_12_05_11_50_59_801.jpg,E:\IMG\left_2025_12_05_11_50_59_801.jpg,E:\IMG\right_2025_12_05_11_50_59_801.jpg,0,0.3625962,0,19.98322
E:\IMG\center_2025_12_05_11_50_59_876.jpg,E:\IMG\left_2025_12_05_11_50_59_876.jpg,E:\IMG\right_2025_12_05_11_50_59_876.jpg,0.2,0.5907111,0,20.7067
E:\IMG\center_2025_12_05_11_50_59_952.jpg,E:\IMG\left_2025_12_05_11_50_59_952.jpg,E:\IMG\right_2025_12_05_11_50_59_952.jpg,0.4,0.817497,0,21.51461
E:\IMG\center_2025_12_05_11_51_00_027.jpg,E:\IMG\left_2025_12_05_11_51_00_027.jpg,E:\IMG\right_2025_12_05_11_51_00_027.jpg,0.5500001,0.7215915,0,22.03657
E:\IMG\center_2025_12_05_11_51_00_103.jpg,E:\IMG\left_2025_12_05_11_51_00_103.jpg,E:\IMG\right_2025_12_05_11_51_00_103.jpg,0.7500002,0.4538414,0,22.69234
E:\IMG\center_2025_12_05_11_51_00_177.jpg,E:\IMG\left_2025_12_05_11_51_00_177.jpg,E:\IMG\right_2025_12_05_11_51_00_177.jpg,0.9500002,0.233624,0,22.92801
E:\IMG\center_2025_12_05_11_51_00_252.jpg,E:\IMG\left_2025_12_05_11_51_00_252.jpg,E:\IMG\right_2025_12_05_11_51_00_252.jpg,1,0.00665753,0,23.01915
E:\IMG\center_2025_12_05_11_51_00_327.jpg,E:\IMG\left_2025_12_05_11_51_00_327.jpg,E:\IMG\right_2025_12_05_11_51_00_327.jpg,0,0,0,23.13149
E:\IMG\center_2025_12_05_11_51_00_403.jpg,E:\IMG\left_2025_12_05_11_51_00_403.jpg,E:\IMG\right_2025_12_05_11_51_00_403.jpg,0,0.0897189,0,23.24232
E:\IMG\center_2025_12_05_11_51_00_478.jpg,E:\IMG\left_2025_12_05_11_51_00_478.jpg,E:\IMG\right_2025_12_05_11_51_00_478.jpg,0,0.3133059,0,23.52135
E:\IMG\center_2025_12_05_11_51_00_553.jpg,E:\IMG\left_2025_12_05_11_51_00_553.jpg,E:\IMG\right_2025_12_05_11_51_00_553.jpg,0,0.5392353,0,23.98335
E:\IMG\center_2025_12_05_11_51_00_628.jpg,E:\IMG\left_2025_12_05_11_51_00_628.jpg,E:\IMG\right_2025_12_05_11_51_00_628.jpg,0.05,0.7223026,0,24.8258
E:\IMG\center_2025_12_05_11_51_00_703.jpg,E:\IMG\left_2025_12_05_11_51_00_703.jpg,E:\IMG\right_2025_12_05_11_51_00_703.jpg,0.25,0.9886156,0,25.47542
E:\IMG\center_2025_12_05_11_51_00_777.jpg,E:\IMG\left_2025_12_05_11_51_00_777.jpg,E:\IMG\right_2025_12_05_11_51_00_777.jpg,0.45,1,0,26.46688
E:\IMG\center_2025_12_05_11_51_00_851.jpg,E:\IMG\left_2025_12_05_11_51_00_851.jpg,E:\IMG\right_2025_12_05_11_51_00_851.jpg,0.6500001,1,0,26.59304
E:\IMG\center_2025_12_05_11_51_00_923.jpg,E:\IMG\left_2025_12_05_11_51_00_923.jpg,E:\IMG\right_2025_12_05_11_51_00_923.jpg,0,0.8290381,0,27.64048
E:\IMG\center_2025_12_05_11_51_00_992.jpg,E:\IMG\left_2025_12_05_11_51_00_992.jpg,E:\IMG\right_2025_12_05_11_51_00_992.jpg,0,0.6200926,0,28.2492
E:\IMG\center_2025_12_05_11_51_01_061.jpg,E:\IMG\left_2025_12_05_11_51_01_061.jpg,E:\IMG\right_2025_12_05_11_51_01_061.jpg,0,0.4128865,0,28.67139
E:\IMG\center_2025_12_05_11_51_01_142.jpg,E:\IMG\left_2025_12_05_11_51_01_142.jpg,E:\IMG\right_2025_12_05_11_51_01_142.jpg,0,0.1704661,0,28.74199
E:\IMG\center_2025_12_05_11_51_01_219.jpg,E:\IMG\left_2025_12_05_11_51_01_219.jpg,E:\IMG\right_2025_12_05_11_51_01_219.jpg,0,0,0,28.70044
E:\IMG\center_2025_12_05_11_51_01_295.jpg,E:\IMG\left_2025_12_05_11_51_01_295.jpg,E:\IMG\right_2025_12_05_11_51_01_295.jpg,0,0,0,28.57039
E:\IMG\center_2025_12_05_11_51_01_371.jpg,E:\IMG\left_2025_12_05_11_51_01_371.jpg,E:\IMG\right_2025_12_05_11_51_01_371.jpg,0,0,0,28.44384
E:\IMG\center_2025_12_05_11_51_01_446.jpg,E:\IMG\left_2025_12_05_11_51_01_446.jpg,E:\IMG\right_2025_12_05_11_51_01_446.jpg,0,0,0,28.39278
E:\IMG\center_2025_12_05_11_51_01_520.jpg,E:\IMG\left_2025_12_05_11_51_01_520.jpg,E:\IMG\right_2025_12_05_11_51_01_520.jpg,-0.1,0,0,28.34964
E:\IMG\center_2025_12_05_11_51_01_598.jpg,E:\IMG\left_2025_12_05_11_51_01_598.jpg,E:\IMG\right_2025_12_05_11_51_01_598.jpg,-0.3,0,0,28.34964
E:\IMG\center_2025_12_05_11_51_01_676.jpg,E:\IMG\left_2025_12_05_11_51_01_676.jpg,E:\IMG\right_2025_12_05_11_51_01_676.jpg,-0.5000001,0,0,28.24711
E:\IMG\center_2025_12_05_11_51_01_745.jpg,E:\IMG\left_2025_12_05_11_51_01_745.jpg,E:\IMG\right_2025_12_05_11_51_01_745.jpg,-0.6500001,0,0,28.23003
E:\IMG\center_2025_12_05_11_51_01_816.jpg,E:\IMG\left_2025_12_05_11_51_01_816.jpg,E:\IMG\right_2025_12_05_11_51_01_816.jpg,-0.8500001,0,0,28.07755
E:\IMG\center_2025_12_05_11_51_01_885.jpg,E:\IMG\left_2025_12_05_11_51_01_885.jpg,E:\IMG\right_2025_12_05_11_51_01_885.jpg,-1,0,0,27.56561
E:\IMG\center_2025_12_05_11_51_01_956.jpg,E:\IMG\left_2025_12_05_11_51_01_956.jpg,E:\IMG\right_2025_12_05_11_51_01_956.jpg,-1,0,0,27.59362
E:\IMG\center_2025_12_05_11_51_02_025.jpg,E:\IMG\left_2025_12_05_11_51_02_025.jpg,E:\IMG\right_2025_12_05_11_51_02_025.jpg,-1,0,0,27.66776
E:\IMG\center_2025_12_05_11_51_02_098.jpg,E:\IMG\left_2025_12_05_11_51_02_098.jpg,E:\IMG\right_2025_12_05_11_51_02_098.jpg,0,0,0,27.51498
E:\IMG\center_2025_12_05_11_51_02_174.jpg,E:\IMG\left_2025_12_05_11_51_02_174.jpg,E:\IMG\right_2025_12_05_11_51_02_174.jpg,0,0,0,27.74614
E:\IMG\center_2025_12_05_11_51_02_241.jpg,E:\IMG\left_2025_12_05_11_51_02_241.jpg,E:\IMG\right_2025_12_05_11_51_02_241.jpg,0,0,0,27.92203
E:\IMG\center_2025_12_05_11_51_02_322.jpg,E:\IMG\left_2025_12_05_11_51_02_322.jpg,E:\IMG\right_2025_12_05_11_51_02_322.jpg,0.15,0,0,28.10527
E:\IMG\center_2025_12_05_11_51_02_401.jpg,E:\IMG\left_2025_12_05_11_51_02_401.jpg,E:\IMG\right_2025_12_05_11_51_02_401.jpg,0.35,0,0,28.22297
E:\IMG\center_2025_12_05_11_51_02_479.jpg,E:\IMG\left_2025_12_05_11_51_02_479.jpg,E:\IMG\right_2025_12_05_11_51_02_479.jpg,0.5500001,0,0,28.22918
E:\IMG\center_2025_12_05_11_51_02_558.jpg,E:\IMG\left_2025_12_05_11_51_02_558.jpg,E:\IMG\right_2025_12_05_11_51_02_558.jpg,0.7500002,0,0,28.23484
E:\IMG\center_2025_12_05_11_51_02_638.jpg,E:\IMG\left_2025_12_05_11_51_02_638.jpg,E:\IMG\right_2025_12_05_11_51_02_638.jpg,0.9500002,0,0,28.28746
E:\IMG\center_2025_12_05_11_51_02_716.jpg,E:\IMG\left_2025_12_05_11_51_02_716.jpg,E:\IMG\right_2025_12_05_11_51_02_716.jpg,1,0,0,27.53263
E:\IMG\center_2025_12_05_11_51_02_797.jpg,E:\IMG\left_2025_12_05_11_51_02_797.jpg,E:\IMG\right_2025_12_05_11_51_02_797.jpg,1,0,0,27.53916
E:\IMG\center_2025_12_05_11_51_02_874.jpg,E:\IMG\left_2025_12_05_11_51_02_874.jpg,E:\IMG\right_2025_12_05_11_51_02_874.jpg,0,0,0,27.20819
E:\IMG\center_2025_12_05_11_51_02_951.jpg,E:\IMG\left_2025_12_05_11_51_02_951.jpg,E:\IMG\right_2025_12_05_11_51_02_951.jpg,0,0,0,26.86248
E:\IMG\center_2025_12_05_11_51_03_025.jpg,E:\IMG\left_2025_12_05_11_51_03_025.jpg,E:\IMG\right_2025_12_05_11_51_03_025.jpg,0,0,0,27.2225
E:\IMG\center_2025_12_05_11_51_03_097.jpg,E:\IMG\left_2025_12_05_11_51_03_097.jpg,E:\IMG\right_2025_12_05_11_51_03_097.jpg,0,0,0,25.98287
E:\IMG\center_2025_12_05_11_51_03_165.jpg,E:\IMG\left_2025_12_05_11_51_03_165.jpg,E:\IMG\right_2025_12_05_11_51_03_165.jpg,0,0,0,25.18807
E:\IMG\center_2025_12_05_11_51_03_232.jpg,E:\IMG\left_2025_12_05_11_51_03_232.jpg,E:\IMG\right_2025_12_05_11_51_03_232.jpg,0,0,0,25.17748
E:\IMG\center_2025_12_05_11_51_03_310.jpg,E:\IMG\left_2025_12_05_11_51_03_310.jpg,E:\IMG\right_2025_12_05_11_51_03_310.jpg,0,0.1034373,0,24.8523
E:\IMG\center_2025_12_05_11_51_03_385.jpg,E:\IMG\left_2025_12_05_11_51_03_385.jpg,E:\IMG\right_2025_12_05_11_51_03_385.jpg,0,0.3027486,0,24.8204
E:\IMG\center_2025_12_05_11_51_03_464.jpg,E:\IMG\left_2025_12_05_11_51_03_464.jpg,E:\IMG\right_2025_12_05_11_51_03_464.jpg,-0.1,0.5280795,0,24.99177
E:\IMG\center_2025_12_05_11_51_03_534.jpg,E:\IMG\left_2025_12_05_11_51_03_534.jpg,E:\IMG\right_2025_12_05_11_51_03_534.jpg,-0.3,0.7756997,0,25.21825
E:\IMG\center_2025_12_05_11_51_03_605.jpg,E:\IMG\left_2025_12_05_11_51_03_605.jpg,E:\IMG\right_2025_12_05_11_51_03_605.jpg,-0.45,0.968832,0,25.34509
E:\IMG\center_2025_12_05_11_51_03_680.jpg,E:\IMG\left_2025_12_05_11_51_03_680.jpg,E:\IMG\right_2025_12_05_11_51_03_680.jpg,0,0.9631513,0,25.76175
E:\IMG\center_2025_12_05_11_51_03_750.jpg,E:\IMG\left_2025_12_05_11_51_03_750.jpg,E:\IMG\right_2025_12_05_11_51_03_750.jpg,0,0.7529032,0,26.10271
E:\IMG\center_2025_12_05_11_51_03_821.jpg,E:\IMG\left_2025_12_05_11_51_03_821.jpg,E:\IMG\right_2025_12_05_11_51_03_821.jpg,0,0.5692966,0,26.19858
E:\IMG\center_2025_12_05_11_51_03_893.jpg,E:\IMG\left_2025_12_05_11_51_03_893.jpg,E:\IMG\right_2025_12_05_11_51_03_893.jpg,0,0.325864,0,26.13021
E:\IMG\center_2025_12_05_11_51_03_962.jpg,E:\IMG\left_2025_12_05_11_51_03_962.jpg,E:\IMG\right_2025_12_05_11_51_03_962.jpg,-0.05,0.1446106,0,25.91507
E:\IMG\center_2025_12_05_11_51_04_033.jpg,E:\IMG\left_2025_12_05_11_51_04_033.jpg,E:\IMG\right_2025_12_05_11_51_04_033.jpg,-0.25,0.38596,0,25.5219
E:\IMG\center_2025_12_05_11_51_04_101.jpg,E:\IMG\left_2025_12_05_11_51_04_101.jpg,E:\IMG\right_2025_12_05_11_51_04_101.jpg,-0.4,0.5588977,0,25.43367
E:\IMG\center_2025_12_05_11_51_04_169.jpg,E:\IMG\left_2025_12_05_11_51_04_169.jpg,E:\IMG\right_2025_12_05_11_51_04_169.jpg,-0.6000001,0.7937135,0,25.33411
E:\IMG\center_2025_12_05_11_51_04_238.jpg,E:\IMG\left_2025_12_05_11_51_04_238.jpg,E:\IMG\right_2025_12_05_11_51_04_238.jpg,-0.7500002,1,0,25.36331
E:\IMG\center_2025_12_05_11_51_04_308.jpg,E:\IMG\left_2025_12_05_11_51_04_308.jpg,E:\IMG\right_2025_12_05_11_51_04_308.jpg,-0.9000002,0.9403855,0,25.50395
E:\IMG\center_2025_12_05_11_51_04_376.jpg,E:\IMG\left_2025_12_05_11_51_04_376.jpg,E:\IMG\right_2025_12_05_11_51_04_376.jpg,0,0.708214,0,25.43411
E:\IMG\center_2025_12_05_11_51_04_443.jpg,E:\IMG\left_2025_12_05_11_51_04_443.jpg,E:\IMG\right_2025_12_05_11_51_04_443.jpg,0,0.5337607,0,25.31525
E:\IMG\center_2025_12_05_11_51_04_511.jpg,E:\IMG\left_2025_12_05_11_51_04_511.jpg,E:\IMG\right_2025_12_05_11_51_04_511.jpg,-0.05,0.3021577,0,25.08613
E:\IMG\center_2025_12_05_11_51_04_585.jpg,E:\IMG\left_2025_12_05_11_51_04_585.jpg,E:\IMG\right_2025_12_05_11_51_04_585.jpg,-0.2,0.105907,0,24.85439
E:\IMG\center_2025_12_05_11_51_04_654.jpg,E:\IMG\left_2025_12_05_11_51_04_654.jpg,E:\IMG\right_2025_12_05_11_51_04_654.jpg,-0.4,0,0,24.28734
E:\IMG\center_2025_12_05_11_51_04_729.jpg,E:\IMG\left_2025_12_05_11_51_04_729.jpg,E:\IMG\right_2025_12_05_11_51_04_729.jpg,-0.5500001,0.1704306,0,23.73225
E:\IMG\center_2025_12_05_11_51_04_802.jpg,E:\IMG\left_2025_12_05_11_51_04_802.jpg,E:\IMG\right_2025_12_05_11_51_04_802.jpg,0,0.4188159,0,23.3533
E:\IMG\center_2025_12_05_11_51_04_873.jpg,E:\IMG\left_2025_12_05_11_51_04_873.jpg,E:\IMG\right_2025_12_05_11_51_04_873.jpg,0,0.6583716,0,23.27649
E:\IMG\center_2025_12_05_11_51_04_947.jpg,E:\IMG\left_2025_12_05_11_51_04_947.jpg,E:\IMG\right_2025_12_05_11_51_04_947.jpg,0,0.7390389,0,23.39872
E:\IMG\center_2025_12_05_11_51_05_021.jpg,E:\IMG\left_2025_12_05_11_51_05_021.jpg,E:\IMG\right_2025_12_05_11_51_05_021.jpg,0,0.5145835,0,23.44081
E:\IMG\center_2025_12_05_11_51_05_096.jpg,E:\IMG\left_2025_12_05_11_51_05_096.jpg,E:\IMG\right_2025_12_05_11_51_05_096.jpg,0,0.2634046,0,23.30214
E:\IMG\center_2025_12_05_11_51_05_168.jpg,E:\IMG\left_2025_12_05_11_51_05_168.jpg,E:\IMG\right_2025_12_05_11_51_05_168.jpg,0,0.09641858,0,23.04602
E:\IMG\center_2025_12_05_11_51_05_245.jpg,E:\IMG\left_2025_12_05_11_51_05_245.jpg,E:\IMG\right_2025_12_05_11_51_05_245.jpg,-0.15,0.1090389,0,22.56634
E:\IMG\center_2025_12_05_11_51_05_319.jpg,E:\IMG\left_2025_12_05_11_51_05_319.jpg,E:\IMG\right_2025_12_05_11_51_05_319.jpg,-0.35,0.3349509,0,22.23047
E:\IMG\center_2025_12_05_11_51_05_393.jpg,E:\IMG\left_2025_12_05_11_51_05_393.jpg,E:\IMG\right_2025_12_05_11_51_05_393.jpg,-0.5500001,0.5871695,0,22.09123
E:\IMG\center_2025_12_05_11_51_05_465.jpg,E:\IMG\left_2025_12_05_11_51_05_465.jpg,E:\IMG\right_2025_12_05_11_51_05_465.jpg,-0.7,0.7773668,0,22.0885
E:\IMG\center_2025_12_05_11_51_05_537.jpg,E:\IMG\left_2025_12_05_11_51_05_537.jpg,E:\IMG\right_2025_12_05_11_51_05_537.jpg,-0.9000002,0.9943674,0,22.33363
E:\IMG\center_2025_12_05_11_51_05_611.jpg,E:\IMG\left_2025_12_05_11_51_05_611.jpg,E:\IMG\right_2025_12_05_11_51_05_611.jpg,0,0.8370079,0,22.8122
E:\IMG\center_2025_12_05_11_51_05_685.jpg,E:\IMG\left_2025_12_05_11_51_05_685.jpg,E:\IMG\right_2025_12_05_11_51_05_685.jpg,0,0.6446482,0,23.04011
E:\IMG\center_2025_12_05_11_51_05_759.jpg,E:\IMG\left_2025_12_05_11_51_05_759.jpg,E:\IMG\right_2025_12_05_11_51_05_759.jpg,-0.15,0.3955877,0,23.13715
E:\IMG\center_2025_12_05_11_51_05_832.jpg,E:\IMG\left_2025_12_05_11_51_05_832.jpg,E:\IMG\right_2025_12_05_11_51_05_832.jpg,-0.35,0.1768093,0,23.11601
E:\IMG\center_2025_12_05_11_51_05_902.jpg,E:\IMG\left_2025_12_05_11_51_05_902.jpg,E:\IMG\right_2025_12_05_11_51_05_902.jpg,-0.5000001,0,0,22.87168
E:\IMG\center_2025_12_05_11_51_05_978.jpg,E:\IMG\left_2025_12_05_11_51_05_978.jpg,E:\IMG\right_2025_12_05_11_51_05_978.jpg,-0.7,0.0619791,0,22.39314
E:\IMG\center_2025_12_05_11_51_06_049.jpg,E:\IMG\left_2025_12_05_11_51_06_049.jpg,E:\IMG\right_2025_12_05_11_51_06_049.jpg,-0.9000002,0.2768319,0,22.21325
E:\IMG\center_2025_12_05_11_51_06_124.jpg,E:\IMG\left_2025_12_05_11_51_06_124.jpg,E:\IMG\right_2025_12_05_11_51_06_124.jpg,0,0.4748738,0,22.24892
E:\IMG\center_2025_12_05_11_51_06_199.jpg,E:\IMG\left_2025_12_05_11_51_06_199.jpg,E:\IMG\right_2025_12_05_11_51_06_199.jpg,0,0.6995021,0,22.84573
E:\IMG\center_2025_12_05_11_51_06_274.jpg,E:\IMG\left_2025_12_05_11_51_06_274.jpg,E:\IMG\right_2025_12_05_11_51_06_274.jpg,0,0.733834,0,23.25758
E:\IMG\center_2025_12_05_11_51_06_349.jpg,E:\IMG\left_2025_12_05_11_51_06_349.jpg,E:\IMG\right_2025_12_05_11_51_06_349.jpg,-0.1,0.5077368,0,23.52131
E:\IMG\center_2025_12_05_11_51_06_416.jpg,E:\IMG\left_2025_12_05_11_51_06_416.jpg,E:\IMG\right_2025_12_05_11_51_06_416.jpg,-0.25,0.304887,0,23.81364
E:\IMG\center_2025_12_05_11_51_06_489.jpg,E:\IMG\left_2025_12_05_11_51_06_489.jpg,E:\IMG\right_2025_12_05_11_51_06_489.jpg,-0.45,0.08628124,0,24.0084
E:\IMG\center_2025_12_05_11_51_06_557.jpg,E:\IMG\left_2025_12_05_11_51_06_557.jpg,E:\IMG\right_2025_12_05_11_51_06_557.jpg,-0.6000001,0,0,24.1324
E:\IMG\center_2025_12_05_11_51_06_632.jpg,E:\IMG\left_2025_12_05_11_51_06_632.jpg,E:\IMG\right_2025_12_05_11_51_06_632.jpg,-0.8000001,0,0,23.89284
E:\IMG\center_2025_12_05_11_51_06_700.jpg,E:\IMG\left_2025_12_05_11_51_06_700.jpg,E:\IMG\right_2025_12_05_11_51_06_700.jpg,-0.9500002,0,0,23.66165
E:\IMG\center_2025_12_05_11_51_06_770.jpg,E:\IMG\left_2025_12_05_11_51_06_770.jpg,E:\IMG\right_2025_12_05_11_51_06_770.jpg,-1,0,0,23.42139
E:\IMG\center_2025_12_05_11_51_06_842.jpg,E:\IMG\left_2025_12_05_11_51_06_842.jpg,E:\IMG\right_2025_12_05_11_51_06_842.jpg,-1,0,0,23.33056
E:\IMG\center_2025_12_05_11_51_06_915.jpg,E:\IMG\left_2025_12_05_11_51_06_915.jpg,E:\IMG\right_2025_12_05_11_51_06_915.jpg,0,0.0990585,0,23.31108
E:\IMG\center_2025_12_05_11_51_06_992.jpg,E:\IMG\left_2025_12_05_11_51_06_992.jpg,E:\IMG\right_2025_12_05_11_51_06_992.jpg,0,0.328179,0,23.43871
E:\IMG\center_2025_12_05_11_51_07_059.jpg,E:\IMG\left_2025_12_05_11_51_07_059.jpg,E:\IMG\right_2025_12_05_11_51_07_059.jpg,0,0.5296572,0,23.79824
E:\IMG\center_2025_12_05_11_51_07_128.jpg,E:\IMG\left_2025_12_05_11_51_07_128.jpg,E:\IMG\right_2025_12_05_11_51_07_128.jpg,-0.05,0.7044639,0,24.28509
E:\IMG\center_2025_12_05_11_51_07_194.jpg,E:\IMG\left_2025_12_05_11_51_07_194.jpg,E:\IMG\right_2025_12_05_11_51_07_194.jpg,-0.25,0.9378986,0,25.19597
E:\IMG\center_2025_12_05_11_51_07_265.jpg,E:\IMG\left_2025_12_05_11_51_07_265.jpg,E:\IMG\right_2025_12_05_11_51_07_265.jpg,-0.4,0.924892,0,25.86261
E:\IMG\center_2025_12_05_11_51_07_333.jpg,E:\IMG\left_2025_12_05_11_51_07_333.jpg,E:\IMG\right_2025_12_05_11_51_07_333.jpg,0,0.6885151,0,26.74878
E:\IMG\center_2025_12_05_11_51_07_401.jpg,E:\IMG\left_2025_12_05_11_51_07_401.jpg,E:\IMG\right_2025_12_05_11_51_07_401.jpg,0,0.5173975,0,27.27586
E:\IMG\center_2025_12_05_11_51_07_469.jpg,E:\IMG\left_2025_12_05_11_51_07_469.jpg,E:\IMG\right_2025_12_05_11_51_07_469.jpg,0,0.2801357,0,27.75926
E:\IMG\center_2025_12_05_11_51_07_539.jpg,E:\IMG\left_2025_12_05_11_51_07_539.jpg,E:\IMG\right_2025_12_05_11_51_07_539.jpg,-0.05,0.07108065,0,28.01884
E:\IMG\center_2025_12_05_11_51_07_611.jpg,E:\IMG\left_2025_12_05_11_51_07_611.jpg,E:\IMG\right_2025_12_05_11_51_07_611.jpg,-0.25,0.07259101,0,28.13861
E:\IMG\center_2025_12_05_11_51_07_682.jpg,E:\IMG\left_2025_12_05_11_51_07_682.jpg,E:\IMG\right_2025_12_05_11_51_07_682.jpg,-0.4,0.2873049,0,28.27556
E:\IMG\center_2025_12_05_11_51_07_757.jpg,E:\IMG\left_2025_12_05_11_51_07_757.jpg,E:\IMG\right_2025_12_05_11_51_07_757.jpg,-0.6000001,0.5101968,0,28.62816
E:\IMG\center_2025_12_05_11_51_07_823.jpg,E:\IMG\left_2025_12_05_11_51_07_823.jpg,E:\IMG\right_2025_12_05_11_51_07_823.jpg,-0.7500002,0.6729681,0,28.89096
E:\IMG\center_2025_12_05_11_51_07_903.jpg,E:\IMG\left_2025_12_05_11_51_07_903.jpg,E:\IMG\right_2025_12_05_11_51_07_903.jpg,-0.9500002,0.9138324,0,29.3986
E:\IMG\center_2025_12_05_11_51_07_974.jpg,E:\IMG\left_2025_12_05_11_51_07_974.jpg,E:\IMG\right_2025_12_05_11_51_07_974.jpg,-1,1,0,30.30523
E:\IMG\center_2025_12_05_11_51_08_048.jpg,E:\IMG\left_2025_12_05_11_51_08_048.jpg,E:\IMG\right_2025_12_05_11_51_08_048.jpg,-1,0.9128233,0,30.06291
E:\IMG\center_2025_12_05_11_51_08_123.jpg,E:\IMG\left_2025_12_05_11_51_08_123.jpg,E:\IMG\right_2025_12_05_11_51_08_123.jpg,0,0.6441862,0,30.19666
E:\IMG\center_2025_12_05_11_51_08_199.jpg,E:\IMG\left_2025_12_05_11_51_08_199.jpg,E:\IMG\right_2025_12_05_11_51_08_199.jpg,0,0.4148645,0,29.91192
E:\IMG\center_2025_12_05_11_51_08_278.jpg,E:\IMG\left_2025_12_05_11_51_08_278.jpg,E:\IMG\right_2025_12_05_11_51_08_278.jpg,0,0.1760957,0,30.00921
E:\IMG\center_2025_12_05_11_51_08_357.jpg,E:\IMG\left_2025_12_05_11_51_08_357.jpg,E:\IMG\right_2025_12_05_11_51_08_357.jpg,0,0.2274317,0,30.06888
E:\IMG\center_2025_12_05_11_51_08_440.jpg,E:\IMG\left_2025_12_05_11_51_08_440.jpg,E:\IMG\right_2025_12_05_11_51_08_440.jpg,0,0.4758452,0,30.05113
E:\IMG\center_2025_12_05_11_51_08_508.jpg,E:\IMG\left_2025_12_05_11_51_08_508.jpg,E:\IMG\right_2025_12_05_11_51_08_508.jpg,0,0.6310232,0,30.1858
E:\IMG\center_2025_12_05_11_51_08_576.jpg,E:\IMG\left_2025_12_05_11_51_08_576.jpg,E:\IMG\right_2025_12_05_11_51_08_576.jpg,0,0.8821031,0,30.26816
E:\IMG\center_2025_12_05_11_51_08_643.jpg,E:\IMG\left_2025_12_05_11_51_08_643.jpg,E:\IMG\right_2025_12_05_11_51_08_643.jpg,0,1,0,30.25462
E:\IMG\center_2025_12_05_11_51_08_712.jpg,E:\IMG\left_2025_12_05_11_51_08_712.jpg,E:\IMG\right_2025_12_05_11_51_08_712.jpg,0,0.8452635,0,30.12162
E:\IMG\center_2025_12_05_11_51_08_780.jpg,E:\IMG\left_2025_12_05_11_51_08_780.jpg,E:\IMG\right_2025_12_05_11_51_08_780.jpg,-0.15,0.6415632,0,30.1181
E:\IMG\center_2025_12_05_11_51_08_846.jpg,E:\IMG\left_2025_12_05_11_51_08_846.jpg,E:\IMG\right_2025_12_05_11_51_08_846.jpg,-0.3,0.4918008,0,30.16503
E:\IMG\center_2025_12_05_11_51_08_915.jpg,E:\IMG\left_2025_12_05_11_51_08_915.jpg,E:\IMG\right_2025_12_05_11_51_08_915.jpg,0,0.2379043,0,29.96692
E:\IMG\center_2025_12_05_11_51_08_982.jpg,E:\IMG\left_2025_12_05_11_51_08_982.jpg,E:\IMG\right_2025_12_05_11_51_08_982.jpg,0,0.03279784,0,29.90029
E:\IMG\center_2025_12_05_11_51_09_051.jpg,E:\IMG\left_2025_12_05_11_51_09_051.jpg,E:\IMG\right_2025_12_05_11_51_09_051.jpg,0,0,0,29.65855
E:\IMG\center_2025_12_05_11_51_09_118.jpg,E:\IMG\left_2025_12_05_11_51_09_118.jpg,E:\IMG\right_2025_12_05_11_51_09_118.jpg,0,0,0,29.47912
E:\IMG\center_2025_12_05_11_51_09_191.jpg,E:\IMG\left_2025_12_05_11_51_09_191.jpg,E:\IMG\right_2025_12_05_11_51_09_191.jpg,0,0,0,29.24218
E:\IMG\center_2025_12_05_11_51_09_262.jpg,E:\IMG\left_2025_12_05_11_51_09_262.jpg,E:\IMG\right_2025_12_05_11_51_09_262.jpg,0,0,0.2112888,28.22258
E:\IMG\center_2025_12_05_11_51_09_332.jpg,E:\IMG\left_2025_12_05_11_51_09_332.jpg,E:\IMG\right_2025_12_05_11_51_09_332.jpg,0,0,0.4206681,26.82553
E:\IMG\center_2025_12_05_11_51_09_404.jpg,E:\IMG\left_2025_12_05_11_51_09_404.jpg,E:\IMG\right_2025_12_05_11_51_09_404.jpg,0,0,0.634482,25.78215
E:\IMG\center_2025_12_05_11_51_09_477.jpg,E:\IMG\left_2025_12_05_11_51_09_477.jpg,E:\IMG\right_2025_12_05_11_51_09_477.jpg,0,0,0.8543397,24.40231
E:\IMG\center_2025_12_05_11_51_09_546.jpg,E:\IMG\left_2025_12_05_11_51_09_546.jpg,E:\IMG\right_2025_12_05_11_51_09_546.jpg,0,0,1,23.37707
E:\IMG\center_2025_12_05_11_51_09_615.jpg,E:\IMG\left_2025_12_05_11_51_09_615.jpg,E:\IMG\right_2025_12_05_11_51_09_615.jpg,0,0,1,22.46667
E:\IMG\center_2025_12_05_11_51_09_683.jpg,E:\IMG\left_2025_12_05_11_51_09_683.jpg,E:\IMG\right_2025_12_05_11_51_09_683.jpg,0,0,0.8953945,21.64394
E:\IMG\center_2025_12_05_11_51_09_752.jpg,E:\IMG\left_2025_12_05_11_51_09_752.jpg,E:\IMG\right_2025_12_05_11_51_09_752.jpg,0,0,0.9016375,20.33355
E:\IMG\center_2025_12_05_11_51_09_822.jpg,E:\IMG\left_2025_12_05_11_51_09_822.jpg,E:\IMG\right_2025_12_05_11_51_09_822.jpg,0,0,1,19.40207
E:\IMG\center_2025_12_05_11_51_09_892.jpg,E:\IMG\left_2025_12_05_11_51_09_892.jpg,E:\IMG\right_2025_12_05_11_51_09_892.jpg,0.05,0,1,18.6707
E:\IMG\center_2025_12_05_11_51_09_962.jpg,E:\IMG\left_2025_12_05_11_51_09_962.jpg,E:\IMG\right_2025_12_05_11_51_09_962.jpg,0.2,0,0.8955685,18.40974
E:\IMG\center_2025_12_05_11_51_10_031.jpg,E:\IMG\left_2025_12_05_11_51_10_031.jpg,E:\IMG\right_2025_12_05_11_51_10_031.jpg,0.4,0,0.6869071,17.53941
E:\IMG\center_2025_12_05_11_51_10_101.jpg,E:\IMG\left_2025_12_05_11_51_10_101.jpg,E:\IMG\right_2025_12_05_11_51_10_101.jpg,0.5500001,0,0.4786861,16.38949
E:\IMG\center_2025_12_05_11_51_10_168.jpg,E:\IMG\left_2025_12_05_11_51_10_168.jpg,E:\IMG\right_2025_12_05_11_51_10_168.jpg,0.7,0,0.3239086,15.29898
E:\IMG\center_2025_12_05_11_51_10_236.jpg,E:\IMG\left_2025_12_05_11_51_10_236.jpg,E:\IMG\right_2025_12_05_11_51_10_236.jpg,0.9000002,0,0.07128845,13.95681
E:\IMG\center_2025_12_05_11_51_10_318.jpg,E:\IMG\left_2025_12_05_11_51_10_318.jpg,E:\IMG\right_2025_12_05_11_51_10_318.jpg,1,0,0,13.25994
E:\IMG\center_2025_12_05_11_51_10_396.jpg,E:\IMG\left_2025_12_05_11_51_10_396.jpg,E:\IMG\right_2025_12_05_11_51_10_396.jpg,1,0,0,13.44637
E:\IMG\center_2025_12_05_11_51_10_473.jpg,E:\IMG\left_2025_12_05_11_51_10_473.jpg,E:\IMG\right_2025_12_05_11_51_10_473.jpg,1,0,0,13.43527
E:\IMG\center_2025_12_05_11_51_10_547.jpg,E:\IMG\left_2025_12_05_11_51_10_547.jpg,E:\IMG\right_2025_12_05_11_51_10_547.jpg,1,0,0,13.7993
E:\IMG\center_2025_12_05_11_51_10_622.jpg,E:\IMG\left_2025_12_05_11_51_10_622.jpg,E:\IMG\right_2025_12_05_11_51_10_622.jpg,1,0,0,13.47908
E:\IMG\center_2025_12_05_11_51_10_693.jpg,E:\IMG\left_2025_12_05_11_51_10_693.jpg,E:\IMG\right_2025_12_05_11_51_10_693.jpg,1,0,0,13.76793
E:\IMG\center_2025_12_05_11_51_10_760.jpg,E:\IMG\left_2025_12_05_11_51_10_760.jpg,E:\IMG\right_2025_12_05_11_51_10_760.jpg,1,0,0,13.80813
E:\IMG\center_2025_12_05_11_51_10_827.jpg,E:\IMG\left_2025_12_05_11_51_10_827.jpg,E:\IMG\right_2025_12_05_11_51_10_827.jpg,1,0,0,13.9349
E:\IMG\center_2025_12_05_11_51_10_903.jpg,E:\IMG\left_2025_12_05_11_51_10_903.jpg,E:\IMG\right_2025_12_05_11_51_10_903.jpg,1,0,0,14.11284
E:\IMG\center_2025_12_05_11_51_10_981.jpg,E:\IMG\left_2025_12_05_11_51_10_981.jpg,E:\IMG\right_2025_12_05_11_51_10_981.jpg,1,0,0,14.57853
E:\IMG\center_2025_12_05_11_51_11_059.jpg,E:\IMG\left_2025_12_05_11_51_11_059.jpg,E:\IMG\right_2025_12_05_11_51_11_059.jpg,0,0,0,14.66942
E:\IMG\center_2025_12_05_11_51_11_131.jpg,E:\IMG\left_2025_12_05_11_51_11_131.jpg,E:\IMG\right_2025_12_05_11_51_11_131.jpg,0,0.1831278,0,14.81633
E:\IMG\center_2025_12_05_11_51_11_203.jpg,E:\IMG\left_2025_12_05_11_51_11_203.jpg,E:\IMG\right_2025_12_05_11_51_11_203.jpg,0,0.3651105,0,15.54032
E:\IMG\center_2025_12_05_11_51_11_277.jpg,E:\IMG\left_2025_12_05_11_51_11_277.jpg,E:\IMG\right_2025_12_05_11_51_11_277.jpg,0,0.6205656,0,16.31389
E:\IMG\center_2025_12_05_11_51_11_349.jpg,E:\IMG\left_2025_12_05_11_51_11_349.jpg,E:\IMG\right_2025_12_05_11_51_11_349.jpg,0,0.8369631,0,17.20921
E:\IMG\center_2025_12_05_11_51_11_421.jpg,E:\IMG\left_2025_12_05_11_51_11_421.jpg,E:\IMG\right_2025_12_05_11_51_11_421.jpg,0,1,0,18.0843
E:\IMG\center_2025_12_05_11_51_11_492.jpg,E:\IMG\left_2025_12_05_11_51_11_492.jpg,E:\IMG\right_2025_12_05_11_51_11_492.jpg,0,1,0,19.36441
E:\IMG\center_2025_12_05_11_51_11_563.jpg,E:\IMG\left_2025_12_05_11_51_11_563.jpg,E:\IMG\right_2025_12_05_11_51_11_563.jpg,-0.1,0.8569964,0,20.32304
E:\IMG\center_2025_12_05_11_51_11_636.jpg,E:\IMG\left_2025_12_05_11_51_11_636.jpg,E:\IMG\right_2025_12_05_11_51_11_636.jpg,-0.3,0.6054115,0,21.24487
E:\IMG\center_2025_12_05_11_51_11_706.jpg,E:\IMG\left_2025_12_05_11_51_11_706.jpg,E:\IMG\right_2025_12_05_11_51_11_706.jpg,-0.45,0.4288507,0,21.75829
E:\IMG\center_2025_12_05_11_51_11_776.jpg,E:\IMG\left_2025_12_05_11_51_11_776.jpg,E:\IMG\right_2025_12_05_11_51_11_776.jpg,-0.6500001,0.1843681,0,22.13433
E:\IMG\center_2025_12_05_11_51_11_848.jpg,E:\IMG\left_2025_12_05_11_51_11_848.jpg,E:\IMG\right_2025_12_05_11_51_11_848.jpg,-0.8000001,0.001883499,0,22.29803
E:\IMG\center_2025_12_05_11_51_11_921.jpg,E:\IMG\left_2025_12_05_11_51_11_921.jpg,E:\IMG\right_2025_12_05_11_51_11_921.jpg,-1,0,0,22.37752
E:\IMG\center_2025_12_05_11_51_11_991.jpg,E:\IMG\left_2025_12_05_11_51_11_991.jpg,E:\IMG\right_2025_12_05_11_51_11_991.jpg,-1,0,0,22.44979
E:\IMG\center_2025_12_05_11_51_12_062.jpg,E:\IMG\left_2025_12_05_11_51_12_062.jpg,E:\IMG\right_2025_12_05_11_51_12_062.jpg,-1,0,0,22.18758
E:\IMG\center_2025_12_05_11_51_12_134.jpg,E:\IMG\left_2025_12_05_11_51_12_134.jpg,E:\IMG\right_2025_12_05_11_51_12_134.jpg,-1,0,0,22.10132
E:\IMG\center_2025_12_05_11_51_12_203.jpg,E:\IMG\left_2025_12_05_11_51_12_203.jpg,E:\IMG\right_2025_12_05_11_51_12_203.jpg,0,0,0,22.34771
E:\IMG\center_2025_12_05_11_51_12_281.jpg,E:\IMG\left_2025_12_05_11_51_12_281.jpg,E:\IMG\right_2025_12_05_11_51_12_281.jpg,0,0,0,22.5063
E:\IMG\center_2025_12_05_11_51_12_354.jpg,E:\IMG\left_2025_12_05_11_51_12_354.jpg,E:\IMG\right_2025_12_05_11_51_12_354.jpg,0,0,0,21.94378
E:\IMG\center_2025_12_05_11_51_12_425.jpg,E:\IMG\left_2025_12_05_11_51_12_425.jpg,E:\IMG\right_2025_12_05_11_51_12_425.jpg,0,0,0,22.15861
E:\IMG\center_2025_12_05_11_51_12_500.jpg,E:\IMG\left_2025_12_05_11_51_12_500.jpg,E:\IMG\right_2025_12_05_11_51_12_500.jpg,0,0.0443187,0,21.62829
E:\IMG\center_2025_12_05_11_51_12_577.jpg,E:\IMG\left_2025_12_05_11_51_12_577.jpg,E:\IMG\right_2025_12_05_11_51_12_577.jpg,-0.05,0.2740086,0,21.76961
E:\IMG\center_2025_12_05_11_51_12_657.jpg,E:\IMG\left_2025_12_05_11_51_12_657.jpg,E:\IMG\right_2025_12_05_11_51_12_657.jpg,-0.25,0.03794791,0,21.80067
E:\IMG\center_2025_12_05_11_51_12_733.jpg,E:\IMG\left_2025_12_05_11_51_12_733.jpg,E:\IMG\right_2025_12_05_11_51_12_733.jpg,-0.45,0,0,21.81122
E:\IMG\center_2025_12_05_11_51_12_814.jpg,E:\IMG\left_2025_12_05_11_51_12_814.jpg,E:\IMG\right_2025_12_05_11_51_12_814.jpg,-0.6500001,0,0,21.63151
E:\IMG\center_2025_12_05_11_51_12_888.jpg,E:\IMG\left_2025_12_05_11_51_12_888.jpg,E:\IMG\right_2025_12_05_11_51_12_888.jpg,-0.8000001,0,0,21.57858
E:\IMG\center_2025_12_05_11_51_12_961.jpg,E:\IMG\left_2025_12_05_11_51_12_961.jpg,E:\IMG\right_2025_12_05_11_51_12_961.jpg,-1,0,0,21.50741
E:\IMG\center_2025_12_05_11_51_13_032.jpg,E:\IMG\left_2025_12_05_11_51_13_032.jpg,E:\IMG\right_2025_12_05_11_51_13_032.jpg,-1,0,0,21.47816
E:\IMG\center_2025_12_05_11_51_13_101.jpg,E:\IMG\left_2025_12_05_11_51_13_101.jpg,E:\IMG\right_2025_12_05_11_51_13_101.jpg,-1,0,0,21.35471
E:\IMG\center_2025_12_05_11_51_13_181.jpg,E:\IMG\left_2025_12_05_11_51_13_181.jpg,E:\IMG\right_2025_12_05_11_51_13_181.jpg,-1,0,0,21.35394
E:\IMG\center_2025_12_05_11_51_13_252.jpg,E:\IMG\left_2025_12_05_11_51_13_252.jpg,E:\IMG\right_2025_12_05_11_51_13_252.jpg,0,0,0,21.48868
E:\IMG\center_2025_12_05_11_51_13_327.jpg,E:\IMG\left_2025_12_05_11_51_13_327.jpg,E:\IMG\right_2025_12_05_11_51_13_327.jpg,0,0,0,21.80352
E:\IMG\center_2025_12_05_11_51_13_407.jpg,E:\IMG\left_2025_12_05_11_51_13_407.jpg,E:\IMG\right_2025_12_05_11_51_13_407.jpg,0,0,0,21.93742
E:\IMG\center_2025_12_05_11_51_13_484.jpg,E:\IMG\left_2025_12_05_11_51_13_484.jpg,E:\IMG\right_2025_12_05_11_51_13_484.jpg,0,0,0,22.16505
E:\IMG\center_2025_12_05_11_51_13_562.jpg,E:\IMG\left_2025_12_05_11_51_13_562.jpg,E:\IMG\right_2025_12_05_11_51_13_562.jpg,0,0,0,22.4116
E:\IMG\center_2025_12_05_11_51_13_641.jpg,E:\IMG\left_2025_12_05_11_51_13_641.jpg,E:\IMG\right_2025_12_05_11_51_13_641.jpg,0,0,0,22.6683
E:\IMG\center_2025_12_05_11_51_13_709.jpg,E:\IMG\left_2025_12_05_11_51_13_709.jpg,E:\IMG\right_2025_12_05_11_51_13_709.jpg,0,0,0,22.90031
E:\IMG\center_2025_12_05_11_51_13_777.jpg,E:\IMG\left_2025_12_05_11_51_13_777.jpg,E:\IMG\right_2025_12_05_11_51_13_777.jpg,0,0,0,22.98832
E:\IMG\center_2025_12_05_11_51_13_858.jpg,E:\IMG\left_2025_12_05_11_51_13_858.jpg,E:\IMG\right_2025_12_05_11_51_13_858.jpg,0,0,0,23.24583
E:\IMG\center_2025_12_05_11_51_13_938.jpg,E:\IMG\left_2025_12_05_11_51_13_938.jpg,E:\IMG\right_2025_12_05_11_51_13_938.jpg,0.05,0,0,23.49997
E:\IMG\center_2025_12_05_11_51_14_012.jpg,E:\IMG\left_2025_12_05_11_51_14_012.jpg,E:\IMG\right_2025_12_05_11_51_14_012.jpg,0.25,0,0,23.67695
E:\IMG\center_2025_12_05_11_51_14_091.jpg,E:\IMG\left_2025_12_05_11_51_14_091.jpg,E:\IMG\right_2025_12_05_11_51_14_091.jpg,0.45,0,0,23.77766
E:\IMG\center_2025_12_05_11_51_14_170.jpg,E:\IMG\left_2025_12_05_11_51_14_170.jpg,E:\IMG\right_2025_12_05_11_51_14_170.jpg,0,0,0,24.08473
E:\IMG\center_2025_12_05_11_51_14_246.jpg,E:\IMG\left_2025_12_05_11_51_14_246.jpg,E:\IMG\right_2025_12_05_11_51_14_246.jpg,0,0,0,23.97763
E:\IMG\center_2025_12_05_11_51_14_323.jpg,E:\IMG\left_2025_12_05_11_51_14_323.jpg,E:\IMG\right_2025_12_05_11_51_14_323.jpg,0,0,0,24.22421
E:\IMG\center_2025_12_05_11_51_14_392.jpg,E:\IMG\left_2025_12_05_11_51_14_392.jpg,E:\IMG\right_2025_12_05_11_51_14_392.jpg,0,0,0,24.69511
E:\IMG\center_2025_12_05_11_51_14_474.jpg,E:\IMG\left_2025_12_05_11_51_14_474.jpg,E:\IMG\right_2025_12_05_11_51_14_474.jpg,0.1,0,0,24.34559
E:\IMG\center_2025_12_05_11_51_14_554.jpg,E:\IMG\left_2025_12_05_11_51_14_554.jpg,E:\IMG\right_2025_12_05_11_51_14_554.jpg,0.3,0,0,24.29741
E:\IMG\center_2025_12_05_11_51_14_626.jpg,E:\IMG\left_2025_12_05_11_51_14_626.jpg,E:\IMG\right_2025_12_05_11_51_14_626.jpg,0.45,0,0,24.08074
E:\IMG\center_2025_12_05_11_51_14_705.jpg,E:\IMG\left_2025_12_05_11_51_14_705.jpg,E:\IMG\right_2025_12_05_11_51_14_705.jpg,0.6500001,0,0,22.65329
E:\IMG\center_2025_12_05_11_51_14_785.jpg,E:\IMG\left_2025_12_05_11_51_14_785.jpg,E:\IMG\right_2025_12_05_11_51_14_785.jpg,0,0,0,22.31257
E:\IMG\center_2025_12_05_11_51_14_867.jpg,E:\IMG\left_2025_12_05_11_51_14_867.jpg,E:\IMG\right_2025_12_05_11_51_14_867.jpg,0,0,0,22.00635
E:\IMG\center_2025_12_05_11_51_14_946.jpg,E:\IMG\left_2025_12_05_11_51_14_946.jpg,E:\IMG\right_2025_12_05_11_51_14_946.jpg,0,0,0,21.82137
E:\IMG\center_2025_12_05_11_51_15_025.jpg,E:\IMG\left_2025_12_05_11_51_15_025.jpg,E:\IMG\right_2025_12_05_11_51_15_025.jpg,0,0,0,21.65341
E:\IMG\center_2025_12_05_11_51_15_098.jpg,E:\IMG\left_2025_12_05_11_51_15_098.jpg,E:\IMG\right_2025_12_05_11_51_15_098.jpg,0,0,0,21.45529
E:\IMG\center_2025_12_05_11_51_15_173.jpg,E:\IMG\left_2025_12_05_11_51_15_173.jpg,E:\IMG\right_2025_12_05_11_51_15_173.jpg,-0.05,0,0,21.28242
E:\IMG\center_2025_12_05_11_51_15_247.jpg,E:\IMG\left_2025_12_05_11_51_15_247.jpg,E:\IMG\right_2025_12_05_11_51_15_247.jpg,-0.2,0,0,20.94064
E:\IMG\center_2025_12_05_11_51_15_323.jpg,E:\IMG\left_2025_12_05_11_51_15_323.jpg,E:\IMG\right_2025_12_05_11_51_15_323.jpg,-0.4,0,0,20.65413
E:\IMG\center_2025_12_05_11_51_15_399.jpg,E:\IMG\left_2025_12_05_11_51_15_399.jpg,E:\IMG\right_2025_12_05_11_51_15_399.jpg,0,0,0,20.3939
E:\IMG\center_2025_12_05_11_51_15_479.jpg,E:\IMG\left_2025_12_05_11_51_15_479.jpg,E:\IMG\right_2025_12_05_11_51_15_479.jpg,0,0,0,20.20518
E:\IMG\center_2025_12_05_11_51_15_560.jpg,E:\IMG\left_2025_12_05_11_51_15_560.jpg,E:\IMG\right_2025_12_05_11_51_15_560.jpg,-0.1,0,0,20.03216
E:\IMG\center_2025_12_05_11_51_15_638.jpg,E:\IMG\left_2025_12_05_11_51_15_638.jpg,E:\IMG\right_2025_12_05_11_51_15_638.jpg,-0.3,0,0,19.83397
E:\IMG\center_2025_12_05_11_51_15_714.jpg,E:\IMG\left_2025_12_05_11_51_15_714.jpg,E:\IMG\right_2025_12_05_11_51_15_714.jpg,-0.5000001,0,0,19.59591
E:\IMG\center_2025_12_05_11_51_15_794.jpg,E:\IMG\left_2025_12_05_11_51_15_794.jpg,E:\IMG\right_2025_12_05_11_51_15_794.jpg,0,0,0,19.34102
E:\IMG\center_2025_12_05_11_51_15_870.jpg,E:\IMG\left_2025_12_05_11_51_15_870.jpg,E:\IMG\right_2025_12_05_11_51_15_870.jpg,0,0.2284134,0,19.20919
E:\IMG\center_2025_12_05_11_51_15_942.jpg,E:\IMG\left_2025_12_05_11_51_15_942.jpg,E:\IMG\right_2025_12_05_11_51_15_942.jpg,0,0.4462059,0,19.65149
E:\IMG\center_2025_12_05_11_51_16_016.jpg,E:\IMG\left_2025_12_05_11_51_16_016.jpg,E:\IMG\right_2025_12_05_11_51_16_016.jpg,0,0.6655613,0,20.004
E:\IMG\center_2025_12_05_11_51_16_087.jpg,E:\IMG\left_2025_12_05_11_51_16_087.jpg,E:\IMG\right_2025_12_05_11_51_16_087.jpg,0,0.8359133,0,20.23856
E:\IMG\center_2025_12_05_11_51_16_158.jpg,E:\IMG\left_2025_12_05_11_51_16_158.jpg,E:\IMG\right_2025_12_05_11_51_16_158.jpg,0,1,0,21.0396
E:\IMG\center_2025_12_05_11_51_16_229.jpg,E:\IMG\left_2025_12_05_11_51_16_229.jpg,E:\IMG\right_2025_12_05_11_51_16_229.jpg,0,1,0,21.71657
E:\IMG\center_2025_12_05_11_51_16_301.jpg,E:\IMG\left_2025_12_05_11_51_16_301.jpg,E:\IMG\right_2025_12_05_11_51_16_301.jpg,-0.2,1,0,22.48022
E:\IMG\center_2025_12_05_11_51_16_375.jpg,E:\IMG\left_2025_12_05_11_51_16_375.jpg,E:\IMG\right_2025_12_05_11_51_16_375.jpg,-0.4,1,0,23.1812
E:\IMG\center_2025_12_05_11_51_16_452.jpg,E:\IMG\left_2025_12_05_11_51_16_452.jpg,E:\IMG\right_2025_12_05_11_51_16_452.jpg,0,0.910183,0,23.89045
E:\IMG\center_2025_12_05_11_51_16_529.jpg,E:\IMG\left_2025_12_05_11_51_16_529.jpg,E:\IMG\right_2025_12_05_11_51_16_529.jpg,0,0.7239649,0,24.32825
E:\IMG\center_2025_12_05_11_51_16_606.jpg,E:\IMG\left_2025_12_05_11_51_16_606.jpg,E:\IMG\right_2025_12_05_11_51_16_606.jpg,0,0.496373,0,24.70832
E:\IMG\center_2025_12_05_11_51_16_681.jpg,E:\IMG\left_2025_12_05_11_51_16_681.jpg,E:\IMG\right_2025_12_05_11_51_16_681.jpg,0,0.2232647,0,24.8522
E:\IMG\center_2025_12_05_11_51_16_754.jpg,E:\IMG\left_2025_12_05_11_51_16_754.jpg,E:\IMG\right_2025_12_05_11_51_16_754.jpg,0,0.004116807,0,24.77042
E:\IMG\center_2025_12_05_11_51_16_824.jpg,E:\IMG\left_2025_12_05_11_51_16_824.jpg,E:\IMG\right_2025_12_05_11_51_16_824.jpg,0,0,0,24.62444
E:\IMG\center_2025_12_05_11_51_16_898.jpg,E:\IMG\left_2025_12_05_11_51_16_898.jpg,E:\IMG\right_2025_12_05_11_51_16_898.jpg,0,0,0,24.42579
E:\IMG\center_2025_12_05_11_51_16_973.jpg,E:\IMG\left_2025_12_05_11_51_16_973.jpg,E:\IMG\right_2025_12_05_11_51_16_973.jpg,0,0.0877959,0,24.24701
E:\IMG\center_2025_12_05_11_51_17_046.jpg,E:\IMG\left_2025_12_05_11_51_17_046.jpg,E:\IMG\right_2025_12_05_11_51_17_046.jpg,0,0.2605488,0,24.23095
E:\IMG\center_2025_12_05_11_51_17_118.jpg,E:\IMG\left_2025_12_05_11_51_17_118.jpg,E:\IMG\right_2025_12_05_11_51_17_118.jpg,0,0.5219844,0,24.42681
E:\IMG\center_2025_12_05_11_51_17_192.jpg,E:\IMG\left_2025_12_05_11_51_17_192.jpg,E:\IMG\right_2025_12_05_11_51_17_192.jpg,0,0.743844,0,24.83949
E:\IMG\center_2025_12_05_11_51_17_271.jpg,E:\IMG\left_2025_12_05_11_51_17_271.jpg,E:\IMG\right_2025_12_05_11_51_17_271.jpg,0,0.9804945,0,25.48445
E:\IMG\center_2025_12_05_11_51_17_352.jpg,E:\IMG\left_2025_12_05_11_51_17_352.jpg,E:\IMG\right_2025_12_05_11_51_17_352.jpg,0.15,1,0,26.23656
E:\IMG\center_2025_12_05_11_51_17_432.jpg,E:\IMG\left_2025_12_05_11_51_17_432.jpg,E:\IMG\right_2025_12_05_11_51_17_432.jpg,0.35,1,0,26.92619
E:\IMG\center_2025_12_05_11_51_17_511.jpg,E:\IMG\left_2025_12_05_11_51_17_511.jpg,E:\IMG\right_2025_12_05_11_51_17_511.jpg,0.5500001,1,0,27.52776
E:\IMG\center_2025_12_05_11_51_17_588.jpg,E:\IMG\left_2025_12_05_11_51_17_588.jpg,E:\IMG\right_2025_12_05_11_51_17_588.jpg,0.7,1,0,27.91804
E:\IMG\center_2025_12_05_11_51_17_666.jpg,E:\IMG\left_2025_12_05_11_51_17_666.jpg,E:\IMG\right_2025_12_05_11_51_17_666.jpg,0,0.763594,0,28.4856
E:\IMG\center_2025_12_05_11_51_17_743.jpg,E:\IMG\left_2025_12_05_11_51_17_743.jpg,E:\IMG\right_2025_12_05_11_51_17_743.jpg,0.2,0.4881268,0,28.68137
E:\IMG\center_2025_12_05_11_51_17_818.jpg,E:\IMG\left_2025_12_05_11_51_17_818.jpg,E:\IMG\right_2025_12_05_11_51_17_818.jpg,0.4,0.2617093,0,28.51608
E:\IMG\center_2025_12_05_11_51_17_893.jpg,E:\IMG\left_2025_12_05_11_51_17_893.jpg,E:\IMG\right_2025_12_05_11_51_17_893.jpg,0.6000001,0.03818683,0,27.21121
E:\IMG\center_2025_12_05_11_51_17_973.jpg,E:\IMG\left_2025_12_05_11_51_17_973.jpg,E:\IMG\right_2025_12_05_11_51_17_973.jpg,0.8000001,0,0,26.06302
E:\IMG\center_2025_12_05_11_51_18_058.jpg,E:\IMG\left_2025_12_05_11_51_18_058.jpg,E:\IMG\right_2025_12_05_11_51_18_058.jpg,1,0,0,25.2721
E:\IMG\center_2025_12_05_11_51_18_126.jpg,E:\IMG\left_2025_12_05_11_51_18_126.jpg,E:\IMG\right_2025_12_05_11_51_18_126.jpg,1,0,0,24.48585
E:\IMG\center_2025_12_05_11_51_18_194.jpg,E:\IMG\left_2025_12_05_11_51_18_194.jpg,E:\IMG\right_2025_12_05_11_51_18_194.jpg,1,0,0,23.12589
E:\IMG\center_2025_12_05_11_51_18_276.jpg,E:\IMG\left_2025_12_05_11_51_18_276.jpg,E:\IMG\right_2025_12_05_11_51_18_276.jpg,1,0,0,22.29566
E:\IMG\center_2025_12_05_11_51_18_359.jpg,E:\IMG\left_2025_12_05_11_51_18_359.jpg,E:\IMG\right_2025_12_05_11_51_18_359.jpg,1,0,0,21.57867
E:\IMG\center_2025_12_05_11_51_18_427.jpg,E:\IMG\left_2025_12_05_11_51_18_427.jpg,E:\IMG\right_2025_12_05_11_51_18_427.jpg,1,0,0,21.02453
E:\IMG\center_2025_12_05_11_51_18_499.jpg,E:\IMG\left_2025_12_05_11_51_18_499.jpg,E:\IMG\right_2025_12_05_11_51_18_499.jpg,1,0,0,20.14456
E:\IMG\center_2025_12_05_11_51_18_568.jpg,E:\IMG\left_2025_12_05_11_51_18_568.jpg,E:\IMG\right_2025_12_05_11_51_18_568.jpg,0,0,0,19.7158
E:\IMG\center_2025_12_05_11_51_18_641.jpg,E:\IMG\left_2025_12_05_11_51_18_641.jpg,E:\IMG\right_2025_12_05_11_51_18_641.jpg,0,0,0,19.02024
E:\IMG\center_2025_12_05_11_51_18_716.jpg,E:\IMG\left_2025_12_05_11_51_18_716.jpg,E:\IMG\right_2025_12_05_11_51_18_716.jpg,0,0.0574791,0,18.38074
E:\IMG\center_2025_12_05_11_51_18_791.jpg,E:\IMG\left_2025_12_05_11_51_18_791.jpg,E:\IMG\right_2025_12_05_11_51_18_791.jpg,0,0.280827,0,17.97996
E:\IMG\center_2025_12_05_11_51_18_871.jpg,E:\IMG\left_2025_12_05_11_51_18_871.jpg,E:\IMG\right_2025_12_05_11_51_18_871.jpg,0,0.5216265,0,17.78567
E:\IMG\center_2025_12_05_11_51_18_952.jpg,E:\IMG\left_2025_12_05_11_51_18_952.jpg,E:\IMG\right_2025_12_05_11_51_18_952.jpg,0,0.7642953,0,17.77657
E:\IMG\center_2025_12_05_11_51_19_038.jpg,E:\IMG\left_2025_12_05_11_51_19_038.jpg,E:\IMG\right_2025_12_05_11_51_19_038.jpg,-0.1,1,0,18.06571
E:\IMG\center_2025_12_05_11_51_19_123.jpg,E:\IMG\left_2025_12_05_11_51_19_123.jpg,E:\IMG\right_2025_12_05_11_51_19_123.jpg,-0.3,1,0,18.36928
E:\IMG\center_2025_12_05_11_51_19_209.jpg,E:\IMG\left_2025_12_05_11_51_19_209.jpg,E:\IMG\right_2025_12_05_11_51_19_209.jpg,-0.5500001,0.8703595,0,18.67923
E:\IMG\center_2025_12_05_11_51_19_294.jpg,E:\IMG\left_2025_12_05_11_51_19_294.jpg,E:\IMG\right_2025_12_05_11_51_19_294.jpg,0,0.6144547,0,18.55927
E:\IMG\center_2025_12_05_11_51_19_384.jpg,E:\IMG\left_2025_12_05_11_51_19_384.jpg,E:\IMG\right_2025_12_05_11_51_19_384.jpg,-0.05,0.3587338,0,17.94553
E:\IMG\center_2025_12_05_11_51_19_463.jpg,E:\IMG\left_2025_12_05_11_51_19_463.jpg,E:\IMG\right_2025_12_05_11_51_19_463.jpg,-0.25,0.1100449,0,17.74785
E:\IMG\center_2025_12_05_11_51_19_549.jpg,E:\IMG\left_2025_12_05_11_51_19_549.jpg,E:\IMG\right_2025_12_05_11_51_19_549.jpg,-0.45,0.1291086,0,17.47036
E:\IMG\center_2025_12_05_11_51_19_633.jpg,E:\IMG\left_2025_12_05_11_51_19_633.jpg,E:\IMG\right_2025_12_05_11_51_19_633.jpg,-0.7,0.3832887,0,16.8641
E:\IMG\center_2025_12_05_11_51_19_718.jpg,E:\IMG\left_2025_12_05_11_51_19_718.jpg,E:\IMG\right_2025_12_05_11_51_19_718.jpg,0,0.6366177,0,16.6149
E:\IMG\center_2025_12_05_11_51_19_811.jpg,E:\IMG\left_2025_12_05_11_51_19_811.jpg,E:\IMG\right_2025_12_05_11_51_19_811.jpg,0,0.9008636,0,16.91505
E:\IMG\center_2025_12_05_11_51_19_900.jpg,E:\IMG\left_2025_12_05_11_51_19_900.jpg,E:\IMG\right_2025_12_05_11_51_19_900.jpg,-0.2,0.8689252,0,17.48141
E:\IMG\center_2025_12_05_11_51_19_984.jpg,E:\IMG\left_2025_12_05_11_51_19_984.jpg,E:\IMG\right_2025_12_05_11_51_19_984.jpg,-0.4,0.6118534,0,17.15441
E:\IMG\center_2025_12_05_11_51_20_070.jpg,E:\IMG\left_2025_12_05_11_51_20_070.jpg,E:\IMG\right_2025_12_05_11_51_20_070.jpg,-0.6000001,0.3537802,0,17.52735
E:\IMG\center_2025_12_05_11_51_20_147.jpg,E:\IMG\left_2025_12_05_11_51_20_147.jpg,E:\IMG\right_2025_12_05_11_51_20_147.jpg,-0.8000001,0.1083148,0,17.47857
E:\IMG\center_2025_12_05_11_51_20_228.jpg,E:\IMG\left_2025_12_05_11_51_20_228.jpg,E:\IMG\right_2025_12_05_11_51_20_228.jpg,-1,0,0,16.90298
E:\IMG\center_2025_12_05_11_51_20_306.jpg,E:\IMG\left_2025_12_05_11_51_20_306.jpg,E:\IMG\right_2025_12_05_11_51_20_306.jpg,-1,0,0,16.29733
E:\IMG\center_2025_12_05_11_51_20_378.jpg,E:\IMG\left_2025_12_05_11_51_20_378.jpg,E:\IMG\right_2025_12_05_11_51_20_378.jpg,0,0,0,15.97321
E:\IMG\center_2025_12_05_11_51_20_450.jpg,E:\IMG\left_2025_12_05_11_51_20_450.jpg,E:\IMG\right_2025_12_05_11_51_20_450.jpg,0,0.1595304,0,15.72031
E:\IMG\center_2025_12_05_11_51_20_521.jpg,E:\IMG\left_2025_12_05_11_51_20_521.jpg,E:\IMG\right_2025_12_05_11_51_20_521.jpg,0,0.3712491,0,15.70744
E:\IMG\center_2025_12_05_11_51_20_591.jpg,E:\IMG\left_2025_12_05_11_51_20_591.jpg,E:\IMG\right_2025_12_05_11_51_20_591.jpg,0,0.5828454,0,15.99035
E:\IMG\center_2025_12_05_11_51_20_663.jpg,E:\IMG\left_2025_12_05_11_51_20_663.jpg,E:\IMG\right_2025_12_05_11_51_20_663.jpg,-0.1,0.7979704,0,16.47388
E:\IMG\center_2025_12_05_11_51_20_734.jpg,E:\IMG\left_2025_12_05_11_51_20_734.jpg,E:\IMG\right_2025_12_05_11_51_20_734.jpg,-0.3,1,0,17.12402
E:\IMG\center_2025_12_05_11_51_20_806.jpg,E:\IMG\left_2025_12_05_11_51_20_806.jpg,E:\IMG\right_2025_12_05_11_51_20_806.jpg,-0.45,1,0,17.59304
E:\IMG\center_2025_12_05_11_51_20_878.jpg,E:\IMG\left_2025_12_05_11_51_20_878.jpg,E:\IMG\right_2025_12_05_11_51_20_878.jpg,-0.6500001,1,0,18.34485
E:\IMG\center_2025_12_05_11_51_20_946.jpg,E:\IMG\left_2025_12_05_11_51_20_946.jpg,E:\IMG\right_2025_12_05_11_51_20_946.jpg,-0.8000001,0.9487291,0,18.80776
E:\IMG\center_2025_12_05_11_51_21_025.jpg,E:\IMG\left_2025_12_05_11_51_21_025.jpg,E:\IMG\right_2025_12_05_11_51_21_025.jpg,0,0.758296,0,19.32234
E:\IMG\center_2025_12_05_11_51_21_100.jpg,E:\IMG\left_2025_12_05_11_51_21_100.jpg,E:\IMG\right_2025_12_05_11_51_21_100.jpg,0,0.4864111,0,19.65861
E:\IMG\center_2025_12_05_11_51_21_172.jpg,E:\IMG\left_2025_12_05_11_51_21_172.jpg,E:\IMG\right_2025_12_05_11_51_21_172.jpg,0,0.2711497,0,19.79749
E:\IMG\center_2025_12_05_11_51_21_242.jpg,E:\IMG\left_2025_12_05_11_51_21_242.jpg,E:\IMG\right_2025_12_05_11_51_21_242.jpg,-0.15,0.4426348,0,20.08253
E:\IMG\center_2025_12_05_11_51_21_312.jpg,E:\IMG\left_2025_12_05_11_51_21_312.jpg,E:\IMG\right_2025_12_05_11_51_21_312.jpg,-0.35,0.6919371,0,20.43452
E:\IMG\center_2025_12_05_11_51_21_380.jpg,E:\IMG\left_2025_12_05_11_51_21_380.jpg,E:\IMG\right_2025_12_05_11_51_21_380.jpg,-0.5000001,0.8942814,0,20.71934
E:\IMG\center_2025_12_05_11_51_21_449.jpg,E:\IMG\left_2025_12_05_11_51_21_449.jpg,E:\IMG\right_2025_12_05_11_51_21_449.jpg,-0.7,1,0,21.34566
E:\IMG\center_2025_12_05_11_51_21_520.jpg,E:\IMG\left_2025_12_05_11_51_21_520.jpg,E:\IMG\right_2025_12_05_11_51_21_520.jpg,0,1,0,21.84608
E:\IMG\center_2025_12_05_11_51_21_591.jpg,E:\IMG\left_2025_12_05_11_51_21_591.jpg,E:\IMG\right_2025_12_05_11_51_21_591.jpg,0,1,0,22.58526
E:\IMG\center_2025_12_05_11_51_21_659.jpg,E:\IMG\left_2025_12_05_11_51_21_659.jpg,E:\IMG\right_2025_12_05_11_51_21_659.jpg,0,0.8764483,0,22.99881
E:\IMG\center_2025_12_05_11_51_21_728.jpg,E:\IMG\left_2025_12_05_11_51_21_728.jpg,E:\IMG\right_2025_12_05_11_51_21_728.jpg,0,0.7120578,0,23.54152
E:\IMG\center_2025_12_05_11_51_21_795.jpg,E:\IMG\left_2025_12_05_11_51_21_795.jpg,E:\IMG\right_2025_12_05_11_51_21_795.jpg,0,0.8739672,0,23.99642
E:\IMG\center_2025_12_05_11_51_21_863.jpg,E:\IMG\left_2025_12_05_11_51_21_863.jpg,E:\IMG\right_2025_12_05_11_51_21_863.jpg,0,1,0,24.50127
E:\IMG\center_2025_12_05_11_51_21_944.jpg,E:\IMG\left_2025_12_05_11_51_21_944.jpg,E:\IMG\right_2025_12_05_11_51_21_944.jpg,0,1,0,25.04017
E:\IMG\center_2025_12_05_11_51_22_014.jpg,E:\IMG\left_2025_12_05_11_51_22_014.jpg,E:\IMG\right_2025_12_05_11_51_22_014.jpg,0,1,0,25.70152
E:\IMG\center_2025_12_05_11_51_22_084.jpg,E:\IMG\left_2025_12_05_11_51_22_084.jpg,E:\IMG\right_2025_12_05_11_51_22_084.jpg,0,1,0,26.16697
E:\IMG\center_2025_12_05_11_51_22_155.jpg,E:\IMG\left_2025_12_05_11_51_22_155.jpg,E:\IMG\right_2025_12_05_11_51_22_155.jpg,0,1,0,26.8772
E:\IMG\center_2025_12_05_11_51_22_232.jpg,E:\IMG\left_2025_12_05_11_51_22_232.jpg,E:\IMG\right_2025_12_05_11_51_22_232.jpg,-0.2,1,0,27.23691
E:\IMG\center_2025_12_05_11_51_22_305.jpg,E:\IMG\left_2025_12_05_11_51_22_305.jpg,E:\IMG\right_2025_12_05_11_51_22_305.jpg,-0.35,1,0,27.47008
E:\IMG\center_2025_12_05_11_51_22_375.jpg,E:\IMG\left_2025_12_05_11_51_22_375.jpg,E:\IMG\right_2025_12_05_11_51_22_375.jpg,-0.5500001,1,0,27.5578
E:\IMG\center_2025_12_05_11_51_22_446.jpg,E:\IMG\left_2025_12_05_11_51_22_446.jpg,E:\IMG\right_2025_12_05_11_51_22_446.jpg,-0.7,1,0,27.9773
E:\IMG\center_2025_12_05_11_51_22_518.jpg,E:\IMG\left_2025_12_05_11_51_22_518.jpg,E:\IMG\right_2025_12_05_11_51_22_518.jpg,0,0.7851957,0,28.06835
E:\IMG\center_2025_12_05_11_51_22_590.jpg,E:\IMG\left_2025_12_05_11_51_22_590.jpg,E:\IMG\right_2025_12_05_11_51_22_590.jpg,0,0.5688183,0,28.15621
E:\IMG\center_2025_12_05_11_51_22_660.jpg,E:\IMG\left_2025_12_05_11_51_22_660.jpg,E:\IMG\right_2025_12_05_11_51_22_660.jpg,-0.1,0.3594567,0,28.07612
E:\IMG\center_2025_12_05_11_51_22_732.jpg,E:\IMG\left_2025_12_05_11_51_22_732.jpg,E:\IMG\right_2025_12_05_11_51_22_732.jpg,-0.3,0.1442421,0,27.73451
E:\IMG\center_2025_12_05_11_51_22_802.jpg,E:\IMG\left_2025_12_05_11_51_22_802.jpg,E:\IMG\right_2025_12_05_11_51_22_802.jpg,-0.45,0,0,27.2431
E:\IMG\center_2025_12_05_11_51_22_874.jpg,E:\IMG\left_2025_12_05_11_51_22_874.jpg,E:\IMG\right_2025_12_05_11_51_22_874.jpg,-0.6500001,0.0832875,0,26.49191
E:\IMG\center_2025_12_05_11_51_22_946.jpg,E:\IMG\left_2025_12_05_11_51_22_946.jpg,E:\IMG\right_2025_12_05_11_51_22_946.jpg,0,0.2559831,0,26.05461
E:\IMG\center_2025_12_05_11_51_23_016.jpg,E:\IMG\left_2025_12_05_11_51_23_016.jpg,E:\IMG\right_2025_12_05_11_51_23_016.jpg,0,0.5079249,0,25.8378
E:\IMG\center_2025_12_05_11_51_23_084.jpg,E:\IMG\left_2025_12_05_11_51_23_084.jpg,E:\IMG\right_2025_12_05_11_51_23_084.jpg,0,0.712371,0,25.77927
E:\IMG\center_2025_12_05_11_51_23_151.jpg,E:\IMG\left_2025_12_05_11_51_23_151.jpg,E:\IMG\right_2025_12_05_11_51_23_151.jpg,0,0.9132987,0,25.89933
E:\IMG\center_2025_12_05_11_51_23_219.jpg,E:\IMG\left_2025_12_05_11_51_23_219.jpg,E:\IMG\right_2025_12_05_11_51_23_219.jpg,-0.15,1,0,26.2559
E:\IMG\center_2025_12_05_11_51_23_292.jpg,E:\IMG\left_2025_12_05_11_51_23_292.jpg,E:\IMG\right_2025_12_05_11_51_23_292.jpg,-0.35,1,0,26.55723
E:\IMG\center_2025_12_05_11_51_23_362.jpg,E:\IMG\left_2025_12_05_11_51_23_362.jpg,E:\IMG\right_2025_12_05_11_51_23_362.jpg,-0.5000001,1,0,26.75348
E:\IMG\center_2025_12_05_11_51_23_433.jpg,E:\IMG\left_2025_12_05_11_51_23_433.jpg,E:\IMG\right_2025_12_05_11_51_23_433.jpg,0,1,0,27.06126
E:\IMG\center_2025_12_05_11_51_23_503.jpg,E:\IMG\left_2025_12_05_11_51_23_503.jpg,E:\IMG\right_2025_12_05_11_51_23_503.jpg,0,0.83011,0,27.31186
E:\IMG\center_2025_12_05_11_51_23_577.jpg,E:\IMG\left_2025_12_05_11_51_23_577.jpg,E:\IMG\right_2025_12_05_11_51_23_577.jpg,-0.1,0.566236,0,27.42288
E:\IMG\center_2025_12_05_11_51_23_645.jpg,E:\IMG\left_2025_12_05_11_51_23_645.jpg,E:\IMG\right_2025_12_05_11_51_23_645.jpg,-0.25,0.4016317,0,27.36969
E:\IMG\center_2025_12_05_11_51_23_718.jpg,E:\IMG\left_2025_12_05_11_51_23_718.jpg,E:\IMG\right_2025_12_05_11_51_23_718.jpg,-0.45,0.1442914,0,27.06159
E:\IMG\center_2025_12_05_11_51_23_789.jpg,E:\IMG\left_2025_12_05_11_51_23_789.jpg,E:\IMG\right_2025_12_05_11_51_23_789.jpg,-0.6500001,0,0,26.43886
E:\IMG\center_2025_12_05_11_51_23_863.jpg,E:\IMG\left_2025_12_05_11_51_23_863.jpg,E:\IMG\right_2025_12_05_11_51_23_863.jpg,-0.8000001,0,0,25.90571
E:\IMG\center_2025_12_05_11_51_23_934.jpg,E:\IMG\left_2025_12_05_11_51_23_934.jpg,E:\IMG\right_2025_12_05_11_51_23_934.jpg,-1,0,0,25.21677
E:\IMG\center_2025_12_05_11_51_24_011.jpg,E:\IMG\left_2025_12_05_11_51_24_011.jpg,E:\IMG\right_2025_12_05_11_51_24_011.jpg,0,0,0,24.6598
E:\IMG\center_2025_12_05_11_51_24_084.jpg,E:\IMG\left_2025_12_05_11_51_24_084.jpg,E:\IMG\right_2025_12_05_11_51_24_084.jpg,0,0,0,24.30815
E:\IMG\center_2025_12_05_11_51_24_164.jpg,E:\IMG\left_2025_12_05_11_51_24_164.jpg,E:\IMG\right_2025_12_05_11_51_24_164.jpg,-0.2,0,0,23.94502
E:\IMG\center_2025_12_05_11_51_24_234.jpg,E:\IMG\left_2025_12_05_11_51_24_234.jpg,E:\IMG\right_2025_12_05_11_51_24_234.jpg,-0.4,0,0,23.58656
E:\IMG\center_2025_12_05_11_51_24_306.jpg,E:\IMG\left_2025_12_05_11_51_24_306.jpg,E:\IMG\right_2025_12_05_11_51_24_306.jpg,-0.5500001,0,0,23.2642
E:\IMG\center_2025_12_05_11_51_24_381.jpg,E:\IMG\left_2025_12_05_11_51_24_381.jpg,E:\IMG\right_2025_12_05_11_51_24_381.jpg,-0.7500002,0,0,22.74686
E:\IMG\center_2025_12_05_11_51_24_457.jpg,E:\IMG\left_2025_12_05_11_51_24_457.jpg,E:\IMG\right_2025_12_05_11_51_24_457.jpg,-0.9500002,0,0,22.28691
E:\IMG\center_2025_12_05_11_51_24_534.jpg,E:\IMG\left_2025_12_05_11_51_24_534.jpg,E:\IMG\right_2025_12_05_11_51_24_534.jpg,0,0.0873579,0,21.9782
E:\IMG\center_2025_12_05_11_51_24_615.jpg,E:\IMG\left_2025_12_05_11_51_24_615.jpg,E:\IMG\right_2025_12_05_11_51_24_615.jpg,0,0.3328821,0,21.90123
E:\IMG\center_2025_12_05_11_51_24_695.jpg,E:\IMG\left_2025_12_05_11_51_24_695.jpg,E:\IMG\right_2025_12_05_11_51_24_695.jpg,0,0.5721387,0,22.10275
E:\IMG\center_2025_12_05_11_51_24_772.jpg,E:\IMG\left_2025_12_05_11_51_24_772.jpg,E:\IMG\right_2025_12_05_11_51_24_772.jpg,0,0.8010933,0,22.54698
E:\IMG\center_2025_12_05_11_51_24_849.jpg,E:\IMG\left_2025_12_05_11_51_24_849.jpg,E:\IMG\right_2025_12_05_11_51_24_849.jpg,0,0.7517373,0,23.21799
E:\IMG\center_2025_12_05_11_51_24_927.jpg,E:\IMG\left_2025_12_05_11_51_24_927.jpg,E:\IMG\right_2025_12_05_11_51_24_927.jpg,0,0.5627556,0,23.54728
E:\IMG\center_2025_12_05_11_51_25_002.jpg,E:\IMG\left_2025_12_05_11_51_25_002.jpg,E:\IMG\right_2025_12_05_11_51_25_002.jpg,0,0.2930793,0,23.77686
E:\IMG\center_2025_12_05_11_51_25_082.jpg,E:\IMG\left_2025_12_05_11_51_25_082.jpg,E:\IMG\right_2025_12_05_11_51_25_082.jpg,-0.15,0.05522127,0,23.77108
E:\IMG\center_2025_12_05_11_51_25_159.jpg,E:\IMG\left_2025_12_05_11_51_25_159.jpg,E:\IMG\right_2025_12_05_11_51_25_159.jpg,-0.35,0,0,23.52127
E:\IMG\center_2025_12_05_11_51_25_240.jpg,E:\IMG\left_2025_12_05_11_51_25_240.jpg,E:\IMG\right_2025_12_05_11_51_25_240.jpg,-0.5500001,0,0,23.19723
E:\IMG\center_2025_12_05_11_51_25_319.jpg,E:\IMG\left_2025_12_05_11_51_25_319.jpg,E:\IMG\right_2025_12_05_11_51_25_319.jpg,0,0.1909641,0,23.04269
E:\IMG\center_2025_12_05_11_51_25_401.jpg,E:\IMG\left_2025_12_05_11_51_25_401.jpg,E:\IMG\right_2025_12_05_11_51_25_401.jpg,0,0.4371732,0,23.1499
E:\IMG\center_2025_12_05_11_51_25_483.jpg,E:\IMG\left_2025_12_05_11_51_25_483.jpg,E:\IMG\right_2025_12_05_11_51_25_483.jpg,0,0.6850386,0,23.47614
E:\IMG\center_2025_12_05_11_51_25_564.jpg,E:\IMG\left_2025_12_05_11_51_25_564.jpg,E:\IMG\right_2025_12_05_11_51_25_564.jpg,-0.15,0.9266205,0,24.03255
E:\IMG\center_2025_12_05_11_51_25_646.jpg,E:\IMG\left_2025_12_05_11_51_25_646.jpg,E:\IMG\right_2025_12_05_11_51_25_646.jpg,-0.35,0.90229,0,24.73777
E:\IMG\center_2025_12_05_11_51_25_727.jpg,E:\IMG\left_2025_12_05_11_51_25_727.jpg,E:\IMG\right_2025_12_05_11_51_25_727.jpg,-0.5500001,0.7095481,0,25.18479
E:\IMG\center_2025_12_05_11_51_25_795.jpg,E:\IMG\left_2025_12_05_11_51_25_795.jpg,E:\IMG\right_2025_12_05_11_51_25_795.jpg,0,0.4540951,0,25.45068
E:\IMG\center_2025_12_05_11_51_25_877.jpg,E:\IMG\left_2025_12_05_11_51_25_877.jpg,E:\IMG\right_2025_12_05_11_51_25_877.jpg,-0.15,0.207142,0,25.57129
E:\IMG\center_2025_12_05_11_51_25_958.jpg,E:\IMG\left_2025_12_05_11_51_25_958.jpg,E:\IMG\right_2025_12_05_11_51_25_958.jpg,-0.35,0,0,25.42716
E:\IMG\center_2025_12_05_11_51_26_027.jpg,E:\IMG\left_2025_12_05_11_51_26_027.jpg,E:\IMG\right_2025_12_05_11_51_26_027.jpg,-0.5000001,0,0,25.1991
E:\IMG\center_2025_12_05_11_51_26_108.jpg,E:\IMG\left_2025_12_05_11_51_26_108.jpg,E:\IMG\right_2025_12_05_11_51_26_108.jpg,0,0,0,24.9687
E:\IMG\center_2025_12_05_11_51_26_187.jpg,E:\IMG\left_2025_12_05_11_51_26_187.jpg,E:\IMG\right_2025_12_05_11_51_26_187.jpg,0,0.2407086,0,24.89101
E:\IMG\center_2025_12_05_11_51_26_256.jpg,E:\IMG\left_2025_12_05_11_51_26_256.jpg,E:\IMG\right_2025_12_05_11_51_26_256.jpg,-0.1,0.4954683,0,25.05377
E:\IMG\center_2025_12_05_11_51_26_334.jpg,E:\IMG\left_2025_12_05_11_51_26_334.jpg,E:\IMG\right_2025_12_05_11_51_26_334.jpg,-0.3,0.7312866,0,25.40271
E:\IMG\center_2025_12_05_11_51_26_417.jpg,E:\IMG\left_2025_12_05_11_51_26_417.jpg,E:\IMG\right_2025_12_05_11_51_26_417.jpg,-0.5000001,0.7739427,0,25.86635
E:\IMG\center_2025_12_05_11_51_26_498.jpg,E:\IMG\left_2025_12_05_11_51_26_498.jpg,E:\IMG\right_2025_12_05_11_51_26_498.jpg,-0.7,0.5292762,0,26.09881
E:\IMG\center_2025_12_05_11_51_26_581.jpg,E:\IMG\left_2025_12_05_11_51_26_581.jpg,E:\IMG\right_2025_12_05_11_51_26_581.jpg,-0.9000002,0.2832306,0,26.01512
E:\IMG\center_2025_12_05_11_51_26_663.jpg,E:\IMG\left_2025_12_05_11_51_26_663.jpg,E:\IMG\right_2025_12_05_11_51_26_663.jpg,-1,0.0348516,0,25.65904
E:\IMG\center_2025_12_05_11_51_26_731.jpg,E:\IMG\left_2025_12_05_11_51_26_731.jpg,E:\IMG\right_2025_12_05_11_51_26_731.jpg,0,0,0,25.32413
E:\IMG\center_2025_12_05_11_51_26_799.jpg,E:\IMG\left_2025_12_05_11_51_26_799.jpg,E:\IMG\right_2025_12_05_11_51_26_799.jpg,0,0,0,25.1539
E:\IMG\center_2025_12_05_11_51_26_867.jpg,E:\IMG\left_2025_12_05_11_51_26_867.jpg,E:\IMG\right_2025_12_05_11_51_26_867.jpg,-0.05,0,0,24.95663
E:\IMG\center_2025_12_05_11_51_26_945.jpg,E:\IMG\left_2025_12_05_11_51_26_945.jpg,E:\IMG\right_2025_12_05_11_51_26_945.jpg,-0.25,0.2382249,0,24.88636
E:\IMG\center_2025_12_05_11_51_27_024.jpg,E:\IMG\left_2025_12_05_11_51_27_024.jpg,E:\IMG\right_2025_12_05_11_51_27_024.jpg,0,0.4795305,0,25.01475
E:\IMG\center_2025_12_05_11_51_27_092.jpg,E:\IMG\left_2025_12_05_11_51_27_092.jpg,E:\IMG\right_2025_12_05_11_51_27_092.jpg,0,0.7268155,0,25.40573
E:\IMG\center_2025_12_05_11_51_27_173.jpg,E:\IMG\left_2025_12_05_11_51_27_173.jpg,E:\IMG\right_2025_12_05_11_51_27_173.jpg,0,0.9677389,0,26.03069
E:\IMG\center_2025_12_05_11_51_27_253.jpg,E:\IMG\left_2025_12_05_11_51_27_253.jpg,E:\IMG\right_2025_12_05_11_51_27_253.jpg,-0.15,1,0,26.77901
E:\IMG\center_2025_12_05_11_51_27_337.jpg,E:\IMG\left_2025_12_05_11_51_27_337.jpg,E:\IMG\right_2025_12_05_11_51_27_337.jpg,-0.35,1,0,27.46912
E:\IMG\center_2025_12_05_11_51_27_411.jpg,E:\IMG\left_2025_12_05_11_51_27_411.jpg,E:\IMG\right_2025_12_05_11_51_27_411.jpg,0,1,0,28.10273
E:\IMG\center_2025_12_05_11_51_27_482.jpg,E:\IMG\left_2025_12_05_11_51_27_482.jpg,E:\IMG\right_2025_12_05_11_51_27_482.jpg,0,0.7837651,0,28.56999
E:\IMG\center_2025_12_05_11_51_27_558.jpg,E:\IMG\left_2025_12_05_11_51_27_558.jpg,E:\IMG\right_2025_12_05_11_51_27_558.jpg,0,0.5575915,0,28.99317
E:\IMG\center_2025_12_05_11_51_27_639.jpg,E:\IMG\left_2025_12_05_11_51_27_639.jpg,E:\IMG\right_2025_12_05_11_51_27_639.jpg,-0.2,0.3154867,0,29.19214
E:\IMG\center_2025_12_05_11_51_27_717.jpg,E:\IMG\left_2025_12_05_11_51_27_717.jpg,E:\IMG\right_2025_12_05_11_51_27_717.jpg,-0.4,0.07858872,0,29.08522
E:\IMG\center_2025_12_05_11_51_27_800.jpg,E:\IMG\left_2025_12_05_11_51_27_800.jpg,E:\IMG\right_2025_12_05_11_51_27_800.jpg,-0.6000001,0.0627795,0,28.69518
E:\IMG\center_2025_12_05_11_51_27_882.jpg,E:\IMG\left_2025_12_05_11_51_27_882.jpg,E:\IMG\right_2025_12_05_11_51_27_882.jpg,0,0.3106542,0,28.59883
E:\IMG\center_2025_12_05_11_51_27_965.jpg,E:\IMG\left_2025_12_05_11_51_27_965.jpg,E:\IMG\right_2025_12_05_11_51_27_965.jpg,0,0.5582736,0,28.77117
E:\IMG\center_2025_12_05_11_51_28_054.jpg,E:\IMG\left_2025_12_05_11_51_28_054.jpg,E:\IMG\right_2025_12_05_11_51_28_054.jpg,0,0.2912337,0,29.01115
E:\IMG\center_2025_12_05_11_51_28_123.jpg,E:\IMG\left_2025_12_05_11_51_28_123.jpg,E:\IMG\right_2025_12_05_11_51_28_123.jpg,0,0.08533502,0,28.93762
E:\IMG\center_2025_12_05_11_51_28_191.jpg,E:\IMG\left_2025_12_05_11_51_28_191.jpg,E:\IMG\right_2025_12_05_11_51_28_191.jpg,0,0,0,28.65645
E:\IMG\center_2025_12_05_11_51_28_259.jpg,E:\IMG\left_2025_12_05_11_51_28_259.jpg,E:\IMG\right_2025_12_05_11_51_28_259.jpg,0,0,0,28.43328
E:\IMG\center_2025_12_05_11_51_28_331.jpg,E:\IMG\left_2025_12_05_11_51_28_331.jpg,E:\IMG\right_2025_12_05_11_51_28_331.jpg,0,0,0,28.02372
E:\IMG\center_2025_12_05_11_51_28_403.jpg,E:\IMG\left_2025_12_05_11_51_28_403.jpg,E:\IMG\right_2025_12_05_11_51_28_403.jpg,0,0,0,27.63523
E:\IMG\center_2025_12_05_11_51_28_478.jpg,E:\IMG\left_2025_12_05_11_51_28_478.jpg,E:\IMG\right_2025_12_05_11_51_28_478.jpg,0,0,0,27.19351
E:\IMG\center_2025_12_05_11_51_28_553.jpg,E:\IMG\left_2025_12_05_11_51_28_553.jpg,E:\IMG\right_2025_12_05_11_51_28_553.jpg,0,0,0,26.69031
E:\IMG\center_2025_12_05_11_51_28_627.jpg,E:\IMG\left_2025_12_05_11_51_28_627.jpg,E:\IMG\right_2025_12_05_11_51_28_627.jpg,0,0,0,26.33908
E:\IMG\center_2025_12_05_11_51_28_700.jpg,E:\IMG\left_2025_12_05_11_51_28_700.jpg,E:\IMG\right_2025_12_05_11_51_28_700.jpg,0,0,0,25.72018
E:\IMG\center_2025_12_05_11_51_28_776.jpg,E:\IMG\left_2025_12_05_11_51_28_776.jpg,E:\IMG\right_2025_12_05_11_51_28_776.jpg,0,0,0,25.16119
E:\IMG\center_2025_12_05_11_51_28_851.jpg,E:\IMG\left_2025_12_05_11_51_28_851.jpg,E:\IMG\right_2025_12_05_11_51_28_851.jpg,0.2,0,0,24.54842
E:\IMG\center_2025_12_05_11_51_28_924.jpg,E:\IMG\left_2025_12_05_11_51_28_924.jpg,E:\IMG\right_2025_12_05_11_51_28_924.jpg,0.35,0,0,24.00265
E:\IMG\center_2025_12_05_11_51_28_996.jpg,E:\IMG\left_2025_12_05_11_51_28_996.jpg,E:\IMG\right_2025_12_05_11_51_28_996.jpg,0.5500001,0,0,23.32271
E:\IMG\center_2025_12_05_11_51_29_076.jpg,E:\IMG\left_2025_12_05_11_51_29_076.jpg,E:\IMG\right_2025_12_05_11_51_29_076.jpg,0,0,0,22.70766
E:\IMG\center_2025_12_05_11_51_29_150.jpg,E:\IMG\left_2025_12_05_11_51_29_150.jpg,E:\IMG\right_2025_12_05_11_51_29_150.jpg,0,0,0,22.056
E:\IMG\center_2025_12_05_11_51_29_226.jpg,E:\IMG\left_2025_12_05_11_51_29_226.jpg,E:\IMG\right_2025_12_05_11_51_29_226.jpg,0.15,0,0,21.61624
E:\IMG\center_2025_12_05_11_51_29_304.jpg,E:\IMG\left_2025_12_05_11_51_29_304.jpg,E:\IMG\right_2025_12_05_11_51_29_304.jpg,0.35,0,0,20.98981
E:\IMG\center_2025_12_05_11_51_29_381.jpg,E:\IMG\left_2025_12_05_11_51_29_381.jpg,E:\IMG\right_2025_12_05_11_51_29_381.jpg,0.5500001,0,0,20.2447
E:\IMG\center_2025_12_05_11_51_29_459.jpg,E:\IMG\left_2025_12_05_11_51_29_459.jpg,E:\IMG\right_2025_12_05_11_51_29_459.jpg,0.7500002,0,0,19.51789
E:\IMG\center_2025_12_05_11_51_29_538.jpg,E:\IMG\left_2025_12_05_11_51_29_538.jpg,E:\IMG\right_2025_12_05_11_51_29_538.jpg,0.9500002,0,0,18.73397
E:\IMG\center_2025_12_05_11_51_29_614.jpg,E:\IMG\left_2025_12_05_11_51_29_614.jpg,E:\IMG\right_2025_12_05_11_51_29_614.jpg,1,0,0,17.9993
E:\IMG\center_2025_12_05_11_51_29_693.jpg,E:\IMG\left_2025_12_05_11_51_29_693.jpg,E:\IMG\right_2025_12_05_11_51_29_693.jpg,0,0,0,17.3043
E:\IMG\center_2025_12_05_11_51_29_767.jpg,E:\IMG\left_2025_12_05_11_51_29_767.jpg,E:\IMG\right_2025_12_05_11_51_29_767.jpg,0,0,0,16.68521
E:\IMG\center_2025_12_05_11_51_29_841.jpg,E:\IMG\left_2025_12_05_11_51_29_841.jpg,E:\IMG\right_2025_12_05_11_51_29_841.jpg,0,0.218994,0,16.15131
E:\IMG\center_2025_12_05_11_51_29_921.jpg,E:\IMG\left_2025_12_05_11_51_29_921.jpg,E:\IMG\right_2025_12_05_11_51_29_921.jpg,0,0.442632,0,15.82907
E:\IMG\center_2025_12_05_11_51_29_987.jpg,E:\IMG\left_2025_12_05_11_51_29_987.jpg,E:\IMG\right_2025_12_05_11_51_29_987.jpg,0,0.6565935,0,16.13359
E:\IMG\center_2025_12_05_11_51_30_058.jpg,E:\IMG\left_2025_12_05_11_51_30_058.jpg,E:\IMG\right_2025_12_05_11_51_30_058.jpg,0.1,0.8731245,0,16.01758
E:\IMG\center_2025_12_05_11_51_30_129.jpg,E:\IMG\left_2025_12_05_11_51_30_129.jpg,E:\IMG\right_2025_12_05_11_51_30_129.jpg,0.3,1,0,16.65443
E:\IMG\center_2025_12_05_11_51_30_219.jpg,E:\IMG\left_2025_12_05_11_51_30_219.jpg,E:\IMG\right_2025_12_05_11_51_30_219.jpg,0.5000001,1,0,17.0786
E:\IMG\center_2025_12_05_11_51_30_305.jpg,E:\IMG\left_2025_12_05_11_51_30_305.jpg,E:\IMG\right_2025_12_05_11_51_30_305.jpg,0.7,1,0,17.423
E:\IMG\center_2025_12_05_11_51_30_375.jpg,E:\IMG\left_2025_12_05_11_51_30_375.jpg,E:\IMG\right_2025_12_05_11_51_30_375.jpg,0.9000002,0.8573545,0,17.46818
E:\IMG\center_2025_12_05_11_51_30_460.jpg,E:\IMG\left_2025_12_05_11_51_30_460.jpg,E:\IMG\right_2025_12_05_11_51_30_460.jpg,0,0.6021478,0,17.87347
E:\IMG\center_2025_12_05_11_51_30_544.jpg,E:\IMG\left_2025_12_05_11_51_30_544.jpg,E:\IMG\right_2025_12_05_11_51_30_544.jpg,0,0.3530689,0,17.91392
E:\IMG\center_2025_12_05_11_51_30_624.jpg,E:\IMG\left_2025_12_05_11_51_30_624.jpg,E:\IMG\right_2025_12_05_11_51_30_624.jpg,0.1,0.2305444,0,17.7467
E:\IMG\center_2025_12_05_11_51_30_701.jpg,E:\IMG\left_2025_12_05_11_51_30_701.jpg,E:\IMG\right_2025_12_05_11_51_30_701.jpg,0.3,0.4600246,0,17.52868
E:\IMG\center_2025_12_05_11_51_30_778.jpg,E:\IMG\left_2025_12_05_11_51_30_778.jpg,E:\IMG\right_2025_12_05_11_51_30_778.jpg,0.5000001,0.6924025,0,17.60481
E:\IMG\center_2025_12_05_11_51_30_851.jpg,E:\IMG\left_2025_12_05_11_51_30_851.jpg,E:\IMG\right_2025_12_05_11_51_30_851.jpg,0.7,0.9100021,0,17.95299
E:\IMG\center_2025_12_05_11_51_30_921.jpg,E:\IMG\left_2025_12_05_11_51_30_921.jpg,E:\IMG\right_2025_12_05_11_51_30_921.jpg,0.8500001,1,0,18.33082
E:\IMG\center_2025_12_05_11_51_30_991.jpg,E:\IMG\left_2025_12_05_11_51_30_991.jpg,E:\IMG\right_2025_12_05_11_51_30_991.jpg,1,1,0,18.77487
E:\IMG\center_2025_12_05_11_51_31_059.jpg,E:\IMG\left_2025_12_05_11_51_31_059.jpg,E:\IMG\right_2025_12_05_11_51_31_059.jpg,0,1,0,19.10421
E:\IMG\center_2025_12_05_11_51_31_124.jpg,E:\IMG\left_2025_12_05_11_51_31_124.jpg,E:\IMG\right_2025_12_05_11_51_31_124.jpg,0,1,0,19.45917
E:\IMG\center_2025_12_05_11_51_31_206.jpg,E:\IMG\left_2025_12_05_11_51_31_206.jpg,E:\IMG\right_2025_12_05_11_51_31_206.jpg,0,1,0,20.08216
E:\IMG\center_2025_12_05_11_51_31_287.jpg,E:\IMG\left_2025_12_05_11_51_31_287.jpg,E:\IMG\right_2025_12_05_11_51_31_287.jpg,0,0.9051769,0,20.98978
E:\IMG\center_2025_12_05_11_51_31_368.jpg,E:\IMG\left_2025_12_05_11_51_31_368.jpg,E:\IMG\right_2025_12_05_11_51_31_368.jpg,0,0.662236,0,21.48838
E:\IMG\center_2025_12_05_11_51_31_446.jpg,E:\IMG\left_2025_12_05_11_51_31_446.jpg,E:\IMG\right_2025_12_05_11_51_31_446.jpg,0,0.4261129,0,21.72718
E:\IMG\center_2025_12_05_11_51_31_524.jpg,E:\IMG\left_2025_12_05_11_51_31_524.jpg,E:\IMG\right_2025_12_05_11_51_31_524.jpg,0,0.1483238,0,21.91146
E:\IMG\center_2025_12_05_11_51_31_603.jpg,E:\IMG\left_2025_12_05_11_51_31_603.jpg,E:\IMG\right_2025_12_05_11_51_31_603.jpg,0,0.2900738,0,21.88515
E:\IMG\center_2025_12_05_11_51_31_680.jpg,E:\IMG\left_2025_12_05_11_51_31_680.jpg,E:\IMG\right_2025_12_05_11_51_31_680.jpg,0,0.5191649,0,22.08179
E:\IMG\center_2025_12_05_11_51_31_759.jpg,E:\IMG\left_2025_12_05_11_51_31_759.jpg,E:\IMG\right_2025_12_05_11_51_31_759.jpg,0,0.6566537,0,22.51423
E:\IMG\center_2025_12_05_11_51_31_837.jpg,E:\IMG\left_2025_12_05_11_51_31_837.jpg,E:\IMG\right_2025_12_05_11_51_31_837.jpg,0,0.4262288,0,22.84839
E:\IMG\center_2025_12_05_11_51_31_914.jpg,E:\IMG\left_2025_12_05_11_51_31_914.jpg,E:\IMG\right_2025_12_05_11_51_31_914.jpg,0,0.1955957,0,22.96083
E:\IMG\center_2025_12_05_11_51_31_986.jpg,E:\IMG\left_2025_12_05_11_51_31_986.jpg,E:\IMG\right_2025_12_05_11_51_31_986.jpg,0,0.02118138,0,22.87333
E:\IMG\center_2025_12_05_11_51_32_056.jpg,E:\IMG\left_2025_12_05_11_51_32_056.jpg,E:\IMG\right_2025_12_05_11_51_32_056.jpg,0,0,0,22.69503
E:\IMG\center_2025_12_05_11_51_32_126.jpg,E:\IMG\left_2025_12_05_11_51_32_126.jpg,E:\IMG\right_2025_12_05_11_51_32_126.jpg,0,0,0,22.57338
E:\IMG\center_2025_12_05_11_51_32_197.jpg,E:\IMG\left_2025_12_05_11_51_32_197.jpg,E:\IMG\right_2025_12_05_11_51_32_197.jpg,0,0.2556318,0,22.52668
E:\IMG\center_2025_12_05_11_51_32_271.jpg,E:\IMG\left_2025_12_05_11_51_32_271.jpg,E:\IMG\right_2025_12_05_11_51_32_271.jpg,0,0.4784928,0,22.70093
E:\IMG\center_2025_12_05_11_51_32_345.jpg,E:\IMG\left_2025_12_05_11_51_32_345.jpg,E:\IMG\right_2025_12_05_11_51_32_345.jpg,0,0.6531146,0,22.96648
E:\IMG\center_2025_12_05_11_51_32_419.jpg,E:\IMG\left_2025_12_05_11_51_32_419.jpg,E:\IMG\right_2025_12_05_11_51_32_419.jpg,0,0.9203336,0,23.55667
E:\IMG\center_2025_12_05_11_51_32_490.jpg,E:\IMG\left_2025_12_05_11_51_32_490.jpg,E:\IMG\right_2025_12_05_11_51_32_490.jpg,0,1,0,24.31387
E:\IMG\center_2025_12_05_11_51_32_562.jpg,E:\IMG\left_2025_12_05_11_51_32_562.jpg,E:\IMG\right_2025_12_05_11_51_32_562.jpg,0,1,0,24.89573
E:\IMG\center_2025_12_05_11_51_32_636.jpg,E:\IMG\left_2025_12_05_11_51_32_636.jpg,E:\IMG\right_2025_12_05_11_51_32_636.jpg,0,0.8222365,0,25.60602
E:\IMG\center_2025_12_05_11_51_32_705.jpg,E:\IMG\left_2025_12_05_11_51_32_705.jpg,E:\IMG\right_2025_12_05_11_51_32_705.jpg,0,0.6526258,0,25.98927
E:\IMG\center_2025_12_05_11_51_32_776.jpg,E:\IMG\left_2025_12_05_11_51_32_776.jpg,E:\IMG\right_2025_12_05_11_51_32_776.jpg,0,0.4019782,0,26.28384
E:\IMG\center_2025_12_05_11_51_32_846.jpg,E:\IMG\left_2025_12_05_11_51_32_846.jpg,E:\IMG\right_2025_12_05_11_51_32_846.jpg,0,0.2306905,0,26.3619
E:\IMG\center_2025_12_05_11_51_32_916.jpg,E:\IMG\left_2025_12_05_11_51_32_916.jpg,E:\IMG\right_2025_12_05_11_51_32_916.jpg,0,0,0.1644918,25.29781
E:\IMG\center_2025_12_05_11_51_32_987.jpg,E:\IMG\left_2025_12_05_11_51_32_987.jpg,E:\IMG\right_2025_12_05_11_51_32_987.jpg,0,0,0.3357846,24.26326
E:\IMG\center_2025_12_05_11_51_33_059.jpg,E:\IMG\left_2025_12_05_11_51_33_059.jpg,E:\IMG\right_2025_12_05_11_51_33_059.jpg,0,0,0.5941947,22.89781
E:\IMG\center_2025_12_05_11_51_33_129.jpg,E:\IMG\left_2025_12_05_11_51_33_129.jpg,E:\IMG\right_2025_12_05_11_51_33_129.jpg,0,0,0.8048145,21.54896
E:\IMG\center_2025_12_05_11_51_33_200.jpg,E:\IMG\left_2025_12_05_11_51_33_200.jpg,E:\IMG\right_2025_12_05_11_51_33_200.jpg,0,0,1,20.54795
E:\IMG\center_2025_12_05_11_51_33_266.jpg,E:\IMG\left_2025_12_05_11_51_33_266.jpg,E:\IMG\right_2025_12_05_11_51_33_266.jpg,0,0,1,19.55572
E:\IMG\center_2025_12_05_11_51_33_337.jpg,E:\IMG\left_2025_12_05_11_51_33_337.jpg,E:\IMG\right_2025_12_05_11_51_33_337.jpg,0,0,0.7910191,18.2463
E:\IMG\center_2025_12_05_11_51_33_405.jpg,E:\IMG\left_2025_12_05_11_51_33_405.jpg,E:\IMG\right_2025_12_05_11_51_33_405.jpg,0,0,0.6278154,17.27385
E:\IMG\center_2025_12_05_11_51_33_474.jpg,E:\IMG\left_2025_12_05_11_51_33_474.jpg,E:\IMG\right_2025_12_05_11_51_33_474.jpg,0,0,0.3797958,15.99038
E:\IMG\center_2025_12_05_11_51_33_542.jpg,E:\IMG\left_2025_12_05_11_51_33_542.jpg,E:\IMG\right_2025_12_05_11_51_33_542.jpg,0,0,0.1758562,15.03733
E:\IMG\center_2025_12_05_11_51_33_612.jpg,E:\IMG\left_2025_12_05_11_51_33_612.jpg,E:\IMG\right_2025_12_05_11_51_33_612.jpg,0,0,0,13.77943
E:\IMG\center_2025_12_05_11_51_33_691.jpg,E:\IMG\left_2025_12_05_11_51_33_691.jpg,E:\IMG\right_2025_12_05_11_51_33_691.jpg,0,0,0,13.62705
E:\IMG\center_2025_12_05_11_51_33_758.jpg,E:\IMG\left_2025_12_05_11_51_33_758.jpg,E:\IMG\right_2025_12_05_11_51_33_758.jpg,0,0,0,12.97245
E:\IMG\center_2025_12_05_11_51_33_827.jpg,E:\IMG\left_2025_12_05_11_51_33_827.jpg,E:\IMG\right_2025_12_05_11_51_33_827.jpg,0,0,0,13.44889
E:\IMG\center_2025_12_05_11_51_33_895.jpg,E:\IMG\left_2025_12_05_11_51_33_895.jpg,E:\IMG\right_2025_12_05_11_51_33_895.jpg,0,0,0,13.33426
E:\IMG\center_2025_12_05_11_51_33_961.jpg,E:\IMG\left_2025_12_05_11_51_33_961.jpg,E:\IMG\right_2025_12_05_11_51_33_961.jpg,0,0,0,12.69269
E:\IMG\center_2025_12_05_11_51_34_041.jpg,E:\IMG\left_2025_12_05_11_51_34_041.jpg,E:\IMG\right_2025_12_05_11_51_34_041.jpg,0,0,0,12.58566
E:\IMG\center_2025_12_05_11_51_34_207.jpg,E:\IMG\left_2025_12_05_11_51_34_207.jpg,E:\IMG\right_2025_12_05_11_51_34_207.jpg,0,0,0,12.73779
