E:\IMG\center_2025_12_07_01_35_16_970.jpg,E:\IMG\left_2025_12_07_01_35_16_970.jpg,E:\IMG\right_2025_12_07_01_35_16_970.jpg,0,0,0,1.933574E-05
E:\IMG\center_2025_12_07_01_35_17_035.jpg,E:\IMG\left_2025_12_07_01_35_17_035.jpg,E:\IMG\right_2025_12_07_01_35_17_035.jpg,0,0,0,4.589882E-06
E:\IMG\center_2025_12_07_01_35_17_120.jpg,E:\IMG\left_2025_12_07_01_35_17_120.jpg,E:\IMG\right_2025_12_07_01_35_17_120.jpg,0,0,0,1.271098E-05
E:\IMG\center_2025_12_07_01_35_17_194.jpg,E:\IMG\left_2025_12_07_01_35_17_194.jpg,E:\IMG\right_2025_12_07_01_35_17_194.jpg,0,0,0,1.483611E-05
E:\IMG\center_2025_12_07_01_35_17_278.jpg,E:\IMG\left_2025_12_07_01_35_17_278.jpg,E:\IMG\right_2025_12_07_01_35_17_278.jpg,0,0,0,6.057793E-06
E:\IMG\center_2025_12_07_01_35_17_346.jpg,E:\IMG\left_2025_12_07_01_35_17_346.jpg,E:\IMG\right_2025_12_07_01_35_17_346.jpg,0,0,0,1.071561E-05
E:\IMG\center_2025_12_07_01_35_17_416.jpg,E:\IMG\left_2025_12_07_01_35_17_416.jpg,E:\IMG\right_2025_12_07_01_35_17_416.jpg,0,0,0,2.155454E-05
E:\IMG\center_2025_12_07_01_35_17_502.jpg,E:\IMG\left_2025_12_07_01_35_17_502.jpg,E:\IMG\right_2025_12_07_01_35_17_502.jpg,0,0,0,2.43201E-05
E:\IMG\center_2025_12_07_01_35_17_577.jpg,E:\IMG\left_2025_12_07_01_35_17_577.jpg,E:\IMG\right_2025_12_07_01_35_17_577.jpg,0,0,0,6.258027E-06
E:\IMG\center_2025_12_07_01_35_17_660.jpg,E:\IMG\left_2025_12_07_01_35_17_660.jpg,E:\IMG\right_2025_12_07_01_35_17_660.jpg,0,0,0,8.220812E-06
E:\IMG\center_2025_12_07_01_35_17_731.jpg,E:\IMG\left_2025_12_07_01_35_17_731.jpg,E:\IMG\right_2025_12_07_01_35_17_731.jpg,0,0,0,1.254642E-05
E:\IMG\center_2025_12_07_01_35_17_820.jpg,E:\IMG\left_2025_12_07_01_35_17_820.jpg,E:\IMG\right_2025_12_07_01_35_17_820.jpg,0,0.140682,0,0.01830158
E:\IMG\center_2025_12_07_01_35_17_905.jpg,E:\IMG\left_2025_12_07_01_35_17_905.jpg,E:\IMG\right_2025_12_07_01_35_17_905.jpg,0,0.3993666,0,0.3878255
E:\IMG\center_2025_12_07_01_35_17_972.jpg,E:\IMG\left_2025_12_07_01_35_17_972.jpg,E:\IMG\right_2025_12_07_01_35_17_972.jpg,0,0.6006423,0,0.7205713
E:\IMG\center_2025_12_07_01_35_18_041.jpg,E:\IMG\left_2025_12_07_01_35_18_041.jpg,E:\IMG\right_2025_12_07_01_35_18_041.jpg,0,0.805627,0,1.229363
E:\IMG\center_2025_12_07_01_35_18_109.jpg,E:\IMG\left_2025_12_07_01_35_18_109.jpg,E:\IMG\right_2025_12_07_01_35_18_109.jpg,0,1,0,2.119474
E:\IMG\center_2025_12_07_01_35_18_188.jpg,E:\IMG\left_2025_12_07_01_35_18_188.jpg,E:\IMG\right_2025_12_07_01_35_18_188.jpg,-0.1,1,0,3.045795
E:\IMG\center_2025_12_07_01_35_18_269.jpg,E:\IMG\left_2025_12_07_01_35_18_269.jpg,E:\IMG\right_2025_12_07_01_35_18_269.jpg,-0.3,1,0,3.973536
E:\IMG\center_2025_12_07_01_35_18_340.jpg,E:\IMG\left_2025_12_07_01_35_18_340.jpg,E:\IMG\right_2025_12_07_01_35_18_340.jpg,-0.45,1,0,4.659051
E:\IMG\center_2025_12_07_01_35_18_411.jpg,E:\IMG\left_2025_12_07_01_35_18_411.jpg,E:\IMG\right_2025_12_07_01_35_18_411.jpg,-0.6500001,1,0,5.549942
E:\IMG\center_2025_12_07_01_35_18_497.jpg,E:\IMG\left_2025_12_07_01_35_18_497.jpg,E:\IMG\right_2025_12_07_01_35_18_497.jpg,-0.8500001,1,0,6.408269
E:\IMG\center_2025_12_07_01_35_18_567.jpg,E:\IMG\left_2025_12_07_01_35_18_567.jpg,E:\IMG\right_2025_12_07_01_35_18_567.jpg,0,0.8372215,0,7.12538
E:\IMG\center_2025_12_07_01_35_18_648.jpg,E:\IMG\left_2025_12_07_01_35_18_648.jpg,E:\IMG\right_2025_12_07_01_35_18_648.jpg,0,0.5951405,0,7.643013
E:\IMG\center_2025_12_07_01_35_18_718.jpg,E:\IMG\left_2025_12_07_01_35_18_718.jpg,E:\IMG\right_2025_12_07_01_35_18_718.jpg,0,0.5048918,0,7.955154
E:\IMG\center_2025_12_07_01_35_18_790.jpg,E:\IMG\left_2025_12_07_01_35_18_790.jpg,E:\IMG\right_2025_12_07_01_35_18_790.jpg,0,0.7177777,0,8.511997
E:\IMG\center_2025_12_07_01_35_18_870.jpg,E:\IMG\left_2025_12_07_01_35_18_870.jpg,E:\IMG\right_2025_12_07_01_35_18_870.jpg,0,0.9622444,0,9.26679
E:\IMG\center_2025_12_07_01_35_18_939.jpg,E:\IMG\left_2025_12_07_01_35_18_939.jpg,E:\IMG\right_2025_12_07_01_35_18_939.jpg,0,1,0,9.933714
E:\IMG\center_2025_12_07_01_35_19_011.jpg,E:\IMG\left_2025_12_07_01_35_19_011.jpg,E:\IMG\right_2025_12_07_01_35_19_011.jpg,0,1,0,10.82098
E:\IMG\center_2025_12_07_01_35_19_098.jpg,E:\IMG\left_2025_12_07_01_35_19_098.jpg,E:\IMG\right_2025_12_07_01_35_19_098.jpg,-0.05,1,0,11.53508
E:\IMG\center_2025_12_07_01_35_19_169.jpg,E:\IMG\left_2025_12_07_01_35_19_169.jpg,E:\IMG\right_2025_12_07_01_35_19_169.jpg,-0.25,1,0,12.50093
E:\IMG\center_2025_12_07_01_35_19_243.jpg,E:\IMG\left_2025_12_07_01_35_19_243.jpg,E:\IMG\right_2025_12_07_01_35_19_243.jpg,-0.4,1,0,13.16097
E:\IMG\center_2025_12_07_01_35_19_324.jpg,E:\IMG\left_2025_12_07_01_35_19_324.jpg,E:\IMG\right_2025_12_07_01_35_19_324.jpg,0,1,0,14.08071
E:\IMG\center_2025_12_07_01_35_19_395.jpg,E:\IMG\left_2025_12_07_01_35_19_395.jpg,E:\IMG\right_2025_12_07_01_35_19_395.jpg,0,0.8568415,0,14.88937
E:\IMG\center_2025_12_07_01_35_19_463.jpg,E:\IMG\left_2025_12_07_01_35_19_463.jpg,E:\IMG\right_2025_12_07_01_35_19_463.jpg,0,0.6506893,0,14.95896
E:\IMG\center_2025_12_07_01_35_19_531.jpg,E:\IMG\left_2025_12_07_01_35_19_531.jpg,E:\IMG\right_2025_12_07_01_35_19_531.jpg,0,0.4477189,0,15.35634
E:\IMG\center_2025_12_07_01_35_19_632.jpg,E:\IMG\left_2025_12_07_01_35_19_632.jpg,E:\IMG\right_2025_12_07_01_35_19_632.jpg,-0.2,0.7425916,0,16.33062
E:\IMG\center_2025_12_07_01_35_19_714.jpg,E:\IMG\left_2025_12_07_01_35_19_714.jpg,E:\IMG\right_2025_12_07_01_35_19_714.jpg,-0.4,0.9973223,0,16.95585
E:\IMG\center_2025_12_07_01_35_19_782.jpg,E:\IMG\left_2025_12_07_01_35_19_782.jpg,E:\IMG\right_2025_12_07_01_35_19_782.jpg,-0.5500001,1,0,17.32747
E:\IMG\center_2025_12_07_01_35_19_851.jpg,E:\IMG\left_2025_12_07_01_35_19_851.jpg,E:\IMG\right_2025_12_07_01_35_19_851.jpg,0,1,0,18.14205
E:\IMG\center_2025_12_07_01_35_19_935.jpg,E:\IMG\left_2025_12_07_01_35_19_935.jpg,E:\IMG\right_2025_12_07_01_35_19_935.jpg,0,1,0,18.94716
E:\IMG\center_2025_12_07_01_35_20_008.jpg,E:\IMG\left_2025_12_07_01_35_20_008.jpg,E:\IMG\right_2025_12_07_01_35_20_008.jpg,0,1,0,19.77383
E:\IMG\center_2025_12_07_01_35_20_075.jpg,E:\IMG\left_2025_12_07_01_35_20_075.jpg,E:\IMG\right_2025_12_07_01_35_20_075.jpg,-0.05,1,0,20.48811
E:\IMG\center_2025_12_07_01_35_20_178.jpg,E:\IMG\left_2025_12_07_01_35_20_178.jpg,E:\IMG\right_2025_12_07_01_35_20_178.jpg,-0.3,1,0,21.37198
E:\IMG\center_2025_12_07_01_35_20_253.jpg,E:\IMG\left_2025_12_07_01_35_20_253.jpg,E:\IMG\right_2025_12_07_01_35_20_253.jpg,-0.5000001,1,0,22.07403
E:\IMG\center_2025_12_07_01_35_20_341.jpg,E:\IMG\left_2025_12_07_01_35_20_341.jpg,E:\IMG\right_2025_12_07_01_35_20_341.jpg,-0.7,1,0,22.69586
E:\IMG\center_2025_12_07_01_35_20_408.jpg,E:\IMG\left_2025_12_07_01_35_20_408.jpg,E:\IMG\right_2025_12_07_01_35_20_408.jpg,0,1,0,23.42316
E:\IMG\center_2025_12_07_01_35_20_481.jpg,E:\IMG\left_2025_12_07_01_35_20_481.jpg,E:\IMG\right_2025_12_07_01_35_20_481.jpg,0,0.7817305,0,23.92735
E:\IMG\center_2025_12_07_01_35_20_569.jpg,E:\IMG\left_2025_12_07_01_35_20_569.jpg,E:\IMG\right_2025_12_07_01_35_20_569.jpg,0,0.5147063,0,24.46581
E:\IMG\center_2025_12_07_01_35_20_653.jpg,E:\IMG\left_2025_12_07_01_35_20_653.jpg,E:\IMG\right_2025_12_07_01_35_20_653.jpg,-0.15,0.6278996,0,24.76464
E:\IMG\center_2025_12_07_01_35_20_734.jpg,E:\IMG\left_2025_12_07_01_35_20_734.jpg,E:\IMG\right_2025_12_07_01_35_20_734.jpg,-0.35,0.8708522,0,25.23129
E:\IMG\center_2025_12_07_01_35_20_824.jpg,E:\IMG\left_2025_12_07_01_35_20_824.jpg,E:\IMG\right_2025_12_07_01_35_20_824.jpg,-0.5500001,1,0,25.83395
E:\IMG\center_2025_12_07_01_35_20_911.jpg,E:\IMG\left_2025_12_07_01_35_20_911.jpg,E:\IMG\right_2025_12_07_01_35_20_911.jpg,0,1,0,26.64081
E:\IMG\center_2025_12_07_01_35_20_984.jpg,E:\IMG\left_2025_12_07_01_35_20_984.jpg,E:\IMG\right_2025_12_07_01_35_20_984.jpg,0,1,0,27.37629
E:\IMG\center_2025_12_07_01_35_21_066.jpg,E:\IMG\left_2025_12_07_01_35_21_066.jpg,E:\IMG\right_2025_12_07_01_35_21_066.jpg,0,1,0,28.12004
E:\IMG\center_2025_12_07_01_35_21_135.jpg,E:\IMG\left_2025_12_07_01_35_21_135.jpg,E:\IMG\right_2025_12_07_01_35_21_135.jpg,0,1,0,28.67571
E:\IMG\center_2025_12_07_01_35_21_218.jpg,E:\IMG\left_2025_12_07_01_35_21_218.jpg,E:\IMG\right_2025_12_07_01_35_21_218.jpg,0,1,0,29.41228
E:\IMG\center_2025_12_07_01_35_21_307.jpg,E:\IMG\left_2025_12_07_01_35_21_307.jpg,E:\IMG\right_2025_12_07_01_35_21_307.jpg,-0.15,1,0,30.18473
E:\IMG\center_2025_12_07_01_35_21_380.jpg,E:\IMG\left_2025_12_07_01_35_21_380.jpg,E:\IMG\right_2025_12_07_01_35_21_380.jpg,0,1,0,30.18629
E:\IMG\center_2025_12_07_01_35_21_453.jpg,E:\IMG\left_2025_12_07_01_35_21_453.jpg,E:\IMG\right_2025_12_07_01_35_21_453.jpg,0,1,0,30.19003
E:\IMG\center_2025_12_07_01_35_21_540.jpg,E:\IMG\left_2025_12_07_01_35_21_540.jpg,E:\IMG\right_2025_12_07_01_35_21_540.jpg,0,0.934711,0,30.19024
E:\IMG\center_2025_12_07_01_35_21_627.jpg,E:\IMG\left_2025_12_07_01_35_21_627.jpg,E:\IMG\right_2025_12_07_01_35_21_627.jpg,0,0.6747862,0,30.12612
E:\IMG\center_2025_12_07_01_35_21_715.jpg,E:\IMG\left_2025_12_07_01_35_21_715.jpg,E:\IMG\right_2025_12_07_01_35_21_715.jpg,0,0.4121614,0,30.05312
E:\IMG\center_2025_12_07_01_35_21_813.jpg,E:\IMG\left_2025_12_07_01_35_21_813.jpg,E:\IMG\right_2025_12_07_01_35_21_813.jpg,-0.25,0.3095683,0,29.98702
E:\IMG\center_2025_12_07_01_35_21_885.jpg,E:\IMG\left_2025_12_07_01_35_21_885.jpg,E:\IMG\right_2025_12_07_01_35_21_885.jpg,-0.45,0.5325484,0,30.02041
E:\IMG\center_2025_12_07_01_35_21_961.jpg,E:\IMG\left_2025_12_07_01_35_21_961.jpg,E:\IMG\right_2025_12_07_01_35_21_961.jpg,0,0.761809,0,30.11339
E:\IMG\center_2025_12_07_01_35_22_041.jpg,E:\IMG\left_2025_12_07_01_35_22_041.jpg,E:\IMG\right_2025_12_07_01_35_22_041.jpg,0,0.7305726,0,30.1297
E:\IMG\center_2025_12_07_01_35_22_111.jpg,E:\IMG\left_2025_12_07_01_35_22_111.jpg,E:\IMG\right_2025_12_07_01_35_22_111.jpg,0,0.5213479,0,30.08981
E:\IMG\center_2025_12_07_01_35_22_183.jpg,E:\IMG\left_2025_12_07_01_35_22_183.jpg,E:\IMG\right_2025_12_07_01_35_22_183.jpg,0,0.30649,0,30.02181
E:\IMG\center_2025_12_07_01_35_22_265.jpg,E:\IMG\left_2025_12_07_01_35_22_265.jpg,E:\IMG\right_2025_12_07_01_35_22_265.jpg,-0.25,0.06017047,0,29.88595
E:\IMG\center_2025_12_07_01_35_22_333.jpg,E:\IMG\left_2025_12_07_01_35_22_333.jpg,E:\IMG\right_2025_12_07_01_35_22_333.jpg,-0.4,0,0,29.63991
E:\IMG\center_2025_12_07_01_35_22_406.jpg,E:\IMG\left_2025_12_07_01_35_22_406.jpg,E:\IMG\right_2025_12_07_01_35_22_406.jpg,0,0.0637866,0,29.26412
E:\IMG\center_2025_12_07_01_35_22_472.jpg,E:\IMG\left_2025_12_07_01_35_22_472.jpg,E:\IMG\right_2025_12_07_01_35_22_472.jpg,0,0.2642691,0,29.18486
E:\IMG\center_2025_12_07_01_35_22_540.jpg,E:\IMG\left_2025_12_07_01_35_22_540.jpg,E:\IMG\right_2025_12_07_01_35_22_540.jpg,0,0.4669926,0,29.2688
E:\IMG\center_2025_12_07_01_35_22_608.jpg,E:\IMG\left_2025_12_07_01_35_22_608.jpg,E:\IMG\right_2025_12_07_01_35_22_608.jpg,0,0.6699093,0,29.56767
E:\IMG\center_2025_12_07_01_35_22_677.jpg,E:\IMG\left_2025_12_07_01_35_22_677.jpg,E:\IMG\right_2025_12_07_01_35_22_677.jpg,0,0.8783325,0,29.93633
E:\IMG\center_2025_12_07_01_35_22_744.jpg,E:\IMG\left_2025_12_07_01_35_22_744.jpg,E:\IMG\right_2025_12_07_01_35_22_744.jpg,-0.15,0.6779436,0,30.11973
E:\IMG\center_2025_12_07_01_35_22_813.jpg,E:\IMG\left_2025_12_07_01_35_22_813.jpg,E:\IMG\right_2025_12_07_01_35_22_813.jpg,-0.3,0.470709,0,30.04935
E:\IMG\center_2025_12_07_01_35_22_880.jpg,E:\IMG\left_2025_12_07_01_35_22_880.jpg,E:\IMG\right_2025_12_07_01_35_22_880.jpg,0,0.2700114,0,30.01598
E:\IMG\center_2025_12_07_01_35_22_957.jpg,E:\IMG\left_2025_12_07_01_35_22_957.jpg,E:\IMG\right_2025_12_07_01_35_22_957.jpg,0,0.03910022,0,29.92638
E:\IMG\center_2025_12_07_01_35_23_032.jpg,E:\IMG\left_2025_12_07_01_35_23_032.jpg,E:\IMG\right_2025_12_07_01_35_23_032.jpg,0,0.152886,0,29.73311
E:\IMG\center_2025_12_07_01_35_23_115.jpg,E:\IMG\left_2025_12_07_01_35_23_115.jpg,E:\IMG\right_2025_12_07_01_35_23_115.jpg,0,0.4016712,0,29.75073
E:\IMG\center_2025_12_07_01_35_23_194.jpg,E:\IMG\left_2025_12_07_01_35_23_194.jpg,E:\IMG\right_2025_12_07_01_35_23_194.jpg,0,0.6388647,0,29.99915
E:\IMG\center_2025_12_07_01_35_23_265.jpg,E:\IMG\left_2025_12_07_01_35_23_265.jpg,E:\IMG\right_2025_12_07_01_35_23_265.jpg,0,0.8499507,0,30.15647
E:\IMG\center_2025_12_07_01_35_23_353.jpg,E:\IMG\left_2025_12_07_01_35_23_353.jpg,E:\IMG\right_2025_12_07_01_35_23_353.jpg,0,1,0,30.19061
E:\IMG\center_2025_12_07_01_35_23_428.jpg,E:\IMG\left_2025_12_07_01_35_23_428.jpg,E:\IMG\right_2025_12_07_01_35_23_428.jpg,-0.2,1,0,30.1799
E:\IMG\center_2025_12_07_01_35_23_519.jpg,E:\IMG\left_2025_12_07_01_35_23_519.jpg,E:\IMG\right_2025_12_07_01_35_23_519.jpg,-0.4,0.9201097,0,30.1575
E:\IMG\center_2025_12_07_01_35_23_607.jpg,E:\IMG\left_2025_12_07_01_35_23_607.jpg,E:\IMG\right_2025_12_07_01_35_23_607.jpg,0,0.6538936,0,30.11336
E:\IMG\center_2025_12_07_01_35_23_676.jpg,E:\IMG\left_2025_12_07_01_35_23_676.jpg,E:\IMG\right_2025_12_07_01_35_23_676.jpg,0,0.5992132,0,30.0657
E:\IMG\center_2025_12_07_01_35_23_747.jpg,E:\IMG\left_2025_12_07_01_35_23_747.jpg,E:\IMG\right_2025_12_07_01_35_23_747.jpg,0,0.8108398,0,30.14608
E:\IMG\center_2025_12_07_01_35_23_840.jpg,E:\IMG\left_2025_12_07_01_35_23_840.jpg,E:\IMG\right_2025_12_07_01_35_23_840.jpg,0,1,0,30.19293
E:\IMG\center_2025_12_07_01_35_23_910.jpg,E:\IMG\left_2025_12_07_01_35_23_910.jpg,E:\IMG\right_2025_12_07_01_35_23_910.jpg,-0.15,1,0,30.18505
E:\IMG\center_2025_12_07_01_35_23_980.jpg,E:\IMG\left_2025_12_07_01_35_23_980.jpg,E:\IMG\right_2025_12_07_01_35_23_980.jpg,-0.3,0.9262945,0,30.17005
E:\IMG\center_2025_12_07_01_35_24_051.jpg,E:\IMG\left_2025_12_07_01_35_24_051.jpg,E:\IMG\right_2025_12_07_01_35_24_051.jpg,-0.5000001,0.7132108,0,30.09427
E:\IMG\center_2025_12_07_01_35_24_122.jpg,E:\IMG\left_2025_12_07_01_35_24_122.jpg,E:\IMG\right_2025_12_07_01_35_24_122.jpg,0,0.5002822,0,30.07318
E:\IMG\center_2025_12_07_01_35_24_191.jpg,E:\IMG\left_2025_12_07_01_35_24_191.jpg,E:\IMG\right_2025_12_07_01_35_24_191.jpg,0,0.7062392,0,30.1038
E:\IMG\center_2025_12_07_01_35_24_266.jpg,E:\IMG\left_2025_12_07_01_35_24_266.jpg,E:\IMG\right_2025_12_07_01_35_24_266.jpg,0,0.9270668,0,30.17549
E:\IMG\center_2025_12_07_01_35_24_333.jpg,E:\IMG\left_2025_12_07_01_35_24_333.jpg,E:\IMG\right_2025_12_07_01_35_24_333.jpg,0,1,0,30.189
E:\IMG\center_2025_12_07_01_35_24_406.jpg,E:\IMG\left_2025_12_07_01_35_24_406.jpg,E:\IMG\right_2025_12_07_01_35_24_406.jpg,-0.05,1,0,30.18991
E:\IMG\center_2025_12_07_01_35_24_482.jpg,E:\IMG\left_2025_12_07_01_35_24_482.jpg,E:\IMG\right_2025_12_07_01_35_24_482.jpg,-0.2,1,0,30.18002
E:\IMG\center_2025_12_07_01_35_24_554.jpg,E:\IMG\left_2025_12_07_01_35_24_554.jpg,E:\IMG\right_2025_12_07_01_35_24_554.jpg,0,0.8638237,0,30.16897
E:\IMG\center_2025_12_07_01_35_24_630.jpg,E:\IMG\left_2025_12_07_01_35_24_630.jpg,E:\IMG\right_2025_12_07_01_35_24_630.jpg,0,0.635137,0,30.11799
E:\IMG\center_2025_12_07_01_35_24_697.jpg,E:\IMG\left_2025_12_07_01_35_24_697.jpg,E:\IMG\right_2025_12_07_01_35_24_697.jpg,0,0.4303318,0,30.05858
E:\IMG\center_2025_12_07_01_35_24_781.jpg,E:\IMG\left_2025_12_07_01_35_24_781.jpg,E:\IMG\right_2025_12_07_01_35_24_781.jpg,0,0.6827849,0,30.08358
E:\IMG\center_2025_12_07_01_35_24_872.jpg,E:\IMG\left_2025_12_07_01_35_24_872.jpg,E:\IMG\right_2025_12_07_01_35_24_872.jpg,-0.1,0.9527309,0,30.18006
E:\IMG\center_2025_12_07_01_35_24_945.jpg,E:\IMG\left_2025_12_07_01_35_24_945.jpg,E:\IMG\right_2025_12_07_01_35_24_945.jpg,-0.3,1,0,30.17012
E:\IMG\center_2025_12_07_01_35_25_013.jpg,E:\IMG\left_2025_12_07_01_35_25_013.jpg,E:\IMG\right_2025_12_07_01_35_25_013.jpg,0,0.9324241,0,30.19001
E:\IMG\center_2025_12_07_01_35_25_081.jpg,E:\IMG\left_2025_12_07_01_35_25_081.jpg,E:\IMG\right_2025_12_07_01_35_25_081.jpg,0,0.7273885,0,30.13265
E:\IMG\center_2025_12_07_01_35_25_153.jpg,E:\IMG\left_2025_12_07_01_35_25_153.jpg,E:\IMG\right_2025_12_07_01_35_25_153.jpg,0,0.5136679,0,30.07986
E:\IMG\center_2025_12_07_01_35_25_225.jpg,E:\IMG\left_2025_12_07_01_35_25_225.jpg,E:\IMG\right_2025_12_07_01_35_25_225.jpg,0,0.4517851,0,30.06008
E:\IMG\center_2025_12_07_01_35_25_299.jpg,E:\IMG\left_2025_12_07_01_35_25_299.jpg,E:\IMG\right_2025_12_07_01_35_25_299.jpg,-0.05,0.6770138,0,30.09199
E:\IMG\center_2025_12_07_01_35_25_379.jpg,E:\IMG\left_2025_12_07_01_35_25_379.jpg,E:\IMG\right_2025_12_07_01_35_25_379.jpg,-0.25,0.91573,0,30.1437
E:\IMG\center_2025_12_07_01_35_25_454.jpg,E:\IMG\left_2025_12_07_01_35_25_454.jpg,E:\IMG\right_2025_12_07_01_35_25_454.jpg,0,0.9248908,0,30.18914
E:\IMG\center_2025_12_07_01_35_25_525.jpg,E:\IMG\left_2025_12_07_01_35_25_525.jpg,E:\IMG\right_2025_12_07_01_35_25_525.jpg,0,0.7091911,0,30.11197
E:\IMG\center_2025_12_07_01_35_25_607.jpg,E:\IMG\left_2025_12_07_01_35_25_607.jpg,E:\IMG\right_2025_12_07_01_35_25_607.jpg,0,0.4672189,0,30.04969
E:\IMG\center_2025_12_07_01_35_25_677.jpg,E:\IMG\left_2025_12_07_01_35_25_677.jpg,E:\IMG\right_2025_12_07_01_35_25_677.jpg,-0.05,0.2517601,0,30.01715
E:\IMG\center_2025_12_07_01_35_25_759.jpg,E:\IMG\left_2025_12_07_01_35_25_759.jpg,E:\IMG\right_2025_12_07_01_35_25_759.jpg,-0.25,0.3431923,0,29.94934
E:\IMG\center_2025_12_07_01_35_25_840.jpg,E:\IMG\left_2025_12_07_01_35_25_840.jpg,E:\IMG\right_2025_12_07_01_35_25_840.jpg,0,0.5838466,0,30.0733
E:\IMG\center_2025_12_07_01_35_25_916.jpg,E:\IMG\left_2025_12_07_01_35_25_916.jpg,E:\IMG\right_2025_12_07_01_35_25_916.jpg,0,0.8117053,0,30.13068
E:\IMG\center_2025_12_07_01_35_25_987.jpg,E:\IMG\left_2025_12_07_01_35_25_987.jpg,E:\IMG\right_2025_12_07_01_35_25_987.jpg,0,0.7485361,0,30.14634
E:\IMG\center_2025_12_07_01_35_26_062.jpg,E:\IMG\left_2025_12_07_01_35_26_062.jpg,E:\IMG\right_2025_12_07_01_35_26_062.jpg,0,0.519387,0,30.07913
E:\IMG\center_2025_12_07_01_35_26_147.jpg,E:\IMG\left_2025_12_07_01_35_26_147.jpg,E:\IMG\right_2025_12_07_01_35_26_147.jpg,-0.25,0.2647704,0,29.98635
E:\IMG\center_2025_12_07_01_35_26_233.jpg,E:\IMG\left_2025_12_07_01_35_26_233.jpg,E:\IMG\right_2025_12_07_01_35_26_233.jpg,-0.45,0.01067399,0,29.74989
E:\IMG\center_2025_12_07_01_35_26_308.jpg,E:\IMG\left_2025_12_07_01_35_26_308.jpg,E:\IMG\right_2025_12_07_01_35_26_308.jpg,0,0.2366331,0,29.63566
E:\IMG\center_2025_12_07_01_35_26_391.jpg,E:\IMG\left_2025_12_07_01_35_26_391.jpg,E:\IMG\right_2025_12_07_01_35_26_391.jpg,0,0.4855467,0,29.75945
E:\IMG\center_2025_12_07_01_35_26_467.jpg,E:\IMG\left_2025_12_07_01_35_26_467.jpg,E:\IMG\right_2025_12_07_01_35_26_467.jpg,0,0.5639859,0,30.0638
E:\IMG\center_2025_12_07_01_35_26_540.jpg,E:\IMG\left_2025_12_07_01_35_26_540.jpg,E:\IMG\right_2025_12_07_01_35_26_540.jpg,0,0.339468,0,30.03918
E:\IMG\center_2025_12_07_01_35_26_621.jpg,E:\IMG\left_2025_12_07_01_35_26_621.jpg,E:\IMG\right_2025_12_07_01_35_26_621.jpg,0,0.2622814,0,29.97476
E:\IMG\center_2025_12_07_01_35_26_703.jpg,E:\IMG\left_2025_12_07_01_35_26_703.jpg,E:\IMG\right_2025_12_07_01_35_26_703.jpg,0,0.5077825,0,30.05142
E:\IMG\center_2025_12_07_01_35_26_780.jpg,E:\IMG\left_2025_12_07_01_35_26_780.jpg,E:\IMG\right_2025_12_07_01_35_26_780.jpg,0,0.7389582,0,30.11272
E:\IMG\center_2025_12_07_01_35_26_855.jpg,E:\IMG\left_2025_12_07_01_35_26_855.jpg,E:\IMG\right_2025_12_07_01_35_26_855.jpg,-0.1,0.9634851,0,30.16645
E:\IMG\center_2025_12_07_01_35_26_936.jpg,E:\IMG\left_2025_12_07_01_35_26_936.jpg,E:\IMG\right_2025_12_07_01_35_26_936.jpg,-0.3,0.9074611,0,30.16945
E:\IMG\center_2025_12_07_01_35_27_011.jpg,E:\IMG\left_2025_12_07_01_35_27_011.jpg,E:\IMG\right_2025_12_07_01_35_27_011.jpg,0,0.6820072,0,30.11916
E:\IMG\center_2025_12_07_01_35_27_090.jpg,E:\IMG\left_2025_12_07_01_35_27_090.jpg,E:\IMG\right_2025_12_07_01_35_27_090.jpg,0,0.6146149,0,30.10093
E:\IMG\center_2025_12_07_01_35_27_169.jpg,E:\IMG\left_2025_12_07_01_35_27_169.jpg,E:\IMG\right_2025_12_07_01_35_27_169.jpg,0,0.8495331,0,30.15772
E:\IMG\center_2025_12_07_01_35_27_245.jpg,E:\IMG\left_2025_12_07_01_35_27_245.jpg,E:\IMG\right_2025_12_07_01_35_27_245.jpg,0,1,0,30.18945
E:\IMG\center_2025_12_07_01_35_27_319.jpg,E:\IMG\left_2025_12_07_01_35_27_319.jpg,E:\IMG\right_2025_12_07_01_35_27_319.jpg,0,1,0,30.19034
E:\IMG\center_2025_12_07_01_35_27_395.jpg,E:\IMG\left_2025_12_07_01_35_27_395.jpg,E:\IMG\right_2025_12_07_01_35_27_395.jpg,0,1,0,30.19039
E:\IMG\center_2025_12_07_01_35_27_476.jpg,E:\IMG\left_2025_12_07_01_35_27_476.jpg,E:\IMG\right_2025_12_07_01_35_27_476.jpg,0,1,0,30.19029
E:\IMG\center_2025_12_07_01_35_27_550.jpg,E:\IMG\left_2025_12_07_01_35_27_550.jpg,E:\IMG\right_2025_12_07_01_35_27_550.jpg,0,1,0,30.1903
E:\IMG\center_2025_12_07_01_35_27_622.jpg,E:\IMG\left_2025_12_07_01_35_27_622.jpg,E:\IMG\right_2025_12_07_01_35_27_622.jpg,0,1,0,30.19032
E:\IMG\center_2025_12_07_01_35_27_694.jpg,E:\IMG\left_2025_12_07_01_35_27_694.jpg,E:\IMG\right_2025_12_07_01_35_27_694.jpg,0,1,0,30.1903
E:\IMG\center_2025_12_07_01_35_27_766.jpg,E:\IMG\left_2025_12_07_01_35_27_766.jpg,E:\IMG\right_2025_12_07_01_35_27_766.jpg,-0.15,1,0,30.18422
E:\IMG\center_2025_12_07_01_35_27_842.jpg,E:\IMG\left_2025_12_07_01_35_27_842.jpg,E:\IMG\right_2025_12_07_01_35_27_842.jpg,-0.3,0.9270256,0,30.16922
E:\IMG\center_2025_12_07_01_35_27_916.jpg,E:\IMG\left_2025_12_07_01_35_27_916.jpg,E:\IMG\right_2025_12_07_01_35_27_916.jpg,0,0.7075273,0,30.12771
E:\IMG\center_2025_12_07_01_35_27_995.jpg,E:\IMG\left_2025_12_07_01_35_27_995.jpg,E:\IMG\right_2025_12_07_01_35_27_995.jpg,0,0.6102721,0,30.07562
E:\IMG\center_2025_12_07_01_35_28_070.jpg,E:\IMG\left_2025_12_07_01_35_28_070.jpg,E:\IMG\right_2025_12_07_01_35_28_070.jpg,0,0.8355265,0,30.12768
E:\IMG\center_2025_12_07_01_35_28_145.jpg,E:\IMG\left_2025_12_07_01_35_28_145.jpg,E:\IMG\right_2025_12_07_01_35_28_145.jpg,0,1,0,30.18984
E:\IMG\center_2025_12_07_01_35_28_221.jpg,E:\IMG\left_2025_12_07_01_35_28_221.jpg,E:\IMG\right_2025_12_07_01_35_28_221.jpg,-0.05,1,0,30.18977
E:\IMG\center_2025_12_07_01_35_28_294.jpg,E:\IMG\left_2025_12_07_01_35_28_294.jpg,E:\IMG\right_2025_12_07_01_35_28_294.jpg,-0.25,1,0,30.17511
E:\IMG\center_2025_12_07_01_35_28_368.jpg,E:\IMG\left_2025_12_07_01_35_28_368.jpg,E:\IMG\right_2025_12_07_01_35_28_368.jpg,-0.45,0.77653,0,30.11505
E:\IMG\center_2025_12_07_01_35_28_443.jpg,E:\IMG\left_2025_12_07_01_35_28_443.jpg,E:\IMG\right_2025_12_07_01_35_28_443.jpg,0,0.5515552,0,30.0863
E:\IMG\center_2025_12_07_01_35_28_521.jpg,E:\IMG\left_2025_12_07_01_35_28_521.jpg,E:\IMG\right_2025_12_07_01_35_28_521.jpg,0,0.7863556,0,30.12595
E:\IMG\center_2025_12_07_01_35_28_598.jpg,E:\IMG\left_2025_12_07_01_35_28_598.jpg,E:\IMG\right_2025_12_07_01_35_28_598.jpg,0,1,0,30.17961
E:\IMG\center_2025_12_07_01_35_28_678.jpg,E:\IMG\left_2025_12_07_01_35_28_678.jpg,E:\IMG\right_2025_12_07_01_35_28_678.jpg,0,1,0,30.19021
E:\IMG\center_2025_12_07_01_35_28_749.jpg,E:\IMG\left_2025_12_07_01_35_28_749.jpg,E:\IMG\right_2025_12_07_01_35_28_749.jpg,0,1,0,30.19029
E:\IMG\center_2025_12_07_01_35_28_821.jpg,E:\IMG\left_2025_12_07_01_35_28_821.jpg,E:\IMG\right_2025_12_07_01_35_28_821.jpg,-0.15,1,0,30.18469
E:\IMG\center_2025_12_07_01_35_28_893.jpg,E:\IMG\left_2025_12_07_01_35_28_893.jpg,E:\IMG\right_2025_12_07_01_35_28_893.jpg,0,0.8512921,0,30.16504
E:\IMG\center_2025_12_07_01_35_28_968.jpg,E:\IMG\left_2025_12_07_01_35_28_968.jpg,E:\IMG\right_2025_12_07_01_35_28_968.jpg,0,0.629815,0,30.0908
E:\IMG\center_2025_12_07_01_35_29_042.jpg,E:\IMG\left_2025_12_07_01_35_29_042.jpg,E:\IMG\right_2025_12_07_01_35_29_042.jpg,0,0.7075195,0,30.10658
E:\IMG\center_2025_12_07_01_35_29_120.jpg,E:\IMG\left_2025_12_07_01_35_29_120.jpg,E:\IMG\right_2025_12_07_01_35_29_120.jpg,0,0.9403117,0,30.16331
E:\IMG\center_2025_12_07_01_35_29_195.jpg,E:\IMG\left_2025_12_07_01_35_29_195.jpg,E:\IMG\right_2025_12_07_01_35_29_195.jpg,0,1,0,30.19064
E:\IMG\center_2025_12_07_01_35_29_276.jpg,E:\IMG\left_2025_12_07_01_35_29_276.jpg,E:\IMG\right_2025_12_07_01_35_29_276.jpg,-0.15,1,0,30.18441
E:\IMG\center_2025_12_07_01_35_29_352.jpg,E:\IMG\left_2025_12_07_01_35_29_352.jpg,E:\IMG\right_2025_12_07_01_35_29_352.jpg,-0.35,0.9220495,0,30.16365
E:\IMG\center_2025_12_07_01_35_29_430.jpg,E:\IMG\left_2025_12_07_01_35_29_430.jpg,E:\IMG\right_2025_12_07_01_35_29_430.jpg,0,0.68686,0,30.12882
E:\IMG\center_2025_12_07_01_35_29_499.jpg,E:\IMG\left_2025_12_07_01_35_29_499.jpg,E:\IMG\right_2025_12_07_01_35_29_499.jpg,0,0.6248827,0,30.07185
E:\IMG\center_2025_12_07_01_35_29_578.jpg,E:\IMG\left_2025_12_07_01_35_29_578.jpg,E:\IMG\right_2025_12_07_01_35_29_578.jpg,0,0.8606173,0,30.14206
E:\IMG\center_2025_12_07_01_35_29_661.jpg,E:\IMG\left_2025_12_07_01_35_29_661.jpg,E:\IMG\right_2025_12_07_01_35_29_661.jpg,0,1,0,30.19341
E:\IMG\center_2025_12_07_01_35_29_749.jpg,E:\IMG\left_2025_12_07_01_35_29_749.jpg,E:\IMG\right_2025_12_07_01_35_29_749.jpg,0,1,0,30.19026
E:\IMG\center_2025_12_07_01_35_29_819.jpg,E:\IMG\left_2025_12_07_01_35_29_819.jpg,E:\IMG\right_2025_12_07_01_35_29_819.jpg,0,1,0,30.19031
E:\IMG\center_2025_12_07_01_35_29_892.jpg,E:\IMG\left_2025_12_07_01_35_29_892.jpg,E:\IMG\right_2025_12_07_01_35_29_892.jpg,0,1,0,30.19031
E:\IMG\center_2025_12_07_01_35_29_961.jpg,E:\IMG\left_2025_12_07_01_35_29_961.jpg,E:\IMG\right_2025_12_07_01_35_29_961.jpg,-0.1,1,0,30.18771
E:\IMG\center_2025_12_07_01_35_30_037.jpg,E:\IMG\left_2025_12_07_01_35_30_037.jpg,E:\IMG\right_2025_12_07_01_35_30_037.jpg,-0.3,0.9179512,0,30.16928
E:\IMG\center_2025_12_07_01_35_30_111.jpg,E:\IMG\left_2025_12_07_01_35_30_111.jpg,E:\IMG\right_2025_12_07_01_35_30_111.jpg,0,0.6955714,0,30.13061
E:\IMG\center_2025_12_07_01_35_30_185.jpg,E:\IMG\left_2025_12_07_01_35_30_185.jpg,E:\IMG\right_2025_12_07_01_35_30_185.jpg,0,0.473011,0,30.0517
E:\IMG\center_2025_12_07_01_35_30_255.jpg,E:\IMG\left_2025_12_07_01_35_30_255.jpg,E:\IMG\right_2025_12_07_01_35_30_255.jpg,0,0.6836704,0,30.09693
E:\IMG\center_2025_12_07_01_35_30_329.jpg,E:\IMG\left_2025_12_07_01_35_30_329.jpg,E:\IMG\right_2025_12_07_01_35_30_329.jpg,0,0.9042994,0,30.14632
E:\IMG\center_2025_12_07_01_35_30_405.jpg,E:\IMG\left_2025_12_07_01_35_30_405.jpg,E:\IMG\right_2025_12_07_01_35_30_405.jpg,0,1,0,30.19023
E:\IMG\center_2025_12_07_01_35_30_477.jpg,E:\IMG\left_2025_12_07_01_35_30_477.jpg,E:\IMG\right_2025_12_07_01_35_30_477.jpg,-0.05,1,0,30.18977
E:\IMG\center_2025_12_07_01_35_30_552.jpg,E:\IMG\left_2025_12_07_01_35_30_552.jpg,E:\IMG\right_2025_12_07_01_35_30_552.jpg,-0.25,1,0,30.17511
E:\IMG\center_2025_12_07_01_35_30_623.jpg,E:\IMG\left_2025_12_07_01_35_30_623.jpg,E:\IMG\right_2025_12_07_01_35_30_623.jpg,0,0.8924299,0,30.18314
E:\IMG\center_2025_12_07_01_35_30_697.jpg,E:\IMG\left_2025_12_07_01_35_30_697.jpg,E:\IMG\right_2025_12_07_01_35_30_697.jpg,0,0.6706039,0,30.09584
E:\IMG\center_2025_12_07_01_35_30_784.jpg,E:\IMG\left_2025_12_07_01_35_30_784.jpg,E:\IMG\right_2025_12_07_01_35_30_784.jpg,0,0.4056582,0,30.03817
E:\IMG\center_2025_12_07_01_35_30_873.jpg,E:\IMG\left_2025_12_07_01_35_30_873.jpg,E:\IMG\right_2025_12_07_01_35_30_873.jpg,0,0.6700935,0,30.09436
E:\IMG\center_2025_12_07_01_35_30_946.jpg,E:\IMG\left_2025_12_07_01_35_30_946.jpg,E:\IMG\right_2025_12_07_01_35_30_946.jpg,0,0.8914567,0,30.16637
E:\IMG\center_2025_12_07_01_35_31_016.jpg,E:\IMG\left_2025_12_07_01_35_31_016.jpg,E:\IMG\right_2025_12_07_01_35_31_016.jpg,0,1,0,30.19114
E:\IMG\center_2025_12_07_01_35_31_087.jpg,E:\IMG\left_2025_12_07_01_35_31_087.jpg,E:\IMG\right_2025_12_07_01_35_31_087.jpg,0,1,0,30.19032
E:\IMG\center_2025_12_07_01_35_31_160.jpg,E:\IMG\left_2025_12_07_01_35_31_160.jpg,E:\IMG\right_2025_12_07_01_35_31_160.jpg,0,1,0,30.1903
E:\IMG\center_2025_12_07_01_35_31_236.jpg,E:\IMG\left_2025_12_07_01_35_31_236.jpg,E:\IMG\right_2025_12_07_01_35_31_236.jpg,0,1,0,30.1903
E:\IMG\center_2025_12_07_01_35_31_309.jpg,E:\IMG\left_2025_12_07_01_35_31_309.jpg,E:\IMG\right_2025_12_07_01_35_31_309.jpg,0,1,0,30.19033
E:\IMG\center_2025_12_07_01_35_31_376.jpg,E:\IMG\left_2025_12_07_01_35_31_376.jpg,E:\IMG\right_2025_12_07_01_35_31_376.jpg,-0.15,1,0,30.18421
E:\IMG\center_2025_12_07_01_35_31_451.jpg,E:\IMG\left_2025_12_07_01_35_31_451.jpg,E:\IMG\right_2025_12_07_01_35_31_451.jpg,0,0.7767004,0,30.15386
E:\IMG\center_2025_12_07_01_35_31_539.jpg,E:\IMG\left_2025_12_07_01_35_31_539.jpg,E:\IMG\right_2025_12_07_01_35_31_539.jpg,0,0.5116516,0,30.07964
E:\IMG\center_2025_12_07_01_35_31_609.jpg,E:\IMG\left_2025_12_07_01_35_31_609.jpg,E:\IMG\right_2025_12_07_01_35_31_609.jpg,0,0.7227562,0,30.10347
E:\IMG\center_2025_12_07_01_35_31_680.jpg,E:\IMG\left_2025_12_07_01_35_31_680.jpg,E:\IMG\right_2025_12_07_01_35_31_680.jpg,0,0.9340588,0,30.15846
E:\IMG\center_2025_12_07_01_35_31_756.jpg,E:\IMG\left_2025_12_07_01_35_31_756.jpg,E:\IMG\right_2025_12_07_01_35_31_756.jpg,0,1,0,30.19068
E:\IMG\center_2025_12_07_01_35_31_827.jpg,E:\IMG\left_2025_12_07_01_35_31_827.jpg,E:\IMG\right_2025_12_07_01_35_31_827.jpg,0,1,0,30.19031
E:\IMG\center_2025_12_07_01_35_31_897.jpg,E:\IMG\left_2025_12_07_01_35_31_897.jpg,E:\IMG\right_2025_12_07_01_35_31_897.jpg,0,1,0,30.1903
E:\IMG\center_2025_12_07_01_35_31_966.jpg,E:\IMG\left_2025_12_07_01_35_31_966.jpg,E:\IMG\right_2025_12_07_01_35_31_966.jpg,0,1,0,30.19031
E:\IMG\center_2025_12_07_01_35_32_034.jpg,E:\IMG\left_2025_12_07_01_35_32_034.jpg,E:\IMG\right_2025_12_07_01_35_32_034.jpg,-0.15,1,0,30.18425
E:\IMG\center_2025_12_07_01_35_32_101.jpg,E:\IMG\left_2025_12_07_01_35_32_101.jpg,E:\IMG\right_2025_12_07_01_35_32_101.jpg,0,1,0,30.18597
E:\IMG\center_2025_12_07_01_35_32_187.jpg,E:\IMG\left_2025_12_07_01_35_32_187.jpg,E:\IMG\right_2025_12_07_01_35_32_187.jpg,0,0.7441801,0,30.12142
E:\IMG\center_2025_12_07_01_35_32_265.jpg,E:\IMG\left_2025_12_07_01_35_32_265.jpg,E:\IMG\right_2025_12_07_01_35_32_265.jpg,0,0.6910422,0,30.12119
E:\IMG\center_2025_12_07_01_35_32_332.jpg,E:\IMG\left_2025_12_07_01_35_32_332.jpg,E:\IMG\right_2025_12_07_01_35_32_332.jpg,0,0.8933058,0,30.14876
E:\IMG\center_2025_12_07_01_35_32_406.jpg,E:\IMG\left_2025_12_07_01_35_32_406.jpg,E:\IMG\right_2025_12_07_01_35_32_406.jpg,0,1,0,30.18979
E:\IMG\center_2025_12_07_01_35_32_489.jpg,E:\IMG\left_2025_12_07_01_35_32_489.jpg,E:\IMG\right_2025_12_07_01_35_32_489.jpg,0,1,0,30.19028
E:\IMG\center_2025_12_07_01_35_32_569.jpg,E:\IMG\left_2025_12_07_01_35_32_569.jpg,E:\IMG\right_2025_12_07_01_35_32_569.jpg,-0.1,1,0,30.18776
E:\IMG\center_2025_12_07_01_35_32_652.jpg,E:\IMG\left_2025_12_07_01_35_32_652.jpg,E:\IMG\right_2025_12_07_01_35_32_652.jpg,0,1,0,30.19104
E:\IMG\center_2025_12_07_01_35_32_720.jpg,E:\IMG\left_2025_12_07_01_35_32_720.jpg,E:\IMG\right_2025_12_07_01_35_32_720.jpg,0,1,0,30.19018
E:\IMG\center_2025_12_07_01_35_32_804.jpg,E:\IMG\left_2025_12_07_01_35_32_804.jpg,E:\IMG\right_2025_12_07_01_35_32_804.jpg,0,0.9074119,0,30.19028
E:\IMG\center_2025_12_07_01_35_32_873.jpg,E:\IMG\left_2025_12_07_01_35_32_873.jpg,E:\IMG\right_2025_12_07_01_35_32_873.jpg,0,0.6989396,0,30.13455
E:\IMG\center_2025_12_07_01_35_32_947.jpg,E:\IMG\left_2025_12_07_01_35_32_947.jpg,E:\IMG\right_2025_12_07_01_35_32_947.jpg,0,0.6129242,0,30.07698
E:\IMG\center_2025_12_07_01_35_33_021.jpg,E:\IMG\left_2025_12_07_01_35_33_021.jpg,E:\IMG\right_2025_12_07_01_35_33_021.jpg,0,0.8348042,0,30.13428
E:\IMG\center_2025_12_07_01_35_33_099.jpg,E:\IMG\left_2025_12_07_01_35_33_099.jpg,E:\IMG\right_2025_12_07_01_35_33_099.jpg,0,1,0,30.19219
E:\IMG\center_2025_12_07_01_35_33_178.jpg,E:\IMG\left_2025_12_07_01_35_33_178.jpg,E:\IMG\right_2025_12_07_01_35_33_178.jpg,0,1,0,30.19034
E:\IMG\center_2025_12_07_01_35_33_250.jpg,E:\IMG\left_2025_12_07_01_35_33_250.jpg,E:\IMG\right_2025_12_07_01_35_33_250.jpg,-0.2,1,0,30.17985
E:\IMG\center_2025_12_07_01_35_33_330.jpg,E:\IMG\left_2025_12_07_01_35_33_330.jpg,E:\IMG\right_2025_12_07_01_35_33_330.jpg,0,1,0,30.18931
E:\IMG\center_2025_12_07_01_35_33_400.jpg,E:\IMG\left_2025_12_07_01_35_33_400.jpg,E:\IMG\right_2025_12_07_01_35_33_400.jpg,0,0.8620706,0,30.16851
E:\IMG\center_2025_12_07_01_35_33_466.jpg,E:\IMG\left_2025_12_07_01_35_33_466.jpg,E:\IMG\right_2025_12_07_01_35_33_466.jpg,0,0.6618304,0,30.11229
E:\IMG\center_2025_12_07_01_35_33_551.jpg,E:\IMG\left_2025_12_07_01_35_33_551.jpg,E:\IMG\right_2025_12_07_01_35_33_551.jpg,0,0.6767855,0,30.09857
E:\IMG\center_2025_12_07_01_35_33_639.jpg,E:\IMG\left_2025_12_07_01_35_33_639.jpg,E:\IMG\right_2025_12_07_01_35_33_639.jpg,0,0.9393311,0,30.16138
E:\IMG\center_2025_12_07_01_35_33_713.jpg,E:\IMG\left_2025_12_07_01_35_33_713.jpg,E:\IMG\right_2025_12_07_01_35_33_713.jpg,0,1,0,30.19062
E:\IMG\center_2025_12_07_01_35_33_802.jpg,E:\IMG\left_2025_12_07_01_35_33_802.jpg,E:\IMG\right_2025_12_07_01_35_33_802.jpg,0,1,0,30.1903
E:\IMG\center_2025_12_07_01_35_33_880.jpg,E:\IMG\left_2025_12_07_01_35_33_880.jpg,E:\IMG\right_2025_12_07_01_35_33_880.jpg,0,1,0,30.19031
E:\IMG\center_2025_12_07_01_35_33_955.jpg,E:\IMG\left_2025_12_07_01_35_33_955.jpg,E:\IMG\right_2025_12_07_01_35_33_955.jpg,0,1,0,30.19031
E:\IMG\center_2025_12_07_01_35_34_045.jpg,E:\IMG\left_2025_12_07_01_35_34_045.jpg,E:\IMG\right_2025_12_07_01_35_34_045.jpg,-0.15,1,0,30.18422
E:\IMG\center_2025_12_07_01_35_34_119.jpg,E:\IMG\left_2025_12_07_01_35_34_119.jpg,E:\IMG\right_2025_12_07_01_35_34_119.jpg,0,1,0,30.18595
E:\IMG\center_2025_12_07_01_35_34_191.jpg,E:\IMG\left_2025_12_07_01_35_34_191.jpg,E:\IMG\right_2025_12_07_01_35_34_191.jpg,0,0.9218332,0,30.18999
E:\IMG\center_2025_12_07_01_35_34_266.jpg,E:\IMG\left_2025_12_07_01_35_34_266.jpg,E:\IMG\right_2025_12_07_01_35_34_266.jpg,0,0.6965896,0,30.10864
E:\IMG\center_2025_12_07_01_35_34_340.jpg,E:\IMG\left_2025_12_07_01_35_34_340.jpg,E:\IMG\right_2025_12_07_01_35_34_340.jpg,0,0.4787254,0,30.07234
E:\IMG\center_2025_12_07_01_35_34_421.jpg,E:\IMG\left_2025_12_07_01_35_34_421.jpg,E:\IMG\right_2025_12_07_01_35_34_421.jpg,0,0.7247527,0,30.11231
E:\IMG\center_2025_12_07_01_35_34_497.jpg,E:\IMG\left_2025_12_07_01_35_34_497.jpg,E:\IMG\right_2025_12_07_01_35_34_497.jpg,-0.1,0.9538465,0,30.16265
E:\IMG\center_2025_12_07_01_35_34_569.jpg,E:\IMG\left_2025_12_07_01_35_34_569.jpg,E:\IMG\right_2025_12_07_01_35_34_569.jpg,0,1,0,30.1863
E:\IMG\center_2025_12_07_01_35_34_643.jpg,E:\IMG\left_2025_12_07_01_35_34_643.jpg,E:\IMG\right_2025_12_07_01_35_34_643.jpg,0,1,0,30.19012
E:\IMG\center_2025_12_07_01_35_34_715.jpg,E:\IMG\left_2025_12_07_01_35_34_715.jpg,E:\IMG\right_2025_12_07_01_35_34_715.jpg,0,0.8540092,0,30.16536
E:\IMG\center_2025_12_07_01_35_34_792.jpg,E:\IMG\left_2025_12_07_01_35_34_792.jpg,E:\IMG\right_2025_12_07_01_35_34_792.jpg,0,0.6229453,0,30.11593
E:\IMG\center_2025_12_07_01_35_34_865.jpg,E:\IMG\left_2025_12_07_01_35_34_865.jpg,E:\IMG\right_2025_12_07_01_35_34_865.jpg,0,0.691759,0,30.11533
E:\IMG\center_2025_12_07_01_35_34_945.jpg,E:\IMG\left_2025_12_07_01_35_34_945.jpg,E:\IMG\right_2025_12_07_01_35_34_945.jpg,0,0.9348643,0,30.17867
E:\IMG\center_2025_12_07_01_35_35_021.jpg,E:\IMG\left_2025_12_07_01_35_35_021.jpg,E:\IMG\right_2025_12_07_01_35_35_021.jpg,0,1,0,30.1887
E:\IMG\center_2025_12_07_01_35_35_093.jpg,E:\IMG\left_2025_12_07_01_35_35_093.jpg,E:\IMG\right_2025_12_07_01_35_35_093.jpg,0,1,0,30.19026
E:\IMG\center_2025_12_07_01_35_35_165.jpg,E:\IMG\left_2025_12_07_01_35_35_165.jpg,E:\IMG\right_2025_12_07_01_35_35_165.jpg,0,1,0,30.19029
E:\IMG\center_2025_12_07_01_35_35_238.jpg,E:\IMG\left_2025_12_07_01_35_35_238.jpg,E:\IMG\right_2025_12_07_01_35_35_238.jpg,0,1,0,30.1903
E:\IMG\center_2025_12_07_01_35_35_317.jpg,E:\IMG\left_2025_12_07_01_35_35_317.jpg,E:\IMG\right_2025_12_07_01_35_35_317.jpg,0,1,0,30.19027
E:\IMG\center_2025_12_07_01_35_35_400.jpg,E:\IMG\left_2025_12_07_01_35_35_400.jpg,E:\IMG\right_2025_12_07_01_35_35_400.jpg,0,1,0,30.19029
E:\IMG\center_2025_12_07_01_35_35_484.jpg,E:\IMG\left_2025_12_07_01_35_35_484.jpg,E:\IMG\right_2025_12_07_01_35_35_484.jpg,0,1,0,30.19026
E:\IMG\center_2025_12_07_01_35_35_554.jpg,E:\IMG\left_2025_12_07_01_35_35_554.jpg,E:\IMG\right_2025_12_07_01_35_35_554.jpg,0,1,0,30.1903
E:\IMG\center_2025_12_07_01_35_35_629.jpg,E:\IMG\left_2025_12_07_01_35_35_629.jpg,E:\IMG\right_2025_12_07_01_35_35_629.jpg,0,1,0,30.19033
E:\IMG\center_2025_12_07_01_35_35_712.jpg,E:\IMG\left_2025_12_07_01_35_35_712.jpg,E:\IMG\right_2025_12_07_01_35_35_712.jpg,-0.1,1,0,30.18766
E:\IMG\center_2025_12_07_01_35_35_786.jpg,E:\IMG\left_2025_12_07_01_35_35_786.jpg,E:\IMG\right_2025_12_07_01_35_35_786.jpg,0,1,0,30.19106
E:\IMG\center_2025_12_07_01_35_35_863.jpg,E:\IMG\left_2025_12_07_01_35_35_863.jpg,E:\IMG\right_2025_12_07_01_35_35_863.jpg,0,1,0,30.19012
E:\IMG\center_2025_12_07_01_35_35_942.jpg,E:\IMG\left_2025_12_07_01_35_35_942.jpg,E:\IMG\right_2025_12_07_01_35_35_942.jpg,0,1,0,30.19026
E:\IMG\center_2025_12_07_01_35_36_022.jpg,E:\IMG\left_2025_12_07_01_35_36_022.jpg,E:\IMG\right_2025_12_07_01_35_36_022.jpg,0,1,0,30.19028
E:\IMG\center_2025_12_07_01_35_36_100.jpg,E:\IMG\left_2025_12_07_01_35_36_100.jpg,E:\IMG\right_2025_12_07_01_35_36_100.jpg,0,1,0,30.1903
E:\IMG\center_2025_12_07_01_35_36_181.jpg,E:\IMG\left_2025_12_07_01_35_36_181.jpg,E:\IMG\right_2025_12_07_01_35_36_181.jpg,-0.1,1,0,30.18778
E:\IMG\center_2025_12_07_01_35_36_258.jpg,E:\IMG\left_2025_12_07_01_35_36_258.jpg,E:\IMG\right_2025_12_07_01_35_36_258.jpg,-0.3,1,0,30.16941
E:\IMG\center_2025_12_07_01_35_36_338.jpg,E:\IMG\left_2025_12_07_01_35_36_338.jpg,E:\IMG\right_2025_12_07_01_35_36_338.jpg,0,0.9190621,0,30.1899
E:\IMG\center_2025_12_07_01_35_36_416.jpg,E:\IMG\left_2025_12_07_01_35_36_416.jpg,E:\IMG\right_2025_12_07_01_35_36_416.jpg,0,0.6813061,0,30.12356
E:\IMG\center_2025_12_07_01_35_36_497.jpg,E:\IMG\left_2025_12_07_01_35_36_497.jpg,E:\IMG\right_2025_12_07_01_35_36_497.jpg,0,0.7746124,0,30.11351
E:\IMG\center_2025_12_07_01_35_36_577.jpg,E:\IMG\left_2025_12_07_01_35_36_577.jpg,E:\IMG\right_2025_12_07_01_35_36_577.jpg,0,1,0,30.17381
E:\IMG\center_2025_12_07_01_35_36_656.jpg,E:\IMG\left_2025_12_07_01_35_36_656.jpg,E:\IMG\right_2025_12_07_01_35_36_656.jpg,0,1,0,30.19008
E:\IMG\center_2025_12_07_01_35_36_737.jpg,E:\IMG\left_2025_12_07_01_35_36_737.jpg,E:\IMG\right_2025_12_07_01_35_36_737.jpg,0,1,0,30.19031
E:\IMG\center_2025_12_07_01_35_36_815.jpg,E:\IMG\left_2025_12_07_01_35_36_815.jpg,E:\IMG\right_2025_12_07_01_35_36_815.jpg,-0.2,1,0,30.1799
E:\IMG\center_2025_12_07_01_35_36_895.jpg,E:\IMG\left_2025_12_07_01_35_36_895.jpg,E:\IMG\right_2025_12_07_01_35_36_895.jpg,0,1,0,30.18934
E:\IMG\center_2025_12_07_01_35_36_972.jpg,E:\IMG\left_2025_12_07_01_35_36_972.jpg,E:\IMG\right_2025_12_07_01_35_36_972.jpg,0,1,0,30.19019
E:\IMG\center_2025_12_07_01_35_37_054.jpg,E:\IMG\left_2025_12_07_01_35_37_054.jpg,E:\IMG\right_2025_12_07_01_35_37_054.jpg,0,1,0,30.19027
E:\IMG\center_2025_12_07_01_35_37_136.jpg,E:\IMG\left_2025_12_07_01_35_37_136.jpg,E:\IMG\right_2025_12_07_01_35_37_136.jpg,0,1,0,30.19029
E:\IMG\center_2025_12_07_01_35_37_218.jpg,E:\IMG\left_2025_12_07_01_35_37_218.jpg,E:\IMG\right_2025_12_07_01_35_37_218.jpg,0,1,0,30.19031
E:\IMG\center_2025_12_07_01_35_37_301.jpg,E:\IMG\left_2025_12_07_01_35_37_301.jpg,E:\IMG\right_2025_12_07_01_35_37_301.jpg,0,1,0,30.19031
E:\IMG\center_2025_12_07_01_35_37_380.jpg,E:\IMG\left_2025_12_07_01_35_37_380.jpg,E:\IMG\right_2025_12_07_01_35_37_380.jpg,0,1,0,30.19031
E:\IMG\center_2025_12_07_01_35_37_466.jpg,E:\IMG\left_2025_12_07_01_35_37_466.jpg,E:\IMG\right_2025_12_07_01_35_37_466.jpg,0,1,0,30.19091
E:\IMG\center_2025_12_07_01_35_37_548.jpg,E:\IMG\left_2025_12_07_01_35_37_548.jpg,E:\IMG\right_2025_12_07_01_35_37_548.jpg,0,1,0,30.1903
E:\IMG\center_2025_12_07_01_35_37_628.jpg,E:\IMG\left_2025_12_07_01_35_37_628.jpg,E:\IMG\right_2025_12_07_01_35_37_628.jpg,0,1,0,30.1903
E:\IMG\center_2025_12_07_01_35_37_711.jpg,E:\IMG\left_2025_12_07_01_35_37_711.jpg,E:\IMG\right_2025_12_07_01_35_37_711.jpg,0,1,0,30.1903
E:\IMG\center_2025_12_07_01_35_37_799.jpg,E:\IMG\left_2025_12_07_01_35_37_799.jpg,E:\IMG\right_2025_12_07_01_35_37_799.jpg,0,1,0,30.19031
E:\IMG\center_2025_12_07_01_35_37_874.jpg,E:\IMG\left_2025_12_07_01_35_37_874.jpg,E:\IMG\right_2025_12_07_01_35_37_874.jpg,0,1,0,30.1903
E:\IMG\center_2025_12_07_01_35_37_955.jpg,E:\IMG\left_2025_12_07_01_35_37_955.jpg,E:\IMG\right_2025_12_07_01_35_37_955.jpg,0,1,0,30.19029
E:\IMG\center_2025_12_07_01_35_38_036.jpg,E:\IMG\left_2025_12_07_01_35_38_036.jpg,E:\IMG\right_2025_12_07_01_35_38_036.jpg,0,1,0,30.1903
E:\IMG\center_2025_12_07_01_35_38_126.jpg,E:\IMG\left_2025_12_07_01_35_38_126.jpg,E:\IMG\right_2025_12_07_01_35_38_126.jpg,0,1,0,30.1903
E:\IMG\center_2025_12_07_01_35_38_208.jpg,E:\IMG\left_2025_12_07_01_35_38_208.jpg,E:\IMG\right_2025_12_07_01_35_38_208.jpg,-0.1,1,0,30.18767
E:\IMG\center_2025_12_07_01_35_38_290.jpg,E:\IMG\left_2025_12_07_01_35_38_290.jpg,E:\IMG\right_2025_12_07_01_35_38_290.jpg,0,1,0,30.18593
E:\IMG\center_2025_12_07_01_35_38_377.jpg,E:\IMG\left_2025_12_07_01_35_38_377.jpg,E:\IMG\right_2025_12_07_01_35_38_377.jpg,0,1,0,30.18999
E:\IMG\center_2025_12_07_01_35_38_450.jpg,E:\IMG\left_2025_12_07_01_35_38_450.jpg,E:\IMG\right_2025_12_07_01_35_38_450.jpg,0,1,0,30.19025
E:\IMG\center_2025_12_07_01_35_38_533.jpg,E:\IMG\left_2025_12_07_01_35_38_533.jpg,E:\IMG\right_2025_12_07_01_35_38_533.jpg,0,1,0,30.19027
E:\IMG\center_2025_12_07_01_35_38_621.jpg,E:\IMG\left_2025_12_07_01_35_38_621.jpg,E:\IMG\right_2025_12_07_01_35_38_621.jpg,0,1,0,30.19029
E:\IMG\center_2025_12_07_01_35_38_696.jpg,E:\IMG\left_2025_12_07_01_35_38_696.jpg,E:\IMG\right_2025_12_07_01_35_38_696.jpg,0,1,0,30.19029
E:\IMG\center_2025_12_07_01_35_38_782.jpg,E:\IMG\left_2025_12_07_01_35_38_782.jpg,E:\IMG\right_2025_12_07_01_35_38_782.jpg,0,1,0,30.19029
E:\IMG\center_2025_12_07_01_35_38_865.jpg,E:\IMG\left_2025_12_07_01_35_38_865.jpg,E:\IMG\right_2025_12_07_01_35_38_865.jpg,0,1,0,30.19029
E:\IMG\center_2025_12_07_01_35_38_948.jpg,E:\IMG\left_2025_12_07_01_35_38_948.jpg,E:\IMG\right_2025_12_07_01_35_38_948.jpg,0,1,0,30.19032
E:\IMG\center_2025_12_07_01_35_39_034.jpg,E:\IMG\left_2025_12_07_01_35_39_034.jpg,E:\IMG\right_2025_12_07_01_35_39_034.jpg,0,1,0,30.19028
E:\IMG\center_2025_12_07_01_35_39_123.jpg,E:\IMG\left_2025_12_07_01_35_39_123.jpg,E:\IMG\right_2025_12_07_01_35_39_123.jpg,0,1,0,30.1903
E:\IMG\center_2025_12_07_01_35_39_209.jpg,E:\IMG\left_2025_12_07_01_35_39_209.jpg,E:\IMG\right_2025_12_07_01_35_39_209.jpg,0,1,0,30.1903
E:\IMG\center_2025_12_07_01_35_39_306.jpg,E:\IMG\left_2025_12_07_01_35_39_306.jpg,E:\IMG\right_2025_12_07_01_35_39_306.jpg,0,1,0,30.19028
E:\IMG\center_2025_12_07_01_35_39_375.jpg,E:\IMG\left_2025_12_07_01_35_39_375.jpg,E:\IMG\right_2025_12_07_01_35_39_375.jpg,0,1,0,30.19042
E:\IMG\center_2025_12_07_01_35_39_448.jpg,E:\IMG\left_2025_12_07_01_35_39_448.jpg,E:\IMG\right_2025_12_07_01_35_39_448.jpg,0,1,0,30.1903
E:\IMG\center_2025_12_07_01_35_39_540.jpg,E:\IMG\left_2025_12_07_01_35_39_540.jpg,E:\IMG\right_2025_12_07_01_35_39_540.jpg,-0.2,1,0,30.17986
E:\IMG\center_2025_12_07_01_35_39_623.jpg,E:\IMG\left_2025_12_07_01_35_39_623.jpg,E:\IMG\right_2025_12_07_01_35_39_623.jpg,0,1,0,30.19028
E:\IMG\center_2025_12_07_01_35_39_709.jpg,E:\IMG\left_2025_12_07_01_35_39_709.jpg,E:\IMG\right_2025_12_07_01_35_39_709.jpg,0,1,0,30.19025
E:\IMG\center_2025_12_07_01_35_39_793.jpg,E:\IMG\left_2025_12_07_01_35_39_793.jpg,E:\IMG\right_2025_12_07_01_35_39_793.jpg,0,1,0,30.19029
E:\IMG\center_2025_12_07_01_35_39_879.jpg,E:\IMG\left_2025_12_07_01_35_39_879.jpg,E:\IMG\right_2025_12_07_01_35_39_879.jpg,0,1,0,30.1903
E:\IMG\center_2025_12_07_01_35_39_962.jpg,E:\IMG\left_2025_12_07_01_35_39_962.jpg,E:\IMG\right_2025_12_07_01_35_39_962.jpg,0,1,0,30.19031
E:\IMG\center_2025_12_07_01_35_40_053.jpg,E:\IMG\left_2025_12_07_01_35_40_053.jpg,E:\IMG\right_2025_12_07_01_35_40_053.jpg,0,1,0,30.1903
E:\IMG\center_2025_12_07_01_35_40_131.jpg,E:\IMG\left_2025_12_07_01_35_40_131.jpg,E:\IMG\right_2025_12_07_01_35_40_131.jpg,0,1,0,30.1903
E:\IMG\center_2025_12_07_01_35_40_215.jpg,E:\IMG\left_2025_12_07_01_35_40_215.jpg,E:\IMG\right_2025_12_07_01_35_40_215.jpg,0,1,0,30.19032
E:\IMG\center_2025_12_07_01_35_40_299.jpg,E:\IMG\left_2025_12_07_01_35_40_299.jpg,E:\IMG\right_2025_12_07_01_35_40_299.jpg,0,1,0,30.19028
E:\IMG\center_2025_12_07_01_35_40_393.jpg,E:\IMG\left_2025_12_07_01_35_40_393.jpg,E:\IMG\right_2025_12_07_01_35_40_393.jpg,0,1,0,30.19029
E:\IMG\center_2025_12_07_01_35_40_478.jpg,E:\IMG\left_2025_12_07_01_35_40_478.jpg,E:\IMG\right_2025_12_07_01_35_40_478.jpg,0,1,0,30.19029
E:\IMG\center_2025_12_07_01_35_40_562.jpg,E:\IMG\left_2025_12_07_01_35_40_562.jpg,E:\IMG\right_2025_12_07_01_35_40_562.jpg,-0.2,1,0,30.17983
E:\IMG\center_2025_12_07_01_35_40_643.jpg,E:\IMG\left_2025_12_07_01_35_40_643.jpg,E:\IMG\right_2025_12_07_01_35_40_643.jpg,0,1,0,30.19029
E:\IMG\center_2025_12_07_01_35_40_730.jpg,E:\IMG\left_2025_12_07_01_35_40_730.jpg,E:\IMG\right_2025_12_07_01_35_40_730.jpg,0,1,0,30.19027
E:\IMG\center_2025_12_07_01_35_40_815.jpg,E:\IMG\left_2025_12_07_01_35_40_815.jpg,E:\IMG\right_2025_12_07_01_35_40_815.jpg,0,1,0,30.19034
E:\IMG\center_2025_12_07_01_35_40_899.jpg,E:\IMG\left_2025_12_07_01_35_40_899.jpg,E:\IMG\right_2025_12_07_01_35_40_899.jpg,0,1,0,30.19031
E:\IMG\center_2025_12_07_01_35_40_983.jpg,E:\IMG\left_2025_12_07_01_35_40_983.jpg,E:\IMG\right_2025_12_07_01_35_40_983.jpg,0,1,0,30.19023
E:\IMG\center_2025_12_07_01_35_41_073.jpg,E:\IMG\left_2025_12_07_01_35_41_073.jpg,E:\IMG\right_2025_12_07_01_35_41_073.jpg,0,1,0,30.19031
E:\IMG\center_2025_12_07_01_35_41_157.jpg,E:\IMG\left_2025_12_07_01_35_41_157.jpg,E:\IMG\right_2025_12_07_01_35_41_157.jpg,-0.2,1,0,30.1799
E:\IMG\center_2025_12_07_01_35_41_239.jpg,E:\IMG\left_2025_12_07_01_35_41_239.jpg,E:\IMG\right_2025_12_07_01_35_41_239.jpg,0,1,0,30.19028
E:\IMG\center_2025_12_07_01_35_41_327.jpg,E:\IMG\left_2025_12_07_01_35_41_327.jpg,E:\IMG\right_2025_12_07_01_35_41_327.jpg,0,1,0,30.19026
E:\IMG\center_2025_12_07_01_35_41_407.jpg,E:\IMG\left_2025_12_07_01_35_41_407.jpg,E:\IMG\right_2025_12_07_01_35_41_407.jpg,0,1,0,30.1903
E:\IMG\center_2025_12_07_01_35_41_489.jpg,E:\IMG\left_2025_12_07_01_35_41_489.jpg,E:\IMG\right_2025_12_07_01_35_41_489.jpg,0,1,0,30.19029
E:\IMG\center_2025_12_07_01_35_41_572.jpg,E:\IMG\left_2025_12_07_01_35_41_572.jpg,E:\IMG\right_2025_12_07_01_35_41_572.jpg,0,1,0,30.19031
E:\IMG\center_2025_12_07_01_35_41_659.jpg,E:\IMG\left_2025_12_07_01_35_41_659.jpg,E:\IMG\right_2025_12_07_01_35_41_659.jpg,0,1,0,30.19031
E:\IMG\center_2025_12_07_01_35_41_726.jpg,E:\IMG\left_2025_12_07_01_35_41_726.jpg,E:\IMG\right_2025_12_07_01_35_41_726.jpg,0,1,0,30.1903
E:\IMG\center_2025_12_07_01_35_41_799.jpg,E:\IMG\left_2025_12_07_01_35_41_799.jpg,E:\IMG\right_2025_12_07_01_35_41_799.jpg,0,1,0,30.19034
E:\IMG\center_2025_12_07_01_35_41_882.jpg,E:\IMG\left_2025_12_07_01_35_41_882.jpg,E:\IMG\right_2025_12_07_01_35_41_882.jpg,0,1,0,30.19033
E:\IMG\center_2025_12_07_01_35_41_970.jpg,E:\IMG\left_2025_12_07_01_35_41_970.jpg,E:\IMG\right_2025_12_07_01_35_41_970.jpg,-0.15,1,0,30.18421
E:\IMG\center_2025_12_07_01_35_42_057.jpg,E:\IMG\left_2025_12_07_01_35_42_057.jpg,E:\IMG\right_2025_12_07_01_35_42_057.jpg,0,1,0,30.18969
E:\IMG\center_2025_12_07_01_35_42_142.jpg,E:\IMG\left_2025_12_07_01_35_42_142.jpg,E:\IMG\right_2025_12_07_01_35_42_142.jpg,0,1,0,30.19023
E:\IMG\center_2025_12_07_01_35_42_229.jpg,E:\IMG\left_2025_12_07_01_35_42_229.jpg,E:\IMG\right_2025_12_07_01_35_42_229.jpg,0,1,0,30.19029
E:\IMG\center_2025_12_07_01_35_42_319.jpg,E:\IMG\left_2025_12_07_01_35_42_319.jpg,E:\IMG\right_2025_12_07_01_35_42_319.jpg,0,1,0,30.19033
E:\IMG\center_2025_12_07_01_35_42_401.jpg,E:\IMG\left_2025_12_07_01_35_42_401.jpg,E:\IMG\right_2025_12_07_01_35_42_401.jpg,0,1,0,30.19043
E:\IMG\center_2025_12_07_01_35_42_485.jpg,E:\IMG\left_2025_12_07_01_35_42_485.jpg,E:\IMG\right_2025_12_07_01_35_42_485.jpg,0,1,0,30.19032
E:\IMG\center_2025_12_07_01_35_42_570.jpg,E:\IMG\left_2025_12_07_01_35_42_570.jpg,E:\IMG\right_2025_12_07_01_35_42_570.jpg,0,1,0,30.19032
E:\IMG\center_2025_12_07_01_35_42_659.jpg,E:\IMG\left_2025_12_07_01_35_42_659.jpg,E:\IMG\right_2025_12_07_01_35_42_659.jpg,0,1,0,30.1903
E:\IMG\center_2025_12_07_01_35_42_745.jpg,E:\IMG\left_2025_12_07_01_35_42_745.jpg,E:\IMG\right_2025_12_07_01_35_42_745.jpg,0,1,0,30.19028
E:\IMG\center_2025_12_07_01_35_42_829.jpg,E:\IMG\left_2025_12_07_01_35_42_829.jpg,E:\IMG\right_2025_12_07_01_35_42_829.jpg,0,1,0,30.19029
E:\IMG\center_2025_12_07_01_35_42_912.jpg,E:\IMG\left_2025_12_07_01_35_42_912.jpg,E:\IMG\right_2025_12_07_01_35_42_912.jpg,-0.15,1,0,30.18422
E:\IMG\center_2025_12_07_01_35_43_002.jpg,E:\IMG\left_2025_12_07_01_35_43_002.jpg,E:\IMG\right_2025_12_07_01_35_43_002.jpg,-0.35,1,0,30.16343
E:\IMG\center_2025_12_07_01_35_43_082.jpg,E:\IMG\left_2025_12_07_01_35_43_082.jpg,E:\IMG\right_2025_12_07_01_35_43_082.jpg,0,1,0,30.18766
E:\IMG\center_2025_12_07_01_35_43_168.jpg,E:\IMG\left_2025_12_07_01_35_43_168.jpg,E:\IMG\right_2025_12_07_01_35_43_168.jpg,0,1,0,30.1896
E:\IMG\center_2025_12_07_01_35_43_245.jpg,E:\IMG\left_2025_12_07_01_35_43_245.jpg,E:\IMG\right_2025_12_07_01_35_43_245.jpg,0,1,0,30.19019
E:\IMG\center_2025_12_07_01_35_43_333.jpg,E:\IMG\left_2025_12_07_01_35_43_333.jpg,E:\IMG\right_2025_12_07_01_35_43_333.jpg,0,1,0,30.19027
E:\IMG\center_2025_12_07_01_35_43_409.jpg,E:\IMG\left_2025_12_07_01_35_43_409.jpg,E:\IMG\right_2025_12_07_01_35_43_409.jpg,0,1,0,30.1903
E:\IMG\center_2025_12_07_01_35_43_492.jpg,E:\IMG\left_2025_12_07_01_35_43_492.jpg,E:\IMG\right_2025_12_07_01_35_43_492.jpg,0,1,0,30.19031
E:\IMG\center_2025_12_07_01_35_43_574.jpg,E:\IMG\left_2025_12_07_01_35_43_574.jpg,E:\IMG\right_2025_12_07_01_35_43_574.jpg,0,1,0,30.19029
E:\IMG\center_2025_12_07_01_35_43_655.jpg,E:\IMG\left_2025_12_07_01_35_43_655.jpg,E:\IMG\right_2025_12_07_01_35_43_655.jpg,0,1,0,30.19029
E:\IMG\center_2025_12_07_01_35_43_740.jpg,E:\IMG\left_2025_12_07_01_35_43_740.jpg,E:\IMG\right_2025_12_07_01_35_43_740.jpg,0,1,0,30.1903
E:\IMG\center_2025_12_07_01_35_43_821.jpg,E:\IMG\left_2025_12_07_01_35_43_821.jpg,E:\IMG\right_2025_12_07_01_35_43_821.jpg,0,1,0,30.19028
E:\IMG\center_2025_12_07_01_35_43_907.jpg,E:\IMG\left_2025_12_07_01_35_43_907.jpg,E:\IMG\right_2025_12_07_01_35_43_907.jpg,0,1,0,30.1903
E:\IMG\center_2025_12_07_01_35_43_989.jpg,E:\IMG\left_2025_12_07_01_35_43_989.jpg,E:\IMG\right_2025_12_07_01_35_43_989.jpg,0,1,0,30.1903
E:\IMG\center_2025_12_07_01_35_44_071.jpg,E:\IMG\left_2025_12_07_01_35_44_071.jpg,E:\IMG\right_2025_12_07_01_35_44_071.jpg,0.2,1,0,30.17986
E:\IMG\center_2025_12_07_01_35_44_152.jpg,E:\IMG\left_2025_12_07_01_35_44_152.jpg,E:\IMG\right_2025_12_07_01_35_44_152.jpg,0.4,1,0,30.15755
E:\IMG\center_2025_12_07_01_35_44_235.jpg,E:\IMG\left_2025_12_07_01_35_44_235.jpg,E:\IMG\right_2025_12_07_01_35_44_235.jpg,0,0.7474706,0,30.11826
E:\IMG\center_2025_12_07_01_35_44_320.jpg,E:\IMG\left_2025_12_07_01_35_44_320.jpg,E:\IMG\right_2025_12_07_01_35_44_320.jpg,0,0.4935197,0,30.08961
E:\IMG\center_2025_12_07_01_35_44_399.jpg,E:\IMG\left_2025_12_07_01_35_44_399.jpg,E:\IMG\right_2025_12_07_01_35_44_399.jpg,0,0.2575372,0,30.02638
E:\IMG\center_2025_12_07_01_35_44_485.jpg,E:\IMG\left_2025_12_07_01_35_44_485.jpg,E:\IMG\right_2025_12_07_01_35_44_485.jpg,0,0.1551685,0,29.89355
E:\IMG\center_2025_12_07_01_35_44_568.jpg,E:\IMG\left_2025_12_07_01_35_44_568.jpg,E:\IMG\right_2025_12_07_01_35_44_568.jpg,0,0.4034014,0,29.94062
E:\IMG\center_2025_12_07_01_35_44_653.jpg,E:\IMG\left_2025_12_07_01_35_44_653.jpg,E:\IMG\right_2025_12_07_01_35_44_653.jpg,0,0.6617095,0,30.08218
E:\IMG\center_2025_12_07_01_35_44_724.jpg,E:\IMG\left_2025_12_07_01_35_44_724.jpg,E:\IMG\right_2025_12_07_01_35_44_724.jpg,-0.1,0.873733,0,30.16544
E:\IMG\center_2025_12_07_01_35_44_800.jpg,E:\IMG\left_2025_12_07_01_35_44_800.jpg,E:\IMG\right_2025_12_07_01_35_44_800.jpg,0,1,0,30.18859
E:\IMG\center_2025_12_07_01_35_44_882.jpg,E:\IMG\left_2025_12_07_01_35_44_882.jpg,E:\IMG\right_2025_12_07_01_35_44_882.jpg,0,1,0,30.19011
E:\IMG\center_2025_12_07_01_35_44_969.jpg,E:\IMG\left_2025_12_07_01_35_44_969.jpg,E:\IMG\right_2025_12_07_01_35_44_969.jpg,0,1,0,30.1903
E:\IMG\center_2025_12_07_01_35_45_056.jpg,E:\IMG\left_2025_12_07_01_35_45_056.jpg,E:\IMG\right_2025_12_07_01_35_45_056.jpg,0,1,0,30.19029
E:\IMG\center_2025_12_07_01_35_45_122.jpg,E:\IMG\left_2025_12_07_01_35_45_122.jpg,E:\IMG\right_2025_12_07_01_35_45_122.jpg,0,1,0,30.19029
E:\IMG\center_2025_12_07_01_35_45_210.jpg,E:\IMG\left_2025_12_07_01_35_45_210.jpg,E:\IMG\right_2025_12_07_01_35_45_210.jpg,-0.1,1,0,30.18779
E:\IMG\center_2025_12_07_01_35_45_280.jpg,E:\IMG\left_2025_12_07_01_35_45_280.jpg,E:\IMG\right_2025_12_07_01_35_45_280.jpg,-0.25,1,0,30.17492
E:\IMG\center_2025_12_07_01_35_45_351.jpg,E:\IMG\left_2025_12_07_01_35_45_351.jpg,E:\IMG\right_2025_12_07_01_35_45_351.jpg,0,1,0,30.19015
E:\IMG\center_2025_12_07_01_35_45_424.jpg,E:\IMG\left_2025_12_07_01_35_45_424.jpg,E:\IMG\right_2025_12_07_01_35_45_424.jpg,0,1,0,30.19022
E:\IMG\center_2025_12_07_01_35_45_493.jpg,E:\IMG\left_2025_12_07_01_35_45_493.jpg,E:\IMG\right_2025_12_07_01_35_45_493.jpg,0,1,0,30.19028
E:\IMG\center_2025_12_07_01_35_45_574.jpg,E:\IMG\left_2025_12_07_01_35_45_574.jpg,E:\IMG\right_2025_12_07_01_35_45_574.jpg,0,1,0,30.19031
E:\IMG\center_2025_12_07_01_35_45_653.jpg,E:\IMG\left_2025_12_07_01_35_45_653.jpg,E:\IMG\right_2025_12_07_01_35_45_653.jpg,0,1,0,30.19028
E:\IMG\center_2025_12_07_01_35_45_739.jpg,E:\IMG\left_2025_12_07_01_35_45_739.jpg,E:\IMG\right_2025_12_07_01_35_45_739.jpg,-0.05,1,0,30.18975
E:\IMG\center_2025_12_07_01_35_45_819.jpg,E:\IMG\left_2025_12_07_01_35_45_819.jpg,E:\IMG\right_2025_12_07_01_35_45_819.jpg,-0.25,1,0,30.17491
E:\IMG\center_2025_12_07_01_35_45_903.jpg,E:\IMG\left_2025_12_07_01_35_45_903.jpg,E:\IMG\right_2025_12_07_01_35_45_903.jpg,0,1,0,30.19012
E:\IMG\center_2025_12_07_01_35_45_985.jpg,E:\IMG\left_2025_12_07_01_35_45_985.jpg,E:\IMG\right_2025_12_07_01_35_45_985.jpg,0,1,0,30.19022
E:\IMG\center_2025_12_07_01_35_46_074.jpg,E:\IMG\left_2025_12_07_01_35_46_074.jpg,E:\IMG\right_2025_12_07_01_35_46_074.jpg,0,1,0,30.19027
E:\IMG\center_2025_12_07_01_35_46_158.jpg,E:\IMG\left_2025_12_07_01_35_46_158.jpg,E:\IMG\right_2025_12_07_01_35_46_158.jpg,0,1,0,30.19032
E:\IMG\center_2025_12_07_01_35_46_228.jpg,E:\IMG\left_2025_12_07_01_35_46_228.jpg,E:\IMG\right_2025_12_07_01_35_46_228.jpg,0,1,0,30.19031
E:\IMG\center_2025_12_07_01_35_46_310.jpg,E:\IMG\left_2025_12_07_01_35_46_310.jpg,E:\IMG\right_2025_12_07_01_35_46_310.jpg,-0.2,1,0,30.17998
E:\IMG\center_2025_12_07_01_35_46_392.jpg,E:\IMG\left_2025_12_07_01_35_46_392.jpg,E:\IMG\right_2025_12_07_01_35_46_392.jpg,0,1,0,30.19026
E:\IMG\center_2025_12_07_01_35_46_475.jpg,E:\IMG\left_2025_12_07_01_35_46_475.jpg,E:\IMG\right_2025_12_07_01_35_46_475.jpg,0,1,0,30.19026
E:\IMG\center_2025_12_07_01_35_46_555.jpg,E:\IMG\left_2025_12_07_01_35_46_555.jpg,E:\IMG\right_2025_12_07_01_35_46_555.jpg,0,1,0,30.19018
E:\IMG\center_2025_12_07_01_35_46_632.jpg,E:\IMG\left_2025_12_07_01_35_46_632.jpg,E:\IMG\right_2025_12_07_01_35_46_632.jpg,0,1,0,30.19028
E:\IMG\center_2025_12_07_01_35_46_714.jpg,E:\IMG\left_2025_12_07_01_35_46_714.jpg,E:\IMG\right_2025_12_07_01_35_46_714.jpg,0,1,0,30.19032
E:\IMG\center_2025_12_07_01_35_46_793.jpg,E:\IMG\left_2025_12_07_01_35_46_793.jpg,E:\IMG\right_2025_12_07_01_35_46_793.jpg,0,1,0,30.1884
E:\IMG\center_2025_12_07_01_35_46_874.jpg,E:\IMG\left_2025_12_07_01_35_46_874.jpg,E:\IMG\right_2025_12_07_01_35_46_874.jpg,0,1,0,30.1902
E:\IMG\center_2025_12_07_01_35_46_954.jpg,E:\IMG\left_2025_12_07_01_35_46_954.jpg,E:\IMG\right_2025_12_07_01_35_46_954.jpg,0,1,0,30.19029
E:\IMG\center_2025_12_07_01_35_47_032.jpg,E:\IMG\left_2025_12_07_01_35_47_032.jpg,E:\IMG\right_2025_12_07_01_35_47_032.jpg,0,1,0,30.19029
E:\IMG\center_2025_12_07_01_35_47_110.jpg,E:\IMG\left_2025_12_07_01_35_47_110.jpg,E:\IMG\right_2025_12_07_01_35_47_110.jpg,-0.05,1,0,30.18974
E:\IMG\center_2025_12_07_01_35_47_189.jpg,E:\IMG\left_2025_12_07_01_35_47_189.jpg,E:\IMG\right_2025_12_07_01_35_47_189.jpg,0,1,0,30.19085
E:\IMG\center_2025_12_07_01_35_47_272.jpg,E:\IMG\left_2025_12_07_01_35_47_272.jpg,E:\IMG\right_2025_12_07_01_35_47_272.jpg,0,1,0,30.19029
E:\IMG\center_2025_12_07_01_35_47_348.jpg,E:\IMG\left_2025_12_07_01_35_47_348.jpg,E:\IMG\right_2025_12_07_01_35_47_348.jpg,0,1,0,30.1903
E:\IMG\center_2025_12_07_01_35_47_435.jpg,E:\IMG\left_2025_12_07_01_35_47_435.jpg,E:\IMG\right_2025_12_07_01_35_47_435.jpg,0,1,0,30.1903
E:\IMG\center_2025_12_07_01_35_47_513.jpg,E:\IMG\left_2025_12_07_01_35_47_513.jpg,E:\IMG\right_2025_12_07_01_35_47_513.jpg,0,1,0,30.1903
E:\IMG\center_2025_12_07_01_35_47_594.jpg,E:\IMG\left_2025_12_07_01_35_47_594.jpg,E:\IMG\right_2025_12_07_01_35_47_594.jpg,0,1,0,30.19031
E:\IMG\center_2025_12_07_01_35_47_670.jpg,E:\IMG\left_2025_12_07_01_35_47_670.jpg,E:\IMG\right_2025_12_07_01_35_47_670.jpg,-0.05,1,0,30.18971
E:\IMG\center_2025_12_07_01_35_47_748.jpg,E:\IMG\left_2025_12_07_01_35_47_748.jpg,E:\IMG\right_2025_12_07_01_35_47_748.jpg,0,1,0,30.19093
E:\IMG\center_2025_12_07_01_35_47_824.jpg,E:\IMG\left_2025_12_07_01_35_47_824.jpg,E:\IMG\right_2025_12_07_01_35_47_824.jpg,0,1,0,30.19026
E:\IMG\center_2025_12_07_01_35_47_901.jpg,E:\IMG\left_2025_12_07_01_35_47_901.jpg,E:\IMG\right_2025_12_07_01_35_47_901.jpg,0,1,0,30.19024
E:\IMG\center_2025_12_07_01_35_47_977.jpg,E:\IMG\left_2025_12_07_01_35_47_977.jpg,E:\IMG\right_2025_12_07_01_35_47_977.jpg,0,1,0,30.19028
E:\IMG\center_2025_12_07_01_35_48_053.jpg,E:\IMG\left_2025_12_07_01_35_48_053.jpg,E:\IMG\right_2025_12_07_01_35_48_053.jpg,0,1,0,30.19031
E:\IMG\center_2025_12_07_01_35_48_133.jpg,E:\IMG\left_2025_12_07_01_35_48_133.jpg,E:\IMG\right_2025_12_07_01_35_48_133.jpg,-0.2,1,0,30.17997
E:\IMG\center_2025_12_07_01_35_48_208.jpg,E:\IMG\left_2025_12_07_01_35_48_208.jpg,E:\IMG\right_2025_12_07_01_35_48_208.jpg,0,1,0,30.19029
E:\IMG\center_2025_12_07_01_35_48_292.jpg,E:\IMG\left_2025_12_07_01_35_48_292.jpg,E:\IMG\right_2025_12_07_01_35_48_292.jpg,0,1,0,30.19024
E:\IMG\center_2025_12_07_01_35_48_359.jpg,E:\IMG\left_2025_12_07_01_35_48_359.jpg,E:\IMG\right_2025_12_07_01_35_48_359.jpg,0,1,0,30.19032
E:\IMG\center_2025_12_07_01_35_48_438.jpg,E:\IMG\left_2025_12_07_01_35_48_438.jpg,E:\IMG\right_2025_12_07_01_35_48_438.jpg,0,1,0,30.19029
E:\IMG\center_2025_12_07_01_35_48_508.jpg,E:\IMG\left_2025_12_07_01_35_48_508.jpg,E:\IMG\right_2025_12_07_01_35_48_508.jpg,-0.15,1,0,30.18448
E:\IMG\center_2025_12_07_01_35_48_582.jpg,E:\IMG\left_2025_12_07_01_35_48_582.jpg,E:\IMG\right_2025_12_07_01_35_48_582.jpg,0,1,0,30.18601
E:\IMG\center_2025_12_07_01_35_48_655.jpg,E:\IMG\left_2025_12_07_01_35_48_655.jpg,E:\IMG\right_2025_12_07_01_35_48_655.jpg,0,1,0,30.18999
E:\IMG\center_2025_12_07_01_35_48_729.jpg,E:\IMG\left_2025_12_07_01_35_48_729.jpg,E:\IMG\right_2025_12_07_01_35_48_729.jpg,0,1,0,30.19024
E:\IMG\center_2025_12_07_01_35_48_807.jpg,E:\IMG\left_2025_12_07_01_35_48_807.jpg,E:\IMG\right_2025_12_07_01_35_48_807.jpg,0,1,0,30.19031
E:\IMG\center_2025_12_07_01_35_48_877.jpg,E:\IMG\left_2025_12_07_01_35_48_877.jpg,E:\IMG\right_2025_12_07_01_35_48_877.jpg,0,1,0,30.19028
E:\IMG\center_2025_12_07_01_35_48_952.jpg,E:\IMG\left_2025_12_07_01_35_48_952.jpg,E:\IMG\right_2025_12_07_01_35_48_952.jpg,0,1,0,30.19032
E:\IMG\center_2025_12_07_01_35_49_026.jpg,E:\IMG\left_2025_12_07_01_35_49_026.jpg,E:\IMG\right_2025_12_07_01_35_49_026.jpg,0,1,0,30.19044
E:\IMG\center_2025_12_07_01_35_49_100.jpg,E:\IMG\left_2025_12_07_01_35_49_100.jpg,E:\IMG\right_2025_12_07_01_35_49_100.jpg,0,1,0,30.19031
E:\IMG\center_2025_12_07_01_35_49_175.jpg,E:\IMG\left_2025_12_07_01_35_49_175.jpg,E:\IMG\right_2025_12_07_01_35_49_175.jpg,0,1,0,30.19032
E:\IMG\center_2025_12_07_01_35_49_255.jpg,E:\IMG\left_2025_12_07_01_35_49_255.jpg,E:\IMG\right_2025_12_07_01_35_49_255.jpg,0,1,0,30.19031
E:\IMG\center_2025_12_07_01_35_49_324.jpg,E:\IMG\left_2025_12_07_01_35_49_324.jpg,E:\IMG\right_2025_12_07_01_35_49_324.jpg,-0.05,1,0,30.18974
E:\IMG\center_2025_12_07_01_35_49_403.jpg,E:\IMG\left_2025_12_07_01_35_49_403.jpg,E:\IMG\right_2025_12_07_01_35_49_403.jpg,0,1,0,30.19062
E:\IMG\center_2025_12_07_01_35_49_473.jpg,E:\IMG\left_2025_12_07_01_35_49_473.jpg,E:\IMG\right_2025_12_07_01_35_49_473.jpg,0,1,0,30.19029
E:\IMG\center_2025_12_07_01_35_49_545.jpg,E:\IMG\left_2025_12_07_01_35_49_545.jpg,E:\IMG\right_2025_12_07_01_35_49_545.jpg,0,1,0,30.19033
E:\IMG\center_2025_12_07_01_35_49_626.jpg,E:\IMG\left_2025_12_07_01_35_49_626.jpg,E:\IMG\right_2025_12_07_01_35_49_626.jpg,0,1,0,30.19029
E:\IMG\center_2025_12_07_01_35_49_697.jpg,E:\IMG\left_2025_12_07_01_35_49_697.jpg,E:\IMG\right_2025_12_07_01_35_49_697.jpg,0,1,0,30.19029
E:\IMG\center_2025_12_07_01_35_49_771.jpg,E:\IMG\left_2025_12_07_01_35_49_771.jpg,E:\IMG\right_2025_12_07_01_35_49_771.jpg,-0.05,1,0,30.18969
E:\IMG\center_2025_12_07_01_35_49_845.jpg,E:\IMG\left_2025_12_07_01_35_49_845.jpg,E:\IMG\right_2025_12_07_01_35_49_845.jpg,0,1,0,30.19088
E:\IMG\center_2025_12_07_01_35_49_922.jpg,E:\IMG\left_2025_12_07_01_35_49_922.jpg,E:\IMG\right_2025_12_07_01_35_49_922.jpg,0,1,0,30.19022
E:\IMG\center_2025_12_07_01_35_49_995.jpg,E:\IMG\left_2025_12_07_01_35_49_995.jpg,E:\IMG\right_2025_12_07_01_35_49_995.jpg,0,1,0,30.19027
E:\IMG\center_2025_12_07_01_35_50_070.jpg,E:\IMG\left_2025_12_07_01_35_50_070.jpg,E:\IMG\right_2025_12_07_01_35_50_070.jpg,0,1,0,30.19026
E:\IMG\center_2025_12_07_01_35_50_144.jpg,E:\IMG\left_2025_12_07_01_35_50_144.jpg,E:\IMG\right_2025_12_07_01_35_50_144.jpg,0,1,0,30.19032
E:\IMG\center_2025_12_07_01_35_50_218.jpg,E:\IMG\left_2025_12_07_01_35_50_218.jpg,E:\IMG\right_2025_12_07_01_35_50_218.jpg,0,1,0,30.1903
E:\IMG\center_2025_12_07_01_35_50_288.jpg,E:\IMG\left_2025_12_07_01_35_50_288.jpg,E:\IMG\right_2025_12_07_01_35_50_288.jpg,-0.15,1,0,30.18454
E:\IMG\center_2025_12_07_01_35_50_365.jpg,E:\IMG\left_2025_12_07_01_35_50_365.jpg,E:\IMG\right_2025_12_07_01_35_50_365.jpg,0,1,0,30.19103
E:\IMG\center_2025_12_07_01_35_50_440.jpg,E:\IMG\left_2025_12_07_01_35_50_440.jpg,E:\IMG\right_2025_12_07_01_35_50_440.jpg,0,1,0,30.19
E:\IMG\center_2025_12_07_01_35_50_508.jpg,E:\IMG\left_2025_12_07_01_35_50_508.jpg,E:\IMG\right_2025_12_07_01_35_50_508.jpg,0,1,0,30.19055
E:\IMG\center_2025_12_07_01_35_50_582.jpg,E:\IMG\left_2025_12_07_01_35_50_582.jpg,E:\IMG\right_2025_12_07_01_35_50_582.jpg,0,1,0,30.19023
E:\IMG\center_2025_12_07_01_35_50_656.jpg,E:\IMG\left_2025_12_07_01_35_50_656.jpg,E:\IMG\right_2025_12_07_01_35_50_656.jpg,0,1,0,30.19032
E:\IMG\center_2025_12_07_01_35_50_733.jpg,E:\IMG\left_2025_12_07_01_35_50_733.jpg,E:\IMG\right_2025_12_07_01_35_50_733.jpg,0,1,0,30.19032
E:\IMG\center_2025_12_07_01_35_50_802.jpg,E:\IMG\left_2025_12_07_01_35_50_802.jpg,E:\IMG\right_2025_12_07_01_35_50_802.jpg,0,1,0,30.19031
E:\IMG\center_2025_12_07_01_35_50_877.jpg,E:\IMG\left_2025_12_07_01_35_50_877.jpg,E:\IMG\right_2025_12_07_01_35_50_877.jpg,0,1,0,30.19027
E:\IMG\center_2025_12_07_01_35_50_949.jpg,E:\IMG\left_2025_12_07_01_35_50_949.jpg,E:\IMG\right_2025_12_07_01_35_50_949.jpg,-0.15,1,0,30.18428
E:\IMG\center_2025_12_07_01_35_51_023.jpg,E:\IMG\left_2025_12_07_01_35_51_023.jpg,E:\IMG\right_2025_12_07_01_35_51_023.jpg,0,1,0,30.19109
E:\IMG\center_2025_12_07_01_35_51_098.jpg,E:\IMG\left_2025_12_07_01_35_51_098.jpg,E:\IMG\right_2025_12_07_01_35_51_098.jpg,0,1,0,30.19024
E:\IMG\center_2025_12_07_01_35_51_172.jpg,E:\IMG\left_2025_12_07_01_35_51_172.jpg,E:\IMG\right_2025_12_07_01_35_51_172.jpg,0,1,0,30.19027
E:\IMG\center_2025_12_07_01_35_51_245.jpg,E:\IMG\left_2025_12_07_01_35_51_245.jpg,E:\IMG\right_2025_12_07_01_35_51_245.jpg,0,1,0,30.19031
E:\IMG\center_2025_12_07_01_35_51_317.jpg,E:\IMG\left_2025_12_07_01_35_51_317.jpg,E:\IMG\right_2025_12_07_01_35_51_317.jpg,0,1,0,30.1903
E:\IMG\center_2025_12_07_01_35_51_397.jpg,E:\IMG\left_2025_12_07_01_35_51_397.jpg,E:\IMG\right_2025_12_07_01_35_51_397.jpg,0,1,0,30.19029
E:\IMG\center_2025_12_07_01_35_51_469.jpg,E:\IMG\left_2025_12_07_01_35_51_469.jpg,E:\IMG\right_2025_12_07_01_35_51_469.jpg,0,1,0,30.19028
E:\IMG\center_2025_12_07_01_35_51_540.jpg,E:\IMG\left_2025_12_07_01_35_51_540.jpg,E:\IMG\right_2025_12_07_01_35_51_540.jpg,-0.1,1,0,30.18772
E:\IMG\center_2025_12_07_01_35_51_617.jpg,E:\IMG\left_2025_12_07_01_35_51_617.jpg,E:\IMG\right_2025_12_07_01_35_51_617.jpg,-0.3,1,0,30.16931
E:\IMG\center_2025_12_07_01_35_51_691.jpg,E:\IMG\left_2025_12_07_01_35_51_691.jpg,E:\IMG\right_2025_12_07_01_35_51_691.jpg,0,1,0,30.18989
E:\IMG\center_2025_12_07_01_35_51_768.jpg,E:\IMG\left_2025_12_07_01_35_51_768.jpg,E:\IMG\right_2025_12_07_01_35_51_768.jpg,0,1,0,30.19013
E:\IMG\center_2025_12_07_01_35_51_849.jpg,E:\IMG\left_2025_12_07_01_35_51_849.jpg,E:\IMG\right_2025_12_07_01_35_51_849.jpg,0,1,0,30.19028
E:\IMG\center_2025_12_07_01_35_51_935.jpg,E:\IMG\left_2025_12_07_01_35_51_935.jpg,E:\IMG\right_2025_12_07_01_35_51_935.jpg,0,1,0,30.19028
E:\IMG\center_2025_12_07_01_35_52_012.jpg,E:\IMG\left_2025_12_07_01_35_52_012.jpg,E:\IMG\right_2025_12_07_01_35_52_012.jpg,0,1,0,30.1902
E:\IMG\center_2025_12_07_01_35_52_104.jpg,E:\IMG\left_2025_12_07_01_35_52_104.jpg,E:\IMG\right_2025_12_07_01_35_52_104.jpg,-0.05,1,0,30.18975
E:\IMG\center_2025_12_07_01_35_52_174.jpg,E:\IMG\left_2025_12_07_01_35_52_174.jpg,E:\IMG\right_2025_12_07_01_35_52_174.jpg,-0.25,1,0,30.1749
E:\IMG\center_2025_12_07_01_35_52_248.jpg,E:\IMG\left_2025_12_07_01_35_52_248.jpg,E:\IMG\right_2025_12_07_01_35_52_248.jpg,0,1,0,30.18887
E:\IMG\center_2025_12_07_01_35_52_337.jpg,E:\IMG\left_2025_12_07_01_35_52_337.jpg,E:\IMG\right_2025_12_07_01_35_52_337.jpg,0,1,0,30.19007
E:\IMG\center_2025_12_07_01_35_52_409.jpg,E:\IMG\left_2025_12_07_01_35_52_409.jpg,E:\IMG\right_2025_12_07_01_35_52_409.jpg,0,1,0,30.19026
E:\IMG\center_2025_12_07_01_35_52_480.jpg,E:\IMG\left_2025_12_07_01_35_52_480.jpg,E:\IMG\right_2025_12_07_01_35_52_480.jpg,0,1,0,30.1903
E:\IMG\center_2025_12_07_01_35_52_552.jpg,E:\IMG\left_2025_12_07_01_35_52_552.jpg,E:\IMG\right_2025_12_07_01_35_52_552.jpg,0,1,0,30.1903
E:\IMG\center_2025_12_07_01_35_52_621.jpg,E:\IMG\left_2025_12_07_01_35_52_621.jpg,E:\IMG\right_2025_12_07_01_35_52_621.jpg,0,1,0,30.19028
E:\IMG\center_2025_12_07_01_35_52_693.jpg,E:\IMG\left_2025_12_07_01_35_52_693.jpg,E:\IMG\right_2025_12_07_01_35_52_693.jpg,0,1,0,30.19065
E:\IMG\center_2025_12_07_01_35_52_767.jpg,E:\IMG\left_2025_12_07_01_35_52_767.jpg,E:\IMG\right_2025_12_07_01_35_52_767.jpg,0,1,0,30.19032
E:\IMG\center_2025_12_07_01_35_52_851.jpg,E:\IMG\left_2025_12_07_01_35_52_851.jpg,E:\IMG\right_2025_12_07_01_35_52_851.jpg,0,1,0,30.19029
E:\IMG\center_2025_12_07_01_35_52_933.jpg,E:\IMG\left_2025_12_07_01_35_52_933.jpg,E:\IMG\right_2025_12_07_01_35_52_933.jpg,0,1,0,30.19028
E:\IMG\center_2025_12_07_01_35_53_005.jpg,E:\IMG\left_2025_12_07_01_35_53_005.jpg,E:\IMG\right_2025_12_07_01_35_53_005.jpg,0,1,0,30.19031
E:\IMG\center_2025_12_07_01_35_53_077.jpg,E:\IMG\left_2025_12_07_01_35_53_077.jpg,E:\IMG\right_2025_12_07_01_35_53_077.jpg,-0.1,1,0,30.18765
E:\IMG\center_2025_12_07_01_35_53_151.jpg,E:\IMG\left_2025_12_07_01_35_53_151.jpg,E:\IMG\right_2025_12_07_01_35_53_151.jpg,0,1,0,30.18992
E:\IMG\center_2025_12_07_01_35_53_221.jpg,E:\IMG\left_2025_12_07_01_35_53_221.jpg,E:\IMG\right_2025_12_07_01_35_53_221.jpg,0,1,0,30.1903
E:\IMG\center_2025_12_07_01_35_53_302.jpg,E:\IMG\left_2025_12_07_01_35_53_302.jpg,E:\IMG\right_2025_12_07_01_35_53_302.jpg,0,1,0,30.19032
E:\IMG\center_2025_12_07_01_35_53_392.jpg,E:\IMG\left_2025_12_07_01_35_53_392.jpg,E:\IMG\right_2025_12_07_01_35_53_392.jpg,0,1,0,30.19029
E:\IMG\center_2025_12_07_01_35_53_465.jpg,E:\IMG\left_2025_12_07_01_35_53_465.jpg,E:\IMG\right_2025_12_07_01_35_53_465.jpg,-0.15,1,0,30.18435
E:\IMG\center_2025_12_07_01_35_53_542.jpg,E:\IMG\left_2025_12_07_01_35_53_542.jpg,E:\IMG\right_2025_12_07_01_35_53_542.jpg,0,1,0,30.18599
E:\IMG\center_2025_12_07_01_35_53_614.jpg,E:\IMG\left_2025_12_07_01_35_53_614.jpg,E:\IMG\right_2025_12_07_01_35_53_614.jpg,0,1,0,30.18999
E:\IMG\center_2025_12_07_01_35_53_685.jpg,E:\IMG\left_2025_12_07_01_35_53_685.jpg,E:\IMG\right_2025_12_07_01_35_53_685.jpg,0,1,0,30.19026
E:\IMG\center_2025_12_07_01_35_53_751.jpg,E:\IMG\left_2025_12_07_01_35_53_751.jpg,E:\IMG\right_2025_12_07_01_35_53_751.jpg,0,1,0,30.19034
E:\IMG\center_2025_12_07_01_35_53_821.jpg,E:\IMG\left_2025_12_07_01_35_53_821.jpg,E:\IMG\right_2025_12_07_01_35_53_821.jpg,-0.05,1,0,30.18993
E:\IMG\center_2025_12_07_01_35_53_902.jpg,E:\IMG\left_2025_12_07_01_35_53_902.jpg,E:\IMG\right_2025_12_07_01_35_53_902.jpg,-0.25,1,0,30.17532
E:\IMG\center_2025_12_07_01_35_53_986.jpg,E:\IMG\left_2025_12_07_01_35_53_986.jpg,E:\IMG\right_2025_12_07_01_35_53_986.jpg,0,1,0,30.18956
E:\IMG\center_2025_12_07_01_35_54_056.jpg,E:\IMG\left_2025_12_07_01_35_54_056.jpg,E:\IMG\right_2025_12_07_01_35_54_056.jpg,0,1,0,30.19011
E:\IMG\center_2025_12_07_01_35_54_126.jpg,E:\IMG\left_2025_12_07_01_35_54_126.jpg,E:\IMG\right_2025_12_07_01_35_54_126.jpg,0,1,0,30.19024
E:\IMG\center_2025_12_07_01_35_54_202.jpg,E:\IMG\left_2025_12_07_01_35_54_202.jpg,E:\IMG\right_2025_12_07_01_35_54_202.jpg,0,1,0,30.19028
E:\IMG\center_2025_12_07_01_35_54_286.jpg,E:\IMG\left_2025_12_07_01_35_54_286.jpg,E:\IMG\right_2025_12_07_01_35_54_286.jpg,-0.25,1,0,30.17544
E:\IMG\center_2025_12_07_01_35_54_359.jpg,E:\IMG\left_2025_12_07_01_35_54_359.jpg,E:\IMG\right_2025_12_07_01_35_54_359.jpg,-0.4,1,0,30.15805
E:\IMG\center_2025_12_07_01_35_54_445.jpg,E:\IMG\left_2025_12_07_01_35_54_445.jpg,E:\IMG\right_2025_12_07_01_35_54_445.jpg,0,1,0,30.1892
E:\IMG\center_2025_12_07_01_35_54_516.jpg,E:\IMG\left_2025_12_07_01_35_54_516.jpg,E:\IMG\right_2025_12_07_01_35_54_516.jpg,0,1,0,30.19
E:\IMG\center_2025_12_07_01_35_54_602.jpg,E:\IMG\left_2025_12_07_01_35_54_602.jpg,E:\IMG\right_2025_12_07_01_35_54_602.jpg,0,1,0,30.19024
E:\IMG\center_2025_12_07_01_35_54_689.jpg,E:\IMG\left_2025_12_07_01_35_54_689.jpg,E:\IMG\right_2025_12_07_01_35_54_689.jpg,0,1,0,30.1903
E:\IMG\center_2025_12_07_01_35_54_756.jpg,E:\IMG\left_2025_12_07_01_35_54_756.jpg,E:\IMG\right_2025_12_07_01_35_54_756.jpg,0,1,0,30.19029
E:\IMG\center_2025_12_07_01_35_54_832.jpg,E:\IMG\left_2025_12_07_01_35_54_832.jpg,E:\IMG\right_2025_12_07_01_35_54_832.jpg,-0.2,1,0,30.18006
E:\IMG\center_2025_12_07_01_35_54_913.jpg,E:\IMG\left_2025_12_07_01_35_54_913.jpg,E:\IMG\right_2025_12_07_01_35_54_913.jpg,0,1,0,30.19069
E:\IMG\center_2025_12_07_01_35_54_998.jpg,E:\IMG\left_2025_12_07_01_35_54_998.jpg,E:\IMG\right_2025_12_07_01_35_54_998.jpg,0,1,0,30.19009
E:\IMG\center_2025_12_07_01_35_55_070.jpg,E:\IMG\left_2025_12_07_01_35_55_070.jpg,E:\IMG\right_2025_12_07_01_35_55_070.jpg,0,1,0,30.19026
E:\IMG\center_2025_12_07_01_35_55_151.jpg,E:\IMG\left_2025_12_07_01_35_55_151.jpg,E:\IMG\right_2025_12_07_01_35_55_151.jpg,0,1,0,30.19029
E:\IMG\center_2025_12_07_01_35_55_222.jpg,E:\IMG\left_2025_12_07_01_35_55_222.jpg,E:\IMG\right_2025_12_07_01_35_55_222.jpg,0,1,0,30.1903
E:\IMG\center_2025_12_07_01_35_55_307.jpg,E:\IMG\left_2025_12_07_01_35_55_307.jpg,E:\IMG\right_2025_12_07_01_35_55_307.jpg,0,1,0,30.1903
E:\IMG\center_2025_12_07_01_35_55_373.jpg,E:\IMG\left_2025_12_07_01_35_55_373.jpg,E:\IMG\right_2025_12_07_01_35_55_373.jpg,0,1,0,30.19035
E:\IMG\center_2025_12_07_01_35_55_461.jpg,E:\IMG\left_2025_12_07_01_35_55_461.jpg,E:\IMG\right_2025_12_07_01_35_55_461.jpg,-0.15,1,0,30.1843
E:\IMG\center_2025_12_07_01_35_55_531.jpg,E:\IMG\left_2025_12_07_01_35_55_531.jpg,E:\IMG\right_2025_12_07_01_35_55_531.jpg,0,1,0,30.18972
E:\IMG\center_2025_12_07_01_35_55_609.jpg,E:\IMG\left_2025_12_07_01_35_55_609.jpg,E:\IMG\right_2025_12_07_01_35_55_609.jpg,0,1,0,30.19023
E:\IMG\center_2025_12_07_01_35_55_681.jpg,E:\IMG\left_2025_12_07_01_35_55_681.jpg,E:\IMG\right_2025_12_07_01_35_55_681.jpg,0,1,0,30.19032
E:\IMG\center_2025_12_07_01_35_55_765.jpg,E:\IMG\left_2025_12_07_01_35_55_765.jpg,E:\IMG\right_2025_12_07_01_35_55_765.jpg,0,1,0,30.19026
E:\IMG\center_2025_12_07_01_35_55_847.jpg,E:\IMG\left_2025_12_07_01_35_55_847.jpg,E:\IMG\right_2025_12_07_01_35_55_847.jpg,0,1,0,30.19016
E:\IMG\center_2025_12_07_01_35_55_921.jpg,E:\IMG\left_2025_12_07_01_35_55_921.jpg,E:\IMG\right_2025_12_07_01_35_55_921.jpg,-0.15,1,0,30.18435
E:\IMG\center_2025_12_07_01_35_55_994.jpg,E:\IMG\left_2025_12_07_01_35_55_994.jpg,E:\IMG\right_2025_12_07_01_35_55_994.jpg,-0.35,1,0,30.16359
E:\IMG\center_2025_12_07_01_35_56_064.jpg,E:\IMG\left_2025_12_07_01_35_56_064.jpg,E:\IMG\right_2025_12_07_01_35_56_064.jpg,0,1,0,30.18743
E:\IMG\center_2025_12_07_01_35_56_145.jpg,E:\IMG\left_2025_12_07_01_35_56_145.jpg,E:\IMG\right_2025_12_07_01_35_56_145.jpg,0,1,0,30.18981
E:\IMG\center_2025_12_07_01_35_56_230.jpg,E:\IMG\left_2025_12_07_01_35_56_230.jpg,E:\IMG\right_2025_12_07_01_35_56_230.jpg,0,1,0,30.19022
E:\IMG\center_2025_12_07_01_35_56_315.jpg,E:\IMG\left_2025_12_07_01_35_56_315.jpg,E:\IMG\right_2025_12_07_01_35_56_315.jpg,0,1,0,30.19029
E:\IMG\center_2025_12_07_01_35_56_394.jpg,E:\IMG\left_2025_12_07_01_35_56_394.jpg,E:\IMG\right_2025_12_07_01_35_56_394.jpg,-0.15,1,0,30.18489
E:\IMG\center_2025_12_07_01_35_56_479.jpg,E:\IMG\left_2025_12_07_01_35_56_479.jpg,E:\IMG\right_2025_12_07_01_35_56_479.jpg,0,1,0,30.18486
E:\IMG\center_2025_12_07_01_35_56_561.jpg,E:\IMG\left_2025_12_07_01_35_56_561.jpg,E:\IMG\right_2025_12_07_01_35_56_561.jpg,0,1,0,30.1898
E:\IMG\center_2025_12_07_01_35_56_642.jpg,E:\IMG\left_2025_12_07_01_35_56_642.jpg,E:\IMG\right_2025_12_07_01_35_56_642.jpg,0,1,0,30.19023
E:\IMG\center_2025_12_07_01_35_56_718.jpg,E:\IMG\left_2025_12_07_01_35_56_718.jpg,E:\IMG\right_2025_12_07_01_35_56_718.jpg,0,1,0,30.19011
E:\IMG\center_2025_12_07_01_35_56_799.jpg,E:\IMG\left_2025_12_07_01_35_56_799.jpg,E:\IMG\right_2025_12_07_01_35_56_799.jpg,-0.05,1,0,30.18979
E:\IMG\center_2025_12_07_01_35_56_880.jpg,E:\IMG\left_2025_12_07_01_35_56_880.jpg,E:\IMG\right_2025_12_07_01_35_56_880.jpg,-0.25,1,0,30.17526
E:\IMG\center_2025_12_07_01_35_56_958.jpg,E:\IMG\left_2025_12_07_01_35_56_958.jpg,E:\IMG\right_2025_12_07_01_35_56_958.jpg,0,1,0,30.18179
E:\IMG\center_2025_12_07_01_35_57_035.jpg,E:\IMG\left_2025_12_07_01_35_57_035.jpg,E:\IMG\right_2025_12_07_01_35_57_035.jpg,0,1,0,30.1892
E:\IMG\center_2025_12_07_01_35_57_114.jpg,E:\IMG\left_2025_12_07_01_35_57_114.jpg,E:\IMG\right_2025_12_07_01_35_57_114.jpg,0,1,0,30.19011
E:\IMG\center_2025_12_07_01_35_57_191.jpg,E:\IMG\left_2025_12_07_01_35_57_191.jpg,E:\IMG\right_2025_12_07_01_35_57_191.jpg,0,1,0,30.19025
E:\IMG\center_2025_12_07_01_35_57_265.jpg,E:\IMG\left_2025_12_07_01_35_57_265.jpg,E:\IMG\right_2025_12_07_01_35_57_265.jpg,0,1,0,30.19031
E:\IMG\center_2025_12_07_01_35_57_353.jpg,E:\IMG\left_2025_12_07_01_35_57_353.jpg,E:\IMG\right_2025_12_07_01_35_57_353.jpg,-0.1,1,0,30.18793
E:\IMG\center_2025_12_07_01_35_57_418.jpg,E:\IMG\left_2025_12_07_01_35_57_418.jpg,E:\IMG\right_2025_12_07_01_35_57_418.jpg,-0.25,1,0,30.17518
E:\IMG\center_2025_12_07_01_35_57_494.jpg,E:\IMG\left_2025_12_07_01_35_57_494.jpg,E:\IMG\right_2025_12_07_01_35_57_494.jpg,0,1,0,30.19018
E:\IMG\center_2025_12_07_01_35_57_572.jpg,E:\IMG\left_2025_12_07_01_35_57_572.jpg,E:\IMG\right_2025_12_07_01_35_57_572.jpg,0,1,0,30.19063
E:\IMG\center_2025_12_07_01_35_57_647.jpg,E:\IMG\left_2025_12_07_01_35_57_647.jpg,E:\IMG\right_2025_12_07_01_35_57_647.jpg,0,1,0,30.19028
E:\IMG\center_2025_12_07_01_35_57_722.jpg,E:\IMG\left_2025_12_07_01_35_57_722.jpg,E:\IMG\right_2025_12_07_01_35_57_722.jpg,0,1,0,30.19031
E:\IMG\center_2025_12_07_01_35_57_798.jpg,E:\IMG\left_2025_12_07_01_35_57_798.jpg,E:\IMG\right_2025_12_07_01_35_57_798.jpg,-0.2,1,0,30.18071
E:\IMG\center_2025_12_07_01_35_57_875.jpg,E:\IMG\left_2025_12_07_01_35_57_875.jpg,E:\IMG\right_2025_12_07_01_35_57_875.jpg,-0.4,1,0,30.15785
E:\IMG\center_2025_12_07_01_35_57_948.jpg,E:\IMG\left_2025_12_07_01_35_57_948.jpg,E:\IMG\right_2025_12_07_01_35_57_948.jpg,0,1,0,30.1857
E:\IMG\center_2025_12_07_01_35_58_024.jpg,E:\IMG\left_2025_12_07_01_35_58_024.jpg,E:\IMG\right_2025_12_07_01_35_58_024.jpg,0,1,0,30.18897
E:\IMG\center_2025_12_07_01_35_58_091.jpg,E:\IMG\left_2025_12_07_01_35_58_091.jpg,E:\IMG\right_2025_12_07_01_35_58_091.jpg,0,1,0,30.1899
E:\IMG\center_2025_12_07_01_35_58_165.jpg,E:\IMG\left_2025_12_07_01_35_58_165.jpg,E:\IMG\right_2025_12_07_01_35_58_165.jpg,0,1,0,30.19021
E:\IMG\center_2025_12_07_01_35_58_238.jpg,E:\IMG\left_2025_12_07_01_35_58_238.jpg,E:\IMG\right_2025_12_07_01_35_58_238.jpg,-0.15,1,0,30.18568
E:\IMG\center_2025_12_07_01_35_58_309.jpg,E:\IMG\left_2025_12_07_01_35_58_309.jpg,E:\IMG\right_2025_12_07_01_35_58_309.jpg,0,1,0,30.18979
E:\IMG\center_2025_12_07_01_35_58_382.jpg,E:\IMG\left_2025_12_07_01_35_58_382.jpg,E:\IMG\right_2025_12_07_01_35_58_382.jpg,0,1,0,30.1903
E:\IMG\center_2025_12_07_01_35_58_454.jpg,E:\IMG\left_2025_12_07_01_35_58_454.jpg,E:\IMG\right_2025_12_07_01_35_58_454.jpg,0,1,0,30.19029
E:\IMG\center_2025_12_07_01_35_58_539.jpg,E:\IMG\left_2025_12_07_01_35_58_539.jpg,E:\IMG\right_2025_12_07_01_35_58_539.jpg,0,1,0,30.1903
E:\IMG\center_2025_12_07_01_35_58_608.jpg,E:\IMG\left_2025_12_07_01_35_58_608.jpg,E:\IMG\right_2025_12_07_01_35_58_608.jpg,0,1,0,30.1903
E:\IMG\center_2025_12_07_01_35_58_681.jpg,E:\IMG\left_2025_12_07_01_35_58_681.jpg,E:\IMG\right_2025_12_07_01_35_58_681.jpg,0,1,0,30.19028
E:\IMG\center_2025_12_07_01_35_58_760.jpg,E:\IMG\left_2025_12_07_01_35_58_760.jpg,E:\IMG\right_2025_12_07_01_35_58_760.jpg,-0.2,1,0,30.17991
E:\IMG\center_2025_12_07_01_35_58_830.jpg,E:\IMG\left_2025_12_07_01_35_58_830.jpg,E:\IMG\right_2025_12_07_01_35_58_830.jpg,-0.4,1,0,30.15761
E:\IMG\center_2025_12_07_01_35_58_898.jpg,E:\IMG\left_2025_12_07_01_35_58_898.jpg,E:\IMG\right_2025_12_07_01_35_58_898.jpg,0,1,0,30.18771
E:\IMG\center_2025_12_07_01_35_58_970.jpg,E:\IMG\left_2025_12_07_01_35_58_970.jpg,E:\IMG\right_2025_12_07_01_35_58_970.jpg,0,1,0,30.18931
E:\IMG\center_2025_12_07_01_35_59_040.jpg,E:\IMG\left_2025_12_07_01_35_59_040.jpg,E:\IMG\right_2025_12_07_01_35_59_040.jpg,0,1,0,30.19002
E:\IMG\center_2025_12_07_01_35_59_123.jpg,E:\IMG\left_2025_12_07_01_35_59_123.jpg,E:\IMG\right_2025_12_07_01_35_59_123.jpg,0,1,0,30.19034
E:\IMG\center_2025_12_07_01_35_59_195.jpg,E:\IMG\left_2025_12_07_01_35_59_195.jpg,E:\IMG\right_2025_12_07_01_35_59_195.jpg,0,1,0,30.19032
E:\IMG\center_2025_12_07_01_35_59_277.jpg,E:\IMG\left_2025_12_07_01_35_59_277.jpg,E:\IMG\right_2025_12_07_01_35_59_277.jpg,-0.2,1,0,30.1806
E:\IMG\center_2025_12_07_01_35_59_360.jpg,E:\IMG\left_2025_12_07_01_35_59_360.jpg,E:\IMG\right_2025_12_07_01_35_59_360.jpg,-0.4,1,0,30.15813
E:\IMG\center_2025_12_07_01_35_59_452.jpg,E:\IMG\left_2025_12_07_01_35_59_452.jpg,E:\IMG\right_2025_12_07_01_35_59_452.jpg,-0.6500001,1,0,30.12741
E:\IMG\center_2025_12_07_01_35_59_519.jpg,E:\IMG\left_2025_12_07_01_35_59_519.jpg,E:\IMG\right_2025_12_07_01_35_59_519.jpg,0,1,0,30.18128
E:\IMG\center_2025_12_07_01_35_59_593.jpg,E:\IMG\left_2025_12_07_01_35_59_593.jpg,E:\IMG\right_2025_12_07_01_35_59_593.jpg,0,1,0,30.18863
E:\IMG\center_2025_12_07_01_35_59_674.jpg,E:\IMG\left_2025_12_07_01_35_59_674.jpg,E:\IMG\right_2025_12_07_01_35_59_674.jpg,0,1,0,30.19002
E:\IMG\center_2025_12_07_01_35_59_753.jpg,E:\IMG\left_2025_12_07_01_35_59_753.jpg,E:\IMG\right_2025_12_07_01_35_59_753.jpg,0,1,0,30.19047
E:\IMG\center_2025_12_07_01_35_59_825.jpg,E:\IMG\left_2025_12_07_01_35_59_825.jpg,E:\IMG\right_2025_12_07_01_35_59_825.jpg,0,1,0,30.19034
E:\IMG\center_2025_12_07_01_35_59_897.jpg,E:\IMG\left_2025_12_07_01_35_59_897.jpg,E:\IMG\right_2025_12_07_01_35_59_897.jpg,0,1,0,30.19035
E:\IMG\center_2025_12_07_01_35_59_977.jpg,E:\IMG\left_2025_12_07_01_35_59_977.jpg,E:\IMG\right_2025_12_07_01_35_59_977.jpg,0,1,0,30.18988
E:\IMG\center_2025_12_07_01_36_00_045.jpg,E:\IMG\left_2025_12_07_01_36_00_045.jpg,E:\IMG\right_2025_12_07_01_36_00_045.jpg,0,1,0,30.19049
E:\IMG\center_2025_12_07_01_36_00_123.jpg,E:\IMG\left_2025_12_07_01_36_00_123.jpg,E:\IMG\right_2025_12_07_01_36_00_123.jpg,0,1,0,30.19016
E:\IMG\center_2025_12_07_01_36_00_193.jpg,E:\IMG\left_2025_12_07_01_36_00_193.jpg,E:\IMG\right_2025_12_07_01_36_00_193.jpg,0,1,0,30.19027
E:\IMG\center_2025_12_07_01_36_00_266.jpg,E:\IMG\left_2025_12_07_01_36_00_266.jpg,E:\IMG\right_2025_12_07_01_36_00_266.jpg,0,1,0,30.19035
E:\IMG\center_2025_12_07_01_36_00_333.jpg,E:\IMG\left_2025_12_07_01_36_00_333.jpg,E:\IMG\right_2025_12_07_01_36_00_333.jpg,-0.15,1,0,30.18417
E:\IMG\center_2025_12_07_01_36_00_410.jpg,E:\IMG\left_2025_12_07_01_36_00_410.jpg,E:\IMG\right_2025_12_07_01_36_00_410.jpg,-0.35,1,0,30.16339
E:\IMG\center_2025_12_07_01_36_00_490.jpg,E:\IMG\left_2025_12_07_01_36_00_490.jpg,E:\IMG\right_2025_12_07_01_36_00_490.jpg,0,1,0,30.1876
E:\IMG\center_2025_12_07_01_36_00_558.jpg,E:\IMG\left_2025_12_07_01_36_00_558.jpg,E:\IMG\right_2025_12_07_01_36_00_558.jpg,0,1,0,30.18874
E:\IMG\center_2025_12_07_01_36_00_636.jpg,E:\IMG\left_2025_12_07_01_36_00_636.jpg,E:\IMG\right_2025_12_07_01_36_00_636.jpg,0,0.7669171,0,30.13544
E:\IMG\center_2025_12_07_01_36_00_715.jpg,E:\IMG\left_2025_12_07_01_36_00_715.jpg,E:\IMG\right_2025_12_07_01_36_00_715.jpg,-0.05,0.5315827,0,30.07787
E:\IMG\center_2025_12_07_01_36_00_796.jpg,E:\IMG\left_2025_12_07_01_36_00_796.jpg,E:\IMG\right_2025_12_07_01_36_00_796.jpg,-0.25,0.5084299,0,30.03908
E:\IMG\center_2025_12_07_01_36_00_873.jpg,E:\IMG\left_2025_12_07_01_36_00_873.jpg,E:\IMG\right_2025_12_07_01_36_00_873.jpg,0,0.7388117,0,30.11028
E:\IMG\center_2025_12_07_01_36_00_952.jpg,E:\IMG\left_2025_12_07_01_36_00_952.jpg,E:\IMG\right_2025_12_07_01_36_00_952.jpg,0,0.974059,0,30.17561
E:\IMG\center_2025_12_07_01_36_01_033.jpg,E:\IMG\left_2025_12_07_01_36_01_033.jpg,E:\IMG\right_2025_12_07_01_36_01_033.jpg,0,1,0,30.19028
E:\IMG\center_2025_12_07_01_36_01_110.jpg,E:\IMG\left_2025_12_07_01_36_01_110.jpg,E:\IMG\right_2025_12_07_01_36_01_110.jpg,0,0.8078446,0,30.15022
E:\IMG\center_2025_12_07_01_36_01_192.jpg,E:\IMG\left_2025_12_07_01_36_01_192.jpg,E:\IMG\right_2025_12_07_01_36_01_192.jpg,-0.1,0.5643032,0,30.08755
E:\IMG\center_2025_12_07_01_36_01_266.jpg,E:\IMG\left_2025_12_07_01_36_01_266.jpg,E:\IMG\right_2025_12_07_01_36_01_266.jpg,-0.3,0.3389864,0,30.01131
E:\IMG\center_2025_12_07_01_36_01_344.jpg,E:\IMG\left_2025_12_07_01_36_01_344.jpg,E:\IMG\right_2025_12_07_01_36_01_344.jpg,0,0.5712269,0,30.07373
E:\IMG\center_2025_12_07_01_36_01_424.jpg,E:\IMG\left_2025_12_07_01_36_01_424.jpg,E:\IMG\right_2025_12_07_01_36_01_424.jpg,0,0.8101115,0,30.13301
E:\IMG\center_2025_12_07_01_36_01_499.jpg,E:\IMG\left_2025_12_07_01_36_01_499.jpg,E:\IMG\right_2025_12_07_01_36_01_499.jpg,-0.05,1,0,30.17621
E:\IMG\center_2025_12_07_01_36_01_577.jpg,E:\IMG\left_2025_12_07_01_36_01_577.jpg,E:\IMG\right_2025_12_07_01_36_01_577.jpg,-0.25,0.9548536,0,30.17588
E:\IMG\center_2025_12_07_01_36_01_652.jpg,E:\IMG\left_2025_12_07_01_36_01_652.jpg,E:\IMG\right_2025_12_07_01_36_01_652.jpg,0,0.7296808,0,30.13919
E:\IMG\center_2025_12_07_01_36_01_731.jpg,E:\IMG\left_2025_12_07_01_36_01_731.jpg,E:\IMG\right_2025_12_07_01_36_01_731.jpg,0,0.4953177,0,30.06791
E:\IMG\center_2025_12_07_01_36_01_809.jpg,E:\IMG\left_2025_12_07_01_36_01_809.jpg,E:\IMG\right_2025_12_07_01_36_01_809.jpg,0,0.2581044,0,30.01124
E:\IMG\center_2025_12_07_01_36_01_897.jpg,E:\IMG\left_2025_12_07_01_36_01_897.jpg,E:\IMG\right_2025_12_07_01_36_01_897.jpg,-0.15,0,0,29.90306
E:\IMG\center_2025_12_07_01_36_01_968.jpg,E:\IMG\left_2025_12_07_01_36_01_968.jpg,E:\IMG\right_2025_12_07_01_36_01_968.jpg,-0.35,0,0,29.59457
E:\IMG\center_2025_12_07_01_36_02_047.jpg,E:\IMG\left_2025_12_07_01_36_02_047.jpg,E:\IMG\right_2025_12_07_01_36_02_047.jpg,-0.5500001,0,0,29.19988
E:\IMG\center_2025_12_07_01_36_02_124.jpg,E:\IMG\left_2025_12_07_01_36_02_124.jpg,E:\IMG\right_2025_12_07_01_36_02_124.jpg,0,0,0,28.93691
E:\IMG\center_2025_12_07_01_36_02_207.jpg,E:\IMG\left_2025_12_07_01_36_02_207.jpg,E:\IMG\right_2025_12_07_01_36_02_207.jpg,0,0.1938819,0,28.77966
E:\IMG\center_2025_12_07_01_36_02_273.jpg,E:\IMG\left_2025_12_07_01_36_02_273.jpg,E:\IMG\right_2025_12_07_01_36_02_273.jpg,0,0.3974871,0,28.81524
E:\IMG\center_2025_12_07_01_36_02_353.jpg,E:\IMG\left_2025_12_07_01_36_02_353.jpg,E:\IMG\right_2025_12_07_01_36_02_353.jpg,0,0.6344436,0,29.06495
E:\IMG\center_2025_12_07_01_36_02_429.jpg,E:\IMG\left_2025_12_07_01_36_02_429.jpg,E:\IMG\right_2025_12_07_01_36_02_429.jpg,-0.1,0.8621919,0,29.5393
E:\IMG\center_2025_12_07_01_36_02_500.jpg,E:\IMG\left_2025_12_07_01_36_02_500.jpg,E:\IMG\right_2025_12_07_01_36_02_500.jpg,-0.25,0.8620707,0,29.98416
E:\IMG\center_2025_12_07_01_36_02_571.jpg,E:\IMG\left_2025_12_07_01_36_02_571.jpg,E:\IMG\right_2025_12_07_01_36_02_571.jpg,-0.45,0.6039743,0,30.06281
E:\IMG\center_2025_12_07_01_36_02_649.jpg,E:\IMG\left_2025_12_07_01_36_02_649.jpg,E:\IMG\right_2025_12_07_01_36_02_649.jpg,-0.6500001,0.3679214,0,29.97294
E:\IMG\center_2025_12_07_01_36_02_718.jpg,E:\IMG\left_2025_12_07_01_36_02_718.jpg,E:\IMG\right_2025_12_07_01_36_02_718.jpg,0,0.1624373,0,29.95579
E:\IMG\center_2025_12_07_01_36_02_801.jpg,E:\IMG\left_2025_12_07_01_36_02_801.jpg,E:\IMG\right_2025_12_07_01_36_02_801.jpg,0,0.1337597,0,29.78037
E:\IMG\center_2025_12_07_01_36_02_878.jpg,E:\IMG\left_2025_12_07_01_36_02_878.jpg,E:\IMG\right_2025_12_07_01_36_02_878.jpg,0,0.3629117,0,29.74862
E:\IMG\center_2025_12_07_01_36_02_948.jpg,E:\IMG\left_2025_12_07_01_36_02_948.jpg,E:\IMG\right_2025_12_07_01_36_02_948.jpg,0,0.5712779,0,29.96321
E:\IMG\center_2025_12_07_01_36_03_018.jpg,E:\IMG\left_2025_12_07_01_36_03_018.jpg,E:\IMG\right_2025_12_07_01_36_03_018.jpg,0,0.7822862,0,30.1135
E:\IMG\center_2025_12_07_01_36_03_094.jpg,E:\IMG\left_2025_12_07_01_36_03_094.jpg,E:\IMG\right_2025_12_07_01_36_03_094.jpg,0,1,0,30.18586
E:\IMG\center_2025_12_07_01_36_03_162.jpg,E:\IMG\left_2025_12_07_01_36_03_162.jpg,E:\IMG\right_2025_12_07_01_36_03_162.jpg,-0.05,1,0,30.19006
E:\IMG\center_2025_12_07_01_36_03_232.jpg,E:\IMG\left_2025_12_07_01_36_03_232.jpg,E:\IMG\right_2025_12_07_01_36_03_232.jpg,-0.25,1,0,30.17513
E:\IMG\center_2025_12_07_01_36_03_313.jpg,E:\IMG\left_2025_12_07_01_36_03_313.jpg,E:\IMG\right_2025_12_07_01_36_03_313.jpg,0,0.8570864,0,30.15846
E:\IMG\center_2025_12_07_01_36_03_382.jpg,E:\IMG\left_2025_12_07_01_36_03_382.jpg,E:\IMG\right_2025_12_07_01_36_03_382.jpg,0,0.6520591,0,30.12605
E:\IMG\center_2025_12_07_01_36_03_453.jpg,E:\IMG\left_2025_12_07_01_36_03_453.jpg,E:\IMG\right_2025_12_07_01_36_03_453.jpg,0,0.438079,0,30.05821
E:\IMG\center_2025_12_07_01_36_03_535.jpg,E:\IMG\left_2025_12_07_01_36_03_535.jpg,E:\IMG\right_2025_12_07_01_36_03_535.jpg,-0.1,0.5874799,0,30.07781
E:\IMG\center_2025_12_07_01_36_03_603.jpg,E:\IMG\left_2025_12_07_01_36_03_603.jpg,E:\IMG\right_2025_12_07_01_36_03_603.jpg,-0.25,0.7480571,0,30.104
E:\IMG\center_2025_12_07_01_36_03_678.jpg,E:\IMG\left_2025_12_07_01_36_03_678.jpg,E:\IMG\right_2025_12_07_01_36_03_678.jpg,0,1,0,30.18967
E:\IMG\center_2025_12_07_01_36_03_763.jpg,E:\IMG\left_2025_12_07_01_36_03_763.jpg,E:\IMG\right_2025_12_07_01_36_03_763.jpg,0,1,0,30.19034
E:\IMG\center_2025_12_07_01_36_03_830.jpg,E:\IMG\left_2025_12_07_01_36_03_830.jpg,E:\IMG\right_2025_12_07_01_36_03_830.jpg,0,1,0,30.19056
E:\IMG\center_2025_12_07_01_36_03_897.jpg,E:\IMG\left_2025_12_07_01_36_03_897.jpg,E:\IMG\right_2025_12_07_01_36_03_897.jpg,0,1,0,30.19027
E:\IMG\center_2025_12_07_01_36_03_976.jpg,E:\IMG\left_2025_12_07_01_36_03_976.jpg,E:\IMG\right_2025_12_07_01_36_03_976.jpg,-0.2,1,0,30.18024
E:\IMG\center_2025_12_07_01_36_04_045.jpg,E:\IMG\left_2025_12_07_01_36_04_045.jpg,E:\IMG\right_2025_12_07_01_36_04_045.jpg,-0.4,0.8926717,0,30.1413
E:\IMG\center_2025_12_07_01_36_04_128.jpg,E:\IMG\left_2025_12_07_01_36_04_128.jpg,E:\IMG\right_2025_12_07_01_36_04_128.jpg,0,0.6448174,0,30.10915
E:\IMG\center_2025_12_07_01_36_04_198.jpg,E:\IMG\left_2025_12_07_01_36_04_198.jpg,E:\IMG\right_2025_12_07_01_36_04_198.jpg,0,0.4327101,0,30.05075
E:\IMG\center_2025_12_07_01_36_04_273.jpg,E:\IMG\left_2025_12_07_01_36_04_273.jpg,E:\IMG\right_2025_12_07_01_36_04_273.jpg,0,0.6547959,0,30.0916
E:\IMG\center_2025_12_07_01_36_04_348.jpg,E:\IMG\left_2025_12_07_01_36_04_348.jpg,E:\IMG\right_2025_12_07_01_36_04_348.jpg,0,0.8803771,0,30.14839
E:\IMG\center_2025_12_07_01_36_04_430.jpg,E:\IMG\left_2025_12_07_01_36_04_430.jpg,E:\IMG\right_2025_12_07_01_36_04_430.jpg,0,1,0,30.18919
E:\IMG\center_2025_12_07_01_36_04_499.jpg,E:\IMG\left_2025_12_07_01_36_04_499.jpg,E:\IMG\right_2025_12_07_01_36_04_499.jpg,0,1,0,30.19034
E:\IMG\center_2025_12_07_01_36_04_569.jpg,E:\IMG\left_2025_12_07_01_36_04_569.jpg,E:\IMG\right_2025_12_07_01_36_04_569.jpg,-0.05,1,0,30.18973
E:\IMG\center_2025_12_07_01_36_04_660.jpg,E:\IMG\left_2025_12_07_01_36_04_660.jpg,E:\IMG\right_2025_12_07_01_36_04_660.jpg,0,1,0,30.18749
E:\IMG\center_2025_12_07_01_36_04_740.jpg,E:\IMG\left_2025_12_07_01_36_04_740.jpg,E:\IMG\right_2025_12_07_01_36_04_740.jpg,0,1,0,30.19014
E:\IMG\center_2025_12_07_01_36_04_816.jpg,E:\IMG\left_2025_12_07_01_36_04_816.jpg,E:\IMG\right_2025_12_07_01_36_04_816.jpg,0,0.7764565,0,30.14456
E:\IMG\center_2025_12_07_01_36_04_885.jpg,E:\IMG\left_2025_12_07_01_36_04_885.jpg,E:\IMG\right_2025_12_07_01_36_04_885.jpg,0,0.5669608,0,30.09094
E:\IMG\center_2025_12_07_01_36_04_956.jpg,E:\IMG\left_2025_12_07_01_36_04_956.jpg,E:\IMG\right_2025_12_07_01_36_04_956.jpg,-0.05,0.466225,0,30.0394
E:\IMG\center_2025_12_07_01_36_05_026.jpg,E:\IMG\left_2025_12_07_01_36_05_026.jpg,E:\IMG\right_2025_12_07_01_36_05_026.jpg,-0.25,0.6756751,0,30.08203
E:\IMG\center_2025_12_07_01_36_05_100.jpg,E:\IMG\left_2025_12_07_01_36_05_100.jpg,E:\IMG\right_2025_12_07_01_36_05_100.jpg,0,0.8975248,0,30.1334
E:\IMG\center_2025_12_07_01_36_05_173.jpg,E:\IMG\left_2025_12_07_01_36_05_173.jpg,E:\IMG\right_2025_12_07_01_36_05_173.jpg,0,1,0,30.18913
E:\IMG\center_2025_12_07_01_36_05_244.jpg,E:\IMG\left_2025_12_07_01_36_05_244.jpg,E:\IMG\right_2025_12_07_01_36_05_244.jpg,0,1,0,30.19026
E:\IMG\center_2025_12_07_01_36_05_328.jpg,E:\IMG\left_2025_12_07_01_36_05_328.jpg,E:\IMG\right_2025_12_07_01_36_05_328.jpg,-0.05,0.8065033,0,30.15242
E:\IMG\center_2025_12_07_01_36_05_403.jpg,E:\IMG\left_2025_12_07_01_36_05_403.jpg,E:\IMG\right_2025_12_07_01_36_05_403.jpg,-0.25,0.5783452,0,30.0782
E:\IMG\center_2025_12_07_01_36_05_477.jpg,E:\IMG\left_2025_12_07_01_36_05_477.jpg,E:\IMG\right_2025_12_07_01_36_05_477.jpg,0,0.3613981,0,30.03194
E:\IMG\center_2025_12_07_01_36_05_556.jpg,E:\IMG\left_2025_12_07_01_36_05_556.jpg,E:\IMG\right_2025_12_07_01_36_05_556.jpg,0,0.4993909,0,30.04226
E:\IMG\center_2025_12_07_01_36_05_623.jpg,E:\IMG\left_2025_12_07_01_36_05_623.jpg,E:\IMG\right_2025_12_07_01_36_05_623.jpg,0,0.6999772,0,30.09343
E:\IMG\center_2025_12_07_01_36_05_691.jpg,E:\IMG\left_2025_12_07_01_36_05_691.jpg,E:\IMG\right_2025_12_07_01_36_05_691.jpg,0,0.9051664,0,30.15467
E:\IMG\center_2025_12_07_01_36_05_768.jpg,E:\IMG\left_2025_12_07_01_36_05_768.jpg,E:\IMG\right_2025_12_07_01_36_05_768.jpg,-0.1,1,0,30.18739
E:\IMG\center_2025_12_07_01_36_05_838.jpg,E:\IMG\left_2025_12_07_01_36_05_838.jpg,E:\IMG\right_2025_12_07_01_36_05_838.jpg,-0.25,0.9510547,0,30.17514
E:\IMG\center_2025_12_07_01_36_05_911.jpg,E:\IMG\left_2025_12_07_01_36_05_911.jpg,E:\IMG\right_2025_12_07_01_36_05_911.jpg,0,0.7327981,0,30.12951
E:\IMG\center_2025_12_07_01_36_05_985.jpg,E:\IMG\left_2025_12_07_01_36_05_985.jpg,E:\IMG\right_2025_12_07_01_36_05_985.jpg,0,0.5067631,0,30.07786
E:\IMG\center_2025_12_07_01_36_06_055.jpg,E:\IMG\left_2025_12_07_01_36_06_055.jpg,E:\IMG\right_2025_12_07_01_36_06_055.jpg,0,0.4014859,0,30.02359
E:\IMG\center_2025_12_07_01_36_06_126.jpg,E:\IMG\left_2025_12_07_01_36_06_126.jpg,E:\IMG\right_2025_12_07_01_36_06_126.jpg,-0.15,0.6158533,0,30.07596
E:\IMG\center_2025_12_07_01_36_06_200.jpg,E:\IMG\left_2025_12_07_01_36_06_200.jpg,E:\IMG\right_2025_12_07_01_36_06_200.jpg,0,0.8359888,0,30.11465
E:\IMG\center_2025_12_07_01_36_06_272.jpg,E:\IMG\left_2025_12_07_01_36_06_272.jpg,E:\IMG\right_2025_12_07_01_36_06_272.jpg,0,1,0,30.19182
E:\IMG\center_2025_12_07_01_36_06_345.jpg,E:\IMG\left_2025_12_07_01_36_06_345.jpg,E:\IMG\right_2025_12_07_01_36_06_345.jpg,0,1,0,30.19027
E:\IMG\center_2025_12_07_01_36_06_422.jpg,E:\IMG\left_2025_12_07_01_36_06_422.jpg,E:\IMG\right_2025_12_07_01_36_06_422.jpg,0,1,0,30.19029
E:\IMG\center_2025_12_07_01_36_06_490.jpg,E:\IMG\left_2025_12_07_01_36_06_490.jpg,E:\IMG\right_2025_12_07_01_36_06_490.jpg,0,1,0,30.19016
E:\IMG\center_2025_12_07_01_36_06_566.jpg,E:\IMG\left_2025_12_07_01_36_06_566.jpg,E:\IMG\right_2025_12_07_01_36_06_566.jpg,0,1,0,30.19029
E:\IMG\center_2025_12_07_01_36_06_640.jpg,E:\IMG\left_2025_12_07_01_36_06_640.jpg,E:\IMG\right_2025_12_07_01_36_06_640.jpg,0,1,0,30.19027
E:\IMG\center_2025_12_07_01_36_06_718.jpg,E:\IMG\left_2025_12_07_01_36_06_718.jpg,E:\IMG\right_2025_12_07_01_36_06_718.jpg,0,1,0,30.1903
E:\IMG\center_2025_12_07_01_36_06_793.jpg,E:\IMG\left_2025_12_07_01_36_06_793.jpg,E:\IMG\right_2025_12_07_01_36_06_793.jpg,0,1,0,30.19031
E:\IMG\center_2025_12_07_01_36_06_874.jpg,E:\IMG\left_2025_12_07_01_36_06_874.jpg,E:\IMG\right_2025_12_07_01_36_06_874.jpg,0,1,0,30.19028
E:\IMG\center_2025_12_07_01_36_06_965.jpg,E:\IMG\left_2025_12_07_01_36_06_965.jpg,E:\IMG\right_2025_12_07_01_36_06_965.jpg,0,1,0,30.19028
E:\IMG\center_2025_12_07_01_36_07_033.jpg,E:\IMG\left_2025_12_07_01_36_07_033.jpg,E:\IMG\right_2025_12_07_01_36_07_033.jpg,0,1,0,30.1903
E:\IMG\center_2025_12_07_01_36_07_106.jpg,E:\IMG\left_2025_12_07_01_36_07_106.jpg,E:\IMG\right_2025_12_07_01_36_07_106.jpg,0,1,0,30.19028
E:\IMG\center_2025_12_07_01_36_07_175.jpg,E:\IMG\left_2025_12_07_01_36_07_175.jpg,E:\IMG\right_2025_12_07_01_36_07_175.jpg,0,1,0,30.19031
E:\IMG\center_2025_12_07_01_36_07_253.jpg,E:\IMG\left_2025_12_07_01_36_07_253.jpg,E:\IMG\right_2025_12_07_01_36_07_253.jpg,0,1,0,30.19027
E:\IMG\center_2025_12_07_01_36_07_331.jpg,E:\IMG\left_2025_12_07_01_36_07_331.jpg,E:\IMG\right_2025_12_07_01_36_07_331.jpg,0,1,0,30.19032
E:\IMG\center_2025_12_07_01_36_07_409.jpg,E:\IMG\left_2025_12_07_01_36_07_409.jpg,E:\IMG\right_2025_12_07_01_36_07_409.jpg,0,1,0,30.19026
E:\IMG\center_2025_12_07_01_36_07_490.jpg,E:\IMG\left_2025_12_07_01_36_07_490.jpg,E:\IMG\right_2025_12_07_01_36_07_490.jpg,-0.05,1,0,30.18974
E:\IMG\center_2025_12_07_01_36_07_564.jpg,E:\IMG\left_2025_12_07_01_36_07_564.jpg,E:\IMG\right_2025_12_07_01_36_07_564.jpg,-0.25,1,0,30.17476
E:\IMG\center_2025_12_07_01_36_07_637.jpg,E:\IMG\left_2025_12_07_01_36_07_637.jpg,E:\IMG\right_2025_12_07_01_36_07_637.jpg,0,1,0,30.18933
E:\IMG\center_2025_12_07_01_36_07_716.jpg,E:\IMG\left_2025_12_07_01_36_07_716.jpg,E:\IMG\right_2025_12_07_01_36_07_716.jpg,0,1,0,30.19015
E:\IMG\center_2025_12_07_01_36_07_787.jpg,E:\IMG\left_2025_12_07_01_36_07_787.jpg,E:\IMG\right_2025_12_07_01_36_07_787.jpg,0,1,0,30.19027
E:\IMG\center_2025_12_07_01_36_07_862.jpg,E:\IMG\left_2025_12_07_01_36_07_862.jpg,E:\IMG\right_2025_12_07_01_36_07_862.jpg,0,0.8285071,0,30.17123
E:\IMG\center_2025_12_07_01_36_07_933.jpg,E:\IMG\left_2025_12_07_01_36_07_933.jpg,E:\IMG\right_2025_12_07_01_36_07_933.jpg,-0.1,0.613084,0,30.09949
E:\IMG\center_2025_12_07_01_36_08_009.jpg,E:\IMG\left_2025_12_07_01_36_08_009.jpg,E:\IMG\right_2025_12_07_01_36_08_009.jpg,0,0.3879409,0,30.04401
E:\IMG\center_2025_12_07_01_36_08_083.jpg,E:\IMG\left_2025_12_07_01_36_08_083.jpg,E:\IMG\right_2025_12_07_01_36_08_083.jpg,0,0.3272134,0,30.00512
E:\IMG\center_2025_12_07_01_36_08_152.jpg,E:\IMG\left_2025_12_07_01_36_08_152.jpg,E:\IMG\right_2025_12_07_01_36_08_152.jpg,0,0.5916556,0,30.07655
E:\IMG\center_2025_12_07_01_36_08_224.jpg,E:\IMG\left_2025_12_07_01_36_08_224.jpg,E:\IMG\right_2025_12_07_01_36_08_224.jpg,0,0.806986,0,30.12957
E:\IMG\center_2025_12_07_01_36_08_293.jpg,E:\IMG\left_2025_12_07_01_36_08_293.jpg,E:\IMG\right_2025_12_07_01_36_08_293.jpg,0,1,0,30.18264
E:\IMG\center_2025_12_07_01_36_08_363.jpg,E:\IMG\left_2025_12_07_01_36_08_363.jpg,E:\IMG\right_2025_12_07_01_36_08_363.jpg,0,1,0,30.1905
E:\IMG\center_2025_12_07_01_36_08_433.jpg,E:\IMG\left_2025_12_07_01_36_08_433.jpg,E:\IMG\right_2025_12_07_01_36_08_433.jpg,0,1,0,30.19032
E:\IMG\center_2025_12_07_01_36_08_502.jpg,E:\IMG\left_2025_12_07_01_36_08_502.jpg,E:\IMG\right_2025_12_07_01_36_08_502.jpg,0,1,0,30.1903
E:\IMG\center_2025_12_07_01_36_08_571.jpg,E:\IMG\left_2025_12_07_01_36_08_571.jpg,E:\IMG\right_2025_12_07_01_36_08_571.jpg,-0.2,1,0,30.17987
E:\IMG\center_2025_12_07_01_36_08_638.jpg,E:\IMG\left_2025_12_07_01_36_08_638.jpg,E:\IMG\right_2025_12_07_01_36_08_638.jpg,0,1,0,30.19102
E:\IMG\center_2025_12_07_01_36_08_707.jpg,E:\IMG\left_2025_12_07_01_36_08_707.jpg,E:\IMG\right_2025_12_07_01_36_08_707.jpg,0,0.7950742,0,30.1504
E:\IMG\center_2025_12_07_01_36_08_778.jpg,E:\IMG\left_2025_12_07_01_36_08_778.jpg,E:\IMG\right_2025_12_07_01_36_08_778.jpg,0,0.582828,0,30.09538
E:\IMG\center_2025_12_07_01_36_08_847.jpg,E:\IMG\left_2025_12_07_01_36_08_847.jpg,E:\IMG\right_2025_12_07_01_36_08_847.jpg,0,0.6895986,0,30.10037
E:\IMG\center_2025_12_07_01_36_08_932.jpg,E:\IMG\left_2025_12_07_01_36_08_932.jpg,E:\IMG\right_2025_12_07_01_36_08_932.jpg,0,0.9440175,0,30.16361
E:\IMG\center_2025_12_07_01_36_09_000.jpg,E:\IMG\left_2025_12_07_01_36_09_000.jpg,E:\IMG\right_2025_12_07_01_36_09_000.jpg,0,1,0,30.18982
E:\IMG\center_2025_12_07_01_36_09_067.jpg,E:\IMG\left_2025_12_07_01_36_09_067.jpg,E:\IMG\right_2025_12_07_01_36_09_067.jpg,0,1,0,30.1903
E:\IMG\center_2025_12_07_01_36_09_137.jpg,E:\IMG\left_2025_12_07_01_36_09_137.jpg,E:\IMG\right_2025_12_07_01_36_09_137.jpg,-0.05,1,0,30.1897
E:\IMG\center_2025_12_07_01_36_09_202.jpg,E:\IMG\left_2025_12_07_01_36_09_202.jpg,E:\IMG\right_2025_12_07_01_36_09_202.jpg,-0.2,1,0,30.17986
E:\IMG\center_2025_12_07_01_36_09_287.jpg,E:\IMG\left_2025_12_07_01_36_09_287.jpg,E:\IMG\right_2025_12_07_01_36_09_287.jpg,0,0.9468313,0,30.19014
E:\IMG\center_2025_12_07_01_36_09_357.jpg,E:\IMG\left_2025_12_07_01_36_09_357.jpg,E:\IMG\right_2025_12_07_01_36_09_357.jpg,0,0.7358206,0,30.13709
E:\IMG\center_2025_12_07_01_36_09_443.jpg,E:\IMG\left_2025_12_07_01_36_09_443.jpg,E:\IMG\right_2025_12_07_01_36_09_443.jpg,0,0.4824114,0,30.0828
E:\IMG\center_2025_12_07_01_36_09_522.jpg,E:\IMG\left_2025_12_07_01_36_09_522.jpg,E:\IMG\right_2025_12_07_01_36_09_522.jpg,-0.05,0.3687963,0,30.01097
E:\IMG\center_2025_12_07_01_36_09_595.jpg,E:\IMG\left_2025_12_07_01_36_09_595.jpg,E:\IMG\right_2025_12_07_01_36_09_595.jpg,0,0.5877805,0,30.06996
E:\IMG\center_2025_12_07_01_36_09_674.jpg,E:\IMG\left_2025_12_07_01_36_09_674.jpg,E:\IMG\right_2025_12_07_01_36_09_674.jpg,0,0.8268024,0,30.13293
E:\IMG\center_2025_12_07_01_36_09_744.jpg,E:\IMG\left_2025_12_07_01_36_09_744.jpg,E:\IMG\right_2025_12_07_01_36_09_744.jpg,0,1,0,30.19006
E:\IMG\center_2025_12_07_01_36_09_817.jpg,E:\IMG\left_2025_12_07_01_36_09_817.jpg,E:\IMG\right_2025_12_07_01_36_09_817.jpg,0,1,0,30.19025
E:\IMG\center_2025_12_07_01_36_09_897.jpg,E:\IMG\left_2025_12_07_01_36_09_897.jpg,E:\IMG\right_2025_12_07_01_36_09_897.jpg,0,0.8997973,0,30.17605
E:\IMG\center_2025_12_07_01_36_09_969.jpg,E:\IMG\left_2025_12_07_01_36_09_969.jpg,E:\IMG\right_2025_12_07_01_36_09_969.jpg,-0.15,0.6816586,0,30.11183
E:\IMG\center_2025_12_07_01_36_10_050.jpg,E:\IMG\left_2025_12_07_01_36_10_050.jpg,E:\IMG\right_2025_12_07_01_36_10_050.jpg,0,0.4394908,0,30.05463
E:\IMG\center_2025_12_07_01_36_10_120.jpg,E:\IMG\left_2025_12_07_01_36_10_120.jpg,E:\IMG\right_2025_12_07_01_36_10_120.jpg,0,0.6491005,0,30.07832
E:\IMG\center_2025_12_07_01_36_10_191.jpg,E:\IMG\left_2025_12_07_01_36_10_191.jpg,E:\IMG\right_2025_12_07_01_36_10_191.jpg,0,0.8617354,0,30.14575
E:\IMG\center_2025_12_07_01_36_10_258.jpg,E:\IMG\left_2025_12_07_01_36_10_258.jpg,E:\IMG\right_2025_12_07_01_36_10_258.jpg,0,1,0,30.18499
E:\IMG\center_2025_12_07_01_36_10_328.jpg,E:\IMG\left_2025_12_07_01_36_10_328.jpg,E:\IMG\right_2025_12_07_01_36_10_328.jpg,0,1,0,30.19026
E:\IMG\center_2025_12_07_01_36_10_403.jpg,E:\IMG\left_2025_12_07_01_36_10_403.jpg,E:\IMG\right_2025_12_07_01_36_10_403.jpg,0,1,0,30.19028
E:\IMG\center_2025_12_07_01_36_10_474.jpg,E:\IMG\left_2025_12_07_01_36_10_474.jpg,E:\IMG\right_2025_12_07_01_36_10_474.jpg,0,1,0,30.22542
E:\IMG\center_2025_12_07_01_36_10_557.jpg,E:\IMG\left_2025_12_07_01_36_10_557.jpg,E:\IMG\right_2025_12_07_01_36_10_557.jpg,0,1,0,30.19059
E:\IMG\center_2025_12_07_01_36_10_626.jpg,E:\IMG\left_2025_12_07_01_36_10_626.jpg,E:\IMG\right_2025_12_07_01_36_10_626.jpg,0,1,0,30.0848
E:\IMG\center_2025_12_07_01_36_10_694.jpg,E:\IMG\left_2025_12_07_01_36_10_694.jpg,E:\IMG\right_2025_12_07_01_36_10_694.jpg,0,1,0,30.21441
E:\IMG\center_2025_12_07_01_36_10_767.jpg,E:\IMG\left_2025_12_07_01_36_10_767.jpg,E:\IMG\right_2025_12_07_01_36_10_767.jpg,0,1,0,30.18801
E:\IMG\center_2025_12_07_01_36_10_851.jpg,E:\IMG\left_2025_12_07_01_36_10_851.jpg,E:\IMG\right_2025_12_07_01_36_10_851.jpg,0,1,0,30.1892
E:\IMG\center_2025_12_07_01_36_10_921.jpg,E:\IMG\left_2025_12_07_01_36_10_921.jpg,E:\IMG\right_2025_12_07_01_36_10_921.jpg,0,1,0,30.18966
E:\IMG\center_2025_12_07_01_36_11_003.jpg,E:\IMG\left_2025_12_07_01_36_11_003.jpg,E:\IMG\right_2025_12_07_01_36_11_003.jpg,0,1,0,30.18988
E:\IMG\center_2025_12_07_01_36_11_081.jpg,E:\IMG\left_2025_12_07_01_36_11_081.jpg,E:\IMG\right_2025_12_07_01_36_11_081.jpg,0,1,0,30.18991
E:\IMG\center_2025_12_07_01_36_11_159.jpg,E:\IMG\left_2025_12_07_01_36_11_159.jpg,E:\IMG\right_2025_12_07_01_36_11_159.jpg,0,1,0,30.18992
E:\IMG\center_2025_12_07_01_36_11_229.jpg,E:\IMG\left_2025_12_07_01_36_11_229.jpg,E:\IMG\right_2025_12_07_01_36_11_229.jpg,0,1,0,30.1899
E:\IMG\center_2025_12_07_01_36_11_302.jpg,E:\IMG\left_2025_12_07_01_36_11_302.jpg,E:\IMG\right_2025_12_07_01_36_11_302.jpg,0,1,0,30.18991
E:\IMG\center_2025_12_07_01_36_11_377.jpg,E:\IMG\left_2025_12_07_01_36_11_377.jpg,E:\IMG\right_2025_12_07_01_36_11_377.jpg,0,1,0,30.18988
E:\IMG\center_2025_12_07_01_36_11_444.jpg,E:\IMG\left_2025_12_07_01_36_11_444.jpg,E:\IMG\right_2025_12_07_01_36_11_444.jpg,0,1,0,30.18995
E:\IMG\center_2025_12_07_01_36_11_516.jpg,E:\IMG\left_2025_12_07_01_36_11_516.jpg,E:\IMG\right_2025_12_07_01_36_11_516.jpg,-0.05,1,0,30.18936
E:\IMG\center_2025_12_07_01_36_11_597.jpg,E:\IMG\left_2025_12_07_01_36_11_597.jpg,E:\IMG\right_2025_12_07_01_36_11_597.jpg,-0.25,1,0,30.17455
E:\IMG\center_2025_12_07_01_36_11_671.jpg,E:\IMG\left_2025_12_07_01_36_11_671.jpg,E:\IMG\right_2025_12_07_01_36_11_671.jpg,0,1,0,30.18974
E:\IMG\center_2025_12_07_01_36_11_744.jpg,E:\IMG\left_2025_12_07_01_36_11_744.jpg,E:\IMG\right_2025_12_07_01_36_11_744.jpg,0,1,0,30.18984
E:\IMG\center_2025_12_07_01_36_11_816.jpg,E:\IMG\left_2025_12_07_01_36_11_816.jpg,E:\IMG\right_2025_12_07_01_36_11_816.jpg,0,1,0,30.18991
E:\IMG\center_2025_12_07_01_36_11_895.jpg,E:\IMG\left_2025_12_07_01_36_11_895.jpg,E:\IMG\right_2025_12_07_01_36_11_895.jpg,0,1,0,30.18995
E:\IMG\center_2025_12_07_01_36_11_967.jpg,E:\IMG\left_2025_12_07_01_36_11_967.jpg,E:\IMG\right_2025_12_07_01_36_11_967.jpg,0,1,0,30.18995
E:\IMG\center_2025_12_07_01_36_12_042.jpg,E:\IMG\left_2025_12_07_01_36_12_042.jpg,E:\IMG\right_2025_12_07_01_36_12_042.jpg,0,1,0,30.18996
E:\IMG\center_2025_12_07_01_36_12_115.jpg,E:\IMG\left_2025_12_07_01_36_12_115.jpg,E:\IMG\right_2025_12_07_01_36_12_115.jpg,0,1,0,30.18996
E:\IMG\center_2025_12_07_01_36_12_191.jpg,E:\IMG\left_2025_12_07_01_36_12_191.jpg,E:\IMG\right_2025_12_07_01_36_12_191.jpg,0,1,0,30.18995
E:\IMG\center_2025_12_07_01_36_12_269.jpg,E:\IMG\left_2025_12_07_01_36_12_269.jpg,E:\IMG\right_2025_12_07_01_36_12_269.jpg,0,1,0,30.18995
E:\IMG\center_2025_12_07_01_36_12_350.jpg,E:\IMG\left_2025_12_07_01_36_12_350.jpg,E:\IMG\right_2025_12_07_01_36_12_350.jpg,0,1,0,30.18996
E:\IMG\center_2025_12_07_01_36_12_419.jpg,E:\IMG\left_2025_12_07_01_36_12_419.jpg,E:\IMG\right_2025_12_07_01_36_12_419.jpg,0,1,0,30.18997
E:\IMG\center_2025_12_07_01_36_12_492.jpg,E:\IMG\left_2025_12_07_01_36_12_492.jpg,E:\IMG\right_2025_12_07_01_36_12_492.jpg,0,1,0,30.18996
E:\IMG\center_2025_12_07_01_36_12_565.jpg,E:\IMG\left_2025_12_07_01_36_12_565.jpg,E:\IMG\right_2025_12_07_01_36_12_565.jpg,0,1,0,30.18996
E:\IMG\center_2025_12_07_01_36_12_642.jpg,E:\IMG\left_2025_12_07_01_36_12_642.jpg,E:\IMG\right_2025_12_07_01_36_12_642.jpg,0,1,0,30.18996
E:\IMG\center_2025_12_07_01_36_12_715.jpg,E:\IMG\left_2025_12_07_01_36_12_715.jpg,E:\IMG\right_2025_12_07_01_36_12_715.jpg,0,1,0,30.18995
E:\IMG\center_2025_12_07_01_36_12_793.jpg,E:\IMG\left_2025_12_07_01_36_12_793.jpg,E:\IMG\right_2025_12_07_01_36_12_793.jpg,0,1,0,30.18996
E:\IMG\center_2025_12_07_01_36_12_868.jpg,E:\IMG\left_2025_12_07_01_36_12_868.jpg,E:\IMG\right_2025_12_07_01_36_12_868.jpg,0,1,0,30.18994
E:\IMG\center_2025_12_07_01_36_12_940.jpg,E:\IMG\left_2025_12_07_01_36_12_940.jpg,E:\IMG\right_2025_12_07_01_36_12_940.jpg,0,1,0,30.18997
E:\IMG\center_2025_12_07_01_36_13_014.jpg,E:\IMG\left_2025_12_07_01_36_13_014.jpg,E:\IMG\right_2025_12_07_01_36_13_014.jpg,0,1,0,30.18995
E:\IMG\center_2025_12_07_01_36_13_092.jpg,E:\IMG\left_2025_12_07_01_36_13_092.jpg,E:\IMG\right_2025_12_07_01_36_13_092.jpg,0,1,0,30.18995
E:\IMG\center_2025_12_07_01_36_13_167.jpg,E:\IMG\left_2025_12_07_01_36_13_167.jpg,E:\IMG\right_2025_12_07_01_36_13_167.jpg,0,1,0,30.18992
E:\IMG\center_2025_12_07_01_36_13_241.jpg,E:\IMG\left_2025_12_07_01_36_13_241.jpg,E:\IMG\right_2025_12_07_01_36_13_241.jpg,0,1,0,30.18995
E:\IMG\center_2025_12_07_01_36_13_315.jpg,E:\IMG\left_2025_12_07_01_36_13_315.jpg,E:\IMG\right_2025_12_07_01_36_13_315.jpg,0,1,0,30.18995
E:\IMG\center_2025_12_07_01_36_13_396.jpg,E:\IMG\left_2025_12_07_01_36_13_396.jpg,E:\IMG\right_2025_12_07_01_36_13_396.jpg,0,1,0,30.18996
E:\IMG\center_2025_12_07_01_36_13_473.jpg,E:\IMG\left_2025_12_07_01_36_13_473.jpg,E:\IMG\right_2025_12_07_01_36_13_473.jpg,0,1,0,30.18999
E:\IMG\center_2025_12_07_01_36_13_546.jpg,E:\IMG\left_2025_12_07_01_36_13_546.jpg,E:\IMG\right_2025_12_07_01_36_13_546.jpg,0,1,0,30.18996
E:\IMG\center_2025_12_07_01_36_13_624.jpg,E:\IMG\left_2025_12_07_01_36_13_624.jpg,E:\IMG\right_2025_12_07_01_36_13_624.jpg,0,1,0,30.18995
E:\IMG\center_2025_12_07_01_36_13_696.jpg,E:\IMG\left_2025_12_07_01_36_13_696.jpg,E:\IMG\right_2025_12_07_01_36_13_696.jpg,0,1,0,30.18998
E:\IMG\center_2025_12_07_01_36_13_772.jpg,E:\IMG\left_2025_12_07_01_36_13_772.jpg,E:\IMG\right_2025_12_07_01_36_13_772.jpg,0,1,0,30.18995
E:\IMG\center_2025_12_07_01_36_13_848.jpg,E:\IMG\left_2025_12_07_01_36_13_848.jpg,E:\IMG\right_2025_12_07_01_36_13_848.jpg,0,1,0,30.18994
E:\IMG\center_2025_12_07_01_36_13_929.jpg,E:\IMG\left_2025_12_07_01_36_13_929.jpg,E:\IMG\right_2025_12_07_01_36_13_929.jpg,0,1,0,30.18993
E:\IMG\center_2025_12_07_01_36_14_002.jpg,E:\IMG\left_2025_12_07_01_36_14_002.jpg,E:\IMG\right_2025_12_07_01_36_14_002.jpg,0,1,0,30.18996
E:\IMG\center_2025_12_07_01_36_14_078.jpg,E:\IMG\left_2025_12_07_01_36_14_078.jpg,E:\IMG\right_2025_12_07_01_36_14_078.jpg,0,1,0,30.18995
E:\IMG\center_2025_12_07_01_36_14_151.jpg,E:\IMG\left_2025_12_07_01_36_14_151.jpg,E:\IMG\right_2025_12_07_01_36_14_151.jpg,0,1,0,30.18997
E:\IMG\center_2025_12_07_01_36_14_230.jpg,E:\IMG\left_2025_12_07_01_36_14_230.jpg,E:\IMG\right_2025_12_07_01_36_14_230.jpg,0,1,0,30.18997
E:\IMG\center_2025_12_07_01_36_14_307.jpg,E:\IMG\left_2025_12_07_01_36_14_307.jpg,E:\IMG\right_2025_12_07_01_36_14_307.jpg,0,1,0,30.18999
E:\IMG\center_2025_12_07_01_36_14_379.jpg,E:\IMG\left_2025_12_07_01_36_14_379.jpg,E:\IMG\right_2025_12_07_01_36_14_379.jpg,0,1,0,30.18997
E:\IMG\center_2025_12_07_01_36_14_464.jpg,E:\IMG\left_2025_12_07_01_36_14_464.jpg,E:\IMG\right_2025_12_07_01_36_14_464.jpg,0,1,0,30.18995
E:\IMG\center_2025_12_07_01_36_14_540.jpg,E:\IMG\left_2025_12_07_01_36_14_540.jpg,E:\IMG\right_2025_12_07_01_36_14_540.jpg,0,1,0,30.18996
E:\IMG\center_2025_12_07_01_36_14_611.jpg,E:\IMG\left_2025_12_07_01_36_14_611.jpg,E:\IMG\right_2025_12_07_01_36_14_611.jpg,0,1,0,30.18995
E:\IMG\center_2025_12_07_01_36_14_696.jpg,E:\IMG\left_2025_12_07_01_36_14_696.jpg,E:\IMG\right_2025_12_07_01_36_14_696.jpg,0,1,0,30.18997
E:\IMG\center_2025_12_07_01_36_14_790.jpg,E:\IMG\left_2025_12_07_01_36_14_790.jpg,E:\IMG\right_2025_12_07_01_36_14_790.jpg,0,1,0,30.18997
E:\IMG\center_2025_12_07_01_36_14_877.jpg,E:\IMG\left_2025_12_07_01_36_14_877.jpg,E:\IMG\right_2025_12_07_01_36_14_877.jpg,0,1,0,30.18996
E:\IMG\center_2025_12_07_01_36_14_945.jpg,E:\IMG\left_2025_12_07_01_36_14_945.jpg,E:\IMG\right_2025_12_07_01_36_14_945.jpg,0,1,0,30.18998
E:\IMG\center_2025_12_07_01_36_15_024.jpg,E:\IMG\left_2025_12_07_01_36_15_024.jpg,E:\IMG\right_2025_12_07_01_36_15_024.jpg,0,1,0,30.18997
E:\IMG\center_2025_12_07_01_36_15_097.jpg,E:\IMG\left_2025_12_07_01_36_15_097.jpg,E:\IMG\right_2025_12_07_01_36_15_097.jpg,0,1,0,30.18994
E:\IMG\center_2025_12_07_01_36_15_173.jpg,E:\IMG\left_2025_12_07_01_36_15_173.jpg,E:\IMG\right_2025_12_07_01_36_15_173.jpg,0,1,0,30.18997
E:\IMG\center_2025_12_07_01_36_15_250.jpg,E:\IMG\left_2025_12_07_01_36_15_250.jpg,E:\IMG\right_2025_12_07_01_36_15_250.jpg,0,1,0,30.18997
E:\IMG\center_2025_12_07_01_36_15_332.jpg,E:\IMG\left_2025_12_07_01_36_15_332.jpg,E:\IMG\right_2025_12_07_01_36_15_332.jpg,0,1,0,30.18996
E:\IMG\center_2025_12_07_01_36_15_413.jpg,E:\IMG\left_2025_12_07_01_36_15_413.jpg,E:\IMG\right_2025_12_07_01_36_15_413.jpg,0,1,0,30.18995
E:\IMG\center_2025_12_07_01_36_15_480.jpg,E:\IMG\left_2025_12_07_01_36_15_480.jpg,E:\IMG\right_2025_12_07_01_36_15_480.jpg,0,1,0,30.18997
E:\IMG\center_2025_12_07_01_36_15_549.jpg,E:\IMG\left_2025_12_07_01_36_15_549.jpg,E:\IMG\right_2025_12_07_01_36_15_549.jpg,0,1,0,30.18994
E:\IMG\center_2025_12_07_01_36_15_628.jpg,E:\IMG\left_2025_12_07_01_36_15_628.jpg,E:\IMG\right_2025_12_07_01_36_15_628.jpg,0,1,0,30.18996
E:\IMG\center_2025_12_07_01_36_15_705.jpg,E:\IMG\left_2025_12_07_01_36_15_705.jpg,E:\IMG\right_2025_12_07_01_36_15_705.jpg,0,1,0,30.18996
E:\IMG\center_2025_12_07_01_36_15_785.jpg,E:\IMG\left_2025_12_07_01_36_15_785.jpg,E:\IMG\right_2025_12_07_01_36_15_785.jpg,0,1,0,30.18997
E:\IMG\center_2025_12_07_01_36_15_859.jpg,E:\IMG\left_2025_12_07_01_36_15_859.jpg,E:\IMG\right_2025_12_07_01_36_15_859.jpg,0,1,0,30.18994
E:\IMG\center_2025_12_07_01_36_15_936.jpg,E:\IMG\left_2025_12_07_01_36_15_936.jpg,E:\IMG\right_2025_12_07_01_36_15_936.jpg,0,1,0,30.18995
E:\IMG\center_2025_12_07_01_36_16_026.jpg,E:\IMG\left_2025_12_07_01_36_16_026.jpg,E:\IMG\right_2025_12_07_01_36_16_026.jpg,0,1,0,30.18994
E:\IMG\center_2025_12_07_01_36_16_104.jpg,E:\IMG\left_2025_12_07_01_36_16_104.jpg,E:\IMG\right_2025_12_07_01_36_16_104.jpg,0,1,0,30.18998
E:\IMG\center_2025_12_07_01_36_16_185.jpg,E:\IMG\left_2025_12_07_01_36_16_185.jpg,E:\IMG\right_2025_12_07_01_36_16_185.jpg,0,1,0,30.18995
E:\IMG\center_2025_12_07_01_36_16_266.jpg,E:\IMG\left_2025_12_07_01_36_16_266.jpg,E:\IMG\right_2025_12_07_01_36_16_266.jpg,0,1,0,30.18998
E:\IMG\center_2025_12_07_01_36_16_354.jpg,E:\IMG\left_2025_12_07_01_36_16_354.jpg,E:\IMG\right_2025_12_07_01_36_16_354.jpg,0,1,0,30.18993
E:\IMG\center_2025_12_07_01_36_16_437.jpg,E:\IMG\left_2025_12_07_01_36_16_437.jpg,E:\IMG\right_2025_12_07_01_36_16_437.jpg,0,1,0,30.18995
E:\IMG\center_2025_12_07_01_36_16_521.jpg,E:\IMG\left_2025_12_07_01_36_16_521.jpg,E:\IMG\right_2025_12_07_01_36_16_521.jpg,0,1,0,30.18996
E:\IMG\center_2025_12_07_01_36_16_591.jpg,E:\IMG\left_2025_12_07_01_36_16_591.jpg,E:\IMG\right_2025_12_07_01_36_16_591.jpg,0,1,0,30.18996
E:\IMG\center_2025_12_07_01_36_16_674.jpg,E:\IMG\left_2025_12_07_01_36_16_674.jpg,E:\IMG\right_2025_12_07_01_36_16_674.jpg,0,1,0,30.18995
E:\IMG\center_2025_12_07_01_36_16_758.jpg,E:\IMG\left_2025_12_07_01_36_16_758.jpg,E:\IMG\right_2025_12_07_01_36_16_758.jpg,0,1,0,30.18996
E:\IMG\center_2025_12_07_01_36_16_843.jpg,E:\IMG\left_2025_12_07_01_36_16_843.jpg,E:\IMG\right_2025_12_07_01_36_16_843.jpg,0,1,0,30.18998
E:\IMG\center_2025_12_07_01_36_16_933.jpg,E:\IMG\left_2025_12_07_01_36_16_933.jpg,E:\IMG\right_2025_12_07_01_36_16_933.jpg,0,1,0,30.18996
E:\IMG\center_2025_12_07_01_36_17_018.jpg,E:\IMG\left_2025_12_07_01_36_17_018.jpg,E:\IMG\right_2025_12_07_01_36_17_018.jpg,0,1,0,30.18996
E:\IMG\center_2025_12_07_01_36_17_085.jpg,E:\IMG\left_2025_12_07_01_36_17_085.jpg,E:\IMG\right_2025_12_07_01_36_17_085.jpg,0,1,0,30.18996
E:\IMG\center_2025_12_07_01_36_17_172.jpg,E:\IMG\left_2025_12_07_01_36_17_172.jpg,E:\IMG\right_2025_12_07_01_36_17_172.jpg,0,1,0,30.18993
E:\IMG\center_2025_12_07_01_36_17_241.jpg,E:\IMG\left_2025_12_07_01_36_17_241.jpg,E:\IMG\right_2025_12_07_01_36_17_241.jpg,0,1,0,30.18996
E:\IMG\center_2025_12_07_01_36_17_330.jpg,E:\IMG\left_2025_12_07_01_36_17_330.jpg,E:\IMG\right_2025_12_07_01_36_17_330.jpg,0,1,0,30.18995
E:\IMG\center_2025_12_07_01_36_17_398.jpg,E:\IMG\left_2025_12_07_01_36_17_398.jpg,E:\IMG\right_2025_12_07_01_36_17_398.jpg,0,1,0,30.18996
E:\IMG\center_2025_12_07_01_36_17_487.jpg,E:\IMG\left_2025_12_07_01_36_17_487.jpg,E:\IMG\right_2025_12_07_01_36_17_487.jpg,0,1,0,30.18995
E:\IMG\center_2025_12_07_01_36_17_556.jpg,E:\IMG\left_2025_12_07_01_36_17_556.jpg,E:\IMG\right_2025_12_07_01_36_17_556.jpg,0,1,0,30.18995
E:\IMG\center_2025_12_07_01_36_17_625.jpg,E:\IMG\left_2025_12_07_01_36_17_625.jpg,E:\IMG\right_2025_12_07_01_36_17_625.jpg,0,1,0,30.18994
E:\IMG\center_2025_12_07_01_36_17_715.jpg,E:\IMG\left_2025_12_07_01_36_17_715.jpg,E:\IMG\right_2025_12_07_01_36_17_715.jpg,0,1,0,30.18994
E:\IMG\center_2025_12_07_01_36_17_786.jpg,E:\IMG\left_2025_12_07_01_36_17_786.jpg,E:\IMG\right_2025_12_07_01_36_17_786.jpg,0,1,0,30.18997
E:\IMG\center_2025_12_07_01_36_17_877.jpg,E:\IMG\left_2025_12_07_01_36_17_877.jpg,E:\IMG\right_2025_12_07_01_36_17_877.jpg,0,1,0,30.18995
E:\IMG\center_2025_12_07_01_36_17_946.jpg,E:\IMG\left_2025_12_07_01_36_17_946.jpg,E:\IMG\right_2025_12_07_01_36_17_946.jpg,0,1,0,30.18995
E:\IMG\center_2025_12_07_01_36_18_017.jpg,E:\IMG\left_2025_12_07_01_36_18_017.jpg,E:\IMG\right_2025_12_07_01_36_18_017.jpg,0,1,0,30.18995
E:\IMG\center_2025_12_07_01_36_18_089.jpg,E:\IMG\left_2025_12_07_01_36_18_089.jpg,E:\IMG\right_2025_12_07_01_36_18_089.jpg,0,1,0,30.19
E:\IMG\center_2025_12_07_01_36_18_159.jpg,E:\IMG\left_2025_12_07_01_36_18_159.jpg,E:\IMG\right_2025_12_07_01_36_18_159.jpg,0,1,0,30.18998
E:\IMG\center_2025_12_07_01_36_18_233.jpg,E:\IMG\left_2025_12_07_01_36_18_233.jpg,E:\IMG\right_2025_12_07_01_36_18_233.jpg,0,1,0,30.18995
E:\IMG\center_2025_12_07_01_36_18_305.jpg,E:\IMG\left_2025_12_07_01_36_18_305.jpg,E:\IMG\right_2025_12_07_01_36_18_305.jpg,0,1,0,30.18996
E:\IMG\center_2025_12_07_01_36_18_380.jpg,E:\IMG\left_2025_12_07_01_36_18_380.jpg,E:\IMG\right_2025_12_07_01_36_18_380.jpg,0,1,0,30.18993
E:\IMG\center_2025_12_07_01_36_18_452.jpg,E:\IMG\left_2025_12_07_01_36_18_452.jpg,E:\IMG\right_2025_12_07_01_36_18_452.jpg,0,1,0,30.18996
E:\IMG\center_2025_12_07_01_36_18_526.jpg,E:\IMG\left_2025_12_07_01_36_18_526.jpg,E:\IMG\right_2025_12_07_01_36_18_526.jpg,0,1,0,30.19127
E:\IMG\center_2025_12_07_01_36_18_601.jpg,E:\IMG\left_2025_12_07_01_36_18_601.jpg,E:\IMG\right_2025_12_07_01_36_18_601.jpg,0,1,0,30.11688
E:\IMG\center_2025_12_07_01_36_18_676.jpg,E:\IMG\left_2025_12_07_01_36_18_676.jpg,E:\IMG\right_2025_12_07_01_36_18_676.jpg,-0.05,1,0,30.19483
E:\IMG\center_2025_12_07_01_36_18_751.jpg,E:\IMG\left_2025_12_07_01_36_18_751.jpg,E:\IMG\right_2025_12_07_01_36_18_751.jpg,-0.25,0.8402332,0,30.05122
E:\IMG\center_2025_12_07_01_36_18_821.jpg,E:\IMG\left_2025_12_07_01_36_18_821.jpg,E:\IMG\right_2025_12_07_01_36_18_821.jpg,0,0.6312374,0,29.83867
E:\IMG\center_2025_12_07_01_36_18_898.jpg,E:\IMG\left_2025_12_07_01_36_18_898.jpg,E:\IMG\right_2025_12_07_01_36_18_898.jpg,0,0.4020545,0,30.02586
E:\IMG\center_2025_12_07_01_36_18_974.jpg,E:\IMG\left_2025_12_07_01_36_18_974.jpg,E:\IMG\right_2025_12_07_01_36_18_974.jpg,0,0.6297455,0,30.07405
E:\IMG\center_2025_12_07_01_36_19_046.jpg,E:\IMG\left_2025_12_07_01_36_19_046.jpg,E:\IMG\right_2025_12_07_01_36_19_046.jpg,0,0.846634,0,30.15528
E:\IMG\center_2025_12_07_01_36_19_124.jpg,E:\IMG\left_2025_12_07_01_36_19_124.jpg,E:\IMG\right_2025_12_07_01_36_19_124.jpg,-0.2,1,0,30.18052
E:\IMG\center_2025_12_07_01_36_19_205.jpg,E:\IMG\left_2025_12_07_01_36_19_205.jpg,E:\IMG\right_2025_12_07_01_36_19_205.jpg,0,1,0,30.19067
E:\IMG\center_2025_12_07_01_36_19_288.jpg,E:\IMG\left_2025_12_07_01_36_19_288.jpg,E:\IMG\right_2025_12_07_01_36_19_288.jpg,0,0.7500784,0,30.12031
E:\IMG\center_2025_12_07_01_36_19_359.jpg,E:\IMG\left_2025_12_07_01_36_19_359.jpg,E:\IMG\right_2025_12_07_01_36_19_359.jpg,0,0.5394424,0,30.09005
E:\IMG\center_2025_12_07_01_36_19_437.jpg,E:\IMG\left_2025_12_07_01_36_19_437.jpg,E:\IMG\right_2025_12_07_01_36_19_437.jpg,0,0.7751482,0,30.12677
E:\IMG\center_2025_12_07_01_36_19_515.jpg,E:\IMG\left_2025_12_07_01_36_19_515.jpg,E:\IMG\right_2025_12_07_01_36_19_515.jpg,0,1,0,30.17768
E:\IMG\center_2025_12_07_01_36_19_589.jpg,E:\IMG\left_2025_12_07_01_36_19_589.jpg,E:\IMG\right_2025_12_07_01_36_19_589.jpg,-0.05,1,0,30.18964
E:\IMG\center_2025_12_07_01_36_19_668.jpg,E:\IMG\left_2025_12_07_01_36_19_668.jpg,E:\IMG\right_2025_12_07_01_36_19_668.jpg,-0.25,1,0,30.17498
E:\IMG\center_2025_12_07_01_36_19_744.jpg,E:\IMG\left_2025_12_07_01_36_19_744.jpg,E:\IMG\right_2025_12_07_01_36_19_744.jpg,0,0.8490391,0,30.14646
E:\IMG\center_2025_12_07_01_36_19_817.jpg,E:\IMG\left_2025_12_07_01_36_19_817.jpg,E:\IMG\right_2025_12_07_01_36_19_817.jpg,0,0.6293143,0,30.11121
E:\IMG\center_2025_12_07_01_36_19_895.jpg,E:\IMG\left_2025_12_07_01_36_19_895.jpg,E:\IMG\right_2025_12_07_01_36_19_895.jpg,0,0.5470207,0,30.04961
E:\IMG\center_2025_12_07_01_36_19_970.jpg,E:\IMG\left_2025_12_07_01_36_19_970.jpg,E:\IMG\right_2025_12_07_01_36_19_970.jpg,0,0.775582,0,30.11392
E:\IMG\center_2025_12_07_01_36_20_045.jpg,E:\IMG\left_2025_12_07_01_36_20_045.jpg,E:\IMG\right_2025_12_07_01_36_20_045.jpg,0,0.9998353,0,30.19406
E:\IMG\center_2025_12_07_01_36_20_116.jpg,E:\IMG\left_2025_12_07_01_36_20_116.jpg,E:\IMG\right_2025_12_07_01_36_20_116.jpg,0,1,0,30.19014
E:\IMG\center_2025_12_07_01_36_20_191.jpg,E:\IMG\left_2025_12_07_01_36_20_191.jpg,E:\IMG\right_2025_12_07_01_36_20_191.jpg,0,1,0,30.19028
E:\IMG\center_2025_12_07_01_36_20_266.jpg,E:\IMG\left_2025_12_07_01_36_20_266.jpg,E:\IMG\right_2025_12_07_01_36_20_266.jpg,0,1,0,30.19031
E:\IMG\center_2025_12_07_01_36_20_346.jpg,E:\IMG\left_2025_12_07_01_36_20_346.jpg,E:\IMG\right_2025_12_07_01_36_20_346.jpg,0,1,0,30.19028
E:\IMG\center_2025_12_07_01_36_20_416.jpg,E:\IMG\left_2025_12_07_01_36_20_416.jpg,E:\IMG\right_2025_12_07_01_36_20_416.jpg,0,1,0,30.19025
E:\IMG\center_2025_12_07_01_36_20_496.jpg,E:\IMG\left_2025_12_07_01_36_20_496.jpg,E:\IMG\right_2025_12_07_01_36_20_496.jpg,0,1,0,30.1903
E:\IMG\center_2025_12_07_01_36_20_588.jpg,E:\IMG\left_2025_12_07_01_36_20_588.jpg,E:\IMG\right_2025_12_07_01_36_20_588.jpg,0,1,0,30.19035
E:\IMG\center_2025_12_07_01_36_20_658.jpg,E:\IMG\left_2025_12_07_01_36_20_658.jpg,E:\IMG\right_2025_12_07_01_36_20_658.jpg,-0.05,1,0,30.1897
E:\IMG\center_2025_12_07_01_36_20_730.jpg,E:\IMG\left_2025_12_07_01_36_20_730.jpg,E:\IMG\right_2025_12_07_01_36_20_730.jpg,-0.25,0.8498452,0,30.15483
E:\IMG\center_2025_12_07_01_36_20_800.jpg,E:\IMG\left_2025_12_07_01_36_20_800.jpg,E:\IMG\right_2025_12_07_01_36_20_800.jpg,0,0.6355752,0,30.1107
E:\IMG\center_2025_12_07_01_36_20_875.jpg,E:\IMG\left_2025_12_07_01_36_20_875.jpg,E:\IMG\right_2025_12_07_01_36_20_875.jpg,0,0.411594,0,30.06383
E:\IMG\center_2025_12_07_01_36_20_943.jpg,E:\IMG\left_2025_12_07_01_36_20_943.jpg,E:\IMG\right_2025_12_07_01_36_20_943.jpg,0,0.4989938,0,30.05337
E:\IMG\center_2025_12_07_01_36_21_024.jpg,E:\IMG\left_2025_12_07_01_36_21_024.jpg,E:\IMG\right_2025_12_07_01_36_21_024.jpg,0,0.7426586,0,30.13072
E:\IMG\center_2025_12_07_01_36_21_112.jpg,E:\IMG\left_2025_12_07_01_36_21_112.jpg,E:\IMG\right_2025_12_07_01_36_21_112.jpg,-0.05,1,0,30.17531
E:\IMG\center_2025_12_07_01_36_21_179.jpg,E:\IMG\left_2025_12_07_01_36_21_179.jpg,E:\IMG\right_2025_12_07_01_36_21_179.jpg,-0.2,0.8719957,0,30.16071
E:\IMG\center_2025_12_07_01_36_21_251.jpg,E:\IMG\left_2025_12_07_01_36_21_251.jpg,E:\IMG\right_2025_12_07_01_36_21_251.jpg,-0.4,0.6577399,0,30.08265
E:\IMG\center_2025_12_07_01_36_21_325.jpg,E:\IMG\left_2025_12_07_01_36_21_325.jpg,E:\IMG\right_2025_12_07_01_36_21_325.jpg,0,0.4374244,0,30.06311
E:\IMG\center_2025_12_07_01_36_21_391.jpg,E:\IMG\left_2025_12_07_01_36_21_391.jpg,E:\IMG\right_2025_12_07_01_36_21_391.jpg,0,0.2365117,0,30.00768
E:\IMG\center_2025_12_07_01_36_21_459.jpg,E:\IMG\left_2025_12_07_01_36_21_459.jpg,E:\IMG\right_2025_12_07_01_36_21_459.jpg,0,0.03226212,0,29.92336
E:\IMG\center_2025_12_07_01_36_21_547.jpg,E:\IMG\left_2025_12_07_01_36_21_547.jpg,E:\IMG\right_2025_12_07_01_36_21_547.jpg,0,0,0,29.62739
E:\IMG\center_2025_12_07_01_36_21_616.jpg,E:\IMG\left_2025_12_07_01_36_21_616.jpg,E:\IMG\right_2025_12_07_01_36_21_616.jpg,-0.15,0,0,29.44109
E:\IMG\center_2025_12_07_01_36_21_686.jpg,E:\IMG\left_2025_12_07_01_36_21_686.jpg,E:\IMG\right_2025_12_07_01_36_21_686.jpg,-0.35,0,0,29.1375
E:\IMG\center_2025_12_07_01_36_21_778.jpg,E:\IMG\left_2025_12_07_01_36_21_778.jpg,E:\IMG\right_2025_12_07_01_36_21_778.jpg,0,0,0,28.8261
E:\IMG\center_2025_12_07_01_36_21_858.jpg,E:\IMG\left_2025_12_07_01_36_21_858.jpg,E:\IMG\right_2025_12_07_01_36_21_858.jpg,0,0,0,28.58704
E:\IMG\center_2025_12_07_01_36_21_947.jpg,E:\IMG\left_2025_12_07_01_36_21_947.jpg,E:\IMG\right_2025_12_07_01_36_21_947.jpg,0,0,0,28.29837
E:\IMG\center_2025_12_07_01_36_22_037.jpg,E:\IMG\left_2025_12_07_01_36_22_037.jpg,E:\IMG\right_2025_12_07_01_36_22_037.jpg,-0.1,0,0,28.06882
E:\IMG\center_2025_12_07_01_36_22_126.jpg,E:\IMG\left_2025_12_07_01_36_22_126.jpg,E:\IMG\right_2025_12_07_01_36_22_126.jpg,-0.35,0,0,27.7193
E:\IMG\center_2025_12_07_01_36_22_193.jpg,E:\IMG\left_2025_12_07_01_36_22_193.jpg,E:\IMG\right_2025_12_07_01_36_22_193.jpg,-0.5000001,0,0,27.44873
E:\IMG\center_2025_12_07_01_36_22_262.jpg,E:\IMG\left_2025_12_07_01_36_22_262.jpg,E:\IMG\right_2025_12_07_01_36_22_262.jpg,0,0,0,27.21825
E:\IMG\center_2025_12_07_01_36_22_330.jpg,E:\IMG\left_2025_12_07_01_36_22_330.jpg,E:\IMG\right_2025_12_07_01_36_22_330.jpg,0,0,0,26.98612
E:\IMG\center_2025_12_07_01_36_22_399.jpg,E:\IMG\left_2025_12_07_01_36_22_399.jpg,E:\IMG\right_2025_12_07_01_36_22_399.jpg,0,0,0,26.82092
E:\IMG\center_2025_12_07_01_36_22_486.jpg,E:\IMG\left_2025_12_07_01_36_22_486.jpg,E:\IMG\right_2025_12_07_01_36_22_486.jpg,0,0,0,26.55066
E:\IMG\center_2025_12_07_01_36_22_559.jpg,E:\IMG\left_2025_12_07_01_36_22_559.jpg,E:\IMG\right_2025_12_07_01_36_22_559.jpg,-0.05,0,0,26.38999
E:\IMG\center_2025_12_07_01_36_22_649.jpg,E:\IMG\left_2025_12_07_01_36_22_649.jpg,E:\IMG\right_2025_12_07_01_36_22_649.jpg,-0.3,0,0,26.07917
E:\IMG\center_2025_12_07_01_36_22_737.jpg,E:\IMG\left_2025_12_07_01_36_22_737.jpg,E:\IMG\right_2025_12_07_01_36_22_737.jpg,-0.5000001,0,0,25.74723
E:\IMG\center_2025_12_07_01_36_22_805.jpg,E:\IMG\left_2025_12_07_01_36_22_805.jpg,E:\IMG\right_2025_12_07_01_36_22_805.jpg,-0.7,0,0,25.33764
E:\IMG\center_2025_12_07_01_36_22_896.jpg,E:\IMG\left_2025_12_07_01_36_22_896.jpg,E:\IMG\right_2025_12_07_01_36_22_896.jpg,-0.9000002,0,0,24.85557
E:\IMG\center_2025_12_07_01_36_22_964.jpg,E:\IMG\left_2025_12_07_01_36_22_964.jpg,E:\IMG\right_2025_12_07_01_36_22_964.jpg,0,0,0,24.55843
E:\IMG\center_2025_12_07_01_36_23_039.jpg,E:\IMG\left_2025_12_07_01_36_23_039.jpg,E:\IMG\right_2025_12_07_01_36_23_039.jpg,0,0,0,24.29141
E:\IMG\center_2025_12_07_01_36_23_129.jpg,E:\IMG\left_2025_12_07_01_36_23_129.jpg,E:\IMG\right_2025_12_07_01_36_23_129.jpg,0,0.1397448,0,24.10706
E:\IMG\center_2025_12_07_01_36_23_215.jpg,E:\IMG\left_2025_12_07_01_36_23_215.jpg,E:\IMG\right_2025_12_07_01_36_23_215.jpg,0,0.3996786,0,24.16245
E:\IMG\center_2025_12_07_01_36_23_303.jpg,E:\IMG\left_2025_12_07_01_36_23_303.jpg,E:\IMG\right_2025_12_07_01_36_23_303.jpg,0,0.6659031,0,24.47737
E:\IMG\center_2025_12_07_01_36_23_386.jpg,E:\IMG\left_2025_12_07_01_36_23_386.jpg,E:\IMG\right_2025_12_07_01_36_23_386.jpg,0,0.9166167,0,25.18166
E:\IMG\center_2025_12_07_01_36_23_475.jpg,E:\IMG\left_2025_12_07_01_36_23_475.jpg,E:\IMG\right_2025_12_07_01_36_23_475.jpg,-0.15,0.9273361,0,25.92221
E:\IMG\center_2025_12_07_01_36_23_542.jpg,E:\IMG\left_2025_12_07_01_36_23_542.jpg,E:\IMG\right_2025_12_07_01_36_23_542.jpg,-0.3,0.7258474,0,26.32766
E:\IMG\center_2025_12_07_01_36_23_628.jpg,E:\IMG\left_2025_12_07_01_36_23_628.jpg,E:\IMG\right_2025_12_07_01_36_23_628.jpg,0,0.4689544,0,26.76337
E:\IMG\center_2025_12_07_01_36_23_696.jpg,E:\IMG\left_2025_12_07_01_36_23_696.jpg,E:\IMG\right_2025_12_07_01_36_23_696.jpg,0,0.2651197,0,26.87839
E:\IMG\center_2025_12_07_01_36_23_766.jpg,E:\IMG\left_2025_12_07_01_36_23_766.jpg,E:\IMG\right_2025_12_07_01_36_23_766.jpg,0,0.05452326,0,26.79652
E:\IMG\center_2025_12_07_01_36_23_839.jpg,E:\IMG\left_2025_12_07_01_36_23_839.jpg,E:\IMG\right_2025_12_07_01_36_23_839.jpg,-0.15,0,0,26.64122
E:\IMG\center_2025_12_07_01_36_23_906.jpg,E:\IMG\left_2025_12_07_01_36_23_906.jpg,E:\IMG\right_2025_12_07_01_36_23_906.jpg,-0.35,0,0,26.36424
E:\IMG\center_2025_12_07_01_36_23_973.jpg,E:\IMG\left_2025_12_07_01_36_23_973.jpg,E:\IMG\right_2025_12_07_01_36_23_973.jpg,-0.5000001,0,0,26.10524
E:\IMG\center_2025_12_07_01_36_24_048.jpg,E:\IMG\left_2025_12_07_01_36_24_048.jpg,E:\IMG\right_2025_12_07_01_36_24_048.jpg,0,0,0,25.77709
E:\IMG\center_2025_12_07_01_36_24_117.jpg,E:\IMG\left_2025_12_07_01_36_24_117.jpg,E:\IMG\right_2025_12_07_01_36_24_117.jpg,0,0.1335687,0,25.63302
E:\IMG\center_2025_12_07_01_36_24_203.jpg,E:\IMG\left_2025_12_07_01_36_24_203.jpg,E:\IMG\right_2025_12_07_01_36_24_203.jpg,0,0.3912729,0,25.66769
E:\IMG\center_2025_12_07_01_36_24_269.jpg,E:\IMG\left_2025_12_07_01_36_24_269.jpg,E:\IMG\right_2025_12_07_01_36_24_269.jpg,-0.05,0.5919525,0,25.92992
E:\IMG\center_2025_12_07_01_36_24_337.jpg,E:\IMG\left_2025_12_07_01_36_24_337.jpg,E:\IMG\right_2025_12_07_01_36_24_337.jpg,-0.2,0.794958,0,26.26569
E:\IMG\center_2025_12_07_01_36_24_406.jpg,E:\IMG\left_2025_12_07_01_36_24_406.jpg,E:\IMG\right_2025_12_07_01_36_24_406.jpg,-0.4,0.7237332,0,26.76402
E:\IMG\center_2025_12_07_01_36_24_476.jpg,E:\IMG\left_2025_12_07_01_36_24_476.jpg,E:\IMG\right_2025_12_07_01_36_24_476.jpg,-0.5500001,0.5134413,0,26.9374
E:\IMG\center_2025_12_07_01_36_24_545.jpg,E:\IMG\left_2025_12_07_01_36_24_545.jpg,E:\IMG\right_2025_12_07_01_36_24_545.jpg,-0.7500002,0.3091685,0,26.87009
E:\IMG\center_2025_12_07_01_36_24_633.jpg,E:\IMG\left_2025_12_07_01_36_24_633.jpg,E:\IMG\right_2025_12_07_01_36_24_633.jpg,0,0.04076574,0,26.70978
E:\IMG\center_2025_12_07_01_36_24_704.jpg,E:\IMG\left_2025_12_07_01_36_24_704.jpg,E:\IMG\right_2025_12_07_01_36_24_704.jpg,0,0,0,26.52534
E:\IMG\center_2025_12_07_01_36_24_780.jpg,E:\IMG\left_2025_12_07_01_36_24_780.jpg,E:\IMG\right_2025_12_07_01_36_24_780.jpg,0,0,0,26.30311
E:\IMG\center_2025_12_07_01_36_24_849.jpg,E:\IMG\left_2025_12_07_01_36_24_849.jpg,E:\IMG\right_2025_12_07_01_36_24_849.jpg,-0.15,0,0,26.08859
E:\IMG\center_2025_12_07_01_36_24_917.jpg,E:\IMG\left_2025_12_07_01_36_24_917.jpg,E:\IMG\right_2025_12_07_01_36_24_917.jpg,-0.3,0,0,25.90075
E:\IMG\center_2025_12_07_01_36_24_986.jpg,E:\IMG\left_2025_12_07_01_36_24_986.jpg,E:\IMG\right_2025_12_07_01_36_24_986.jpg,-0.5000001,0,0,25.57978
E:\IMG\center_2025_12_07_01_36_25_056.jpg,E:\IMG\left_2025_12_07_01_36_25_056.jpg,E:\IMG\right_2025_12_07_01_36_25_056.jpg,-0.6500001,0,0,25.28582
E:\IMG\center_2025_12_07_01_36_25_133.jpg,E:\IMG\left_2025_12_07_01_36_25_133.jpg,E:\IMG\right_2025_12_07_01_36_25_133.jpg,0,0,0,24.87744
E:\IMG\center_2025_12_07_01_36_25_201.jpg,E:\IMG\left_2025_12_07_01_36_25_201.jpg,E:\IMG\right_2025_12_07_01_36_25_201.jpg,0,0,0,24.66709
E:\IMG\center_2025_12_07_01_36_25_271.jpg,E:\IMG\left_2025_12_07_01_36_25_271.jpg,E:\IMG\right_2025_12_07_01_36_25_271.jpg,0,0,0,24.45005
E:\IMG\center_2025_12_07_01_36_25_346.jpg,E:\IMG\left_2025_12_07_01_36_25_346.jpg,E:\IMG\right_2025_12_07_01_36_25_346.jpg,-0.1,0,0,24.25246
E:\IMG\center_2025_12_07_01_36_25_435.jpg,E:\IMG\left_2025_12_07_01_36_25_435.jpg,E:\IMG\right_2025_12_07_01_36_25_435.jpg,-0.3,0,0,24.02696
E:\IMG\center_2025_12_07_01_36_25_506.jpg,E:\IMG\left_2025_12_07_01_36_25_506.jpg,E:\IMG\right_2025_12_07_01_36_25_506.jpg,-0.5000001,0,0,23.72791
E:\IMG\center_2025_12_07_01_36_25_578.jpg,E:\IMG\left_2025_12_07_01_36_25_578.jpg,E:\IMG\right_2025_12_07_01_36_25_578.jpg,-0.6500001,0,0,23.45533
E:\IMG\center_2025_12_07_01_36_25_651.jpg,E:\IMG\left_2025_12_07_01_36_25_651.jpg,E:\IMG\right_2025_12_07_01_36_25_651.jpg,0,0,0,23.21393
E:\IMG\center_2025_12_07_01_36_25_736.jpg,E:\IMG\left_2025_12_07_01_36_25_736.jpg,E:\IMG\right_2025_12_07_01_36_25_736.jpg,0,0,0,23.01666
E:\IMG\center_2025_12_07_01_36_25_807.jpg,E:\IMG\left_2025_12_07_01_36_25_807.jpg,E:\IMG\right_2025_12_07_01_36_25_807.jpg,-0.1,0,0,22.83012
E:\IMG\center_2025_12_07_01_36_25_880.jpg,E:\IMG\left_2025_12_07_01_36_25_880.jpg,E:\IMG\right_2025_12_07_01_36_25_880.jpg,-0.25,0,0,22.67579
E:\IMG\center_2025_12_07_01_36_25_954.jpg,E:\IMG\left_2025_12_07_01_36_25_954.jpg,E:\IMG\right_2025_12_07_01_36_25_954.jpg,0,0,0,22.43085
E:\IMG\center_2025_12_07_01_36_26_026.jpg,E:\IMG\left_2025_12_07_01_36_26_026.jpg,E:\IMG\right_2025_12_07_01_36_26_026.jpg,0,0,0,22.24044
E:\IMG\center_2025_12_07_01_36_26_104.jpg,E:\IMG\left_2025_12_07_01_36_26_104.jpg,E:\IMG\right_2025_12_07_01_36_26_104.jpg,0,0.2334555,0,22.17699
E:\IMG\center_2025_12_07_01_36_26_204.jpg,E:\IMG\left_2025_12_07_01_36_26_204.jpg,E:\IMG\right_2025_12_07_01_36_26_204.jpg,-0.3,0.5343309,0,22.47463
E:\IMG\center_2025_12_07_01_36_26_272.jpg,E:\IMG\left_2025_12_07_01_36_26_272.jpg,E:\IMG\right_2025_12_07_01_36_26_272.jpg,-0.45,0.7373281,0,22.71787
E:\IMG\center_2025_12_07_01_36_26_354.jpg,E:\IMG\left_2025_12_07_01_36_26_354.jpg,E:\IMG\right_2025_12_07_01_36_26_354.jpg,0,0.9858034,0,23.3528
E:\IMG\center_2025_12_07_01_36_26_427.jpg,E:\IMG\left_2025_12_07_01_36_26_427.jpg,E:\IMG\right_2025_12_07_01_36_26_427.jpg,0,1,0,24.12897
E:\IMG\center_2025_12_07_01_36_26_497.jpg,E:\IMG\left_2025_12_07_01_36_26_497.jpg,E:\IMG\right_2025_12_07_01_36_26_497.jpg,0,1,0,24.71
E:\IMG\center_2025_12_07_01_36_26_569.jpg,E:\IMG\left_2025_12_07_01_36_26_569.jpg,E:\IMG\right_2025_12_07_01_36_26_569.jpg,-0.05,1,0,25.47728
E:\IMG\center_2025_12_07_01_36_26_644.jpg,E:\IMG\left_2025_12_07_01_36_26_644.jpg,E:\IMG\right_2025_12_07_01_36_26_644.jpg,-0.2,1,0,26.03502
E:\IMG\center_2025_12_07_01_36_26_726.jpg,E:\IMG\left_2025_12_07_01_36_26_726.jpg,E:\IMG\right_2025_12_07_01_36_26_726.jpg,0,1,0,26.97893
E:\IMG\center_2025_12_07_01_36_26_805.jpg,E:\IMG\left_2025_12_07_01_36_26_805.jpg,E:\IMG\right_2025_12_07_01_36_26_805.jpg,-0.1,1,0,27.72609
E:\IMG\center_2025_12_07_01_36_26_889.jpg,E:\IMG\left_2025_12_07_01_36_26_889.jpg,E:\IMG\right_2025_12_07_01_36_26_889.jpg,-0.3,1,0,28.42617
E:\IMG\center_2025_12_07_01_36_26_972.jpg,E:\IMG\left_2025_12_07_01_36_26_972.jpg,E:\IMG\right_2025_12_07_01_36_26_972.jpg,0,1,0,29.1323
E:\IMG\center_2025_12_07_01_36_27_063.jpg,E:\IMG\left_2025_12_07_01_36_27_063.jpg,E:\IMG\right_2025_12_07_01_36_27_063.jpg,0,1,0,29.86192
E:\IMG\center_2025_12_07_01_36_27_149.jpg,E:\IMG\left_2025_12_07_01_36_27_149.jpg,E:\IMG\right_2025_12_07_01_36_27_149.jpg,-0.1,1,0,30.19005
E:\IMG\center_2025_12_07_01_36_27_232.jpg,E:\IMG\left_2025_12_07_01_36_27_232.jpg,E:\IMG\right_2025_12_07_01_36_27_232.jpg,-0.3,1,0,30.17121
E:\IMG\center_2025_12_07_01_36_27_319.jpg,E:\IMG\left_2025_12_07_01_36_27_319.jpg,E:\IMG\right_2025_12_07_01_36_27_319.jpg,0,1,0,30.17974
E:\IMG\center_2025_12_07_01_36_27_402.jpg,E:\IMG\left_2025_12_07_01_36_27_402.jpg,E:\IMG\right_2025_12_07_01_36_27_402.jpg,0,1,0,30.1887
E:\IMG\center_2025_12_07_01_36_27_485.jpg,E:\IMG\left_2025_12_07_01_36_27_485.jpg,E:\IMG\right_2025_12_07_01_36_27_485.jpg,0,1,0,30.19015
E:\IMG\center_2025_12_07_01_36_27_564.jpg,E:\IMG\left_2025_12_07_01_36_27_564.jpg,E:\IMG\right_2025_12_07_01_36_27_564.jpg,0,1,0,30.19052
E:\IMG\center_2025_12_07_01_36_27_645.jpg,E:\IMG\left_2025_12_07_01_36_27_645.jpg,E:\IMG\right_2025_12_07_01_36_27_645.jpg,-0.15,1,0,30.18527
E:\IMG\center_2025_12_07_01_36_27_725.jpg,E:\IMG\left_2025_12_07_01_36_27_725.jpg,E:\IMG\right_2025_12_07_01_36_27_725.jpg,-0.35,1,0,30.16493
E:\IMG\center_2025_12_07_01_36_27_805.jpg,E:\IMG\left_2025_12_07_01_36_27_805.jpg,E:\IMG\right_2025_12_07_01_36_27_805.jpg,0,1,0,30.18748
E:\IMG\center_2025_12_07_01_36_27_880.jpg,E:\IMG\left_2025_12_07_01_36_27_880.jpg,E:\IMG\right_2025_12_07_01_36_27_880.jpg,0,1,0,30.18888
E:\IMG\center_2025_12_07_01_36_27_949.jpg,E:\IMG\left_2025_12_07_01_36_27_949.jpg,E:\IMG\right_2025_12_07_01_36_27_949.jpg,0,1,0,30.19023
E:\IMG\center_2025_12_07_01_36_28_016.jpg,E:\IMG\left_2025_12_07_01_36_28_016.jpg,E:\IMG\right_2025_12_07_01_36_28_016.jpg,0,1,0,30.19012
E:\IMG\center_2025_12_07_01_36_28_090.jpg,E:\IMG\left_2025_12_07_01_36_28_090.jpg,E:\IMG\right_2025_12_07_01_36_28_090.jpg,0,1,0,30.19062
E:\IMG\center_2025_12_07_01_36_28_163.jpg,E:\IMG\left_2025_12_07_01_36_28_163.jpg,E:\IMG\right_2025_12_07_01_36_28_163.jpg,0,1,0,30.19017
E:\IMG\center_2025_12_07_01_36_28_232.jpg,E:\IMG\left_2025_12_07_01_36_28_232.jpg,E:\IMG\right_2025_12_07_01_36_28_232.jpg,0,1,0,30.19017
E:\IMG\center_2025_12_07_01_36_28_312.jpg,E:\IMG\left_2025_12_07_01_36_28_312.jpg,E:\IMG\right_2025_12_07_01_36_28_312.jpg,0,1,0,30.19035
E:\IMG\center_2025_12_07_01_36_28_385.jpg,E:\IMG\left_2025_12_07_01_36_28_385.jpg,E:\IMG\right_2025_12_07_01_36_28_385.jpg,0,1,0,30.19032
E:\IMG\center_2025_12_07_01_36_28_460.jpg,E:\IMG\left_2025_12_07_01_36_28_460.jpg,E:\IMG\right_2025_12_07_01_36_28_460.jpg,0,1,0,30.19032
E:\IMG\center_2025_12_07_01_36_28_529.jpg,E:\IMG\left_2025_12_07_01_36_28_529.jpg,E:\IMG\right_2025_12_07_01_36_28_529.jpg,0,1,0,30.19046
E:\IMG\center_2025_12_07_01_36_28_606.jpg,E:\IMG\left_2025_12_07_01_36_28_606.jpg,E:\IMG\right_2025_12_07_01_36_28_606.jpg,0,1,0,30.19032
E:\IMG\center_2025_12_07_01_36_28_682.jpg,E:\IMG\left_2025_12_07_01_36_28_682.jpg,E:\IMG\right_2025_12_07_01_36_28_682.jpg,0,1,0,30.1903
E:\IMG\center_2025_12_07_01_36_28_758.jpg,E:\IMG\left_2025_12_07_01_36_28_758.jpg,E:\IMG\right_2025_12_07_01_36_28_758.jpg,0,1,0,30.19029
E:\IMG\center_2025_12_07_01_36_28_831.jpg,E:\IMG\left_2025_12_07_01_36_28_831.jpg,E:\IMG\right_2025_12_07_01_36_28_831.jpg,0,1,0,30.19031
E:\IMG\center_2025_12_07_01_36_28_910.jpg,E:\IMG\left_2025_12_07_01_36_28_910.jpg,E:\IMG\right_2025_12_07_01_36_28_910.jpg,0,1,0,30.19029
E:\IMG\center_2025_12_07_01_36_28_988.jpg,E:\IMG\left_2025_12_07_01_36_28_988.jpg,E:\IMG\right_2025_12_07_01_36_28_988.jpg,0,1,0,30.19031
E:\IMG\center_2025_12_07_01_36_29_074.jpg,E:\IMG\left_2025_12_07_01_36_29_074.jpg,E:\IMG\right_2025_12_07_01_36_29_074.jpg,0,1,0,30.1903
E:\IMG\center_2025_12_07_01_36_29_153.jpg,E:\IMG\left_2025_12_07_01_36_29_153.jpg,E:\IMG\right_2025_12_07_01_36_29_153.jpg,0,1,0,30.19032
E:\IMG\center_2025_12_07_01_36_29_235.jpg,E:\IMG\left_2025_12_07_01_36_29_235.jpg,E:\IMG\right_2025_12_07_01_36_29_235.jpg,0,1,0,30.1903
E:\IMG\center_2025_12_07_01_36_29_318.jpg,E:\IMG\left_2025_12_07_01_36_29_318.jpg,E:\IMG\right_2025_12_07_01_36_29_318.jpg,0,1,0,30.1903
E:\IMG\center_2025_12_07_01_36_29_403.jpg,E:\IMG\left_2025_12_07_01_36_29_403.jpg,E:\IMG\right_2025_12_07_01_36_29_403.jpg,0,1,0,30.19032
E:\IMG\center_2025_12_07_01_36_29_487.jpg,E:\IMG\left_2025_12_07_01_36_29_487.jpg,E:\IMG\right_2025_12_07_01_36_29_487.jpg,0,1,0,30.19032
E:\IMG\center_2025_12_07_01_36_29_566.jpg,E:\IMG\left_2025_12_07_01_36_29_566.jpg,E:\IMG\right_2025_12_07_01_36_29_566.jpg,0,1,0,30.19031
E:\IMG\center_2025_12_07_01_36_29_646.jpg,E:\IMG\left_2025_12_07_01_36_29_646.jpg,E:\IMG\right_2025_12_07_01_36_29_646.jpg,0,1,0,30.19033
E:\IMG\center_2025_12_07_01_36_29_728.jpg,E:\IMG\left_2025_12_07_01_36_29_728.jpg,E:\IMG\right_2025_12_07_01_36_29_728.jpg,0,1,0,30.1903
E:\IMG\center_2025_12_07_01_36_29_810.jpg,E:\IMG\left_2025_12_07_01_36_29_810.jpg,E:\IMG\right_2025_12_07_01_36_29_810.jpg,0,1,0,30.19025
E:\IMG\center_2025_12_07_01_36_29_888.jpg,E:\IMG\left_2025_12_07_01_36_29_888.jpg,E:\IMG\right_2025_12_07_01_36_29_888.jpg,0,1,0,30.19033
E:\IMG\center_2025_12_07_01_36_29_977.jpg,E:\IMG\left_2025_12_07_01_36_29_977.jpg,E:\IMG\right_2025_12_07_01_36_29_977.jpg,0,1,0,30.19032
E:\IMG\center_2025_12_07_01_36_30_046.jpg,E:\IMG\left_2025_12_07_01_36_30_046.jpg,E:\IMG\right_2025_12_07_01_36_30_046.jpg,0,1,0,30.1903
E:\IMG\center_2025_12_07_01_36_30_126.jpg,E:\IMG\left_2025_12_07_01_36_30_126.jpg,E:\IMG\right_2025_12_07_01_36_30_126.jpg,0,1,0,30.19023
E:\IMG\center_2025_12_07_01_36_30_199.jpg,E:\IMG\left_2025_12_07_01_36_30_199.jpg,E:\IMG\right_2025_12_07_01_36_30_199.jpg,0,1,0,30.19028
E:\IMG\center_2025_12_07_01_36_30_274.jpg,E:\IMG\left_2025_12_07_01_36_30_274.jpg,E:\IMG\right_2025_12_07_01_36_30_274.jpg,0,1,0,30.19036
E:\IMG\center_2025_12_07_01_36_30_343.jpg,E:\IMG\left_2025_12_07_01_36_30_343.jpg,E:\IMG\right_2025_12_07_01_36_30_343.jpg,0,1,0,30.19028
E:\IMG\center_2025_12_07_01_36_30_416.jpg,E:\IMG\left_2025_12_07_01_36_30_416.jpg,E:\IMG\right_2025_12_07_01_36_30_416.jpg,0,1,0,30.19031
E:\IMG\center_2025_12_07_01_36_30_484.jpg,E:\IMG\left_2025_12_07_01_36_30_484.jpg,E:\IMG\right_2025_12_07_01_36_30_484.jpg,0,1,0,30.19028
E:\IMG\center_2025_12_07_01_36_30_555.jpg,E:\IMG\left_2025_12_07_01_36_30_555.jpg,E:\IMG\right_2025_12_07_01_36_30_555.jpg,0,1,0,30.19029
E:\IMG\center_2025_12_07_01_36_30_624.jpg,E:\IMG\left_2025_12_07_01_36_30_624.jpg,E:\IMG\right_2025_12_07_01_36_30_624.jpg,0,1,0,30.19031
E:\IMG\center_2025_12_07_01_36_30_710.jpg,E:\IMG\left_2025_12_07_01_36_30_710.jpg,E:\IMG\right_2025_12_07_01_36_30_710.jpg,0,1,0,30.1903
E:\IMG\center_2025_12_07_01_36_30_798.jpg,E:\IMG\left_2025_12_07_01_36_30_798.jpg,E:\IMG\right_2025_12_07_01_36_30_798.jpg,0,1,0,30.19032
E:\IMG\center_2025_12_07_01_36_30_882.jpg,E:\IMG\left_2025_12_07_01_36_30_882.jpg,E:\IMG\right_2025_12_07_01_36_30_882.jpg,0,1,0,30.19031
E:\IMG\center_2025_12_07_01_36_30_965.jpg,E:\IMG\left_2025_12_07_01_36_30_965.jpg,E:\IMG\right_2025_12_07_01_36_30_965.jpg,0,0.8786698,0,30.16992
E:\IMG\center_2025_12_07_01_36_31_050.jpg,E:\IMG\left_2025_12_07_01_36_31_050.jpg,E:\IMG\right_2025_12_07_01_36_31_050.jpg,0,0.6217726,0,30.10527
E:\IMG\center_2025_12_07_01_36_31_136.jpg,E:\IMG\left_2025_12_07_01_36_31_136.jpg,E:\IMG\right_2025_12_07_01_36_31_136.jpg,0,0.3664252,0,30.0405
E:\IMG\center_2025_12_07_01_36_31_221.jpg,E:\IMG\left_2025_12_07_01_36_31_221.jpg,E:\IMG\right_2025_12_07_01_36_31_221.jpg,0,0.1097611,0,29.96938
E:\IMG\center_2025_12_07_01_36_31_307.jpg,E:\IMG\left_2025_12_07_01_36_31_307.jpg,E:\IMG\right_2025_12_07_01_36_31_307.jpg,0,0,0,29.69818
E:\IMG\center_2025_12_07_01_36_31_394.jpg,E:\IMG\left_2025_12_07_01_36_31_394.jpg,E:\IMG\right_2025_12_07_01_36_31_394.jpg,0,0,0,29.45952
E:\IMG\center_2025_12_07_01_36_31_476.jpg,E:\IMG\left_2025_12_07_01_36_31_476.jpg,E:\IMG\right_2025_12_07_01_36_31_476.jpg,0,0,0,29.22263
E:\IMG\center_2025_12_07_01_36_31_554.jpg,E:\IMG\left_2025_12_07_01_36_31_554.jpg,E:\IMG\right_2025_12_07_01_36_31_554.jpg,0.1,0,0,28.9845
E:\IMG\center_2025_12_07_01_36_31_636.jpg,E:\IMG\left_2025_12_07_01_36_31_636.jpg,E:\IMG\right_2025_12_07_01_36_31_636.jpg,0.3,0,0,28.70119
E:\IMG\center_2025_12_07_01_36_31_718.jpg,E:\IMG\left_2025_12_07_01_36_31_718.jpg,E:\IMG\right_2025_12_07_01_36_31_718.jpg,0,0,0,28.4647
E:\IMG\center_2025_12_07_01_36_31_792.jpg,E:\IMG\left_2025_12_07_01_36_31_792.jpg,E:\IMG\right_2025_12_07_01_36_31_792.jpg,0,0,0,28.23466
E:\IMG\center_2025_12_07_01_36_31_872.jpg,E:\IMG\left_2025_12_07_01_36_31_872.jpg,E:\IMG\right_2025_12_07_01_36_31_872.jpg,0,0,0,28.00735
E:\IMG\center_2025_12_07_01_36_31_949.jpg,E:\IMG\left_2025_12_07_01_36_31_949.jpg,E:\IMG\right_2025_12_07_01_36_31_949.jpg,0,0.2338524,0,27.8854
E:\IMG\center_2025_12_07_01_36_32_029.jpg,E:\IMG\left_2025_12_07_01_36_32_029.jpg,E:\IMG\right_2025_12_07_01_36_32_029.jpg,0,0.1264239,0,27.89255
E:\IMG\center_2025_12_07_01_36_32_113.jpg,E:\IMG\left_2025_12_07_01_36_32_113.jpg,E:\IMG\right_2025_12_07_01_36_32_113.jpg,0,0,0,27.70398
E:\IMG\center_2025_12_07_01_36_32_197.jpg,E:\IMG\left_2025_12_07_01_36_32_197.jpg,E:\IMG\right_2025_12_07_01_36_32_197.jpg,0,0,0,27.48048
E:\IMG\center_2025_12_07_01_36_32_273.jpg,E:\IMG\left_2025_12_07_01_36_32_273.jpg,E:\IMG\right_2025_12_07_01_36_32_273.jpg,0.2,0,0,27.24111
E:\IMG\center_2025_12_07_01_36_32_352.jpg,E:\IMG\left_2025_12_07_01_36_32_352.jpg,E:\IMG\right_2025_12_07_01_36_32_352.jpg,0,0,0,26.9587
E:\IMG\center_2025_12_07_01_36_32_434.jpg,E:\IMG\left_2025_12_07_01_36_32_434.jpg,E:\IMG\right_2025_12_07_01_36_32_434.jpg,0,0,0,26.73807
E:\IMG\center_2025_12_07_01_36_32_509.jpg,E:\IMG\left_2025_12_07_01_36_32_509.jpg,E:\IMG\right_2025_12_07_01_36_32_509.jpg,0,0,0,26.52197
E:\IMG\center_2025_12_07_01_36_32_585.jpg,E:\IMG\left_2025_12_07_01_36_32_585.jpg,E:\IMG\right_2025_12_07_01_36_32_585.jpg,0,0,0,26.30843
E:\IMG\center_2025_12_07_01_36_32_661.jpg,E:\IMG\left_2025_12_07_01_36_32_661.jpg,E:\IMG\right_2025_12_07_01_36_32_661.jpg,0,0.1775688,0,26.20418
E:\IMG\center_2025_12_07_01_36_32_745.jpg,E:\IMG\left_2025_12_07_01_36_32_745.jpg,E:\IMG\right_2025_12_07_01_36_32_745.jpg,0,0.3441636,0,26.33633
E:\IMG\center_2025_12_07_01_36_32_817.jpg,E:\IMG\left_2025_12_07_01_36_32_817.jpg,E:\IMG\right_2025_12_07_01_36_32_817.jpg,0.05,0.124935,0,26.35295
E:\IMG\center_2025_12_07_01_36_32_890.jpg,E:\IMG\left_2025_12_07_01_36_32_890.jpg,E:\IMG\right_2025_12_07_01_36_32_890.jpg,0.25,0,0,26.14958
E:\IMG\center_2025_12_07_01_36_32_971.jpg,E:\IMG\left_2025_12_07_01_36_32_971.jpg,E:\IMG\right_2025_12_07_01_36_32_971.jpg,0.45,0,0,25.8338
E:\IMG\center_2025_12_07_01_36_33_041.jpg,E:\IMG\left_2025_12_07_01_36_33_041.jpg,E:\IMG\right_2025_12_07_01_36_33_041.jpg,0.6000001,0,0,25.54558
E:\IMG\center_2025_12_07_01_36_33_113.jpg,E:\IMG\left_2025_12_07_01_36_33_113.jpg,E:\IMG\right_2025_12_07_01_36_33_113.jpg,0,0,0,25.30063
E:\IMG\center_2025_12_07_01_36_33_190.jpg,E:\IMG\left_2025_12_07_01_36_33_190.jpg,E:\IMG\right_2025_12_07_01_36_33_190.jpg,0,0,0,25.08876
E:\IMG\center_2025_12_07_01_36_33_261.jpg,E:\IMG\left_2025_12_07_01_36_33_261.jpg,E:\IMG\right_2025_12_07_01_36_33_261.jpg,0.1,0,0,24.93609
E:\IMG\center_2025_12_07_01_36_33_335.jpg,E:\IMG\left_2025_12_07_01_36_33_335.jpg,E:\IMG\right_2025_12_07_01_36_33_335.jpg,0,0,0,24.71275
E:\IMG\center_2025_12_07_01_36_33_409.jpg,E:\IMG\left_2025_12_07_01_36_33_409.jpg,E:\IMG\right_2025_12_07_01_36_33_409.jpg,0,0,0,24.51089
E:\IMG\center_2025_12_07_01_36_33_480.jpg,E:\IMG\left_2025_12_07_01_36_33_480.jpg,E:\IMG\right_2025_12_07_01_36_33_480.jpg,0,0,0,24.3625
E:\IMG\center_2025_12_07_01_36_33_555.jpg,E:\IMG\left_2025_12_07_01_36_33_555.jpg,E:\IMG\right_2025_12_07_01_36_33_555.jpg,0,0.06525271,0,24.1664
E:\IMG\center_2025_12_07_01_36_33_641.jpg,E:\IMG\left_2025_12_07_01_36_33_641.jpg,E:\IMG\right_2025_12_07_01_36_33_641.jpg,0,0.3216951,0,24.12307
E:\IMG\center_2025_12_07_01_36_33_711.jpg,E:\IMG\left_2025_12_07_01_36_33_711.jpg,E:\IMG\right_2025_12_07_01_36_33_711.jpg,0,0.5313216,0,24.34392
E:\IMG\center_2025_12_07_01_36_33_780.jpg,E:\IMG\left_2025_12_07_01_36_33_780.jpg,E:\IMG\right_2025_12_07_01_36_33_780.jpg,0,0.4700227,0,24.59977
E:\IMG\center_2025_12_07_01_36_33_855.jpg,E:\IMG\left_2025_12_07_01_36_33_855.jpg,E:\IMG\right_2025_12_07_01_36_33_855.jpg,0.2,0.2012869,0,24.6922
E:\IMG\center_2025_12_07_01_36_33_926.jpg,E:\IMG\left_2025_12_07_01_36_33_926.jpg,E:\IMG\right_2025_12_07_01_36_33_926.jpg,0.4,0,0,24.50485
E:\IMG\center_2025_12_07_01_36_33_997.jpg,E:\IMG\left_2025_12_07_01_36_33_997.jpg,E:\IMG\right_2025_12_07_01_36_33_997.jpg,0.5500001,0,0,24.24532
E:\IMG\center_2025_12_07_01_36_34_065.jpg,E:\IMG\left_2025_12_07_01_36_34_065.jpg,E:\IMG\right_2025_12_07_01_36_34_065.jpg,0,0,0,23.97156
E:\IMG\center_2025_12_07_01_36_34_133.jpg,E:\IMG\left_2025_12_07_01_36_34_133.jpg,E:\IMG\right_2025_12_07_01_36_34_133.jpg,0,0,0,23.81503
E:\IMG\center_2025_12_07_01_36_34_204.jpg,E:\IMG\left_2025_12_07_01_36_34_204.jpg,E:\IMG\right_2025_12_07_01_36_34_204.jpg,0.15,0,0,23.62087
E:\IMG\center_2025_12_07_01_36_34_273.jpg,E:\IMG\left_2025_12_07_01_36_34_273.jpg,E:\IMG\right_2025_12_07_01_36_34_273.jpg,0.3,0,0,23.45222
E:\IMG\center_2025_12_07_01_36_34_340.jpg,E:\IMG\left_2025_12_07_01_36_34_340.jpg,E:\IMG\right_2025_12_07_01_36_34_340.jpg,0.45,0,0,23.2408
E:\IMG\center_2025_12_07_01_36_34_422.jpg,E:\IMG\left_2025_12_07_01_36_34_422.jpg,E:\IMG\right_2025_12_07_01_36_34_422.jpg,0,0,0,22.99937
E:\IMG\center_2025_12_07_01_36_34_492.jpg,E:\IMG\left_2025_12_07_01_36_34_492.jpg,E:\IMG\right_2025_12_07_01_36_34_492.jpg,0,0.0626373,0,22.80767
E:\IMG\center_2025_12_07_01_36_34_569.jpg,E:\IMG\left_2025_12_07_01_36_34_569.jpg,E:\IMG\right_2025_12_07_01_36_34_569.jpg,0,0.2943753,0,22.79527
E:\IMG\center_2025_12_07_01_36_34_651.jpg,E:\IMG\left_2025_12_07_01_36_34_651.jpg,E:\IMG\right_2025_12_07_01_36_34_651.jpg,0.15,0.5414856,0,23.01149
E:\IMG\center_2025_12_07_01_36_34_735.jpg,E:\IMG\left_2025_12_07_01_36_34_735.jpg,E:\IMG\right_2025_12_07_01_36_34_735.jpg,0.35,0.5728437,0,23.36859
E:\IMG\center_2025_12_07_01_36_34_808.jpg,E:\IMG\left_2025_12_07_01_36_34_808.jpg,E:\IMG\right_2025_12_07_01_36_34_808.jpg,0.5500001,0.3529086,0,23.5056
E:\IMG\center_2025_12_07_01_36_34_889.jpg,E:\IMG\left_2025_12_07_01_36_34_889.jpg,E:\IMG\right_2025_12_07_01_36_34_889.jpg,0.7500002,0.1104222,0,23.34122
E:\IMG\center_2025_12_07_01_36_34_966.jpg,E:\IMG\left_2025_12_07_01_36_34_966.jpg,E:\IMG\right_2025_12_07_01_36_34_966.jpg,0,0,0,22.98839
E:\IMG\center_2025_12_07_01_36_35_046.jpg,E:\IMG\left_2025_12_07_01_36_35_046.jpg,E:\IMG\right_2025_12_07_01_36_35_046.jpg,0,0,0,22.75784
E:\IMG\center_2025_12_07_01_36_35_127.jpg,E:\IMG\left_2025_12_07_01_36_35_127.jpg,E:\IMG\right_2025_12_07_01_36_35_127.jpg,0,0,0,22.56059
E:\IMG\center_2025_12_07_01_36_35_207.jpg,E:\IMG\left_2025_12_07_01_36_35_207.jpg,E:\IMG\right_2025_12_07_01_36_35_207.jpg,0,0,0,22.36899
E:\IMG\center_2025_12_07_01_36_35_275.jpg,E:\IMG\left_2025_12_07_01_36_35_275.jpg,E:\IMG\right_2025_12_07_01_36_35_275.jpg,0.1,0,0,22.29752
E:\IMG\center_2025_12_07_01_36_35_353.jpg,E:\IMG\left_2025_12_07_01_36_35_353.jpg,E:\IMG\right_2025_12_07_01_36_35_353.jpg,0.3,0,0,22.0932
E:\IMG\center_2025_12_07_01_36_35_436.jpg,E:\IMG\left_2025_12_07_01_36_35_436.jpg,E:\IMG\right_2025_12_07_01_36_35_436.jpg,0.5000001,0,0,21.82188
E:\IMG\center_2025_12_07_01_36_35_513.jpg,E:\IMG\left_2025_12_07_01_36_35_513.jpg,E:\IMG\right_2025_12_07_01_36_35_513.jpg,0.7,0,0,21.4737
E:\IMG\center_2025_12_07_01_36_35_580.jpg,E:\IMG\left_2025_12_07_01_36_35_580.jpg,E:\IMG\right_2025_12_07_01_36_35_580.jpg,0.8500001,0,0,21.04316
E:\IMG\center_2025_12_07_01_36_35_661.jpg,E:\IMG\left_2025_12_07_01_36_35_661.jpg,E:\IMG\right_2025_12_07_01_36_35_661.jpg,1,0,0,20.59299
E:\IMG\center_2025_12_07_01_36_35_743.jpg,E:\IMG\left_2025_12_07_01_36_35_743.jpg,E:\IMG\right_2025_12_07_01_36_35_743.jpg,1,0,0,20.21819
E:\IMG\center_2025_12_07_01_36_35_825.jpg,E:\IMG\left_2025_12_07_01_36_35_825.jpg,E:\IMG\right_2025_12_07_01_36_35_825.jpg,0,0.0482058,0,20.04156
E:\IMG\center_2025_12_07_01_36_35_897.jpg,E:\IMG\left_2025_12_07_01_36_35_897.jpg,E:\IMG\right_2025_12_07_01_36_35_897.jpg,0,0.2650437,0,19.77889
E:\IMG\center_2025_12_07_01_36_35_968.jpg,E:\IMG\left_2025_12_07_01_36_35_968.jpg,E:\IMG\right_2025_12_07_01_36_35_968.jpg,0,0.3744216,0,19.93471
E:\IMG\center_2025_12_07_01_36_36_036.jpg,E:\IMG\left_2025_12_07_01_36_36_036.jpg,E:\IMG\right_2025_12_07_01_36_36_036.jpg,0,0.1665015,0,20.19911
E:\IMG\center_2025_12_07_01_36_36_106.jpg,E:\IMG\left_2025_12_07_01_36_36_106.jpg,E:\IMG\right_2025_12_07_01_36_36_106.jpg,0,0,0,20.12354
E:\IMG\center_2025_12_07_01_36_36_180.jpg,E:\IMG\left_2025_12_07_01_36_36_180.jpg,E:\IMG\right_2025_12_07_01_36_36_180.jpg,0,0,0,19.67297
E:\IMG\center_2025_12_07_01_36_36_255.jpg,E:\IMG\left_2025_12_07_01_36_36_255.jpg,E:\IMG\right_2025_12_07_01_36_36_255.jpg,0.2,0,0,19.49092
E:\IMG\center_2025_12_07_01_36_36_327.jpg,E:\IMG\left_2025_12_07_01_36_36_327.jpg,E:\IMG\right_2025_12_07_01_36_36_327.jpg,0.4,0,0,19.27625
E:\IMG\center_2025_12_07_01_36_36_402.jpg,E:\IMG\left_2025_12_07_01_36_36_402.jpg,E:\IMG\right_2025_12_07_01_36_36_402.jpg,0.5500001,0,0,19.42023
E:\IMG\center_2025_12_07_01_36_36_472.jpg,E:\IMG\left_2025_12_07_01_36_36_472.jpg,E:\IMG\right_2025_12_07_01_36_36_472.jpg,0,0,0,19.11649
E:\IMG\center_2025_12_07_01_36_36_541.jpg,E:\IMG\left_2025_12_07_01_36_36_541.jpg,E:\IMG\right_2025_12_07_01_36_36_541.jpg,0,0.2092716,0,18.6543
E:\IMG\center_2025_12_07_01_36_36_615.jpg,E:\IMG\left_2025_12_07_01_36_36_615.jpg,E:\IMG\right_2025_12_07_01_36_36_615.jpg,0,0.4295544,0,18.8236
E:\IMG\center_2025_12_07_01_36_36_686.jpg,E:\IMG\left_2025_12_07_01_36_36_686.jpg,E:\IMG\right_2025_12_07_01_36_36_686.jpg,0,0.3141678,0,19.09942
E:\IMG\center_2025_12_07_01_36_36_754.jpg,E:\IMG\left_2025_12_07_01_36_36_754.jpg,E:\IMG\right_2025_12_07_01_36_36_754.jpg,0,0.1077678,0,19.45605
E:\IMG\center_2025_12_07_01_36_36_828.jpg,E:\IMG\left_2025_12_07_01_36_36_828.jpg,E:\IMG\right_2025_12_07_01_36_36_828.jpg,0.15,0,0,19.33877
E:\IMG\center_2025_12_07_01_36_36_905.jpg,E:\IMG\left_2025_12_07_01_36_36_905.jpg,E:\IMG\right_2025_12_07_01_36_36_905.jpg,0.35,0.1809183,0,19.17022
E:\IMG\center_2025_12_07_01_36_36_975.jpg,E:\IMG\left_2025_12_07_01_36_36_975.jpg,E:\IMG\right_2025_12_07_01_36_36_975.jpg,0.5000001,0.3905271,0,18.87309
E:\IMG\center_2025_12_07_01_36_37_049.jpg,E:\IMG\left_2025_12_07_01_36_37_049.jpg,E:\IMG\right_2025_12_07_01_36_37_049.jpg,0,0.6082146,0,19.19009
E:\IMG\center_2025_12_07_01_36_37_122.jpg,E:\IMG\left_2025_12_07_01_36_37_122.jpg,E:\IMG\right_2025_12_07_01_36_37_122.jpg,0,0.829617,0,19.74206
E:\IMG\center_2025_12_07_01_36_37_195.jpg,E:\IMG\left_2025_12_07_01_36_37_195.jpg,E:\IMG\right_2025_12_07_01_36_37_195.jpg,0,0.6120795,0,20.27722
E:\IMG\center_2025_12_07_01_36_37_268.jpg,E:\IMG\left_2025_12_07_01_36_37_268.jpg,E:\IMG\right_2025_12_07_01_36_37_268.jpg,0,0.3911025,0,20.61625
E:\IMG\center_2025_12_07_01_36_37_343.jpg,E:\IMG\left_2025_12_07_01_36_37_343.jpg,E:\IMG\right_2025_12_07_01_36_37_343.jpg,0,0.2208318,0,20.48876
E:\IMG\center_2025_12_07_01_36_37_422.jpg,E:\IMG\left_2025_12_07_01_36_37_422.jpg,E:\IMG\right_2025_12_07_01_36_37_422.jpg,0,0,0,20.34304
E:\IMG\center_2025_12_07_01_36_37_495.jpg,E:\IMG\left_2025_12_07_01_36_37_495.jpg,E:\IMG\right_2025_12_07_01_36_37_495.jpg,0,0,0,20.17348
E:\IMG\center_2025_12_07_01_36_37_569.jpg,E:\IMG\left_2025_12_07_01_36_37_569.jpg,E:\IMG\right_2025_12_07_01_36_37_569.jpg,0.15,0,0,19.9975
E:\IMG\center_2025_12_07_01_36_37_642.jpg,E:\IMG\left_2025_12_07_01_36_37_642.jpg,E:\IMG\right_2025_12_07_01_36_37_642.jpg,0.3,0.1675359,0,20.20776
E:\IMG\center_2025_12_07_01_36_37_719.jpg,E:\IMG\left_2025_12_07_01_36_37_719.jpg,E:\IMG\right_2025_12_07_01_36_37_719.jpg,0.5000001,0.4490259,0,20.24549
E:\IMG\center_2025_12_07_01_36_37_798.jpg,E:\IMG\left_2025_12_07_01_36_37_798.jpg,E:\IMG\right_2025_12_07_01_36_37_798.jpg,0,0.3246789,0,20.43925
E:\IMG\center_2025_12_07_01_36_37_867.jpg,E:\IMG\left_2025_12_07_01_36_37_867.jpg,E:\IMG\right_2025_12_07_01_36_37_867.jpg,0,0.119427,0,20.50866
E:\IMG\center_2025_12_07_01_36_37_954.jpg,E:\IMG\left_2025_12_07_01_36_37_954.jpg,E:\IMG\right_2025_12_07_01_36_37_954.jpg,0,0,0,20.38936
E:\IMG\center_2025_12_07_01_36_38_030.jpg,E:\IMG\left_2025_12_07_01_36_38_030.jpg,E:\IMG\right_2025_12_07_01_36_38_030.jpg,0,0,0,20.23084
E:\IMG\center_2025_12_07_01_36_38_103.jpg,E:\IMG\left_2025_12_07_01_36_38_103.jpg,E:\IMG\right_2025_12_07_01_36_38_103.jpg,0,0.1722303,0,19.83633
E:\IMG\center_2025_12_07_01_36_38_177.jpg,E:\IMG\left_2025_12_07_01_36_38_177.jpg,E:\IMG\right_2025_12_07_01_36_38_177.jpg,0,0.4451013,0,20.03304
E:\IMG\center_2025_12_07_01_36_38_252.jpg,E:\IMG\left_2025_12_07_01_36_38_252.jpg,E:\IMG\right_2025_12_07_01_36_38_252.jpg,0.2,0.6689383,0,20.43335
E:\IMG\center_2025_12_07_01_36_38_322.jpg,E:\IMG\left_2025_12_07_01_36_38_322.jpg,E:\IMG\right_2025_12_07_01_36_38_322.jpg,0.35,0.8348698,0,20.98652
E:\IMG\center_2025_12_07_01_36_38_393.jpg,E:\IMG\left_2025_12_07_01_36_38_393.jpg,E:\IMG\right_2025_12_07_01_36_38_393.jpg,0.5500001,1,0,21.59662
E:\IMG\center_2025_12_07_01_36_38_467.jpg,E:\IMG\left_2025_12_07_01_36_38_467.jpg,E:\IMG\right_2025_12_07_01_36_38_467.jpg,0,0.8966267,0,22.26969
E:\IMG\center_2025_12_07_01_36_38_536.jpg,E:\IMG\left_2025_12_07_01_36_38_536.jpg,E:\IMG\right_2025_12_07_01_36_38_536.jpg,0,0.6907573,0,22.66515
E:\IMG\center_2025_12_07_01_36_38_603.jpg,E:\IMG\left_2025_12_07_01_36_38_603.jpg,E:\IMG\right_2025_12_07_01_36_38_603.jpg,0,0.5360047,0,23.01046
E:\IMG\center_2025_12_07_01_36_38_675.jpg,E:\IMG\left_2025_12_07_01_36_38_675.jpg,E:\IMG\right_2025_12_07_01_36_38_675.jpg,0,0.2729467,0,23.19384
E:\IMG\center_2025_12_07_01_36_38_752.jpg,E:\IMG\left_2025_12_07_01_36_38_752.jpg,E:\IMG\right_2025_12_07_01_36_38_752.jpg,0,0.04445293,0,23.16312
E:\IMG\center_2025_12_07_01_36_38_824.jpg,E:\IMG\left_2025_12_07_01_36_38_824.jpg,E:\IMG\right_2025_12_07_01_36_38_824.jpg,0,0.2621248,0,23.11713
E:\IMG\center_2025_12_07_01_36_38_898.jpg,E:\IMG\left_2025_12_07_01_36_38_898.jpg,E:\IMG\right_2025_12_07_01_36_38_898.jpg,0,0.4828249,0,23.24509
E:\IMG\center_2025_12_07_01_36_38_974.jpg,E:\IMG\left_2025_12_07_01_36_38_974.jpg,E:\IMG\right_2025_12_07_01_36_38_974.jpg,0,0.7154995,0,23.64391
E:\IMG\center_2025_12_07_01_36_39_050.jpg,E:\IMG\left_2025_12_07_01_36_39_050.jpg,E:\IMG\right_2025_12_07_01_36_39_050.jpg,0,0.9421948,0,24.2614
E:\IMG\center_2025_12_07_01_36_39_122.jpg,E:\IMG\left_2025_12_07_01_36_39_122.jpg,E:\IMG\right_2025_12_07_01_36_39_122.jpg,0,1,0,24.83517
E:\IMG\center_2025_12_07_01_36_39_194.jpg,E:\IMG\left_2025_12_07_01_36_39_194.jpg,E:\IMG\right_2025_12_07_01_36_39_194.jpg,0,1,0,25.60305
E:\IMG\center_2025_12_07_01_36_39_271.jpg,E:\IMG\left_2025_12_07_01_36_39_271.jpg,E:\IMG\right_2025_12_07_01_36_39_271.jpg,0,1,0,26.36461
E:\IMG\center_2025_12_07_01_36_39_348.jpg,E:\IMG\left_2025_12_07_01_36_39_348.jpg,E:\IMG\right_2025_12_07_01_36_39_348.jpg,0,1,0,27.11981
E:\IMG\center_2025_12_07_01_36_39_420.jpg,E:\IMG\left_2025_12_07_01_36_39_420.jpg,E:\IMG\right_2025_12_07_01_36_39_420.jpg,0,1,0,27.68227
E:\IMG\center_2025_12_07_01_36_39_494.jpg,E:\IMG\left_2025_12_07_01_36_39_494.jpg,E:\IMG\right_2025_12_07_01_36_39_494.jpg,0,1,0,28.42698
E:\IMG\center_2025_12_07_01_36_39_568.jpg,E:\IMG\left_2025_12_07_01_36_39_568.jpg,E:\IMG\right_2025_12_07_01_36_39_568.jpg,0,1,0,29.16556
E:\IMG\center_2025_12_07_01_36_39_641.jpg,E:\IMG\left_2025_12_07_01_36_39_641.jpg,E:\IMG\right_2025_12_07_01_36_39_641.jpg,0,1,0,29.71567
E:\IMG\center_2025_12_07_01_36_39_718.jpg,E:\IMG\left_2025_12_07_01_36_39_718.jpg,E:\IMG\right_2025_12_07_01_36_39_718.jpg,0,1,0,30.19124
E:\IMG\center_2025_12_07_01_36_39_792.jpg,E:\IMG\left_2025_12_07_01_36_39_792.jpg,E:\IMG\right_2025_12_07_01_36_39_792.jpg,0,1,0,30.19031
E:\IMG\center_2025_12_07_01_36_39_869.jpg,E:\IMG\left_2025_12_07_01_36_39_869.jpg,E:\IMG\right_2025_12_07_01_36_39_869.jpg,0,1,0,30.19027
E:\IMG\center_2025_12_07_01_36_39_946.jpg,E:\IMG\left_2025_12_07_01_36_39_946.jpg,E:\IMG\right_2025_12_07_01_36_39_946.jpg,0,1,0,30.19033
E:\IMG\center_2025_12_07_01_36_40_024.jpg,E:\IMG\left_2025_12_07_01_36_40_024.jpg,E:\IMG\right_2025_12_07_01_36_40_024.jpg,0,1,0,30.19031
E:\IMG\center_2025_12_07_01_36_40_102.jpg,E:\IMG\left_2025_12_07_01_36_40_102.jpg,E:\IMG\right_2025_12_07_01_36_40_102.jpg,0,1,0,30.1903
E:\IMG\center_2025_12_07_01_36_40_172.jpg,E:\IMG\left_2025_12_07_01_36_40_172.jpg,E:\IMG\right_2025_12_07_01_36_40_172.jpg,0,1,0,30.19029
E:\IMG\center_2025_12_07_01_36_40_252.jpg,E:\IMG\left_2025_12_07_01_36_40_252.jpg,E:\IMG\right_2025_12_07_01_36_40_252.jpg,0,1,0,30.19031
E:\IMG\center_2025_12_07_01_36_40_330.jpg,E:\IMG\left_2025_12_07_01_36_40_330.jpg,E:\IMG\right_2025_12_07_01_36_40_330.jpg,0,1,0,30.19029
E:\IMG\center_2025_12_07_01_36_40_406.jpg,E:\IMG\left_2025_12_07_01_36_40_406.jpg,E:\IMG\right_2025_12_07_01_36_40_406.jpg,0,1,0,30.19032
E:\IMG\center_2025_12_07_01_36_40_483.jpg,E:\IMG\left_2025_12_07_01_36_40_483.jpg,E:\IMG\right_2025_12_07_01_36_40_483.jpg,0,1,0,30.1903
E:\IMG\center_2025_12_07_01_36_40_559.jpg,E:\IMG\left_2025_12_07_01_36_40_559.jpg,E:\IMG\right_2025_12_07_01_36_40_559.jpg,0,1,0,30.19029
E:\IMG\center_2025_12_07_01_36_40_636.jpg,E:\IMG\left_2025_12_07_01_36_40_636.jpg,E:\IMG\right_2025_12_07_01_36_40_636.jpg,0,1,0,30.19028
E:\IMG\center_2025_12_07_01_36_40_714.jpg,E:\IMG\left_2025_12_07_01_36_40_714.jpg,E:\IMG\right_2025_12_07_01_36_40_714.jpg,0,1,0,30.19029
E:\IMG\center_2025_12_07_01_36_40_790.jpg,E:\IMG\left_2025_12_07_01_36_40_790.jpg,E:\IMG\right_2025_12_07_01_36_40_790.jpg,0,1,0,30.1903
E:\IMG\center_2025_12_07_01_36_40_869.jpg,E:\IMG\left_2025_12_07_01_36_40_869.jpg,E:\IMG\right_2025_12_07_01_36_40_869.jpg,0,1,0,30.19031
E:\IMG\center_2025_12_07_01_36_40_947.jpg,E:\IMG\left_2025_12_07_01_36_40_947.jpg,E:\IMG\right_2025_12_07_01_36_40_947.jpg,0,1,0,30.1903
E:\IMG\center_2025_12_07_01_36_41_023.jpg,E:\IMG\left_2025_12_07_01_36_41_023.jpg,E:\IMG\right_2025_12_07_01_36_41_023.jpg,0,1,0,30.19031
E:\IMG\center_2025_12_07_01_36_41_100.jpg,E:\IMG\left_2025_12_07_01_36_41_100.jpg,E:\IMG\right_2025_12_07_01_36_41_100.jpg,0,1,0,30.19031
E:\IMG\center_2025_12_07_01_36_41_178.jpg,E:\IMG\left_2025_12_07_01_36_41_178.jpg,E:\IMG\right_2025_12_07_01_36_41_178.jpg,0,1,0,30.19029
E:\IMG\center_2025_12_07_01_36_41_254.jpg,E:\IMG\left_2025_12_07_01_36_41_254.jpg,E:\IMG\right_2025_12_07_01_36_41_254.jpg,0,1,0,30.19029
E:\IMG\center_2025_12_07_01_36_41_330.jpg,E:\IMG\left_2025_12_07_01_36_41_330.jpg,E:\IMG\right_2025_12_07_01_36_41_330.jpg,0,1,0,30.1903
E:\IMG\center_2025_12_07_01_36_41_406.jpg,E:\IMG\left_2025_12_07_01_36_41_406.jpg,E:\IMG\right_2025_12_07_01_36_41_406.jpg,0,1,0,30.19027
E:\IMG\center_2025_12_07_01_36_41_485.jpg,E:\IMG\left_2025_12_07_01_36_41_485.jpg,E:\IMG\right_2025_12_07_01_36_41_485.jpg,0,1,0,30.19031
E:\IMG\center_2025_12_07_01_36_41_561.jpg,E:\IMG\left_2025_12_07_01_36_41_561.jpg,E:\IMG\right_2025_12_07_01_36_41_561.jpg,0,1,0,30.19031
E:\IMG\center_2025_12_07_01_36_41_637.jpg,E:\IMG\left_2025_12_07_01_36_41_637.jpg,E:\IMG\right_2025_12_07_01_36_41_637.jpg,0,1,0,30.1903
E:\IMG\center_2025_12_07_01_36_41_714.jpg,E:\IMG\left_2025_12_07_01_36_41_714.jpg,E:\IMG\right_2025_12_07_01_36_41_714.jpg,0,1,0,30.19029
E:\IMG\center_2025_12_07_01_36_41_790.jpg,E:\IMG\left_2025_12_07_01_36_41_790.jpg,E:\IMG\right_2025_12_07_01_36_41_790.jpg,0,1,0,30.19028
E:\IMG\center_2025_12_07_01_36_41_866.jpg,E:\IMG\left_2025_12_07_01_36_41_866.jpg,E:\IMG\right_2025_12_07_01_36_41_866.jpg,0,1,0,30.19034
E:\IMG\center_2025_12_07_01_36_41_941.jpg,E:\IMG\left_2025_12_07_01_36_41_941.jpg,E:\IMG\right_2025_12_07_01_36_41_941.jpg,0,1,0,30.1903
E:\IMG\center_2025_12_07_01_36_42_019.jpg,E:\IMG\left_2025_12_07_01_36_42_019.jpg,E:\IMG\right_2025_12_07_01_36_42_019.jpg,0,1,0,30.19029
E:\IMG\center_2025_12_07_01_36_42_095.jpg,E:\IMG\left_2025_12_07_01_36_42_095.jpg,E:\IMG\right_2025_12_07_01_36_42_095.jpg,0,1,0,30.19028
E:\IMG\center_2025_12_07_01_36_42_170.jpg,E:\IMG\left_2025_12_07_01_36_42_170.jpg,E:\IMG\right_2025_12_07_01_36_42_170.jpg,0,1,0,30.19031
E:\IMG\center_2025_12_07_01_36_42_245.jpg,E:\IMG\left_2025_12_07_01_36_42_245.jpg,E:\IMG\right_2025_12_07_01_36_42_245.jpg,0,1,0,30.1903
E:\IMG\center_2025_12_07_01_36_42_320.jpg,E:\IMG\left_2025_12_07_01_36_42_320.jpg,E:\IMG\right_2025_12_07_01_36_42_320.jpg,0,1,0,30.19031
E:\IMG\center_2025_12_07_01_36_42_394.jpg,E:\IMG\left_2025_12_07_01_36_42_394.jpg,E:\IMG\right_2025_12_07_01_36_42_394.jpg,0,1,0,30.19028
E:\IMG\center_2025_12_07_01_36_42_467.jpg,E:\IMG\left_2025_12_07_01_36_42_467.jpg,E:\IMG\right_2025_12_07_01_36_42_467.jpg,0,1,0,30.1903
E:\IMG\center_2025_12_07_01_36_42_545.jpg,E:\IMG\left_2025_12_07_01_36_42_545.jpg,E:\IMG\right_2025_12_07_01_36_42_545.jpg,0,1,0,30.1903
E:\IMG\center_2025_12_07_01_36_42_615.jpg,E:\IMG\left_2025_12_07_01_36_42_615.jpg,E:\IMG\right_2025_12_07_01_36_42_615.jpg,0,1,0,30.19028
E:\IMG\center_2025_12_07_01_36_42_690.jpg,E:\IMG\left_2025_12_07_01_36_42_690.jpg,E:\IMG\right_2025_12_07_01_36_42_690.jpg,0,1,0,30.1902
E:\IMG\center_2025_12_07_01_36_42_768.jpg,E:\IMG\left_2025_12_07_01_36_42_768.jpg,E:\IMG\right_2025_12_07_01_36_42_768.jpg,0,1,0,30.19029
E:\IMG\center_2025_12_07_01_36_42_838.jpg,E:\IMG\left_2025_12_07_01_36_42_838.jpg,E:\IMG\right_2025_12_07_01_36_42_838.jpg,-0.1,1,0,30.18769
E:\IMG\center_2025_12_07_01_36_42_913.jpg,E:\IMG\left_2025_12_07_01_36_42_913.jpg,E:\IMG\right_2025_12_07_01_36_42_913.jpg,-0.3,0.7743781,0,30.12326
E:\IMG\center_2025_12_07_01_36_42_987.jpg,E:\IMG\left_2025_12_07_01_36_42_987.jpg,E:\IMG\right_2025_12_07_01_36_42_987.jpg,0,0.5497704,0,30.08556
E:\IMG\center_2025_12_07_01_36_43_069.jpg,E:\IMG\left_2025_12_07_01_36_43_069.jpg,E:\IMG\right_2025_12_07_01_36_43_069.jpg,0,0.3069364,0,30.03054
E:\IMG\center_2025_12_07_01_36_43_139.jpg,E:\IMG\left_2025_12_07_01_36_43_139.jpg,E:\IMG\right_2025_12_07_01_36_43_139.jpg,0,0.2158573,0,29.95769
E:\IMG\center_2025_12_07_01_36_43_220.jpg,E:\IMG\left_2025_12_07_01_36_43_220.jpg,E:\IMG\right_2025_12_07_01_36_43_220.jpg,0,0.4555528,0,30.02493
E:\IMG\center_2025_12_07_01_36_43_290.jpg,E:\IMG\left_2025_12_07_01_36_43_290.jpg,E:\IMG\right_2025_12_07_01_36_43_290.jpg,0,0.6662293,0,30.09959
E:\IMG\center_2025_12_07_01_36_43_368.jpg,E:\IMG\left_2025_12_07_01_36_43_368.jpg,E:\IMG\right_2025_12_07_01_36_43_368.jpg,0,0.9016588,0,30.15801
E:\IMG\center_2025_12_07_01_36_43_445.jpg,E:\IMG\left_2025_12_07_01_36_43_445.jpg,E:\IMG\right_2025_12_07_01_36_43_445.jpg,-0.15,0.6683764,0,30.10753
E:\IMG\center_2025_12_07_01_36_43_521.jpg,E:\IMG\left_2025_12_07_01_36_43_521.jpg,E:\IMG\right_2025_12_07_01_36_43_521.jpg,-0.3,0.4930516,0,30.05396
E:\IMG\center_2025_12_07_01_36_43_603.jpg,E:\IMG\left_2025_12_07_01_36_43_603.jpg,E:\IMG\right_2025_12_07_01_36_43_603.jpg,0,0.1975777,0,29.98799
E:\IMG\center_2025_12_07_01_36_43_680.jpg,E:\IMG\left_2025_12_07_01_36_43_680.jpg,E:\IMG\right_2025_12_07_01_36_43_680.jpg,0,0,0,29.84766
E:\IMG\center_2025_12_07_01_36_43_759.jpg,E:\IMG\left_2025_12_07_01_36_43_759.jpg,E:\IMG\right_2025_12_07_01_36_43_759.jpg,0,0.2387208,0,29.70065
E:\IMG\center_2025_12_07_01_36_43_836.jpg,E:\IMG\left_2025_12_07_01_36_43_836.jpg,E:\IMG\right_2025_12_07_01_36_43_836.jpg,0,0.469944,0,29.78473
E:\IMG\center_2025_12_07_01_36_43_919.jpg,E:\IMG\left_2025_12_07_01_36_43_919.jpg,E:\IMG\right_2025_12_07_01_36_43_919.jpg,0,0.4645734,0,30.0573
E:\IMG\center_2025_12_07_01_36_44_000.jpg,E:\IMG\left_2025_12_07_01_36_44_000.jpg,E:\IMG\right_2025_12_07_01_36_44_000.jpg,0,0.2224869,0,30.00924
E:\IMG\center_2025_12_07_01_36_44_078.jpg,E:\IMG\left_2025_12_07_01_36_44_078.jpg,E:\IMG\right_2025_12_07_01_36_44_078.jpg,-0.1,0.02878891,0,29.86795
E:\IMG\center_2025_12_07_01_36_44_157.jpg,E:\IMG\left_2025_12_07_01_36_44_157.jpg,E:\IMG\right_2025_12_07_01_36_44_157.jpg,-0.3,0,0,29.58389
E:\IMG\center_2025_12_07_01_36_44_236.jpg,E:\IMG\left_2025_12_07_01_36_44_236.jpg,E:\IMG\right_2025_12_07_01_36_44_236.jpg,-0.5000001,0,0,29.21019
E:\IMG\center_2025_12_07_01_36_44_317.jpg,E:\IMG\left_2025_12_07_01_36_44_317.jpg,E:\IMG\right_2025_12_07_01_36_44_317.jpg,0,0,0,28.90336
E:\IMG\center_2025_12_07_01_36_44_388.jpg,E:\IMG\left_2025_12_07_01_36_44_388.jpg,E:\IMG\right_2025_12_07_01_36_44_388.jpg,0,0.136098,0,28.71944
E:\IMG\center_2025_12_07_01_36_44_463.jpg,E:\IMG\left_2025_12_07_01_36_44_463.jpg,E:\IMG\right_2025_12_07_01_36_44_463.jpg,0,0.362082,0,28.70753
E:\IMG\center_2025_12_07_01_36_44_544.jpg,E:\IMG\left_2025_12_07_01_36_44_544.jpg,E:\IMG\right_2025_12_07_01_36_44_544.jpg,0,0.6083619,0,29.00615
E:\IMG\center_2025_12_07_01_36_44_629.jpg,E:\IMG\left_2025_12_07_01_36_44_629.jpg,E:\IMG\right_2025_12_07_01_36_44_629.jpg,0,0.4841844,0,29.36527
E:\IMG\center_2025_12_07_01_36_44_718.jpg,E:\IMG\left_2025_12_07_01_36_44_718.jpg,E:\IMG\right_2025_12_07_01_36_44_718.jpg,-0.15,0.2160183,0,29.48084
E:\IMG\center_2025_12_07_01_36_44_793.jpg,E:\IMG\left_2025_12_07_01_36_44_793.jpg,E:\IMG\right_2025_12_07_01_36_44_793.jpg,-0.35,0,0,29.28867
E:\IMG\center_2025_12_07_01_36_44_863.jpg,E:\IMG\left_2025_12_07_01_36_44_863.jpg,E:\IMG\right_2025_12_07_01_36_44_863.jpg,-0.5000001,0,0,29.00198
E:\IMG\center_2025_12_07_01_36_44_937.jpg,E:\IMG\left_2025_12_07_01_36_44_937.jpg,E:\IMG\right_2025_12_07_01_36_44_937.jpg,0,0,0,28.69751
E:\IMG\center_2025_12_07_01_36_45_017.jpg,E:\IMG\left_2025_12_07_01_36_45_017.jpg,E:\IMG\right_2025_12_07_01_36_45_017.jpg,0,0,0,28.45834
E:\IMG\center_2025_12_07_01_36_45_086.jpg,E:\IMG\left_2025_12_07_01_36_45_086.jpg,E:\IMG\right_2025_12_07_01_36_45_086.jpg,0,0.1449405,0,28.29071
E:\IMG\center_2025_12_07_01_36_45_160.jpg,E:\IMG\left_2025_12_07_01_36_45_160.jpg,E:\IMG\right_2025_12_07_01_36_45_160.jpg,0,0.3699225,0,28.29685
E:\IMG\center_2025_12_07_01_36_45_251.jpg,E:\IMG\left_2025_12_07_01_36_45_251.jpg,E:\IMG\right_2025_12_07_01_36_45_251.jpg,-0.15,0.6395649,0,28.63449
E:\IMG\center_2025_12_07_01_36_45_323.jpg,E:\IMG\left_2025_12_07_01_36_45_323.jpg,E:\IMG\right_2025_12_07_01_36_45_323.jpg,-0.3,0.6539056,0,28.89652
E:\IMG\center_2025_12_07_01_36_45_405.jpg,E:\IMG\left_2025_12_07_01_36_45_405.jpg,E:\IMG\right_2025_12_07_01_36_45_405.jpg,-0.5500001,0.3615037,0,29.02466
E:\IMG\center_2025_12_07_01_36_45_491.jpg,E:\IMG\left_2025_12_07_01_36_45_491.jpg,E:\IMG\right_2025_12_07_01_36_45_491.jpg,0,0.1040887,0,29.00918
E:\IMG\center_2025_12_07_01_36_45_583.jpg,E:\IMG\left_2025_12_07_01_36_45_583.jpg,E:\IMG\right_2025_12_07_01_36_45_583.jpg,0,0,0,28.7958
E:\IMG\center_2025_12_07_01_36_45_661.jpg,E:\IMG\left_2025_12_07_01_36_45_661.jpg,E:\IMG\right_2025_12_07_01_36_45_661.jpg,-0.1,0,0,28.56245
E:\IMG\center_2025_12_07_01_36_45_733.jpg,E:\IMG\left_2025_12_07_01_36_45_733.jpg,E:\IMG\right_2025_12_07_01_36_45_733.jpg,-0.3,0,0,28.29427
E:\IMG\center_2025_12_07_01_36_45_812.jpg,E:\IMG\left_2025_12_07_01_36_45_812.jpg,E:\IMG\right_2025_12_07_01_36_45_812.jpg,-0.5000001,0,0,27.94399
E:\IMG\center_2025_12_07_01_36_45_898.jpg,E:\IMG\left_2025_12_07_01_36_45_898.jpg,E:\IMG\right_2025_12_07_01_36_45_898.jpg,0,0,0,27.69741
E:\IMG\center_2025_12_07_01_36_45_966.jpg,E:\IMG\left_2025_12_07_01_36_45_966.jpg,E:\IMG\right_2025_12_07_01_36_45_966.jpg,0,0.1379181,0,27.50908
E:\IMG\center_2025_12_07_01_36_46_051.jpg,E:\IMG\left_2025_12_07_01_36_46_051.jpg,E:\IMG\right_2025_12_07_01_36_46_051.jpg,0,0.394425,0,27.53801
E:\IMG\center_2025_12_07_01_36_46_119.jpg,E:\IMG\left_2025_12_07_01_36_46_119.jpg,E:\IMG\right_2025_12_07_01_36_46_119.jpg,-0.1,0.4799634,0,27.72747
E:\IMG\center_2025_12_07_01_36_46_215.jpg,E:\IMG\left_2025_12_07_01_36_46_215.jpg,E:\IMG\right_2025_12_07_01_36_46_215.jpg,-0.35,0.1942023,0,27.80769
E:\IMG\center_2025_12_07_01_36_46_306.jpg,E:\IMG\left_2025_12_07_01_36_46_306.jpg,E:\IMG\right_2025_12_07_01_36_46_306.jpg,-0.6000001,0,0,27.41933
E:\IMG\center_2025_12_07_01_36_46_385.jpg,E:\IMG\left_2025_12_07_01_36_46_385.jpg,E:\IMG\right_2025_12_07_01_36_46_385.jpg,0,0,0,27.04615
E:\IMG\center_2025_12_07_01_36_46_454.jpg,E:\IMG\left_2025_12_07_01_36_46_454.jpg,E:\IMG\right_2025_12_07_01_36_46_454.jpg,0,0,0,26.86118
E:\IMG\center_2025_12_07_01_36_46_521.jpg,E:\IMG\left_2025_12_07_01_36_46_521.jpg,E:\IMG\right_2025_12_07_01_36_46_521.jpg,0,0,0,26.69126
E:\IMG\center_2025_12_07_01_36_46_592.jpg,E:\IMG\left_2025_12_07_01_36_46_592.jpg,E:\IMG\right_2025_12_07_01_36_46_592.jpg,0,0.2129193,0,26.56698
E:\IMG\center_2025_12_07_01_36_46_689.jpg,E:\IMG\left_2025_12_07_01_36_46_689.jpg,E:\IMG\right_2025_12_07_01_36_46_689.jpg,-0.25,0.4994112,0,26.72502
E:\IMG\center_2025_12_07_01_36_46_767.jpg,E:\IMG\left_2025_12_07_01_36_46_767.jpg,E:\IMG\right_2025_12_07_01_36_46_767.jpg,-0.45,0.3829536,0,26.88731
E:\IMG\center_2025_12_07_01_36_46_837.jpg,E:\IMG\left_2025_12_07_01_36_46_837.jpg,E:\IMG\right_2025_12_07_01_36_46_837.jpg,-0.6000001,0.1726842,0,26.80253
E:\IMG\center_2025_12_07_01_36_46_911.jpg,E:\IMG\left_2025_12_07_01_36_46_911.jpg,E:\IMG\right_2025_12_07_01_36_46_911.jpg,0,0,0,26.61173
E:\IMG\center_2025_12_07_01_36_46_999.jpg,E:\IMG\left_2025_12_07_01_36_46_999.jpg,E:\IMG\right_2025_12_07_01_36_46_999.jpg,0,0,0,26.39368
E:\IMG\center_2025_12_07_01_36_47_067.jpg,E:\IMG\left_2025_12_07_01_36_47_067.jpg,E:\IMG\right_2025_12_07_01_36_47_067.jpg,-0.15,0,0,26.17866
E:\IMG\center_2025_12_07_01_36_47_154.jpg,E:\IMG\left_2025_12_07_01_36_47_154.jpg,E:\IMG\right_2025_12_07_01_36_47_154.jpg,-0.35,0,0,25.91696
E:\IMG\center_2025_12_07_01_36_47_234.jpg,E:\IMG\left_2025_12_07_01_36_47_234.jpg,E:\IMG\right_2025_12_07_01_36_47_234.jpg,-0.5500001,0,0,25.5743
E:\IMG\center_2025_12_07_01_36_47_314.jpg,E:\IMG\left_2025_12_07_01_36_47_314.jpg,E:\IMG\right_2025_12_07_01_36_47_314.jpg,-0.7500002,0.2413566,0,25.25397
E:\IMG\center_2025_12_07_01_36_47_384.jpg,E:\IMG\left_2025_12_07_01_36_47_384.jpg,E:\IMG\right_2025_12_07_01_36_47_384.jpg,0,0.4525191,0,25.14896
E:\IMG\center_2025_12_07_01_36_47_452.jpg,E:\IMG\left_2025_12_07_01_36_47_452.jpg,E:\IMG\right_2025_12_07_01_36_47_452.jpg,0,0.3898996,0,25.26791
E:\IMG\center_2025_12_07_01_36_47_519.jpg,E:\IMG\left_2025_12_07_01_36_47_519.jpg,E:\IMG\right_2025_12_07_01_36_47_519.jpg,0,0.1869549,0,25.32423
E:\IMG\center_2025_12_07_01_36_47_587.jpg,E:\IMG\left_2025_12_07_01_36_47_587.jpg,E:\IMG\right_2025_12_07_01_36_47_587.jpg,0,0,0,25.17782
E:\IMG\center_2025_12_07_01_36_47_654.jpg,E:\IMG\left_2025_12_07_01_36_47_654.jpg,E:\IMG\right_2025_12_07_01_36_47_654.jpg,0,0.1349169,0,25.05606
E:\IMG\center_2025_12_07_01_36_47_728.jpg,E:\IMG\left_2025_12_07_01_36_47_728.jpg,E:\IMG\right_2025_12_07_01_36_47_728.jpg,0,0.3548841,0,25.11347
E:\IMG\center_2025_12_07_01_36_47_809.jpg,E:\IMG\left_2025_12_07_01_36_47_809.jpg,E:\IMG\right_2025_12_07_01_36_47_809.jpg,-0.05,0.5980856,0,25.38347
E:\IMG\center_2025_12_07_01_36_47_908.jpg,E:\IMG\left_2025_12_07_01_36_47_908.jpg,E:\IMG\right_2025_12_07_01_36_47_908.jpg,-0.3,0.8943521,0,25.99464
E:\IMG\center_2025_12_07_01_36_47_984.jpg,E:\IMG\left_2025_12_07_01_36_47_984.jpg,E:\IMG\right_2025_12_07_01_36_47_984.jpg,-0.5000001,1,0,26.6098
E:\IMG\center_2025_12_07_01_36_48_068.jpg,E:\IMG\left_2025_12_07_01_36_48_068.jpg,E:\IMG\right_2025_12_07_01_36_48_068.jpg,0,0.8843611,0,27.31922
E:\IMG\center_2025_12_07_01_36_48_156.jpg,E:\IMG\left_2025_12_07_01_36_48_156.jpg,E:\IMG\right_2025_12_07_01_36_48_156.jpg,0,0.6184891,0,27.83403
E:\IMG\center_2025_12_07_01_36_48_243.jpg,E:\IMG\left_2025_12_07_01_36_48_243.jpg,E:\IMG\right_2025_12_07_01_36_48_243.jpg,-0.05,0.3581668,0,28.11082
E:\IMG\center_2025_12_07_01_36_48_315.jpg,E:\IMG\left_2025_12_07_01_36_48_315.jpg,E:\IMG\right_2025_12_07_01_36_48_315.jpg,-0.25,0.3153259,0,28.12629
E:\IMG\center_2025_12_07_01_36_48_395.jpg,E:\IMG\left_2025_12_07_01_36_48_395.jpg,E:\IMG\right_2025_12_07_01_36_48_395.jpg,0,0.5547791,0,28.23498
E:\IMG\center_2025_12_07_01_36_48_463.jpg,E:\IMG\left_2025_12_07_01_36_48_463.jpg,E:\IMG\right_2025_12_07_01_36_48_463.jpg,0,0.7571063,0,28.51501
E:\IMG\center_2025_12_07_01_36_48_548.jpg,E:\IMG\left_2025_12_07_01_36_48_548.jpg,E:\IMG\right_2025_12_07_01_36_48_548.jpg,0,1,0,29.28833
E:\IMG\center_2025_12_07_01_36_48_637.jpg,E:\IMG\left_2025_12_07_01_36_48_637.jpg,E:\IMG\right_2025_12_07_01_36_48_637.jpg,0,1,0,30.02049
E:\IMG\center_2025_12_07_01_36_48_726.jpg,E:\IMG\left_2025_12_07_01_36_48_726.jpg,E:\IMG\right_2025_12_07_01_36_48_726.jpg,-0.1,1,0,30.18821
E:\IMG\center_2025_12_07_01_36_48_818.jpg,E:\IMG\left_2025_12_07_01_36_48_818.jpg,E:\IMG\right_2025_12_07_01_36_48_818.jpg,-0.3,1,0,30.16993
E:\IMG\center_2025_12_07_01_36_48_899.jpg,E:\IMG\left_2025_12_07_01_36_48_899.jpg,E:\IMG\right_2025_12_07_01_36_48_899.jpg,-0.5000001,1,0,30.14584
E:\IMG\center_2025_12_07_01_36_48_982.jpg,E:\IMG\left_2025_12_07_01_36_48_982.jpg,E:\IMG\right_2025_12_07_01_36_48_982.jpg,0,0.9361411,0,30.1671
E:\IMG\center_2025_12_07_01_36_49_059.jpg,E:\IMG\left_2025_12_07_01_36_49_059.jpg,E:\IMG\right_2025_12_07_01_36_49_059.jpg,0,0.6498142,0,30.10465
E:\IMG\center_2025_12_07_01_36_49_135.jpg,E:\IMG\left_2025_12_07_01_36_49_135.jpg,E:\IMG\right_2025_12_07_01_36_49_135.jpg,0,0.424246,0,30.05664
E:\IMG\center_2025_12_07_01_36_49_223.jpg,E:\IMG\left_2025_12_07_01_36_49_223.jpg,E:\IMG\right_2025_12_07_01_36_49_223.jpg,-0.2,0.157852,0,29.99213
E:\IMG\center_2025_12_07_01_36_49_312.jpg,E:\IMG\left_2025_12_07_01_36_49_312.jpg,E:\IMG\right_2025_12_07_01_36_49_312.jpg,-0.45,0.0690201,0,29.63537
E:\IMG\center_2025_12_07_01_36_49_398.jpg,E:\IMG\left_2025_12_07_01_36_49_398.jpg,E:\IMG\right_2025_12_07_01_36_49_398.jpg,0,0.323205,0,29.55274
E:\IMG\center_2025_12_07_01_36_49_464.jpg,E:\IMG\left_2025_12_07_01_36_49_464.jpg,E:\IMG\right_2025_12_07_01_36_49_464.jpg,0,0.524979,0,29.74052
E:\IMG\center_2025_12_07_01_36_49_531.jpg,E:\IMG\left_2025_12_07_01_36_49_531.jpg,E:\IMG\right_2025_12_07_01_36_49_531.jpg,0,0.7271412,0,30.01567
E:\IMG\center_2025_12_07_01_36_49_600.jpg,E:\IMG\left_2025_12_07_01_36_49_600.jpg,E:\IMG\right_2025_12_07_01_36_49_600.jpg,-0.1,0.7830099,0,30.15722
E:\IMG\center_2025_12_07_01_36_49_669.jpg,E:\IMG\left_2025_12_07_01_36_49_669.jpg,E:\IMG\right_2025_12_07_01_36_49_669.jpg,-0.3,0.5795442,0,30.06014
E:\IMG\center_2025_12_07_01_36_49_758.jpg,E:\IMG\left_2025_12_07_01_36_49_758.jpg,E:\IMG\right_2025_12_07_01_36_49_758.jpg,0,0.3117102,0,30.02761
E:\IMG\center_2025_12_07_01_36_49_828.jpg,E:\IMG\left_2025_12_07_01_36_49_828.jpg,E:\IMG\right_2025_12_07_01_36_49_828.jpg,0,0.1012959,0,29.93213
E:\IMG\center_2025_12_07_01_36_49_905.jpg,E:\IMG\left_2025_12_07_01_36_49_905.jpg,E:\IMG\right_2025_12_07_01_36_49_905.jpg,-0.1,0.1044141,0,29.7537
E:\IMG\center_2025_12_07_01_36_49_982.jpg,E:\IMG\left_2025_12_07_01_36_49_982.jpg,E:\IMG\right_2025_12_07_01_36_49_982.jpg,-0.25,0.3390426,0,29.70212
E:\IMG\center_2025_12_07_01_36_50_049.jpg,E:\IMG\left_2025_12_07_01_36_50_049.jpg,E:\IMG\right_2025_12_07_01_36_50_049.jpg,-0.45,0.5400558,0,29.77023
E:\IMG\center_2025_12_07_01_36_50_125.jpg,E:\IMG\left_2025_12_07_01_36_50_125.jpg,E:\IMG\right_2025_12_07_01_36_50_125.jpg,0,0.7662082,0,30.13426
E:\IMG\center_2025_12_07_01_36_50_211.jpg,E:\IMG\left_2025_12_07_01_36_50_211.jpg,E:\IMG\right_2025_12_07_01_36_50_211.jpg,0,1,0,30.1844
E:\IMG\center_2025_12_07_01_36_50_282.jpg,E:\IMG\left_2025_12_07_01_36_50_282.jpg,E:\IMG\right_2025_12_07_01_36_50_282.jpg,0,1,0,30.19024
E:\IMG\center_2025_12_07_01_36_50_369.jpg,E:\IMG\left_2025_12_07_01_36_50_369.jpg,E:\IMG\right_2025_12_07_01_36_50_369.jpg,0,1,0,30.19027
E:\IMG\center_2025_12_07_01_36_50_439.jpg,E:\IMG\left_2025_12_07_01_36_50_439.jpg,E:\IMG\right_2025_12_07_01_36_50_439.jpg,-0.15,1,0,30.18499
E:\IMG\center_2025_12_07_01_36_50_511.jpg,E:\IMG\left_2025_12_07_01_36_50_511.jpg,E:\IMG\right_2025_12_07_01_36_50_511.jpg,-0.35,1,0,30.16417
E:\IMG\center_2025_12_07_01_36_50_595.jpg,E:\IMG\left_2025_12_07_01_36_50_595.jpg,E:\IMG\right_2025_12_07_01_36_50_595.jpg,0,1,0,30.18765
E:\IMG\center_2025_12_07_01_36_50_663.jpg,E:\IMG\left_2025_12_07_01_36_50_663.jpg,E:\IMG\right_2025_12_07_01_36_50_663.jpg,0,0.7948132,0,30.15063
E:\IMG\center_2025_12_07_01_36_50_733.jpg,E:\IMG\left_2025_12_07_01_36_50_733.jpg,E:\IMG\right_2025_12_07_01_36_50_733.jpg,0,0.5846583,0,30.09496
E:\IMG\center_2025_12_07_01_36_50_801.jpg,E:\IMG\left_2025_12_07_01_36_50_801.jpg,E:\IMG\right_2025_12_07_01_36_50_801.jpg,0,0.3832647,0,30.04765
E:\IMG\center_2025_12_07_01_36_50_871.jpg,E:\IMG\left_2025_12_07_01_36_50_871.jpg,E:\IMG\right_2025_12_07_01_36_50_871.jpg,0,0.4494594,0,30.03748
E:\IMG\center_2025_12_07_01_36_50_939.jpg,E:\IMG\left_2025_12_07_01_36_50_939.jpg,E:\IMG\right_2025_12_07_01_36_50_939.jpg,0,0.6525171,0,30.08947
E:\IMG\center_2025_12_07_01_36_51_009.jpg,E:\IMG\left_2025_12_07_01_36_51_009.jpg,E:\IMG\right_2025_12_07_01_36_51_009.jpg,0,0.8640165,0,30.1361
E:\IMG\center_2025_12_07_01_36_51_078.jpg,E:\IMG\left_2025_12_07_01_36_51_078.jpg,E:\IMG\right_2025_12_07_01_36_51_078.jpg,-0.15,1,0,30.18773
E:\IMG\center_2025_12_07_01_36_51_150.jpg,E:\IMG\left_2025_12_07_01_36_51_150.jpg,E:\IMG\right_2025_12_07_01_36_51_150.jpg,-0.35,1,0,30.16367
E:\IMG\center_2025_12_07_01_36_51_244.jpg,E:\IMG\left_2025_12_07_01_36_51_244.jpg,E:\IMG\right_2025_12_07_01_36_51_244.jpg,0,1,0,30.18956
E:\IMG\center_2025_12_07_01_36_51_322.jpg,E:\IMG\left_2025_12_07_01_36_51_322.jpg,E:\IMG\right_2025_12_07_01_36_51_322.jpg,0,0.7701778,0,30.1482
E:\IMG\center_2025_12_07_01_36_51_411.jpg,E:\IMG\left_2025_12_07_01_36_51_411.jpg,E:\IMG\right_2025_12_07_01_36_51_411.jpg,0,0.5022016,0,30.05956
E:\IMG\center_2025_12_07_01_36_51_484.jpg,E:\IMG\left_2025_12_07_01_36_51_484.jpg,E:\IMG\right_2025_12_07_01_36_51_484.jpg,0,0.4164883,0,30.05012
E:\IMG\center_2025_12_07_01_36_51_562.jpg,E:\IMG\left_2025_12_07_01_36_51_562.jpg,E:\IMG\right_2025_12_07_01_36_51_562.jpg,0,0.5968525,0,30.08902
E:\IMG\center_2025_12_07_01_36_51_655.jpg,E:\IMG\left_2025_12_07_01_36_51_655.jpg,E:\IMG\right_2025_12_07_01_36_51_655.jpg,-0.15,0.9296476,0,30.1722
E:\IMG\center_2025_12_07_01_36_51_738.jpg,E:\IMG\left_2025_12_07_01_36_51_738.jpg,E:\IMG\right_2025_12_07_01_36_51_738.jpg,-0.35,1,0,30.16389
E:\IMG\center_2025_12_07_01_36_51_813.jpg,E:\IMG\left_2025_12_07_01_36_51_813.jpg,E:\IMG\right_2025_12_07_01_36_51_813.jpg,0,1,0,30.17729
E:\IMG\center_2025_12_07_01_36_51_880.jpg,E:\IMG\left_2025_12_07_01_36_51_880.jpg,E:\IMG\right_2025_12_07_01_36_51_880.jpg,0,0.797479,0,30.15151
E:\IMG\center_2025_12_07_01_36_51_953.jpg,E:\IMG\left_2025_12_07_01_36_51_953.jpg,E:\IMG\right_2025_12_07_01_36_51_953.jpg,0,0.580436,0,30.0955
E:\IMG\center_2025_12_07_01_36_52_029.jpg,E:\IMG\left_2025_12_07_01_36_52_029.jpg,E:\IMG\right_2025_12_07_01_36_52_029.jpg,0,0.3521636,0,30.04738
E:\IMG\center_2025_12_07_01_36_52_102.jpg,E:\IMG\left_2025_12_07_01_36_52_102.jpg,E:\IMG\right_2025_12_07_01_36_52_102.jpg,-0.05,0.1323314,0,29.9845
E:\IMG\center_2025_12_07_01_36_52_177.jpg,E:\IMG\left_2025_12_07_01_36_52_177.jpg,E:\IMG\right_2025_12_07_01_36_52_177.jpg,-0.25,0,0,29.7621
E:\IMG\center_2025_12_07_01_36_52_254.jpg,E:\IMG\left_2025_12_07_01_36_52_254.jpg,E:\IMG\right_2025_12_07_01_36_52_254.jpg,0,0.0743496,0,29.52096
E:\IMG\center_2025_12_07_01_36_52_340.jpg,E:\IMG\left_2025_12_07_01_36_52_340.jpg,E:\IMG\right_2025_12_07_01_36_52_340.jpg,0,0.3337017,0,29.47877
E:\IMG\center_2025_12_07_01_36_52_412.jpg,E:\IMG\left_2025_12_07_01_36_52_412.jpg,E:\IMG\right_2025_12_07_01_36_52_412.jpg,0,0.5504892,0,29.65675
E:\IMG\center_2025_12_07_01_36_52_487.jpg,E:\IMG\left_2025_12_07_01_36_52_487.jpg,E:\IMG\right_2025_12_07_01_36_52_487.jpg,0,0.7730421,0,30.07823
E:\IMG\center_2025_12_07_01_36_52_555.jpg,E:\IMG\left_2025_12_07_01_36_52_555.jpg,E:\IMG\right_2025_12_07_01_36_52_555.jpg,0,0.9782052,0,30.17085
E:\IMG\center_2025_12_07_01_36_52_628.jpg,E:\IMG\left_2025_12_07_01_36_52_628.jpg,E:\IMG\right_2025_12_07_01_36_52_628.jpg,0,1,0,30.19031
E:\IMG\center_2025_12_07_01_36_52_707.jpg,E:\IMG\left_2025_12_07_01_36_52_707.jpg,E:\IMG\right_2025_12_07_01_36_52_707.jpg,0,1,0,30.19029
E:\IMG\center_2025_12_07_01_36_52_789.jpg,E:\IMG\left_2025_12_07_01_36_52_789.jpg,E:\IMG\right_2025_12_07_01_36_52_789.jpg,-0.2,1,0,30.18018
E:\IMG\center_2025_12_07_01_36_52_875.jpg,E:\IMG\left_2025_12_07_01_36_52_875.jpg,E:\IMG\right_2025_12_07_01_36_52_875.jpg,0,0.9052966,0,30.16042
E:\IMG\center_2025_12_07_01_36_52_963.jpg,E:\IMG\left_2025_12_07_01_36_52_963.jpg,E:\IMG\right_2025_12_07_01_36_52_963.jpg,0,0.6423273,0,30.12465
E:\IMG\center_2025_12_07_01_36_53_043.jpg,E:\IMG\left_2025_12_07_01_36_53_043.jpg,E:\IMG\right_2025_12_07_01_36_53_043.jpg,0,0.3999243,0,30.04844
E:\IMG\center_2025_12_07_01_36_53_115.jpg,E:\IMG\left_2025_12_07_01_36_53_115.jpg,E:\IMG\right_2025_12_07_01_36_53_115.jpg,0,0.1827993,0,29.99512
E:\IMG\center_2025_12_07_01_36_53_205.jpg,E:\IMG\left_2025_12_07_01_36_53_205.jpg,E:\IMG\right_2025_12_07_01_36_53_205.jpg,-0.25,0.4511535,0,30.04092
E:\IMG\center_2025_12_07_01_36_53_274.jpg,E:\IMG\left_2025_12_07_01_36_53_274.jpg,E:\IMG\right_2025_12_07_01_36_53_274.jpg,-0.4,0.6576073,0,30.05781
E:\IMG\center_2025_12_07_01_36_53_345.jpg,E:\IMG\left_2025_12_07_01_36_53_345.jpg,E:\IMG\right_2025_12_07_01_36_53_345.jpg,0,0.8682511,0,30.15709
E:\IMG\center_2025_12_07_01_36_53_423.jpg,E:\IMG\left_2025_12_07_01_36_53_423.jpg,E:\IMG\right_2025_12_07_01_36_53_423.jpg,0,0.6334975,0,30.11587
E:\IMG\center_2025_12_07_01_36_53_493.jpg,E:\IMG\left_2025_12_07_01_36_53_493.jpg,E:\IMG\right_2025_12_07_01_36_53_493.jpg,0,0.4231153,0,30.06558
E:\IMG\center_2025_12_07_01_36_53_567.jpg,E:\IMG\left_2025_12_07_01_36_53_567.jpg,E:\IMG\right_2025_12_07_01_36_53_567.jpg,0,0.1971661,0,30.00688
E:\IMG\center_2025_12_07_01_36_53_643.jpg,E:\IMG\left_2025_12_07_01_36_53_643.jpg,E:\IMG\right_2025_12_07_01_36_53_643.jpg,0,0.2783164,0,29.94493
E:\IMG\center_2025_12_07_01_36_53_719.jpg,E:\IMG\left_2025_12_07_01_36_53_719.jpg,E:\IMG\right_2025_12_07_01_36_53_719.jpg,0,0.5060686,0,30.05372
E:\IMG\center_2025_12_07_01_36_53_792.jpg,E:\IMG\left_2025_12_07_01_36_53_792.jpg,E:\IMG\right_2025_12_07_01_36_53_792.jpg,-0.05,0.7247716,0,30.09983
E:\IMG\center_2025_12_07_01_36_53_862.jpg,E:\IMG\left_2025_12_07_01_36_53_862.jpg,E:\IMG\right_2025_12_07_01_36_53_862.jpg,-0.2,0.9352505,0,30.15076
E:\IMG\center_2025_12_07_01_36_53_942.jpg,E:\IMG\left_2025_12_07_01_36_53_942.jpg,E:\IMG\right_2025_12_07_01_36_53_942.jpg,-0.4,0.8362708,0,30.13059
E:\IMG\center_2025_12_07_01_36_54_020.jpg,E:\IMG\left_2025_12_07_01_36_54_020.jpg,E:\IMG\right_2025_12_07_01_36_54_020.jpg,0,0.6019039,0,30.10028
E:\IMG\center_2025_12_07_01_36_54_096.jpg,E:\IMG\left_2025_12_07_01_36_54_096.jpg,E:\IMG\right_2025_12_07_01_36_54_096.jpg,0,0.5263031,0,30.04267
E:\IMG\center_2025_12_07_01_36_54_176.jpg,E:\IMG\left_2025_12_07_01_36_54_176.jpg,E:\IMG\right_2025_12_07_01_36_54_176.jpg,0,0.7652659,0,30.10699
E:\IMG\center_2025_12_07_01_36_54_254.jpg,E:\IMG\left_2025_12_07_01_36_54_254.jpg,E:\IMG\right_2025_12_07_01_36_54_254.jpg,-0.05,0.9979489,0,30.16682
E:\IMG\center_2025_12_07_01_36_54_331.jpg,E:\IMG\left_2025_12_07_01_36_54_331.jpg,E:\IMG\right_2025_12_07_01_36_54_331.jpg,-0.25,1,0,30.17539
E:\IMG\center_2025_12_07_01_36_54_409.jpg,E:\IMG\left_2025_12_07_01_36_54_409.jpg,E:\IMG\right_2025_12_07_01_36_54_409.jpg,0,0.8464201,0,30.146
E:\IMG\center_2025_12_07_01_36_54_488.jpg,E:\IMG\left_2025_12_07_01_36_54_488.jpg,E:\IMG\right_2025_12_07_01_36_54_488.jpg,0,0.6083182,0,30.10999
E:\IMG\center_2025_12_07_01_36_54_571.jpg,E:\IMG\left_2025_12_07_01_36_54_571.jpg,E:\IMG\right_2025_12_07_01_36_54_571.jpg,0,0.3637783,0,30.02427
E:\IMG\center_2025_12_07_01_36_54_651.jpg,E:\IMG\left_2025_12_07_01_36_54_651.jpg,E:\IMG\right_2025_12_07_01_36_54_651.jpg,0,0.1212271,0,29.97208
E:\IMG\center_2025_12_07_01_36_54_726.jpg,E:\IMG\left_2025_12_07_01_36_54_726.jpg,E:\IMG\right_2025_12_07_01_36_54_726.jpg,-0.15,0.192583,0,29.84049
E:\IMG\center_2025_12_07_01_36_54_803.jpg,E:\IMG\left_2025_12_07_01_36_54_803.jpg,E:\IMG\right_2025_12_07_01_36_54_803.jpg,-0.3,0.4220464,0,29.82172
E:\IMG\center_2025_12_07_01_36_54_877.jpg,E:\IMG\left_2025_12_07_01_36_54_877.jpg,E:\IMG\right_2025_12_07_01_36_54_877.jpg,0,0.6442769,0,30.01506
E:\IMG\center_2025_12_07_01_36_54_954.jpg,E:\IMG\left_2025_12_07_01_36_54_954.jpg,E:\IMG\right_2025_12_07_01_36_54_954.jpg,0,0.4108774,0,30.06367
E:\IMG\center_2025_12_07_01_36_55_037.jpg,E:\IMG\left_2025_12_07_01_36_55_037.jpg,E:\IMG\right_2025_12_07_01_36_55_037.jpg,0,0.161086,0,29.99129
E:\IMG\center_2025_12_07_01_36_55_111.jpg,E:\IMG\left_2025_12_07_01_36_55_111.jpg,E:\IMG\right_2025_12_07_01_36_55_111.jpg,0,0,0,29.80239
E:\IMG\center_2025_12_07_01_36_55_182.jpg,E:\IMG\left_2025_12_07_01_36_55_182.jpg,E:\IMG\right_2025_12_07_01_36_55_182.jpg,0,0.2128947,0,29.68176
E:\IMG\center_2025_12_07_01_36_55_253.jpg,E:\IMG\left_2025_12_07_01_36_55_253.jpg,E:\IMG\right_2025_12_07_01_36_55_253.jpg,0,0.425049,0,29.7318
E:\IMG\center_2025_12_07_01_36_55_329.jpg,E:\IMG\left_2025_12_07_01_36_55_329.jpg,E:\IMG\right_2025_12_07_01_36_55_329.jpg,-0.1,0.6490155,0,30.03031
E:\IMG\center_2025_12_07_01_36_55_402.jpg,E:\IMG\left_2025_12_07_01_36_55_402.jpg,E:\IMG\right_2025_12_07_01_36_55_402.jpg,-0.25,0.8705502,0,30.12671
E:\IMG\center_2025_12_07_01_36_55_475.jpg,E:\IMG\left_2025_12_07_01_36_55_475.jpg,E:\IMG\right_2025_12_07_01_36_55_475.jpg,0,0.6489414,0,30.10432
E:\IMG\center_2025_12_07_01_36_55_554.jpg,E:\IMG\left_2025_12_07_01_36_55_554.jpg,E:\IMG\right_2025_12_07_01_36_55_554.jpg,0,0.4134237,0,30.05305
E:\IMG\center_2025_12_07_01_36_55_626.jpg,E:\IMG\left_2025_12_07_01_36_55_626.jpg,E:\IMG\right_2025_12_07_01_36_55_626.jpg,0,0.1984791,0,29.98281
E:\IMG\center_2025_12_07_01_36_55_700.jpg,E:\IMG\left_2025_12_07_01_36_55_700.jpg,E:\IMG\right_2025_12_07_01_36_55_700.jpg,0,0.2583447,0,29.92749
E:\IMG\center_2025_12_07_01_36_55_779.jpg,E:\IMG\left_2025_12_07_01_36_55_779.jpg,E:\IMG\right_2025_12_07_01_36_55_779.jpg,0,0.4942946,0,30.03914
E:\IMG\center_2025_12_07_01_36_55_852.jpg,E:\IMG\left_2025_12_07_01_36_55_852.jpg,E:\IMG\right_2025_12_07_01_36_55_852.jpg,0,0.7143882,0,30.09655
E:\IMG\center_2025_12_07_01_36_55_932.jpg,E:\IMG\left_2025_12_07_01_36_55_932.jpg,E:\IMG\right_2025_12_07_01_36_55_932.jpg,0,0.9557465,0,30.15674
E:\IMG\center_2025_12_07_01_36_56_006.jpg,E:\IMG\left_2025_12_07_01_36_56_006.jpg,E:\IMG\right_2025_12_07_01_36_56_006.jpg,0,1,0,30.19034
E:\IMG\center_2025_12_07_01_36_56_090.jpg,E:\IMG\left_2025_12_07_01_36_56_090.jpg,E:\IMG\right_2025_12_07_01_36_56_090.jpg,-0.2,1,0,30.17987
E:\IMG\center_2025_12_07_01_36_56_165.jpg,E:\IMG\left_2025_12_07_01_36_56_165.jpg,E:\IMG\right_2025_12_07_01_36_56_165.jpg,0,0.8505808,0,30.14778
E:\IMG\center_2025_12_07_01_36_56_237.jpg,E:\IMG\left_2025_12_07_01_36_56_237.jpg,E:\IMG\right_2025_12_07_01_36_56_237.jpg,0,0.6316885,0,30.11436
E:\IMG\center_2025_12_07_01_36_56_317.jpg,E:\IMG\left_2025_12_07_01_36_56_317.jpg,E:\IMG\right_2025_12_07_01_36_56_317.jpg,0,0.3919483,0,30.06018
E:\IMG\center_2025_12_07_01_36_56_392.jpg,E:\IMG\left_2025_12_07_01_36_56_392.jpg,E:\IMG\right_2025_12_07_01_36_56_392.jpg,-0.15,0.1647787,0,29.98779
E:\IMG\center_2025_12_07_01_36_56_468.jpg,E:\IMG\left_2025_12_07_01_36_56_468.jpg,E:\IMG\right_2025_12_07_01_36_56_468.jpg,0,0.09702729,0,29.80392
E:\IMG\center_2025_12_07_01_36_56_541.jpg,E:\IMG\left_2025_12_07_01_36_56_541.jpg,E:\IMG\right_2025_12_07_01_36_56_541.jpg,0,0.3181741,0,29.75432
E:\IMG\center_2025_12_07_01_36_56_622.jpg,E:\IMG\left_2025_12_07_01_36_56_622.jpg,E:\IMG\right_2025_12_07_01_36_56_622.jpg,0,0.5606731,0,29.91929
E:\IMG\center_2025_12_07_01_36_56_701.jpg,E:\IMG\left_2025_12_07_01_36_56_701.jpg,E:\IMG\right_2025_12_07_01_36_56_701.jpg,-0.05,0.7983536,0,30.12654
E:\IMG\center_2025_12_07_01_36_56_777.jpg,E:\IMG\left_2025_12_07_01_36_56_777.jpg,E:\IMG\right_2025_12_07_01_36_56_777.jpg,-0.25,1,0,30.16801
E:\IMG\center_2025_12_07_01_36_56_854.jpg,E:\IMG\left_2025_12_07_01_36_56_854.jpg,E:\IMG\right_2025_12_07_01_36_56_854.jpg,0,0.7683845,0,30.14484
E:\IMG\center_2025_12_07_01_36_56_927.jpg,E:\IMG\left_2025_12_07_01_36_56_927.jpg,E:\IMG\right_2025_12_07_01_36_56_927.jpg,0,0.5499613,0,30.07089
E:\IMG\center_2025_12_07_01_36_57_002.jpg,E:\IMG\left_2025_12_07_01_36_57_002.jpg,E:\IMG\right_2025_12_07_01_36_57_002.jpg,0,0.3264295,0,30.03464
E:\IMG\center_2025_12_07_01_36_57_075.jpg,E:\IMG\left_2025_12_07_01_36_57_075.jpg,E:\IMG\right_2025_12_07_01_36_57_075.jpg,-0.05,0.4023913,0,30.02634
E:\IMG\center_2025_12_07_01_36_57_155.jpg,E:\IMG\left_2025_12_07_01_36_57_155.jpg,E:\IMG\right_2025_12_07_01_36_57_155.jpg,-0.25,0.6436753,0,30.07347
E:\IMG\center_2025_12_07_01_36_57_226.jpg,E:\IMG\left_2025_12_07_01_36_57_226.jpg,E:\IMG\right_2025_12_07_01_36_57_226.jpg,0,0.8573263,0,30.15642
E:\IMG\center_2025_12_07_01_36_57_301.jpg,E:\IMG\left_2025_12_07_01_36_57_301.jpg,E:\IMG\right_2025_12_07_01_36_57_301.jpg,0,1,0,30.19251
E:\IMG\center_2025_12_07_01_36_57_376.jpg,E:\IMG\left_2025_12_07_01_36_57_376.jpg,E:\IMG\right_2025_12_07_01_36_57_376.jpg,0,1,0,30.19029
E:\IMG\center_2025_12_07_01_36_57_449.jpg,E:\IMG\left_2025_12_07_01_36_57_449.jpg,E:\IMG\right_2025_12_07_01_36_57_449.jpg,0,1,0,30.19029
E:\IMG\center_2025_12_07_01_36_57_525.jpg,E:\IMG\left_2025_12_07_01_36_57_525.jpg,E:\IMG\right_2025_12_07_01_36_57_525.jpg,0,1,0,30.19032
E:\IMG\center_2025_12_07_01_36_57_603.jpg,E:\IMG\left_2025_12_07_01_36_57_603.jpg,E:\IMG\right_2025_12_07_01_36_57_603.jpg,0,1,0,30.1903
E:\IMG\center_2025_12_07_01_36_57_686.jpg,E:\IMG\left_2025_12_07_01_36_57_686.jpg,E:\IMG\right_2025_12_07_01_36_57_686.jpg,0,1,0,30.19031
E:\IMG\center_2025_12_07_01_36_57_757.jpg,E:\IMG\left_2025_12_07_01_36_57_757.jpg,E:\IMG\right_2025_12_07_01_36_57_757.jpg,0,1,0,30.19053
E:\IMG\center_2025_12_07_01_36_57_834.jpg,E:\IMG\left_2025_12_07_01_36_57_834.jpg,E:\IMG\right_2025_12_07_01_36_57_834.jpg,0,1,0,30.19034
E:\IMG\center_2025_12_07_01_36_57_910.jpg,E:\IMG\left_2025_12_07_01_36_57_910.jpg,E:\IMG\right_2025_12_07_01_36_57_910.jpg,-0.2,1,0,30.17979
E:\IMG\center_2025_12_07_01_36_57_986.jpg,E:\IMG\left_2025_12_07_01_36_57_986.jpg,E:\IMG\right_2025_12_07_01_36_57_986.jpg,0,1,0,30.18899
E:\IMG\center_2025_12_07_01_36_58_061.jpg,E:\IMG\left_2025_12_07_01_36_58_061.jpg,E:\IMG\right_2025_12_07_01_36_58_061.jpg,0,1,0,30.19018
E:\IMG\center_2025_12_07_01_36_58_138.jpg,E:\IMG\left_2025_12_07_01_36_58_138.jpg,E:\IMG\right_2025_12_07_01_36_58_138.jpg,0,1,0,30.19029
E:\IMG\center_2025_12_07_01_36_58_219.jpg,E:\IMG\left_2025_12_07_01_36_58_219.jpg,E:\IMG\right_2025_12_07_01_36_58_219.jpg,0,1,0,30.19027
E:\IMG\center_2025_12_07_01_36_58_292.jpg,E:\IMG\left_2025_12_07_01_36_58_292.jpg,E:\IMG\right_2025_12_07_01_36_58_292.jpg,0,1,0,30.19029
E:\IMG\center_2025_12_07_01_36_58_358.jpg,E:\IMG\left_2025_12_07_01_36_58_358.jpg,E:\IMG\right_2025_12_07_01_36_58_358.jpg,-0.05,1,0,30.18975
E:\IMG\center_2025_12_07_01_36_58_432.jpg,E:\IMG\left_2025_12_07_01_36_58_432.jpg,E:\IMG\right_2025_12_07_01_36_58_432.jpg,-0.25,1,0,30.17495
E:\IMG\center_2025_12_07_01_36_58_505.jpg,E:\IMG\left_2025_12_07_01_36_58_505.jpg,E:\IMG\right_2025_12_07_01_36_58_505.jpg,0,1,0,30.19017
E:\IMG\center_2025_12_07_01_36_58_591.jpg,E:\IMG\left_2025_12_07_01_36_58_591.jpg,E:\IMG\right_2025_12_07_01_36_58_591.jpg,0,1,0,30.19023
E:\IMG\center_2025_12_07_01_36_58_658.jpg,E:\IMG\left_2025_12_07_01_36_58_658.jpg,E:\IMG\right_2025_12_07_01_36_58_658.jpg,0,1,0,30.19026
E:\IMG\center_2025_12_07_01_36_58_739.jpg,E:\IMG\left_2025_12_07_01_36_58_739.jpg,E:\IMG\right_2025_12_07_01_36_58_739.jpg,0,1,0,30.19029
E:\IMG\center_2025_12_07_01_36_58_806.jpg,E:\IMG\left_2025_12_07_01_36_58_806.jpg,E:\IMG\right_2025_12_07_01_36_58_806.jpg,0,1,0,30.19029
E:\IMG\center_2025_12_07_01_36_58_873.jpg,E:\IMG\left_2025_12_07_01_36_58_873.jpg,E:\IMG\right_2025_12_07_01_36_58_873.jpg,0,1,0,30.1903
E:\IMG\center_2025_12_07_01_36_58_942.jpg,E:\IMG\left_2025_12_07_01_36_58_942.jpg,E:\IMG\right_2025_12_07_01_36_58_942.jpg,-0.05,1,0,30.18957
E:\IMG\center_2025_12_07_01_36_59_013.jpg,E:\IMG\left_2025_12_07_01_36_59_013.jpg,E:\IMG\right_2025_12_07_01_36_59_013.jpg,0,1,0,30.18727
E:\IMG\center_2025_12_07_01_36_59_084.jpg,E:\IMG\left_2025_12_07_01_36_59_084.jpg,E:\IMG\right_2025_12_07_01_36_59_084.jpg,0,1,0,30.19012
E:\IMG\center_2025_12_07_01_36_59_154.jpg,E:\IMG\left_2025_12_07_01_36_59_154.jpg,E:\IMG\right_2025_12_07_01_36_59_154.jpg,0,1,0,30.19009
E:\IMG\center_2025_12_07_01_36_59_222.jpg,E:\IMG\left_2025_12_07_01_36_59_222.jpg,E:\IMG\right_2025_12_07_01_36_59_222.jpg,0,1,0,30.19029
E:\IMG\center_2025_12_07_01_36_59_296.jpg,E:\IMG\left_2025_12_07_01_36_59_296.jpg,E:\IMG\right_2025_12_07_01_36_59_296.jpg,-0.05,1,0,30.18979
E:\IMG\center_2025_12_07_01_36_59_369.jpg,E:\IMG\left_2025_12_07_01_36_59_369.jpg,E:\IMG\right_2025_12_07_01_36_59_369.jpg,-0.25,1,0,30.17511
E:\IMG\center_2025_12_07_01_36_59_439.jpg,E:\IMG\left_2025_12_07_01_36_59_439.jpg,E:\IMG\right_2025_12_07_01_36_59_439.jpg,0,1,0,30.19066
E:\IMG\center_2025_12_07_01_36_59_507.jpg,E:\IMG\left_2025_12_07_01_36_59_507.jpg,E:\IMG\right_2025_12_07_01_36_59_507.jpg,0,1,0,30.19004
E:\IMG\center_2025_12_07_01_36_59_578.jpg,E:\IMG\left_2025_12_07_01_36_59_578.jpg,E:\IMG\right_2025_12_07_01_36_59_578.jpg,0,1,0,30.1902
E:\IMG\center_2025_12_07_01_36_59_648.jpg,E:\IMG\left_2025_12_07_01_36_59_648.jpg,E:\IMG\right_2025_12_07_01_36_59_648.jpg,0,1,0,30.19027
E:\IMG\center_2025_12_07_01_36_59_722.jpg,E:\IMG\left_2025_12_07_01_36_59_722.jpg,E:\IMG\right_2025_12_07_01_36_59_722.jpg,0,1,0,30.19028
E:\IMG\center_2025_12_07_01_36_59_792.jpg,E:\IMG\left_2025_12_07_01_36_59_792.jpg,E:\IMG\right_2025_12_07_01_36_59_792.jpg,0,1,0,30.19029
E:\IMG\center_2025_12_07_01_36_59_866.jpg,E:\IMG\left_2025_12_07_01_36_59_866.jpg,E:\IMG\right_2025_12_07_01_36_59_866.jpg,-0.15,1,0,30.18442
E:\IMG\center_2025_12_07_01_36_59_935.jpg,E:\IMG\left_2025_12_07_01_36_59_935.jpg,E:\IMG\right_2025_12_07_01_36_59_935.jpg,-0.3,1,0,30.16943
E:\IMG\center_2025_12_07_01_37_00_004.jpg,E:\IMG\left_2025_12_07_01_37_00_004.jpg,E:\IMG\right_2025_12_07_01_37_00_004.jpg,0,1,0,30.1899
E:\IMG\center_2025_12_07_01_37_00_078.jpg,E:\IMG\left_2025_12_07_01_37_00_078.jpg,E:\IMG\right_2025_12_07_01_37_00_078.jpg,0,1,0,30.19011
E:\IMG\center_2025_12_07_01_37_00_146.jpg,E:\IMG\left_2025_12_07_01_37_00_146.jpg,E:\IMG\right_2025_12_07_01_37_00_146.jpg,0,1,0,30.19007
E:\IMG\center_2025_12_07_01_37_00_216.jpg,E:\IMG\left_2025_12_07_01_37_00_216.jpg,E:\IMG\right_2025_12_07_01_37_00_216.jpg,0,1,0,30.1903
E:\IMG\center_2025_12_07_01_37_00_293.jpg,E:\IMG\left_2025_12_07_01_37_00_293.jpg,E:\IMG\right_2025_12_07_01_37_00_293.jpg,0,1,0,30.1903
E:\IMG\center_2025_12_07_01_37_00_368.jpg,E:\IMG\left_2025_12_07_01_37_00_368.jpg,E:\IMG\right_2025_12_07_01_37_00_368.jpg,0,1,0,30.1903
E:\IMG\center_2025_12_07_01_37_00_442.jpg,E:\IMG\left_2025_12_07_01_37_00_442.jpg,E:\IMG\right_2025_12_07_01_37_00_442.jpg,0,1,0,30.19032
E:\IMG\center_2025_12_07_01_37_00_514.jpg,E:\IMG\left_2025_12_07_01_37_00_514.jpg,E:\IMG\right_2025_12_07_01_37_00_514.jpg,0,1,0,30.19033
E:\IMG\center_2025_12_07_01_37_00_589.jpg,E:\IMG\left_2025_12_07_01_37_00_589.jpg,E:\IMG\right_2025_12_07_01_37_00_589.jpg,0,1,0,30.19031
E:\IMG\center_2025_12_07_01_37_00_663.jpg,E:\IMG\left_2025_12_07_01_37_00_663.jpg,E:\IMG\right_2025_12_07_01_37_00_663.jpg,0,1,0,30.19031
E:\IMG\center_2025_12_07_01_37_00_736.jpg,E:\IMG\left_2025_12_07_01_37_00_736.jpg,E:\IMG\right_2025_12_07_01_37_00_736.jpg,0,1,0,30.19029
E:\IMG\center_2025_12_07_01_37_00_805.jpg,E:\IMG\left_2025_12_07_01_37_00_805.jpg,E:\IMG\right_2025_12_07_01_37_00_805.jpg,0,1,0,30.1903
E:\IMG\center_2025_12_07_01_37_00_878.jpg,E:\IMG\left_2025_12_07_01_37_00_878.jpg,E:\IMG\right_2025_12_07_01_37_00_878.jpg,0,1,0,30.19032
E:\IMG\center_2025_12_07_01_37_00_963.jpg,E:\IMG\left_2025_12_07_01_37_00_963.jpg,E:\IMG\right_2025_12_07_01_37_00_963.jpg,0,1,0,30.19029
E:\IMG\center_2025_12_07_01_37_01_053.jpg,E:\IMG\left_2025_12_07_01_37_01_053.jpg,E:\IMG\right_2025_12_07_01_37_01_053.jpg,0,1,0,30.1903
E:\IMG\center_2025_12_07_01_37_01_130.jpg,E:\IMG\left_2025_12_07_01_37_01_130.jpg,E:\IMG\right_2025_12_07_01_37_01_130.jpg,0,1,0,30.1903
E:\IMG\center_2025_12_07_01_37_01_199.jpg,E:\IMG\left_2025_12_07_01_37_01_199.jpg,E:\IMG\right_2025_12_07_01_37_01_199.jpg,0,1,0,30.1903
E:\IMG\center_2025_12_07_01_37_01_267.jpg,E:\IMG\left_2025_12_07_01_37_01_267.jpg,E:\IMG\right_2025_12_07_01_37_01_267.jpg,0,1,0,30.1903
E:\IMG\center_2025_12_07_01_37_01_342.jpg,E:\IMG\left_2025_12_07_01_37_01_342.jpg,E:\IMG\right_2025_12_07_01_37_01_342.jpg,0,1,0,30.19028
E:\IMG\center_2025_12_07_01_37_01_413.jpg,E:\IMG\left_2025_12_07_01_37_01_413.jpg,E:\IMG\right_2025_12_07_01_37_01_413.jpg,0,1,0,30.19033
E:\IMG\center_2025_12_07_01_37_01_488.jpg,E:\IMG\left_2025_12_07_01_37_01_488.jpg,E:\IMG\right_2025_12_07_01_37_01_488.jpg,0,1,0,30.19029
E:\IMG\center_2025_12_07_01_37_01_558.jpg,E:\IMG\left_2025_12_07_01_37_01_558.jpg,E:\IMG\right_2025_12_07_01_37_01_558.jpg,-0.05,1,0,30.18971
E:\IMG\center_2025_12_07_01_37_01_631.jpg,E:\IMG\left_2025_12_07_01_37_01_631.jpg,E:\IMG\right_2025_12_07_01_37_01_631.jpg,-0.25,1,0,30.17475
E:\IMG\center_2025_12_07_01_37_01_704.jpg,E:\IMG\left_2025_12_07_01_37_01_704.jpg,E:\IMG\right_2025_12_07_01_37_01_704.jpg,-0.4,1,0,30.15754
E:\IMG\center_2025_12_07_01_37_01_781.jpg,E:\IMG\left_2025_12_07_01_37_01_781.jpg,E:\IMG\right_2025_12_07_01_37_01_781.jpg,0,1,0,30.18898
E:\IMG\center_2025_12_07_01_37_01_852.jpg,E:\IMG\left_2025_12_07_01_37_01_852.jpg,E:\IMG\right_2025_12_07_01_37_01_852.jpg,0,1,0,30.18997
E:\IMG\center_2025_12_07_01_37_01_925.jpg,E:\IMG\left_2025_12_07_01_37_01_925.jpg,E:\IMG\right_2025_12_07_01_37_01_925.jpg,0,1,0,30.19024
E:\IMG\center_2025_12_07_01_37_02_000.jpg,E:\IMG\left_2025_12_07_01_37_02_000.jpg,E:\IMG\right_2025_12_07_01_37_02_000.jpg,-0.1,1,0,30.18851
E:\IMG\center_2025_12_07_01_37_02_075.jpg,E:\IMG\left_2025_12_07_01_37_02_075.jpg,E:\IMG\right_2025_12_07_01_37_02_075.jpg,0,1,0,30.19075
E:\IMG\center_2025_12_07_01_37_02_150.jpg,E:\IMG\left_2025_12_07_01_37_02_150.jpg,E:\IMG\right_2025_12_07_01_37_02_150.jpg,0,1,0,30.19024
E:\IMG\center_2025_12_07_01_37_02_223.jpg,E:\IMG\left_2025_12_07_01_37_02_223.jpg,E:\IMG\right_2025_12_07_01_37_02_223.jpg,0,1,0,30.19027
E:\IMG\center_2025_12_07_01_37_02_304.jpg,E:\IMG\left_2025_12_07_01_37_02_304.jpg,E:\IMG\right_2025_12_07_01_37_02_304.jpg,0,1,0,30.19028
E:\IMG\center_2025_12_07_01_37_02_377.jpg,E:\IMG\left_2025_12_07_01_37_02_377.jpg,E:\IMG\right_2025_12_07_01_37_02_377.jpg,0,1,0,30.19031
E:\IMG\center_2025_12_07_01_37_02_450.jpg,E:\IMG\left_2025_12_07_01_37_02_450.jpg,E:\IMG\right_2025_12_07_01_37_02_450.jpg,0,1,0,30.1903
E:\IMG\center_2025_12_07_01_37_02_534.jpg,E:\IMG\left_2025_12_07_01_37_02_534.jpg,E:\IMG\right_2025_12_07_01_37_02_534.jpg,0,1,0,30.19029
E:\IMG\center_2025_12_07_01_37_02_615.jpg,E:\IMG\left_2025_12_07_01_37_02_615.jpg,E:\IMG\right_2025_12_07_01_37_02_615.jpg,0,1,0,30.1903
E:\IMG\center_2025_12_07_01_37_02_686.jpg,E:\IMG\left_2025_12_07_01_37_02_686.jpg,E:\IMG\right_2025_12_07_01_37_02_686.jpg,0,1,0,30.19027
E:\IMG\center_2025_12_07_01_37_02_755.jpg,E:\IMG\left_2025_12_07_01_37_02_755.jpg,E:\IMG\right_2025_12_07_01_37_02_755.jpg,0,1,0,30.19031
E:\IMG\center_2025_12_07_01_37_02_833.jpg,E:\IMG\left_2025_12_07_01_37_02_833.jpg,E:\IMG\right_2025_12_07_01_37_02_833.jpg,0,1,0,30.19031
E:\IMG\center_2025_12_07_01_37_02_911.jpg,E:\IMG\left_2025_12_07_01_37_02_911.jpg,E:\IMG\right_2025_12_07_01_37_02_911.jpg,0,1,0,30.19026
E:\IMG\center_2025_12_07_01_37_02_986.jpg,E:\IMG\left_2025_12_07_01_37_02_986.jpg,E:\IMG\right_2025_12_07_01_37_02_986.jpg,0,1,0,30.1903
E:\IMG\center_2025_12_07_01_37_03_066.jpg,E:\IMG\left_2025_12_07_01_37_03_066.jpg,E:\IMG\right_2025_12_07_01_37_03_066.jpg,0,1,0,30.1903
E:\IMG\center_2025_12_07_01_37_03_143.jpg,E:\IMG\left_2025_12_07_01_37_03_143.jpg,E:\IMG\right_2025_12_07_01_37_03_143.jpg,0,1,0,30.19028
E:\IMG\center_2025_12_07_01_37_03_221.jpg,E:\IMG\left_2025_12_07_01_37_03_221.jpg,E:\IMG\right_2025_12_07_01_37_03_221.jpg,0,1,0,30.19031
E:\IMG\center_2025_12_07_01_37_03_301.jpg,E:\IMG\left_2025_12_07_01_37_03_301.jpg,E:\IMG\right_2025_12_07_01_37_03_301.jpg,0,1,0,30.1903
E:\IMG\center_2025_12_07_01_37_03_383.jpg,E:\IMG\left_2025_12_07_01_37_03_383.jpg,E:\IMG\right_2025_12_07_01_37_03_383.jpg,0,1,0,30.19029
E:\IMG\center_2025_12_07_01_37_03_455.jpg,E:\IMG\left_2025_12_07_01_37_03_455.jpg,E:\IMG\right_2025_12_07_01_37_03_455.jpg,0,1,0,30.19029
E:\IMG\center_2025_12_07_01_37_03_535.jpg,E:\IMG\left_2025_12_07_01_37_03_535.jpg,E:\IMG\right_2025_12_07_01_37_03_535.jpg,-0.2,1,0,30.17986
E:\IMG\center_2025_12_07_01_37_03_618.jpg,E:\IMG\left_2025_12_07_01_37_03_618.jpg,E:\IMG\right_2025_12_07_01_37_03_618.jpg,0,1,0,30.19029
E:\IMG\center_2025_12_07_01_37_03_694.jpg,E:\IMG\left_2025_12_07_01_37_03_694.jpg,E:\IMG\right_2025_12_07_01_37_03_694.jpg,0,1,0,30.19026
E:\IMG\center_2025_12_07_01_37_03_774.jpg,E:\IMG\left_2025_12_07_01_37_03_774.jpg,E:\IMG\right_2025_12_07_01_37_03_774.jpg,0,1,0,30.19027
E:\IMG\center_2025_12_07_01_37_03_856.jpg,E:\IMG\left_2025_12_07_01_37_03_856.jpg,E:\IMG\right_2025_12_07_01_37_03_856.jpg,0,1,0,30.19029
E:\IMG\center_2025_12_07_01_37_03_934.jpg,E:\IMG\left_2025_12_07_01_37_03_934.jpg,E:\IMG\right_2025_12_07_01_37_03_934.jpg,0,1,0,30.19031
E:\IMG\center_2025_12_07_01_37_04_013.jpg,E:\IMG\left_2025_12_07_01_37_04_013.jpg,E:\IMG\right_2025_12_07_01_37_04_013.jpg,0,1,0,30.19024
E:\IMG\center_2025_12_07_01_37_04_091.jpg,E:\IMG\left_2025_12_07_01_37_04_091.jpg,E:\IMG\right_2025_12_07_01_37_04_091.jpg,0,1,0,30.19029
E:\IMG\center_2025_12_07_01_37_04_171.jpg,E:\IMG\left_2025_12_07_01_37_04_171.jpg,E:\IMG\right_2025_12_07_01_37_04_171.jpg,0,1,0,30.19031
E:\IMG\center_2025_12_07_01_37_04_251.jpg,E:\IMG\left_2025_12_07_01_37_04_251.jpg,E:\IMG\right_2025_12_07_01_37_04_251.jpg,0,1,0,30.19038
E:\IMG\center_2025_12_07_01_37_04_332.jpg,E:\IMG\left_2025_12_07_01_37_04_332.jpg,E:\IMG\right_2025_12_07_01_37_04_332.jpg,-0.15,1,0,30.18422
E:\IMG\center_2025_12_07_01_37_04_415.jpg,E:\IMG\left_2025_12_07_01_37_04_415.jpg,E:\IMG\right_2025_12_07_01_37_04_415.jpg,0,1,0,30.18967
E:\IMG\center_2025_12_07_01_37_04_492.jpg,E:\IMG\left_2025_12_07_01_37_04_492.jpg,E:\IMG\right_2025_12_07_01_37_04_492.jpg,0,1,0,30.19022
E:\IMG\center_2025_12_07_01_37_04_571.jpg,E:\IMG\left_2025_12_07_01_37_04_571.jpg,E:\IMG\right_2025_12_07_01_37_04_571.jpg,0,1,0,30.19027
E:\IMG\center_2025_12_07_01_37_04_655.jpg,E:\IMG\left_2025_12_07_01_37_04_655.jpg,E:\IMG\right_2025_12_07_01_37_04_655.jpg,0,1,0,30.1903
E:\IMG\center_2025_12_07_01_37_04_738.jpg,E:\IMG\left_2025_12_07_01_37_04_738.jpg,E:\IMG\right_2025_12_07_01_37_04_738.jpg,0,1,0,30.19029
E:\IMG\center_2025_12_07_01_37_04_819.jpg,E:\IMG\left_2025_12_07_01_37_04_819.jpg,E:\IMG\right_2025_12_07_01_37_04_819.jpg,0,1,0,30.19029
E:\IMG\center_2025_12_07_01_37_04_898.jpg,E:\IMG\left_2025_12_07_01_37_04_898.jpg,E:\IMG\right_2025_12_07_01_37_04_898.jpg,0,1,0,30.1903
E:\IMG\center_2025_12_07_01_37_04_981.jpg,E:\IMG\left_2025_12_07_01_37_04_981.jpg,E:\IMG\right_2025_12_07_01_37_04_981.jpg,-0.2,1,0,30.17987
E:\IMG\center_2025_12_07_01_37_05_066.jpg,E:\IMG\left_2025_12_07_01_37_05_066.jpg,E:\IMG\right_2025_12_07_01_37_05_066.jpg,0,1,0,30.18884
E:\IMG\center_2025_12_07_01_37_05_151.jpg,E:\IMG\left_2025_12_07_01_37_05_151.jpg,E:\IMG\right_2025_12_07_01_37_05_151.jpg,0,1,0,30.1901
E:\IMG\center_2025_12_07_01_37_05_232.jpg,E:\IMG\left_2025_12_07_01_37_05_232.jpg,E:\IMG\right_2025_12_07_01_37_05_232.jpg,0,1,0,30.19028
E:\IMG\center_2025_12_07_01_37_05_314.jpg,E:\IMG\left_2025_12_07_01_37_05_314.jpg,E:\IMG\right_2025_12_07_01_37_05_314.jpg,0,1,0,30.19029
E:\IMG\center_2025_12_07_01_37_05_394.jpg,E:\IMG\left_2025_12_07_01_37_05_394.jpg,E:\IMG\right_2025_12_07_01_37_05_394.jpg,0,1,0,30.19038
E:\IMG\center_2025_12_07_01_37_05_477.jpg,E:\IMG\left_2025_12_07_01_37_05_477.jpg,E:\IMG\right_2025_12_07_01_37_05_477.jpg,0,1,0,30.1903
E:\IMG\center_2025_12_07_01_37_05_561.jpg,E:\IMG\left_2025_12_07_01_37_05_561.jpg,E:\IMG\right_2025_12_07_01_37_05_561.jpg,0,1,0,30.19029
E:\IMG\center_2025_12_07_01_37_05_641.jpg,E:\IMG\left_2025_12_07_01_37_05_641.jpg,E:\IMG\right_2025_12_07_01_37_05_641.jpg,0,1,0,30.19029
E:\IMG\center_2025_12_07_01_37_05_722.jpg,E:\IMG\left_2025_12_07_01_37_05_722.jpg,E:\IMG\right_2025_12_07_01_37_05_722.jpg,0,1,0,30.19031
E:\IMG\center_2025_12_07_01_37_05_808.jpg,E:\IMG\left_2025_12_07_01_37_05_808.jpg,E:\IMG\right_2025_12_07_01_37_05_808.jpg,0,1,0,30.1903
E:\IMG\center_2025_12_07_01_37_05_891.jpg,E:\IMG\left_2025_12_07_01_37_05_891.jpg,E:\IMG\right_2025_12_07_01_37_05_891.jpg,0,1,0,30.19031
E:\IMG\center_2025_12_07_01_37_05_972.jpg,E:\IMG\left_2025_12_07_01_37_05_972.jpg,E:\IMG\right_2025_12_07_01_37_05_972.jpg,0,1,0,30.19031
E:\IMG\center_2025_12_07_01_37_06_057.jpg,E:\IMG\left_2025_12_07_01_37_06_057.jpg,E:\IMG\right_2025_12_07_01_37_06_057.jpg,-0.05,1,0,30.18971
E:\IMG\center_2025_12_07_01_37_06_143.jpg,E:\IMG\left_2025_12_07_01_37_06_143.jpg,E:\IMG\right_2025_12_07_01_37_06_143.jpg,0,1,0,30.18721
E:\IMG\center_2025_12_07_01_37_06_214.jpg,E:\IMG\left_2025_12_07_01_37_06_214.jpg,E:\IMG\right_2025_12_07_01_37_06_214.jpg,0,1,0,30.19013
E:\IMG\center_2025_12_07_01_37_06_281.jpg,E:\IMG\left_2025_12_07_01_37_06_281.jpg,E:\IMG\right_2025_12_07_01_37_06_281.jpg,0,1,0,30.19024
E:\IMG\center_2025_12_07_01_37_06_358.jpg,E:\IMG\left_2025_12_07_01_37_06_358.jpg,E:\IMG\right_2025_12_07_01_37_06_358.jpg,0,1,0,30.1903
E:\IMG\center_2025_12_07_01_37_06_439.jpg,E:\IMG\left_2025_12_07_01_37_06_439.jpg,E:\IMG\right_2025_12_07_01_37_06_439.jpg,0,1,0,30.19029
E:\IMG\center_2025_12_07_01_37_06_516.jpg,E:\IMG\left_2025_12_07_01_37_06_516.jpg,E:\IMG\right_2025_12_07_01_37_06_516.jpg,0,1,0,30.1903
E:\IMG\center_2025_12_07_01_37_06_591.jpg,E:\IMG\left_2025_12_07_01_37_06_591.jpg,E:\IMG\right_2025_12_07_01_37_06_591.jpg,0,1,0,30.19027
E:\IMG\center_2025_12_07_01_37_06_676.jpg,E:\IMG\left_2025_12_07_01_37_06_676.jpg,E:\IMG\right_2025_12_07_01_37_06_676.jpg,0,1,0,30.1903
E:\IMG\center_2025_12_07_01_37_06_759.jpg,E:\IMG\left_2025_12_07_01_37_06_759.jpg,E:\IMG\right_2025_12_07_01_37_06_759.jpg,0,1,0,30.19031
E:\IMG\center_2025_12_07_01_37_06_844.jpg,E:\IMG\left_2025_12_07_01_37_06_844.jpg,E:\IMG\right_2025_12_07_01_37_06_844.jpg,0,1,0,30.1903
E:\IMG\center_2025_12_07_01_37_06_931.jpg,E:\IMG\left_2025_12_07_01_37_06_931.jpg,E:\IMG\right_2025_12_07_01_37_06_931.jpg,0,1,0,30.19029
E:\IMG\center_2025_12_07_01_37_07_013.jpg,E:\IMG\left_2025_12_07_01_37_07_013.jpg,E:\IMG\right_2025_12_07_01_37_07_013.jpg,0,1,0,30.19027
E:\IMG\center_2025_12_07_01_37_07_095.jpg,E:\IMG\left_2025_12_07_01_37_07_095.jpg,E:\IMG\right_2025_12_07_01_37_07_095.jpg,0,1,0,30.19029
E:\IMG\center_2025_12_07_01_37_07_182.jpg,E:\IMG\left_2025_12_07_01_37_07_182.jpg,E:\IMG\right_2025_12_07_01_37_07_182.jpg,0,1,0,30.1903
E:\IMG\center_2025_12_07_01_37_07_265.jpg,E:\IMG\left_2025_12_07_01_37_07_265.jpg,E:\IMG\right_2025_12_07_01_37_07_265.jpg,0,1,0,30.19028
E:\IMG\center_2025_12_07_01_37_07_355.jpg,E:\IMG\left_2025_12_07_01_37_07_355.jpg,E:\IMG\right_2025_12_07_01_37_07_355.jpg,-0.05,1,0,30.18971
E:\IMG\center_2025_12_07_01_37_07_439.jpg,E:\IMG\left_2025_12_07_01_37_07_439.jpg,E:\IMG\right_2025_12_07_01_37_07_439.jpg,0,1,0,30.18719
E:\IMG\center_2025_12_07_01_37_07_523.jpg,E:\IMG\left_2025_12_07_01_37_07_523.jpg,E:\IMG\right_2025_12_07_01_37_07_523.jpg,0,1,0,30.19013
E:\IMG\center_2025_12_07_01_37_07_608.jpg,E:\IMG\left_2025_12_07_01_37_07_608.jpg,E:\IMG\right_2025_12_07_01_37_07_608.jpg,0,1,0,30.19027
E:\IMG\center_2025_12_07_01_37_07_694.jpg,E:\IMG\left_2025_12_07_01_37_07_694.jpg,E:\IMG\right_2025_12_07_01_37_07_694.jpg,0,1,0,30.19032
E:\IMG\center_2025_12_07_01_37_07_785.jpg,E:\IMG\left_2025_12_07_01_37_07_785.jpg,E:\IMG\right_2025_12_07_01_37_07_785.jpg,0,1,0,30.1903
E:\IMG\center_2025_12_07_01_37_07_864.jpg,E:\IMG\left_2025_12_07_01_37_07_864.jpg,E:\IMG\right_2025_12_07_01_37_07_864.jpg,0,1,0,30.19029
E:\IMG\center_2025_12_07_01_37_07_951.jpg,E:\IMG\left_2025_12_07_01_37_07_951.jpg,E:\IMG\right_2025_12_07_01_37_07_951.jpg,-0.2,1,0,30.17991
E:\IMG\center_2025_12_07_01_37_08_018.jpg,E:\IMG\left_2025_12_07_01_37_08_018.jpg,E:\IMG\right_2025_12_07_01_37_08_018.jpg,0,1,0,30.18969
E:\IMG\center_2025_12_07_01_37_08_096.jpg,E:\IMG\left_2025_12_07_01_37_08_096.jpg,E:\IMG\right_2025_12_07_01_37_08_096.jpg,0,1,0,30.19024
E:\IMG\center_2025_12_07_01_37_08_182.jpg,E:\IMG\left_2025_12_07_01_37_08_182.jpg,E:\IMG\right_2025_12_07_01_37_08_182.jpg,0,1,0,30.19026
E:\IMG\center_2025_12_07_01_37_08_265.jpg,E:\IMG\left_2025_12_07_01_37_08_265.jpg,E:\IMG\right_2025_12_07_01_37_08_265.jpg,0,1,0,30.19029
E:\IMG\center_2025_12_07_01_37_08_353.jpg,E:\IMG\left_2025_12_07_01_37_08_353.jpg,E:\IMG\right_2025_12_07_01_37_08_353.jpg,0,1,0,30.19031
E:\IMG\center_2025_12_07_01_37_08_437.jpg,E:\IMG\left_2025_12_07_01_37_08_437.jpg,E:\IMG\right_2025_12_07_01_37_08_437.jpg,-0.15,1,0,30.18433
E:\IMG\center_2025_12_07_01_37_08_525.jpg,E:\IMG\left_2025_12_07_01_37_08_525.jpg,E:\IMG\right_2025_12_07_01_37_08_525.jpg,0,1,0,30.18934
E:\IMG\center_2025_12_07_01_37_08_607.jpg,E:\IMG\left_2025_12_07_01_37_08_607.jpg,E:\IMG\right_2025_12_07_01_37_08_607.jpg,0,1,0,30.19018
E:\IMG\center_2025_12_07_01_37_08_694.jpg,E:\IMG\left_2025_12_07_01_37_08_694.jpg,E:\IMG\right_2025_12_07_01_37_08_694.jpg,0,1,0,30.19029
E:\IMG\center_2025_12_07_01_37_08_775.jpg,E:\IMG\left_2025_12_07_01_37_08_775.jpg,E:\IMG\right_2025_12_07_01_37_08_775.jpg,0,1,0,30.19031
E:\IMG\center_2025_12_07_01_37_08_862.jpg,E:\IMG\left_2025_12_07_01_37_08_862.jpg,E:\IMG\right_2025_12_07_01_37_08_862.jpg,0,1,0,30.19031
E:\IMG\center_2025_12_07_01_37_08_946.jpg,E:\IMG\left_2025_12_07_01_37_08_946.jpg,E:\IMG\right_2025_12_07_01_37_08_946.jpg,0,1,0,30.19029
E:\IMG\center_2025_12_07_01_37_09_040.jpg,E:\IMG\left_2025_12_07_01_37_09_040.jpg,E:\IMG\right_2025_12_07_01_37_09_040.jpg,0,1,0,30.19029
E:\IMG\center_2025_12_07_01_37_09_122.jpg,E:\IMG\left_2025_12_07_01_37_09_122.jpg,E:\IMG\right_2025_12_07_01_37_09_122.jpg,0,1,0,30.19031
E:\IMG\center_2025_12_07_01_37_09_206.jpg,E:\IMG\left_2025_12_07_01_37_09_206.jpg,E:\IMG\right_2025_12_07_01_37_09_206.jpg,0,1,0,30.1903
E:\IMG\center_2025_12_07_01_37_09_286.jpg,E:\IMG\left_2025_12_07_01_37_09_286.jpg,E:\IMG\right_2025_12_07_01_37_09_286.jpg,0,1,0,30.19028
E:\IMG\center_2025_12_07_01_37_09_371.jpg,E:\IMG\left_2025_12_07_01_37_09_371.jpg,E:\IMG\right_2025_12_07_01_37_09_371.jpg,0,1,0,30.19029
E:\IMG\center_2025_12_07_01_37_09_457.jpg,E:\IMG\left_2025_12_07_01_37_09_457.jpg,E:\IMG\right_2025_12_07_01_37_09_457.jpg,0,1,0,30.19031
E:\IMG\center_2025_12_07_01_37_09_548.jpg,E:\IMG\left_2025_12_07_01_37_09_548.jpg,E:\IMG\right_2025_12_07_01_37_09_548.jpg,0,1,0,30.19029
E:\IMG\center_2025_12_07_01_37_09_630.jpg,E:\IMG\left_2025_12_07_01_37_09_630.jpg,E:\IMG\right_2025_12_07_01_37_09_630.jpg,0,1,0,30.19068
E:\IMG\center_2025_12_07_01_37_09_703.jpg,E:\IMG\left_2025_12_07_01_37_09_703.jpg,E:\IMG\right_2025_12_07_01_37_09_703.jpg,0,1,0,30.19026
E:\IMG\center_2025_12_07_01_37_09_774.jpg,E:\IMG\left_2025_12_07_01_37_09_774.jpg,E:\IMG\right_2025_12_07_01_37_09_774.jpg,0,1,0,30.19029
E:\IMG\center_2025_12_07_01_37_09_861.jpg,E:\IMG\left_2025_12_07_01_37_09_861.jpg,E:\IMG\right_2025_12_07_01_37_09_861.jpg,0,1,0,30.19029
E:\IMG\center_2025_12_07_01_37_09_948.jpg,E:\IMG\left_2025_12_07_01_37_09_948.jpg,E:\IMG\right_2025_12_07_01_37_09_948.jpg,0,1,0,30.19027
E:\IMG\center_2025_12_07_01_37_10_033.jpg,E:\IMG\left_2025_12_07_01_37_10_033.jpg,E:\IMG\right_2025_12_07_01_37_10_033.jpg,0,1,0,30.19028
E:\IMG\center_2025_12_07_01_37_10_124.jpg,E:\IMG\left_2025_12_07_01_37_10_124.jpg,E:\IMG\right_2025_12_07_01_37_10_124.jpg,-0.25,1,0,30.17479
E:\IMG\center_2025_12_07_01_37_10_206.jpg,E:\IMG\left_2025_12_07_01_37_10_206.jpg,E:\IMG\right_2025_12_07_01_37_10_206.jpg,0,1,0,30.19015
E:\IMG\center_2025_12_07_01_37_10_294.jpg,E:\IMG\left_2025_12_07_01_37_10_294.jpg,E:\IMG\right_2025_12_07_01_37_10_294.jpg,0,1,0,30.1902
E:\IMG\center_2025_12_07_01_37_10_372.jpg,E:\IMG\left_2025_12_07_01_37_10_372.jpg,E:\IMG\right_2025_12_07_01_37_10_372.jpg,0,1,0,30.19028
E:\IMG\center_2025_12_07_01_37_10_459.jpg,E:\IMG\left_2025_12_07_01_37_10_459.jpg,E:\IMG\right_2025_12_07_01_37_10_459.jpg,-0.15,1,0,30.1848
E:\IMG\center_2025_12_07_01_37_10_543.jpg,E:\IMG\left_2025_12_07_01_37_10_543.jpg,E:\IMG\right_2025_12_07_01_37_10_543.jpg,0,1,0,30.18476
E:\IMG\center_2025_12_07_01_37_10_626.jpg,E:\IMG\left_2025_12_07_01_37_10_626.jpg,E:\IMG\right_2025_12_07_01_37_10_626.jpg,0,1,0,30.19006
E:\IMG\center_2025_12_07_01_37_10_708.jpg,E:\IMG\left_2025_12_07_01_37_10_708.jpg,E:\IMG\right_2025_12_07_01_37_10_708.jpg,0,1,0,30.19023
E:\IMG\center_2025_12_07_01_37_10_797.jpg,E:\IMG\left_2025_12_07_01_37_10_797.jpg,E:\IMG\right_2025_12_07_01_37_10_797.jpg,0,1,0,30.19029
E:\IMG\center_2025_12_07_01_37_10_875.jpg,E:\IMG\left_2025_12_07_01_37_10_875.jpg,E:\IMG\right_2025_12_07_01_37_10_875.jpg,0,1,0,30.19029
E:\IMG\center_2025_12_07_01_37_10_964.jpg,E:\IMG\left_2025_12_07_01_37_10_964.jpg,E:\IMG\right_2025_12_07_01_37_10_964.jpg,0,1,0,30.19029
E:\IMG\center_2025_12_07_01_37_11_041.jpg,E:\IMG\left_2025_12_07_01_37_11_041.jpg,E:\IMG\right_2025_12_07_01_37_11_041.jpg,0,1,0,30.19031
E:\IMG\center_2025_12_07_01_37_11_140.jpg,E:\IMG\left_2025_12_07_01_37_11_140.jpg,E:\IMG\right_2025_12_07_01_37_11_140.jpg,0,1,0,30.19029
E:\IMG\center_2025_12_07_01_37_11_215.jpg,E:\IMG\left_2025_12_07_01_37_11_215.jpg,E:\IMG\right_2025_12_07_01_37_11_215.jpg,0,1,0,30.19037
E:\IMG\center_2025_12_07_01_37_11_303.jpg,E:\IMG\left_2025_12_07_01_37_11_303.jpg,E:\IMG\right_2025_12_07_01_37_11_303.jpg,0,1,0,30.19027
E:\IMG\center_2025_12_07_01_37_11_381.jpg,E:\IMG\left_2025_12_07_01_37_11_381.jpg,E:\IMG\right_2025_12_07_01_37_11_381.jpg,0,1,0,30.19029
E:\IMG\center_2025_12_07_01_37_11_465.jpg,E:\IMG\left_2025_12_07_01_37_11_465.jpg,E:\IMG\right_2025_12_07_01_37_11_465.jpg,0,1,0,30.19029
E:\IMG\center_2025_12_07_01_37_11_552.jpg,E:\IMG\left_2025_12_07_01_37_11_552.jpg,E:\IMG\right_2025_12_07_01_37_11_552.jpg,0,1,0,30.1903
E:\IMG\center_2025_12_07_01_37_11_633.jpg,E:\IMG\left_2025_12_07_01_37_11_633.jpg,E:\IMG\right_2025_12_07_01_37_11_633.jpg,0,1,0,30.19032
E:\IMG\center_2025_12_07_01_37_11_714.jpg,E:\IMG\left_2025_12_07_01_37_11_714.jpg,E:\IMG\right_2025_12_07_01_37_11_714.jpg,0,1,0,30.19029
E:\IMG\center_2025_12_07_01_37_11_796.jpg,E:\IMG\left_2025_12_07_01_37_11_796.jpg,E:\IMG\right_2025_12_07_01_37_11_796.jpg,0,1,0,30.19031
E:\IMG\center_2025_12_07_01_37_11_888.jpg,E:\IMG\left_2025_12_07_01_37_11_888.jpg,E:\IMG\right_2025_12_07_01_37_11_888.jpg,0,1,0,30.1903
E:\IMG\center_2025_12_07_01_37_11_971.jpg,E:\IMG\left_2025_12_07_01_37_11_971.jpg,E:\IMG\right_2025_12_07_01_37_11_971.jpg,0,1,0,30.19027
E:\IMG\center_2025_12_07_01_37_12_052.jpg,E:\IMG\left_2025_12_07_01_37_12_052.jpg,E:\IMG\right_2025_12_07_01_37_12_052.jpg,0,1,0,30.19028
E:\IMG\center_2025_12_07_01_37_12_135.jpg,E:\IMG\left_2025_12_07_01_37_12_135.jpg,E:\IMG\right_2025_12_07_01_37_12_135.jpg,0,1,0,30.1903
E:\IMG\center_2025_12_07_01_37_12_219.jpg,E:\IMG\left_2025_12_07_01_37_12_219.jpg,E:\IMG\right_2025_12_07_01_37_12_219.jpg,0,1,0,30.19032
E:\IMG\center_2025_12_07_01_37_12_303.jpg,E:\IMG\left_2025_12_07_01_37_12_303.jpg,E:\IMG\right_2025_12_07_01_37_12_303.jpg,0,1,0,30.1903
E:\IMG\center_2025_12_07_01_37_12_391.jpg,E:\IMG\left_2025_12_07_01_37_12_391.jpg,E:\IMG\right_2025_12_07_01_37_12_391.jpg,-0.2,1,0,30.17999
E:\IMG\center_2025_12_07_01_37_12_474.jpg,E:\IMG\left_2025_12_07_01_37_12_474.jpg,E:\IMG\right_2025_12_07_01_37_12_474.jpg,0,1,0,30.19028
E:\IMG\center_2025_12_07_01_37_12_559.jpg,E:\IMG\left_2025_12_07_01_37_12_559.jpg,E:\IMG\right_2025_12_07_01_37_12_559.jpg,0,1,0,30.19027
E:\IMG\center_2025_12_07_01_37_12_645.jpg,E:\IMG\left_2025_12_07_01_37_12_645.jpg,E:\IMG\right_2025_12_07_01_37_12_645.jpg,0,1,0,30.1903
E:\IMG\center_2025_12_07_01_37_12_728.jpg,E:\IMG\left_2025_12_07_01_37_12_728.jpg,E:\IMG\right_2025_12_07_01_37_12_728.jpg,0,1,0,30.1903
E:\IMG\center_2025_12_07_01_37_12_810.jpg,E:\IMG\left_2025_12_07_01_37_12_810.jpg,E:\IMG\right_2025_12_07_01_37_12_810.jpg,0,1,0,30.19029
E:\IMG\center_2025_12_07_01_37_12_896.jpg,E:\IMG\left_2025_12_07_01_37_12_896.jpg,E:\IMG\right_2025_12_07_01_37_12_896.jpg,0,1,0,30.19027
E:\IMG\center_2025_12_07_01_37_12_988.jpg,E:\IMG\left_2025_12_07_01_37_12_988.jpg,E:\IMG\right_2025_12_07_01_37_12_988.jpg,0,1,0,30.19032
E:\IMG\center_2025_12_07_01_37_13_059.jpg,E:\IMG\left_2025_12_07_01_37_13_059.jpg,E:\IMG\right_2025_12_07_01_37_13_059.jpg,0,1,0,30.19031
E:\IMG\center_2025_12_07_01_37_13_142.jpg,E:\IMG\left_2025_12_07_01_37_13_142.jpg,E:\IMG\right_2025_12_07_01_37_13_142.jpg,-0.2,1,0,30.17985
E:\IMG\center_2025_12_07_01_37_13_224.jpg,E:\IMG\left_2025_12_07_01_37_13_224.jpg,E:\IMG\right_2025_12_07_01_37_13_224.jpg,0,1,0,30.19011
E:\IMG\center_2025_12_07_01_37_13_307.jpg,E:\IMG\left_2025_12_07_01_37_13_307.jpg,E:\IMG\right_2025_12_07_01_37_13_307.jpg,0,1,0,30.19026
E:\IMG\center_2025_12_07_01_37_13_396.jpg,E:\IMG\left_2025_12_07_01_37_13_396.jpg,E:\IMG\right_2025_12_07_01_37_13_396.jpg,0,1,0,30.19029
E:\IMG\center_2025_12_07_01_37_13_470.jpg,E:\IMG\left_2025_12_07_01_37_13_470.jpg,E:\IMG\right_2025_12_07_01_37_13_470.jpg,0,1,0,30.19031
E:\IMG\center_2025_12_07_01_37_13_550.jpg,E:\IMG\left_2025_12_07_01_37_13_550.jpg,E:\IMG\right_2025_12_07_01_37_13_550.jpg,0,1,0,30.1903
E:\IMG\center_2025_12_07_01_37_13_635.jpg,E:\IMG\left_2025_12_07_01_37_13_635.jpg,E:\IMG\right_2025_12_07_01_37_13_635.jpg,0,1,0,30.19029
E:\IMG\center_2025_12_07_01_37_13_715.jpg,E:\IMG\left_2025_12_07_01_37_13_715.jpg,E:\IMG\right_2025_12_07_01_37_13_715.jpg,-0.05,1,0,30.18969
E:\IMG\center_2025_12_07_01_37_13_792.jpg,E:\IMG\left_2025_12_07_01_37_13_792.jpg,E:\IMG\right_2025_12_07_01_37_13_792.jpg,0,1,0,30.19006
E:\IMG\center_2025_12_07_01_37_13_886.jpg,E:\IMG\left_2025_12_07_01_37_13_886.jpg,E:\IMG\right_2025_12_07_01_37_13_886.jpg,0,1,0,30.19028
E:\IMG\center_2025_12_07_01_37_13_964.jpg,E:\IMG\left_2025_12_07_01_37_13_964.jpg,E:\IMG\right_2025_12_07_01_37_13_964.jpg,0,1,0,30.19018
E:\IMG\center_2025_12_07_01_37_14_051.jpg,E:\IMG\left_2025_12_07_01_37_14_051.jpg,E:\IMG\right_2025_12_07_01_37_14_051.jpg,0,1,0,30.19027
E:\IMG\center_2025_12_07_01_37_14_128.jpg,E:\IMG\left_2025_12_07_01_37_14_128.jpg,E:\IMG\right_2025_12_07_01_37_14_128.jpg,0,1,0,30.19031
E:\IMG\center_2025_12_07_01_37_14_206.jpg,E:\IMG\left_2025_12_07_01_37_14_206.jpg,E:\IMG\right_2025_12_07_01_37_14_206.jpg,0,1,0,30.19033
E:\IMG\center_2025_12_07_01_37_14_281.jpg,E:\IMG\left_2025_12_07_01_37_14_281.jpg,E:\IMG\right_2025_12_07_01_37_14_281.jpg,-0.15,1,0,30.1843
E:\IMG\center_2025_12_07_01_37_14_368.jpg,E:\IMG\left_2025_12_07_01_37_14_368.jpg,E:\IMG\right_2025_12_07_01_37_14_368.jpg,0,1,0,30.19023
E:\IMG\center_2025_12_07_01_37_14_463.jpg,E:\IMG\left_2025_12_07_01_37_14_463.jpg,E:\IMG\right_2025_12_07_01_37_14_463.jpg,0,1,0,30.19032
E:\IMG\center_2025_12_07_01_37_14_542.jpg,E:\IMG\left_2025_12_07_01_37_14_542.jpg,E:\IMG\right_2025_12_07_01_37_14_542.jpg,0,1,0,30.19029
E:\IMG\center_2025_12_07_01_37_14_622.jpg,E:\IMG\left_2025_12_07_01_37_14_622.jpg,E:\IMG\right_2025_12_07_01_37_14_622.jpg,0,1,0,30.19028
E:\IMG\center_2025_12_07_01_37_14_705.jpg,E:\IMG\left_2025_12_07_01_37_14_705.jpg,E:\IMG\right_2025_12_07_01_37_14_705.jpg,-0.1,1,0,30.18773
E:\IMG\center_2025_12_07_01_37_14_789.jpg,E:\IMG\left_2025_12_07_01_37_14_789.jpg,E:\IMG\right_2025_12_07_01_37_14_789.jpg,0,1,0,30.18596
E:\IMG\center_2025_12_07_01_37_14_863.jpg,E:\IMG\left_2025_12_07_01_37_14_863.jpg,E:\IMG\right_2025_12_07_01_37_14_863.jpg,0,1,0,30.19016
E:\IMG\center_2025_12_07_01_37_14_945.jpg,E:\IMG\left_2025_12_07_01_37_14_945.jpg,E:\IMG\right_2025_12_07_01_37_14_945.jpg,0,1,0,30.19026
E:\IMG\center_2025_12_07_01_37_15_024.jpg,E:\IMG\left_2025_12_07_01_37_15_024.jpg,E:\IMG\right_2025_12_07_01_37_15_024.jpg,0,1,0,30.19028
E:\IMG\center_2025_12_07_01_37_15_102.jpg,E:\IMG\left_2025_12_07_01_37_15_102.jpg,E:\IMG\right_2025_12_07_01_37_15_102.jpg,0,1,0,30.19018
E:\IMG\center_2025_12_07_01_37_15_181.jpg,E:\IMG\left_2025_12_07_01_37_15_181.jpg,E:\IMG\right_2025_12_07_01_37_15_181.jpg,0,1,0,30.1903
E:\IMG\center_2025_12_07_01_37_15_261.jpg,E:\IMG\left_2025_12_07_01_37_15_261.jpg,E:\IMG\right_2025_12_07_01_37_15_261.jpg,0,1,0,30.19029
E:\IMG\center_2025_12_07_01_37_15_334.jpg,E:\IMG\left_2025_12_07_01_37_15_334.jpg,E:\IMG\right_2025_12_07_01_37_15_334.jpg,0,1,0,30.19054
E:\IMG\center_2025_12_07_01_37_15_412.jpg,E:\IMG\left_2025_12_07_01_37_15_412.jpg,E:\IMG\right_2025_12_07_01_37_15_412.jpg,0,1,0,30.1903
E:\IMG\center_2025_12_07_01_37_15_489.jpg,E:\IMG\left_2025_12_07_01_37_15_489.jpg,E:\IMG\right_2025_12_07_01_37_15_489.jpg,0,1,0,30.19031
E:\IMG\center_2025_12_07_01_37_15_565.jpg,E:\IMG\left_2025_12_07_01_37_15_565.jpg,E:\IMG\right_2025_12_07_01_37_15_565.jpg,-0.15,1,0,30.18422
E:\IMG\center_2025_12_07_01_37_15_640.jpg,E:\IMG\left_2025_12_07_01_37_15_640.jpg,E:\IMG\right_2025_12_07_01_37_15_640.jpg,0,1,0,30.18595
E:\IMG\center_2025_12_07_01_37_15_716.jpg,E:\IMG\left_2025_12_07_01_37_15_716.jpg,E:\IMG\right_2025_12_07_01_37_15_716.jpg,0,1,0,30.19
E:\IMG\center_2025_12_07_01_37_15_794.jpg,E:\IMG\left_2025_12_07_01_37_15_794.jpg,E:\IMG\right_2025_12_07_01_37_15_794.jpg,0,1,0,30.19023
E:\IMG\center_2025_12_07_01_37_15_863.jpg,E:\IMG\left_2025_12_07_01_37_15_863.jpg,E:\IMG\right_2025_12_07_01_37_15_863.jpg,0,1,0,30.1903
E:\IMG\center_2025_12_07_01_37_15_939.jpg,E:\IMG\left_2025_12_07_01_37_15_939.jpg,E:\IMG\right_2025_12_07_01_37_15_939.jpg,0,1,0,30.19028
E:\IMG\center_2025_12_07_01_37_16_016.jpg,E:\IMG\left_2025_12_07_01_37_16_016.jpg,E:\IMG\right_2025_12_07_01_37_16_016.jpg,0,1,0,30.1903
E:\IMG\center_2025_12_07_01_37_16_090.jpg,E:\IMG\left_2025_12_07_01_37_16_090.jpg,E:\IMG\right_2025_12_07_01_37_16_090.jpg,0,1,0,30.19031
E:\IMG\center_2025_12_07_01_37_16_163.jpg,E:\IMG\left_2025_12_07_01_37_16_163.jpg,E:\IMG\right_2025_12_07_01_37_16_163.jpg,0,1,0,30.19027
E:\IMG\center_2025_12_07_01_37_16_237.jpg,E:\IMG\left_2025_12_07_01_37_16_237.jpg,E:\IMG\right_2025_12_07_01_37_16_237.jpg,-0.2,1,0,30.17987
E:\IMG\center_2025_12_07_01_37_16_314.jpg,E:\IMG\left_2025_12_07_01_37_16_314.jpg,E:\IMG\right_2025_12_07_01_37_16_314.jpg,0,1,0,30.18931
E:\IMG\center_2025_12_07_01_37_16_387.jpg,E:\IMG\left_2025_12_07_01_37_16_387.jpg,E:\IMG\right_2025_12_07_01_37_16_387.jpg,0,1,0,30.19016
E:\IMG\center_2025_12_07_01_37_16_464.jpg,E:\IMG\left_2025_12_07_01_37_16_464.jpg,E:\IMG\right_2025_12_07_01_37_16_464.jpg,0,1,0,30.19029
E:\IMG\center_2025_12_07_01_37_16_538.jpg,E:\IMG\left_2025_12_07_01_37_16_538.jpg,E:\IMG\right_2025_12_07_01_37_16_538.jpg,0,1,0,30.19029
E:\IMG\center_2025_12_07_01_37_16_612.jpg,E:\IMG\left_2025_12_07_01_37_16_612.jpg,E:\IMG\right_2025_12_07_01_37_16_612.jpg,0,1,0,30.19025
E:\IMG\center_2025_12_07_01_37_16_686.jpg,E:\IMG\left_2025_12_07_01_37_16_686.jpg,E:\IMG\right_2025_12_07_01_37_16_686.jpg,0,1,0,30.19031
E:\IMG\center_2025_12_07_01_37_16_760.jpg,E:\IMG\left_2025_12_07_01_37_16_760.jpg,E:\IMG\right_2025_12_07_01_37_16_760.jpg,0,1,0,30.19028
E:\IMG\center_2025_12_07_01_37_16_834.jpg,E:\IMG\left_2025_12_07_01_37_16_834.jpg,E:\IMG\right_2025_12_07_01_37_16_834.jpg,0,1,0,30.19033
E:\IMG\center_2025_12_07_01_37_16_909.jpg,E:\IMG\left_2025_12_07_01_37_16_909.jpg,E:\IMG\right_2025_12_07_01_37_16_909.jpg,0,1,0,30.19029
E:\IMG\center_2025_12_07_01_37_16_984.jpg,E:\IMG\left_2025_12_07_01_37_16_984.jpg,E:\IMG\right_2025_12_07_01_37_16_984.jpg,0,1,0,30.19027
E:\IMG\center_2025_12_07_01_37_17_059.jpg,E:\IMG\left_2025_12_07_01_37_17_059.jpg,E:\IMG\right_2025_12_07_01_37_17_059.jpg,0,1,0,30.19032
E:\IMG\center_2025_12_07_01_37_17_133.jpg,E:\IMG\left_2025_12_07_01_37_17_133.jpg,E:\IMG\right_2025_12_07_01_37_17_133.jpg,-0.15,1,0,30.18422
E:\IMG\center_2025_12_07_01_37_17_206.jpg,E:\IMG\left_2025_12_07_01_37_17_206.jpg,E:\IMG\right_2025_12_07_01_37_17_206.jpg,0,1,0,30.18971
E:\IMG\center_2025_12_07_01_37_17_284.jpg,E:\IMG\left_2025_12_07_01_37_17_284.jpg,E:\IMG\right_2025_12_07_01_37_17_284.jpg,0,1,0,30.19024
E:\IMG\center_2025_12_07_01_37_17_355.jpg,E:\IMG\left_2025_12_07_01_37_17_355.jpg,E:\IMG\right_2025_12_07_01_37_17_355.jpg,0,1,0,30.19032
E:\IMG\center_2025_12_07_01_37_17_434.jpg,E:\IMG\left_2025_12_07_01_37_17_434.jpg,E:\IMG\right_2025_12_07_01_37_17_434.jpg,0,1,0,30.1903
E:\IMG\center_2025_12_07_01_37_17_506.jpg,E:\IMG\left_2025_12_07_01_37_17_506.jpg,E:\IMG\right_2025_12_07_01_37_17_506.jpg,0,1,0,30.1903
E:\IMG\center_2025_12_07_01_37_17_578.jpg,E:\IMG\left_2025_12_07_01_37_17_578.jpg,E:\IMG\right_2025_12_07_01_37_17_578.jpg,0,1,0,30.19029
E:\IMG\center_2025_12_07_01_37_17_664.jpg,E:\IMG\left_2025_12_07_01_37_17_664.jpg,E:\IMG\right_2025_12_07_01_37_17_664.jpg,0,1,0,30.19031
E:\IMG\center_2025_12_07_01_37_17_747.jpg,E:\IMG\left_2025_12_07_01_37_17_747.jpg,E:\IMG\right_2025_12_07_01_37_17_747.jpg,-0.2,1,0,30.17984
E:\IMG\center_2025_12_07_01_37_17_820.jpg,E:\IMG\left_2025_12_07_01_37_17_820.jpg,E:\IMG\right_2025_12_07_01_37_17_820.jpg,0,1,0,30.19101
E:\IMG\center_2025_12_07_01_37_17_893.jpg,E:\IMG\left_2025_12_07_01_37_17_893.jpg,E:\IMG\right_2025_12_07_01_37_17_893.jpg,0,1,0,30.18998
E:\IMG\center_2025_12_07_01_37_17_969.jpg,E:\IMG\left_2025_12_07_01_37_17_969.jpg,E:\IMG\right_2025_12_07_01_37_17_969.jpg,0,1,0,30.19028
E:\IMG\center_2025_12_07_01_37_18_045.jpg,E:\IMG\left_2025_12_07_01_37_18_045.jpg,E:\IMG\right_2025_12_07_01_37_18_045.jpg,0,1,0,30.1903
E:\IMG\center_2025_12_07_01_37_18_132.jpg,E:\IMG\left_2025_12_07_01_37_18_132.jpg,E:\IMG\right_2025_12_07_01_37_18_132.jpg,0,1,0,30.19032
E:\IMG\center_2025_12_07_01_37_18_204.jpg,E:\IMG\left_2025_12_07_01_37_18_204.jpg,E:\IMG\right_2025_12_07_01_37_18_204.jpg,0,1,0,30.19028
E:\IMG\center_2025_12_07_01_37_18_279.jpg,E:\IMG\left_2025_12_07_01_37_18_279.jpg,E:\IMG\right_2025_12_07_01_37_18_279.jpg,0,1,0,30.19028
E:\IMG\center_2025_12_07_01_37_18_353.jpg,E:\IMG\left_2025_12_07_01_37_18_353.jpg,E:\IMG\right_2025_12_07_01_37_18_353.jpg,0,1,0,30.19028
E:\IMG\center_2025_12_07_01_37_18_428.jpg,E:\IMG\left_2025_12_07_01_37_18_428.jpg,E:\IMG\right_2025_12_07_01_37_18_428.jpg,-0.1,1,0,30.18767
E:\IMG\center_2025_12_07_01_37_18_508.jpg,E:\IMG\left_2025_12_07_01_37_18_508.jpg,E:\IMG\right_2025_12_07_01_37_18_508.jpg,0,1,0,30.19108
E:\IMG\center_2025_12_07_01_37_18_600.jpg,E:\IMG\left_2025_12_07_01_37_18_600.jpg,E:\IMG\right_2025_12_07_01_37_18_600.jpg,0,1,0,30.19029
E:\IMG\center_2025_12_07_01_37_18_675.jpg,E:\IMG\left_2025_12_07_01_37_18_675.jpg,E:\IMG\right_2025_12_07_01_37_18_675.jpg,0,1,0,30.1903
E:\IMG\center_2025_12_07_01_37_18_746.jpg,E:\IMG\left_2025_12_07_01_37_18_746.jpg,E:\IMG\right_2025_12_07_01_37_18_746.jpg,0,1,0,30.19029
E:\IMG\center_2025_12_07_01_37_18_818.jpg,E:\IMG\left_2025_12_07_01_37_18_818.jpg,E:\IMG\right_2025_12_07_01_37_18_818.jpg,0,1,0,30.19029
E:\IMG\center_2025_12_07_01_37_18_898.jpg,E:\IMG\left_2025_12_07_01_37_18_898.jpg,E:\IMG\right_2025_12_07_01_37_18_898.jpg,0,1,0,30.1902
E:\IMG\center_2025_12_07_01_37_18_977.jpg,E:\IMG\left_2025_12_07_01_37_18_977.jpg,E:\IMG\right_2025_12_07_01_37_18_977.jpg,-0.1,1,0,30.18774
E:\IMG\center_2025_12_07_01_37_19_048.jpg,E:\IMG\left_2025_12_07_01_37_19_048.jpg,E:\IMG\right_2025_12_07_01_37_19_048.jpg,-0.3,1,0,30.1693
E:\IMG\center_2025_12_07_01_37_19_118.jpg,E:\IMG\left_2025_12_07_01_37_19_118.jpg,E:\IMG\right_2025_12_07_01_37_19_118.jpg,0,1,0,30.18865
E:\IMG\center_2025_12_07_01_37_19_190.jpg,E:\IMG\left_2025_12_07_01_37_19_190.jpg,E:\IMG\right_2025_12_07_01_37_19_190.jpg,0,1,0,30.19006
E:\IMG\center_2025_12_07_01_37_19_265.jpg,E:\IMG\left_2025_12_07_01_37_19_265.jpg,E:\IMG\right_2025_12_07_01_37_19_265.jpg,0,1,0,30.19024
E:\IMG\center_2025_12_07_01_37_19_334.jpg,E:\IMG\left_2025_12_07_01_37_19_334.jpg,E:\IMG\right_2025_12_07_01_37_19_334.jpg,0,1,0,30.1903
E:\IMG\center_2025_12_07_01_37_19_406.jpg,E:\IMG\left_2025_12_07_01_37_19_406.jpg,E:\IMG\right_2025_12_07_01_37_19_406.jpg,0,1,0,30.19028
E:\IMG\center_2025_12_07_01_37_19_478.jpg,E:\IMG\left_2025_12_07_01_37_19_478.jpg,E:\IMG\right_2025_12_07_01_37_19_478.jpg,0,1,0,30.19029
E:\IMG\center_2025_12_07_01_37_19_546.jpg,E:\IMG\left_2025_12_07_01_37_19_546.jpg,E:\IMG\right_2025_12_07_01_37_19_546.jpg,0,1,0,30.19025
E:\IMG\center_2025_12_07_01_37_19_619.jpg,E:\IMG\left_2025_12_07_01_37_19_619.jpg,E:\IMG\right_2025_12_07_01_37_19_619.jpg,-0.05,1,0,30.18973
E:\IMG\center_2025_12_07_01_37_19_691.jpg,E:\IMG\left_2025_12_07_01_37_19_691.jpg,E:\IMG\right_2025_12_07_01_37_19_691.jpg,-0.25,1,0,30.1748
E:\IMG\center_2025_12_07_01_37_19_759.jpg,E:\IMG\left_2025_12_07_01_37_19_759.jpg,E:\IMG\right_2025_12_07_01_37_19_759.jpg,0,1,0,30.18929
E:\IMG\center_2025_12_07_01_37_19_832.jpg,E:\IMG\left_2025_12_07_01_37_19_832.jpg,E:\IMG\right_2025_12_07_01_37_19_832.jpg,0,1,0,30.19018
E:\IMG\center_2025_12_07_01_37_19_903.jpg,E:\IMG\left_2025_12_07_01_37_19_903.jpg,E:\IMG\right_2025_12_07_01_37_19_903.jpg,0,1,0,30.19027
E:\IMG\center_2025_12_07_01_37_19_974.jpg,E:\IMG\left_2025_12_07_01_37_19_974.jpg,E:\IMG\right_2025_12_07_01_37_19_974.jpg,0,1,0,30.19029
E:\IMG\center_2025_12_07_01_37_20_045.jpg,E:\IMG\left_2025_12_07_01_37_20_045.jpg,E:\IMG\right_2025_12_07_01_37_20_045.jpg,0,1,0,30.19031
E:\IMG\center_2025_12_07_01_37_20_118.jpg,E:\IMG\left_2025_12_07_01_37_20_118.jpg,E:\IMG\right_2025_12_07_01_37_20_118.jpg,0,1,0,30.19016
E:\IMG\center_2025_12_07_01_37_20_187.jpg,E:\IMG\left_2025_12_07_01_37_20_187.jpg,E:\IMG\right_2025_12_07_01_37_20_187.jpg,0,1,0,30.19026
E:\IMG\center_2025_12_07_01_37_20_259.jpg,E:\IMG\left_2025_12_07_01_37_20_259.jpg,E:\IMG\right_2025_12_07_01_37_20_259.jpg,0,1,0,30.19031
E:\IMG\center_2025_12_07_01_37_20_339.jpg,E:\IMG\left_2025_12_07_01_37_20_339.jpg,E:\IMG\right_2025_12_07_01_37_20_339.jpg,0,1,0,30.19027
E:\IMG\center_2025_12_07_01_37_20_427.jpg,E:\IMG\left_2025_12_07_01_37_20_427.jpg,E:\IMG\right_2025_12_07_01_37_20_427.jpg,0,1,0,30.19032
E:\IMG\center_2025_12_07_01_37_20_501.jpg,E:\IMG\left_2025_12_07_01_37_20_501.jpg,E:\IMG\right_2025_12_07_01_37_20_501.jpg,0,1,0,30.19029
E:\IMG\center_2025_12_07_01_37_20_573.jpg,E:\IMG\left_2025_12_07_01_37_20_573.jpg,E:\IMG\right_2025_12_07_01_37_20_573.jpg,0,1,0,30.19031
E:\IMG\center_2025_12_07_01_37_20_647.jpg,E:\IMG\left_2025_12_07_01_37_20_647.jpg,E:\IMG\right_2025_12_07_01_37_20_647.jpg,-0.15,1,0,30.18421
E:\IMG\center_2025_12_07_01_37_20_721.jpg,E:\IMG\left_2025_12_07_01_37_20_721.jpg,E:\IMG\right_2025_12_07_01_37_20_721.jpg,0,1,0,30.18595
E:\IMG\center_2025_12_07_01_37_20_796.jpg,E:\IMG\left_2025_12_07_01_37_20_796.jpg,E:\IMG\right_2025_12_07_01_37_20_796.jpg,0,1,0,30.18998
E:\IMG\center_2025_12_07_01_37_20_865.jpg,E:\IMG\left_2025_12_07_01_37_20_865.jpg,E:\IMG\right_2025_12_07_01_37_20_865.jpg,0,1,0,30.19026
E:\IMG\center_2025_12_07_01_37_20_935.jpg,E:\IMG\left_2025_12_07_01_37_20_935.jpg,E:\IMG\right_2025_12_07_01_37_20_935.jpg,0,1,0,30.19029
E:\IMG\center_2025_12_07_01_37_21_008.jpg,E:\IMG\left_2025_12_07_01_37_21_008.jpg,E:\IMG\right_2025_12_07_01_37_21_008.jpg,0,1,0,30.19028
E:\IMG\center_2025_12_07_01_37_21_077.jpg,E:\IMG\left_2025_12_07_01_37_21_077.jpg,E:\IMG\right_2025_12_07_01_37_21_077.jpg,0,1,0,30.19027
E:\IMG\center_2025_12_07_01_37_21_148.jpg,E:\IMG\left_2025_12_07_01_37_21_148.jpg,E:\IMG\right_2025_12_07_01_37_21_148.jpg,-0.2,1,0,30.18006
E:\IMG\center_2025_12_07_01_37_21_222.jpg,E:\IMG\left_2025_12_07_01_37_21_222.jpg,E:\IMG\right_2025_12_07_01_37_21_222.jpg,0,1,0,30.18476
E:\IMG\center_2025_12_07_01_37_21_298.jpg,E:\IMG\left_2025_12_07_01_37_21_298.jpg,E:\IMG\right_2025_12_07_01_37_21_298.jpg,0,1,0,30.18975
E:\IMG\center_2025_12_07_01_37_21_383.jpg,E:\IMG\left_2025_12_07_01_37_21_383.jpg,E:\IMG\right_2025_12_07_01_37_21_383.jpg,0,1,0,30.19024
E:\IMG\center_2025_12_07_01_37_21_463.jpg,E:\IMG\left_2025_12_07_01_37_21_463.jpg,E:\IMG\right_2025_12_07_01_37_21_463.jpg,0,1,0,30.19025
E:\IMG\center_2025_12_07_01_37_21_546.jpg,E:\IMG\left_2025_12_07_01_37_21_546.jpg,E:\IMG\right_2025_12_07_01_37_21_546.jpg,-0.2,1,0,30.18051
E:\IMG\center_2025_12_07_01_37_21_624.jpg,E:\IMG\left_2025_12_07_01_37_21_624.jpg,E:\IMG\right_2025_12_07_01_37_21_624.jpg,-0.4,1,0,30.15806
E:\IMG\center_2025_12_07_01_37_21_700.jpg,E:\IMG\left_2025_12_07_01_37_21_700.jpg,E:\IMG\right_2025_12_07_01_37_21_700.jpg,0,1,0,30.18748
E:\IMG\center_2025_12_07_01_37_21_773.jpg,E:\IMG\left_2025_12_07_01_37_21_773.jpg,E:\IMG\right_2025_12_07_01_37_21_773.jpg,0,1,0,30.18984
E:\IMG\center_2025_12_07_01_37_21_846.jpg,E:\IMG\left_2025_12_07_01_37_21_846.jpg,E:\IMG\right_2025_12_07_01_37_21_846.jpg,0,1,0,30.19024
E:\IMG\center_2025_12_07_01_37_21_930.jpg,E:\IMG\left_2025_12_07_01_37_21_930.jpg,E:\IMG\right_2025_12_07_01_37_21_930.jpg,0,1,0,30.19029
E:\IMG\center_2025_12_07_01_37_22_016.jpg,E:\IMG\left_2025_12_07_01_37_22_016.jpg,E:\IMG\right_2025_12_07_01_37_22_016.jpg,-0.1,1,0,30.18809
E:\IMG\center_2025_12_07_01_37_22_109.jpg,E:\IMG\left_2025_12_07_01_37_22_109.jpg,E:\IMG\right_2025_12_07_01_37_22_109.jpg,0,1,0,30.19093
E:\IMG\center_2025_12_07_01_37_22_197.jpg,E:\IMG\left_2025_12_07_01_37_22_197.jpg,E:\IMG\right_2025_12_07_01_37_22_197.jpg,0,1,0,30.19017
E:\IMG\center_2025_12_07_01_37_22_284.jpg,E:\IMG\left_2025_12_07_01_37_22_284.jpg,E:\IMG\right_2025_12_07_01_37_22_284.jpg,0,1,0,30.19012
E:\IMG\center_2025_12_07_01_37_22_369.jpg,E:\IMG\left_2025_12_07_01_37_22_369.jpg,E:\IMG\right_2025_12_07_01_37_22_369.jpg,0,1,0,30.19029
E:\IMG\center_2025_12_07_01_37_22_460.jpg,E:\IMG\left_2025_12_07_01_37_22_460.jpg,E:\IMG\right_2025_12_07_01_37_22_460.jpg,0,1,0,30.19049
E:\IMG\center_2025_12_07_01_37_22_549.jpg,E:\IMG\left_2025_12_07_01_37_22_549.jpg,E:\IMG\right_2025_12_07_01_37_22_549.jpg,0,1,0,30.19032
E:\IMG\center_2025_12_07_01_37_22_635.jpg,E:\IMG\left_2025_12_07_01_37_22_635.jpg,E:\IMG\right_2025_12_07_01_37_22_635.jpg,0,1,0,30.19031
E:\IMG\center_2025_12_07_01_37_22_723.jpg,E:\IMG\left_2025_12_07_01_37_22_723.jpg,E:\IMG\right_2025_12_07_01_37_22_723.jpg,-0.2,1,0,30.17988
E:\IMG\center_2025_12_07_01_37_22_815.jpg,E:\IMG\left_2025_12_07_01_37_22_815.jpg,E:\IMG\right_2025_12_07_01_37_22_815.jpg,0,1,0,30.18888
E:\IMG\center_2025_12_07_01_37_22_897.jpg,E:\IMG\left_2025_12_07_01_37_22_897.jpg,E:\IMG\right_2025_12_07_01_37_22_897.jpg,0,1,0,30.19008
E:\IMG\center_2025_12_07_01_37_22_983.jpg,E:\IMG\left_2025_12_07_01_37_22_983.jpg,E:\IMG\right_2025_12_07_01_37_22_983.jpg,0,1,0,30.19026
E:\IMG\center_2025_12_07_01_37_23_068.jpg,E:\IMG\left_2025_12_07_01_37_23_068.jpg,E:\IMG\right_2025_12_07_01_37_23_068.jpg,0,1,0,30.19029
E:\IMG\center_2025_12_07_01_37_23_163.jpg,E:\IMG\left_2025_12_07_01_37_23_163.jpg,E:\IMG\right_2025_12_07_01_37_23_163.jpg,-0.2,1,0,30.1803
E:\IMG\center_2025_12_07_01_37_23_246.jpg,E:\IMG\left_2025_12_07_01_37_23_246.jpg,E:\IMG\right_2025_12_07_01_37_23_246.jpg,0,1,0,30.18877
E:\IMG\center_2025_12_07_01_37_23_328.jpg,E:\IMG\left_2025_12_07_01_37_23_328.jpg,E:\IMG\right_2025_12_07_01_37_23_328.jpg,0,1,0,30.19012
E:\IMG\center_2025_12_07_01_37_23_412.jpg,E:\IMG\left_2025_12_07_01_37_23_412.jpg,E:\IMG\right_2025_12_07_01_37_23_412.jpg,0,1,0,30.19004
E:\IMG\center_2025_12_07_01_37_23_498.jpg,E:\IMG\left_2025_12_07_01_37_23_498.jpg,E:\IMG\right_2025_12_07_01_37_23_498.jpg,-0.05,1,0,30.18982
E:\IMG\center_2025_12_07_01_37_23_569.jpg,E:\IMG\left_2025_12_07_01_37_23_569.jpg,E:\IMG\right_2025_12_07_01_37_23_569.jpg,-0.25,1,0,30.17547
E:\IMG\center_2025_12_07_01_37_23_647.jpg,E:\IMG\left_2025_12_07_01_37_23_647.jpg,E:\IMG\right_2025_12_07_01_37_23_647.jpg,-0.45,1,0,30.15197
E:\IMG\center_2025_12_07_01_37_23_729.jpg,E:\IMG\left_2025_12_07_01_37_23_729.jpg,E:\IMG\right_2025_12_07_01_37_23_729.jpg,0,1,0,30.18556
E:\IMG\center_2025_12_07_01_37_23_812.jpg,E:\IMG\left_2025_12_07_01_37_23_812.jpg,E:\IMG\right_2025_12_07_01_37_23_812.jpg,0,1,0,30.18944
E:\IMG\center_2025_12_07_01_37_23_896.jpg,E:\IMG\left_2025_12_07_01_37_23_896.jpg,E:\IMG\right_2025_12_07_01_37_23_896.jpg,0,0.9366094,0,30.19016
E:\IMG\center_2025_12_07_01_37_23_974.jpg,E:\IMG\left_2025_12_07_01_37_23_974.jpg,E:\IMG\right_2025_12_07_01_37_23_974.jpg,0,0.702265,0,30.12528
E:\IMG\center_2025_12_07_01_37_24_052.jpg,E:\IMG\left_2025_12_07_01_37_24_052.jpg,E:\IMG\right_2025_12_07_01_37_24_052.jpg,0,0.4668502,0,30.06679
E:\IMG\center_2025_12_07_01_37_24_130.jpg,E:\IMG\left_2025_12_07_01_37_24_130.jpg,E:\IMG\right_2025_12_07_01_37_24_130.jpg,0,0.232957,0,30.00857
E:\IMG\center_2025_12_07_01_37_24_210.jpg,E:\IMG\left_2025_12_07_01_37_24_210.jpg,E:\IMG\right_2025_12_07_01_37_24_210.jpg,0,0.4736833,0,30.04732
E:\IMG\center_2025_12_07_01_37_24_291.jpg,E:\IMG\left_2025_12_07_01_37_24_291.jpg,E:\IMG\right_2025_12_07_01_37_24_291.jpg,0,0.7154533,0,30.11084
E:\IMG\center_2025_12_07_01_37_24_374.jpg,E:\IMG\left_2025_12_07_01_37_24_374.jpg,E:\IMG\right_2025_12_07_01_37_24_374.jpg,0,0.962116,0,30.16413
E:\IMG\center_2025_12_07_01_37_24_445.jpg,E:\IMG\left_2025_12_07_01_37_24_445.jpg,E:\IMG\right_2025_12_07_01_37_24_445.jpg,0,1,0,30.19036
E:\IMG\center_2025_12_07_01_37_24_531.jpg,E:\IMG\left_2025_12_07_01_37_24_531.jpg,E:\IMG\right_2025_12_07_01_37_24_531.jpg,0,1,0,30.19025
E:\IMG\center_2025_12_07_01_37_24_605.jpg,E:\IMG\left_2025_12_07_01_37_24_605.jpg,E:\IMG\right_2025_12_07_01_37_24_605.jpg,0,1,0,30.19028
E:\IMG\center_2025_12_07_01_37_24_679.jpg,E:\IMG\left_2025_12_07_01_37_24_679.jpg,E:\IMG\right_2025_12_07_01_37_24_679.jpg,0,1,0,30.19032
E:\IMG\center_2025_12_07_01_37_24_752.jpg,E:\IMG\left_2025_12_07_01_37_24_752.jpg,E:\IMG\right_2025_12_07_01_37_24_752.jpg,0,1,0,30.1903
E:\IMG\center_2025_12_07_01_37_24_829.jpg,E:\IMG\left_2025_12_07_01_37_24_829.jpg,E:\IMG\right_2025_12_07_01_37_24_829.jpg,-0.15,1,0,30.18427
E:\IMG\center_2025_12_07_01_37_24_908.jpg,E:\IMG\left_2025_12_07_01_37_24_908.jpg,E:\IMG\right_2025_12_07_01_37_24_908.jpg,0,0.9367909,0,30.19103
E:\IMG\center_2025_12_07_01_37_24_979.jpg,E:\IMG\left_2025_12_07_01_37_24_979.jpg,E:\IMG\right_2025_12_07_01_37_24_979.jpg,0,0.7249737,0,30.14045
E:\IMG\center_2025_12_07_01_37_25_057.jpg,E:\IMG\left_2025_12_07_01_37_25_057.jpg,E:\IMG\right_2025_12_07_01_37_25_057.jpg,0,0.4930956,0,30.06874
E:\IMG\center_2025_12_07_01_37_25_133.jpg,E:\IMG\left_2025_12_07_01_37_25_133.jpg,E:\IMG\right_2025_12_07_01_37_25_133.jpg,-0.15,0.2635645,0,30.00963
E:\IMG\center_2025_12_07_01_37_25_214.jpg,E:\IMG\left_2025_12_07_01_37_25_214.jpg,E:\IMG\right_2025_12_07_01_37_25_214.jpg,-0.35,0.01888297,0,29.84879
E:\IMG\center_2025_12_07_01_37_25_283.jpg,E:\IMG\left_2025_12_07_01_37_25_283.jpg,E:\IMG\right_2025_12_07_01_37_25_283.jpg,0,0,0,29.62951
E:\IMG\center_2025_12_07_01_37_25_360.jpg,E:\IMG\left_2025_12_07_01_37_25_360.jpg,E:\IMG\right_2025_12_07_01_37_25_360.jpg,0,0,0,29.38601
E:\IMG\center_2025_12_07_01_37_25_434.jpg,E:\IMG\left_2025_12_07_01_37_25_434.jpg,E:\IMG\right_2025_12_07_01_37_25_434.jpg,0,0.0532635,0,29.14858
E:\IMG\center_2025_12_07_01_37_25_507.jpg,E:\IMG\left_2025_12_07_01_37_25_507.jpg,E:\IMG\right_2025_12_07_01_37_25_507.jpg,0,0.2764788,0,29.06378
E:\IMG\center_2025_12_07_01_37_25_579.jpg,E:\IMG\left_2025_12_07_01_37_25_579.jpg,E:\IMG\right_2025_12_07_01_37_25_579.jpg,0,0.4905156,0,29.14346
E:\IMG\center_2025_12_07_01_37_25_655.jpg,E:\IMG\left_2025_12_07_01_37_25_655.jpg,E:\IMG\right_2025_12_07_01_37_25_655.jpg,-0.15,0.7168626,0,29.48069
E:\IMG\center_2025_12_07_01_37_25_728.jpg,E:\IMG\left_2025_12_07_01_37_25_728.jpg,E:\IMG\right_2025_12_07_01_37_25_728.jpg,-0.35,0.4949999,0,29.76901
E:\IMG\center_2025_12_07_01_37_25_803.jpg,E:\IMG\left_2025_12_07_01_37_25_803.jpg,E:\IMG\right_2025_12_07_01_37_25_803.jpg,0,0.3282623,0,29.82801
E:\IMG\center_2025_12_07_01_37_25_875.jpg,E:\IMG\left_2025_12_07_01_37_25_875.jpg,E:\IMG\right_2025_12_07_01_37_25_875.jpg,0,0.05564031,0,29.75824
E:\IMG\center_2025_12_07_01_37_25_946.jpg,E:\IMG\left_2025_12_07_01_37_25_946.jpg,E:\IMG\right_2025_12_07_01_37_25_946.jpg,0,0,0,29.52545
E:\IMG\center_2025_12_07_01_37_26_015.jpg,E:\IMG\left_2025_12_07_01_37_26_015.jpg,E:\IMG\right_2025_12_07_01_37_26_015.jpg,0,0.0941175,0,29.34692
E:\IMG\center_2025_12_07_01_37_26_085.jpg,E:\IMG\left_2025_12_07_01_37_26_085.jpg,E:\IMG\right_2025_12_07_01_37_26_085.jpg,0,0.3041283,0,29.29773
E:\IMG\center_2025_12_07_01_37_26_161.jpg,E:\IMG\left_2025_12_07_01_37_26_161.jpg,E:\IMG\right_2025_12_07_01_37_26_161.jpg,0,0.5304888,0,29.41315
E:\IMG\center_2025_12_07_01_37_26_243.jpg,E:\IMG\left_2025_12_07_01_37_26_243.jpg,E:\IMG\right_2025_12_07_01_37_26_243.jpg,-0.2,0.7232828,0,29.75698
E:\IMG\center_2025_12_07_01_37_26_330.jpg,E:\IMG\left_2025_12_07_01_37_26_330.jpg,E:\IMG\right_2025_12_07_01_37_26_330.jpg,-0.45,0.7284393,0,30.0958
E:\IMG\center_2025_12_07_01_37_26_399.jpg,E:\IMG\left_2025_12_07_01_37_26_399.jpg,E:\IMG\right_2025_12_07_01_37_26_399.jpg,0,0.5187048,0,30.06065
E:\IMG\center_2025_12_07_01_37_26_473.jpg,E:\IMG\left_2025_12_07_01_37_26_473.jpg,E:\IMG\right_2025_12_07_01_37_26_473.jpg,0,0.2981488,0,30.02317
E:\IMG\center_2025_12_07_01_37_26_541.jpg,E:\IMG\left_2025_12_07_01_37_26_541.jpg,E:\IMG\right_2025_12_07_01_37_26_541.jpg,0,0.1371139,0,29.98131
E:\IMG\center_2025_12_07_01_37_26_624.jpg,E:\IMG\left_2025_12_07_01_37_26_624.jpg,E:\IMG\right_2025_12_07_01_37_26_624.jpg,0,0,0,29.71287
E:\IMG\center_2025_12_07_01_37_26_692.jpg,E:\IMG\left_2025_12_07_01_37_26_692.jpg,E:\IMG\right_2025_12_07_01_37_26_692.jpg,0,0.2058534,0,29.60559
E:\IMG\center_2025_12_07_01_37_26_776.jpg,E:\IMG\left_2025_12_07_01_37_26_776.jpg,E:\IMG\right_2025_12_07_01_37_26_776.jpg,0,0.4567555,0,29.65627
E:\IMG\center_2025_12_07_01_37_26_843.jpg,E:\IMG\left_2025_12_07_01_37_26_843.jpg,E:\IMG\right_2025_12_07_01_37_26_843.jpg,0,0.6050142,0,29.86011
E:\IMG\center_2025_12_07_01_37_26_912.jpg,E:\IMG\left_2025_12_07_01_37_26_912.jpg,E:\IMG\right_2025_12_07_01_37_26_912.jpg,-0.15,0.862437,0,30.14104
E:\IMG\center_2025_12_07_01_37_26_993.jpg,E:\IMG\left_2025_12_07_01_37_26_993.jpg,E:\IMG\right_2025_12_07_01_37_26_993.jpg,-0.35,1,0,30.16524
E:\IMG\center_2025_12_07_01_37_27_068.jpg,E:\IMG\left_2025_12_07_01_37_27_068.jpg,E:\IMG\right_2025_12_07_01_37_27_068.jpg,-0.5500001,0.7778416,0,30.09096
E:\IMG\center_2025_12_07_01_37_27_146.jpg,E:\IMG\left_2025_12_07_01_37_27_146.jpg,E:\IMG\right_2025_12_07_01_37_27_146.jpg,0,0.5396356,0,30.07902
E:\IMG\center_2025_12_07_01_37_27_226.jpg,E:\IMG\left_2025_12_07_01_37_27_226.jpg,E:\IMG\right_2025_12_07_01_37_27_226.jpg,0,0.2988916,0,30.01885
E:\IMG\center_2025_12_07_01_37_27_312.jpg,E:\IMG\left_2025_12_07_01_37_27_312.jpg,E:\IMG\right_2025_12_07_01_37_27_312.jpg,-0.1,0.04243185,0,29.91435
E:\IMG\center_2025_12_07_01_37_27_392.jpg,E:\IMG\left_2025_12_07_01_37_27_392.jpg,E:\IMG\right_2025_12_07_01_37_27_392.jpg,-0.3,0,0,29.64006
E:\IMG\center_2025_12_07_01_37_27_476.jpg,E:\IMG\left_2025_12_07_01_37_27_476.jpg,E:\IMG\right_2025_12_07_01_37_27_476.jpg,0,0.1535937,0,29.42873
E:\IMG\center_2025_12_07_01_37_27_555.jpg,E:\IMG\left_2025_12_07_01_37_27_555.jpg,E:\IMG\right_2025_12_07_01_37_27_555.jpg,0,0.3938427,0,29.42202
E:\IMG\center_2025_12_07_01_37_27_637.jpg,E:\IMG\left_2025_12_07_01_37_27_637.jpg,E:\IMG\right_2025_12_07_01_37_27_637.jpg,0,0.6382937,0,29.65608
E:\IMG\center_2025_12_07_01_37_27_714.jpg,E:\IMG\left_2025_12_07_01_37_27_714.jpg,E:\IMG\right_2025_12_07_01_37_27_714.jpg,0,0.8707569,0,30.11952
E:\IMG\center_2025_12_07_01_37_27_782.jpg,E:\IMG\left_2025_12_07_01_37_27_782.jpg,E:\IMG\right_2025_12_07_01_37_27_782.jpg,-0.05,1,0,30.18545
E:\IMG\center_2025_12_07_01_37_27_863.jpg,E:\IMG\left_2025_12_07_01_37_27_863.jpg,E:\IMG\right_2025_12_07_01_37_27_863.jpg,-0.25,1,0,30.17501
E:\IMG\center_2025_12_07_01_37_27_944.jpg,E:\IMG\left_2025_12_07_01_37_27_944.jpg,E:\IMG\right_2025_12_07_01_37_27_944.jpg,-0.5000001,1,0,30.14541
E:\IMG\center_2025_12_07_01_37_28_026.jpg,E:\IMG\left_2025_12_07_01_37_28_026.jpg,E:\IMG\right_2025_12_07_01_37_28_026.jpg,0,0.7521816,0,30.13311
E:\IMG\center_2025_12_07_01_37_28_106.jpg,E:\IMG\left_2025_12_07_01_37_28_106.jpg,E:\IMG\right_2025_12_07_01_37_28_106.jpg,0,0.5125608,0,30.07506
E:\IMG\center_2025_12_07_01_37_28_186.jpg,E:\IMG\left_2025_12_07_01_37_28_186.jpg,E:\IMG\right_2025_12_07_01_37_28_186.jpg,0,0.2757741,0,30.01489
E:\IMG\center_2025_12_07_01_37_28_262.jpg,E:\IMG\left_2025_12_07_01_37_28_262.jpg,E:\IMG\right_2025_12_07_01_37_28_262.jpg,0,0.1981221,0,29.95233
E:\IMG\center_2025_12_07_01_37_28_342.jpg,E:\IMG\left_2025_12_07_01_37_28_342.jpg,E:\IMG\right_2025_12_07_01_37_28_342.jpg,-0.2,0.4325217,0,30.00683
E:\IMG\center_2025_12_07_01_37_28_422.jpg,E:\IMG\left_2025_12_07_01_37_28_422.jpg,E:\IMG\right_2025_12_07_01_37_28_422.jpg,-0.4,0.6793864,0,30.06868
E:\IMG\center_2025_12_07_01_37_28_505.jpg,E:\IMG\left_2025_12_07_01_37_28_505.jpg,E:\IMG\right_2025_12_07_01_37_28_505.jpg,-0.6500001,0.6635422,0,30.0557
E:\IMG\center_2025_12_07_01_37_28_583.jpg,E:\IMG\left_2025_12_07_01_37_28_583.jpg,E:\IMG\right_2025_12_07_01_37_28_583.jpg,0,0.4774447,0,30.05946
E:\IMG\center_2025_12_07_01_37_28_655.jpg,E:\IMG\left_2025_12_07_01_37_28_655.jpg,E:\IMG\right_2025_12_07_01_37_28_655.jpg,0,0.2095828,0,30.00018
E:\IMG\center_2025_12_07_01_37_28_734.jpg,E:\IMG\left_2025_12_07_01_37_28_734.jpg,E:\IMG\right_2025_12_07_01_37_28_734.jpg,0,0,0,29.86514
E:\IMG\center_2025_12_07_01_37_28_815.jpg,E:\IMG\left_2025_12_07_01_37_28_815.jpg,E:\IMG\right_2025_12_07_01_37_28_815.jpg,0,0.1945944,0,29.68317
E:\IMG\center_2025_12_07_01_37_28_892.jpg,E:\IMG\left_2025_12_07_01_37_28_892.jpg,E:\IMG\right_2025_12_07_01_37_28_892.jpg,0,0.4282323,0,29.72898
E:\IMG\center_2025_12_07_01_37_28_971.jpg,E:\IMG\left_2025_12_07_01_37_28_971.jpg,E:\IMG\right_2025_12_07_01_37_28_971.jpg,0,0.6618258,0,30.00289
E:\IMG\center_2025_12_07_01_37_29_048.jpg,E:\IMG\left_2025_12_07_01_37_29_048.jpg,E:\IMG\right_2025_12_07_01_37_29_048.jpg,0,0.8933064,0,30.15341
E:\IMG\center_2025_12_07_01_37_29_127.jpg,E:\IMG\left_2025_12_07_01_37_29_127.jpg,E:\IMG\right_2025_12_07_01_37_29_127.jpg,-0.05,1,0,30.18904
E:\IMG\center_2025_12_07_01_37_29_198.jpg,E:\IMG\left_2025_12_07_01_37_29_198.jpg,E:\IMG\right_2025_12_07_01_37_29_198.jpg,-0.2,1,0,30.17985
E:\IMG\center_2025_12_07_01_37_29_279.jpg,E:\IMG\left_2025_12_07_01_37_29_279.jpg,E:\IMG\right_2025_12_07_01_37_29_279.jpg,-0.4,1,0,30.15706
E:\IMG\center_2025_12_07_01_37_29_354.jpg,E:\IMG\left_2025_12_07_01_37_29_354.jpg,E:\IMG\right_2025_12_07_01_37_29_354.jpg,0,0.7322134,0,30.12834
E:\IMG\center_2025_12_07_01_37_29_438.jpg,E:\IMG\left_2025_12_07_01_37_29_438.jpg,E:\IMG\right_2025_12_07_01_37_29_438.jpg,0,0.4805337,0,30.06613
E:\IMG\center_2025_12_07_01_37_29_516.jpg,E:\IMG\left_2025_12_07_01_37_29_516.jpg,E:\IMG\right_2025_12_07_01_37_29_516.jpg,0,0.537886,0,30.05563
E:\IMG\center_2025_12_07_01_37_29_599.jpg,E:\IMG\left_2025_12_07_01_37_29_599.jpg,E:\IMG\right_2025_12_07_01_37_29_599.jpg,-0.2,0.7879962,0,30.1041
E:\IMG\center_2025_12_07_01_37_29_668.jpg,E:\IMG\left_2025_12_07_01_37_29_668.jpg,E:\IMG\right_2025_12_07_01_37_29_668.jpg,-0.4,0.9947143,0,30.14061
E:\IMG\center_2025_12_07_01_37_29_745.jpg,E:\IMG\left_2025_12_07_01_37_29_745.jpg,E:\IMG\right_2025_12_07_01_37_29_745.jpg,0,0.8476642,0,30.1458
E:\IMG\center_2025_12_07_01_37_29_824.jpg,E:\IMG\left_2025_12_07_01_37_29_824.jpg,E:\IMG\right_2025_12_07_01_37_29_824.jpg,0,0.607305,0,30.09753
E:\IMG\center_2025_12_07_01_37_29_910.jpg,E:\IMG\left_2025_12_07_01_37_29_910.jpg,E:\IMG\right_2025_12_07_01_37_29_910.jpg,0,0.3607351,0,30.03517
E:\IMG\center_2025_12_07_01_37_29_974.jpg,E:\IMG\left_2025_12_07_01_37_29_974.jpg,E:\IMG\right_2025_12_07_01_37_29_974.jpg,0,0.5630788,0,30.07226
E:\IMG\center_2025_12_07_01_37_30_056.jpg,E:\IMG\left_2025_12_07_01_37_30_056.jpg,E:\IMG\right_2025_12_07_01_37_30_056.jpg,0,0.8090689,0,30.13684
E:\IMG\center_2025_12_07_01_37_30_138.jpg,E:\IMG\left_2025_12_07_01_37_30_138.jpg,E:\IMG\right_2025_12_07_01_37_30_138.jpg,0,1,0,30.18143
E:\IMG\center_2025_12_07_01_37_30_208.jpg,E:\IMG\left_2025_12_07_01_37_30_208.jpg,E:\IMG\right_2025_12_07_01_37_30_208.jpg,0,1,0,30.19021
E:\IMG\center_2025_12_07_01_37_30_274.jpg,E:\IMG\left_2025_12_07_01_37_30_274.jpg,E:\IMG\right_2025_12_07_01_37_30_274.jpg,0,1,0,30.1903
E:\IMG\center_2025_12_07_01_37_30_354.jpg,E:\IMG\left_2025_12_07_01_37_30_354.jpg,E:\IMG\right_2025_12_07_01_37_30_354.jpg,-0.1,1,0,30.18767
E:\IMG\center_2025_12_07_01_37_30_438.jpg,E:\IMG\left_2025_12_07_01_37_30_438.jpg,E:\IMG\right_2025_12_07_01_37_30_438.jpg,0,1,0,30.18607
E:\IMG\center_2025_12_07_01_37_30_505.jpg,E:\IMG\left_2025_12_07_01_37_30_505.jpg,E:\IMG\right_2025_12_07_01_37_30_505.jpg,0,0.899707,0,30.17451
E:\IMG\center_2025_12_07_01_37_30_585.jpg,E:\IMG\left_2025_12_07_01_37_30_585.jpg,E:\IMG\right_2025_12_07_01_37_30_585.jpg,0,0.6603048,0,30.11176
E:\IMG\center_2025_12_07_01_37_30_667.jpg,E:\IMG\left_2025_12_07_01_37_30_667.jpg,E:\IMG\right_2025_12_07_01_37_30_667.jpg,0,0.4112884,0,30.05257
E:\IMG\center_2025_12_07_01_37_30_738.jpg,E:\IMG\left_2025_12_07_01_37_30_738.jpg,E:\IMG\right_2025_12_07_01_37_30_738.jpg,0,0.2005888,0,30.0094
E:\IMG\center_2025_12_07_01_37_30_807.jpg,E:\IMG\left_2025_12_07_01_37_30_807.jpg,E:\IMG\right_2025_12_07_01_37_30_807.jpg,0,0.4085128,0,30.03455
E:\IMG\center_2025_12_07_01_37_30_888.jpg,E:\IMG\left_2025_12_07_01_37_30_888.jpg,E:\IMG\right_2025_12_07_01_37_30_888.jpg,0,0.6516916,0,30.09444
E:\IMG\center_2025_12_07_01_37_30_958.jpg,E:\IMG\left_2025_12_07_01_37_30_958.jpg,E:\IMG\right_2025_12_07_01_37_30_958.jpg,-0.05,0.8617462,0,30.14881
E:\IMG\center_2025_12_07_01_37_31_027.jpg,E:\IMG\left_2025_12_07_01_37_31_027.jpg,E:\IMG\right_2025_12_07_01_37_31_027.jpg,-0.25,1,0,30.17651
E:\IMG\center_2025_12_07_01_37_31_098.jpg,E:\IMG\left_2025_12_07_01_37_31_098.jpg,E:\IMG\right_2025_12_07_01_37_31_098.jpg,-0.4,1,0,30.15744
E:\IMG\center_2025_12_07_01_37_31_169.jpg,E:\IMG\left_2025_12_07_01_37_31_169.jpg,E:\IMG\right_2025_12_07_01_37_31_169.jpg,0,0.8912233,0,30.17419
E:\IMG\center_2025_12_07_01_37_31_236.jpg,E:\IMG\left_2025_12_07_01_37_31_236.jpg,E:\IMG\right_2025_12_07_01_37_31_236.jpg,0,0.6895859,0,30.11863
E:\IMG\center_2025_12_07_01_37_31_314.jpg,E:\IMG\left_2025_12_07_01_37_31_314.jpg,E:\IMG\right_2025_12_07_01_37_31_314.jpg,0,0.4581215,0,30.06564
E:\IMG\center_2025_12_07_01_37_31_383.jpg,E:\IMG\left_2025_12_07_01_37_31_383.jpg,E:\IMG\right_2025_12_07_01_37_31_383.jpg,0,0.6239357,0,30.0838
E:\IMG\center_2025_12_07_01_37_31_461.jpg,E:\IMG\left_2025_12_07_01_37_31_461.jpg,E:\IMG\right_2025_12_07_01_37_31_461.jpg,0,0.8563787,0,30.14468
E:\IMG\center_2025_12_07_01_37_31_531.jpg,E:\IMG\left_2025_12_07_01_37_31_531.jpg,E:\IMG\right_2025_12_07_01_37_31_531.jpg,0,1,0,30.1899
E:\IMG\center_2025_12_07_01_37_31_601.jpg,E:\IMG\left_2025_12_07_01_37_31_601.jpg,E:\IMG\right_2025_12_07_01_37_31_601.jpg,-0.1,1,0,30.18762
E:\IMG\center_2025_12_07_01_37_31_670.jpg,E:\IMG\left_2025_12_07_01_37_31_670.jpg,E:\IMG\right_2025_12_07_01_37_31_670.jpg,-0.3,1,0,30.16943
E:\IMG\center_2025_12_07_01_37_31_739.jpg,E:\IMG\left_2025_12_07_01_37_31_739.jpg,E:\IMG\right_2025_12_07_01_37_31_739.jpg,0,0.7922956,0,30.1609
E:\IMG\center_2025_12_07_01_37_31_811.jpg,E:\IMG\left_2025_12_07_01_37_31_811.jpg,E:\IMG\right_2025_12_07_01_37_31_811.jpg,0,0.5764976,0,30.09566
E:\IMG\center_2025_12_07_01_37_31_895.jpg,E:\IMG\left_2025_12_07_01_37_31_895.jpg,E:\IMG\right_2025_12_07_01_37_31_895.jpg,0,0.6237382,0,30.0923
E:\IMG\center_2025_12_07_01_37_31_968.jpg,E:\IMG\left_2025_12_07_01_37_31_968.jpg,E:\IMG\right_2025_12_07_01_37_31_968.jpg,0,0.8415022,0,30.13953
E:\IMG\center_2025_12_07_01_37_32_037.jpg,E:\IMG\left_2025_12_07_01_37_32_037.jpg,E:\IMG\right_2025_12_07_01_37_32_037.jpg,0,1,0,30.18977
E:\IMG\center_2025_12_07_01_37_32_117.jpg,E:\IMG\left_2025_12_07_01_37_32_117.jpg,E:\IMG\right_2025_12_07_01_37_32_117.jpg,-0.1,1,0,30.18764
E:\IMG\center_2025_12_07_01_37_32_192.jpg,E:\IMG\left_2025_12_07_01_37_32_192.jpg,E:\IMG\right_2025_12_07_01_37_32_192.jpg,-0.3,1,0,30.16959
E:\IMG\center_2025_12_07_01_37_32_275.jpg,E:\IMG\left_2025_12_07_01_37_32_275.jpg,E:\IMG\right_2025_12_07_01_37_32_275.jpg,0,0.9501121,0,30.18827
E:\IMG\center_2025_12_07_01_37_32_346.jpg,E:\IMG\left_2025_12_07_01_37_32_346.jpg,E:\IMG\right_2025_12_07_01_37_32_346.jpg,0,0.7352902,0,30.13596
E:\IMG\center_2025_12_07_01_37_32_416.jpg,E:\IMG\left_2025_12_07_01_37_32_416.jpg,E:\IMG\right_2025_12_07_01_37_32_416.jpg,0,0.5281435,0,30.08189
E:\IMG\center_2025_12_07_01_37_32_488.jpg,E:\IMG\left_2025_12_07_01_37_32_488.jpg,E:\IMG\right_2025_12_07_01_37_32_488.jpg,0,0.3073672,0,30.02312
E:\IMG\center_2025_12_07_01_37_32_558.jpg,E:\IMG\left_2025_12_07_01_37_32_558.jpg,E:\IMG\right_2025_12_07_01_37_32_558.jpg,0,0.5158501,0,30.04372
E:\IMG\center_2025_12_07_01_37_32_630.jpg,E:\IMG\left_2025_12_07_01_37_32_630.jpg,E:\IMG\right_2025_12_07_01_37_32_630.jpg,-0.1,0.730702,0,30.10984
E:\IMG\center_2025_12_07_01_37_32_701.jpg,E:\IMG\left_2025_12_07_01_37_32_701.jpg,E:\IMG\right_2025_12_07_01_37_32_701.jpg,-0.25,0.9439957,0,30.1375
E:\IMG\center_2025_12_07_01_37_32_769.jpg,E:\IMG\left_2025_12_07_01_37_32_769.jpg,E:\IMG\right_2025_12_07_01_37_32_769.jpg,0,1,0,30.18887
E:\IMG\center_2025_12_07_01_37_32_838.jpg,E:\IMG\left_2025_12_07_01_37_32_838.jpg,E:\IMG\right_2025_12_07_01_37_32_838.jpg,0,1,0,30.19001
E:\IMG\center_2025_12_07_01_37_32_912.jpg,E:\IMG\left_2025_12_07_01_37_32_912.jpg,E:\IMG\right_2025_12_07_01_37_32_912.jpg,0,1,0,30.19036
E:\IMG\center_2025_12_07_01_37_32_988.jpg,E:\IMG\left_2025_12_07_01_37_32_988.jpg,E:\IMG\right_2025_12_07_01_37_32_988.jpg,0,0.7712337,0,30.14538
E:\IMG\center_2025_12_07_01_37_33_056.jpg,E:\IMG\left_2025_12_07_01_37_33_056.jpg,E:\IMG\right_2025_12_07_01_37_33_056.jpg,0,0.5691451,0,30.087
E:\IMG\center_2025_12_07_01_37_33_130.jpg,E:\IMG\left_2025_12_07_01_37_33_130.jpg,E:\IMG\right_2025_12_07_01_37_33_130.jpg,0,0.588286,0,30.07613
E:\IMG\center_2025_12_07_01_37_33_200.jpg,E:\IMG\left_2025_12_07_01_37_33_200.jpg,E:\IMG\right_2025_12_07_01_37_33_200.jpg,0,0.8007271,0,30.13169
E:\IMG\center_2025_12_07_01_37_33_270.jpg,E:\IMG\left_2025_12_07_01_37_33_270.jpg,E:\IMG\right_2025_12_07_01_37_33_270.jpg,0,1,0,30.18116
E:\IMG\center_2025_12_07_01_37_33_344.jpg,E:\IMG\left_2025_12_07_01_37_33_344.jpg,E:\IMG\right_2025_12_07_01_37_33_344.jpg,0,1,0,30.19018
E:\IMG\center_2025_12_07_01_37_33_415.jpg,E:\IMG\left_2025_12_07_01_37_33_415.jpg,E:\IMG\right_2025_12_07_01_37_33_415.jpg,-0.15,1,0,30.18425
E:\IMG\center_2025_12_07_01_37_33_488.jpg,E:\IMG\left_2025_12_07_01_37_33_488.jpg,E:\IMG\right_2025_12_07_01_37_33_488.jpg,0,1,0,30.18455
E:\IMG\center_2025_12_07_01_37_33_564.jpg,E:\IMG\left_2025_12_07_01_37_33_564.jpg,E:\IMG\right_2025_12_07_01_37_33_564.jpg,0,1,0,30.18982
E:\IMG\center_2025_12_07_01_37_33_634.jpg,E:\IMG\left_2025_12_07_01_37_33_634.jpg,E:\IMG\right_2025_12_07_01_37_33_634.jpg,0,0.8852371,0,30.16885
E:\IMG\center_2025_12_07_01_37_33_704.jpg,E:\IMG\left_2025_12_07_01_37_33_704.jpg,E:\IMG\right_2025_12_07_01_37_33_704.jpg,0,0.7230403,0,30.13114
E:\IMG\center_2025_12_07_01_37_33_779.jpg,E:\IMG\left_2025_12_07_01_37_33_779.jpg,E:\IMG\right_2025_12_07_01_37_33_779.jpg,-0.05,0.4472883,0,30.06132
E:\IMG\center_2025_12_07_01_37_33_852.jpg,E:\IMG\left_2025_12_07_01_37_33_852.jpg,E:\IMG\right_2025_12_07_01_37_33_852.jpg,-0.25,0.3531396,0,29.99333
E:\IMG\center_2025_12_07_01_37_33_922.jpg,E:\IMG\left_2025_12_07_01_37_33_922.jpg,E:\IMG\right_2025_12_07_01_37_33_922.jpg,0,0.5129976,0,30.05632
E:\IMG\center_2025_12_07_01_37_33_999.jpg,E:\IMG\left_2025_12_07_01_37_33_999.jpg,E:\IMG\right_2025_12_07_01_37_33_999.jpg,0,0.7939578,0,30.12989
E:\IMG\center_2025_12_07_01_37_34_081.jpg,E:\IMG\left_2025_12_07_01_37_34_081.jpg,E:\IMG\right_2025_12_07_01_37_34_081.jpg,0,1,0,30.19014
E:\IMG\center_2025_12_07_01_37_34_164.jpg,E:\IMG\left_2025_12_07_01_37_34_164.jpg,E:\IMG\right_2025_12_07_01_37_34_164.jpg,0,1,0,30.19027
E:\IMG\center_2025_12_07_01_37_34_244.jpg,E:\IMG\left_2025_12_07_01_37_34_244.jpg,E:\IMG\right_2025_12_07_01_37_34_244.jpg,0,1,0,30.19031
E:\IMG\center_2025_12_07_01_37_34_322.jpg,E:\IMG\left_2025_12_07_01_37_34_322.jpg,E:\IMG\right_2025_12_07_01_37_34_322.jpg,0,1,0,30.19031
E:\IMG\center_2025_12_07_01_37_34_409.jpg,E:\IMG\left_2025_12_07_01_37_34_409.jpg,E:\IMG\right_2025_12_07_01_37_34_409.jpg,0,1,0,30.19029
E:\IMG\center_2025_12_07_01_37_34_482.jpg,E:\IMG\left_2025_12_07_01_37_34_482.jpg,E:\IMG\right_2025_12_07_01_37_34_482.jpg,-0.1,1,0,30.18765
E:\IMG\center_2025_12_07_01_37_34_561.jpg,E:\IMG\left_2025_12_07_01_37_34_561.jpg,E:\IMG\right_2025_12_07_01_37_34_561.jpg,0,0.7647206,0,30.15447
E:\IMG\center_2025_12_07_01_37_34_634.jpg,E:\IMG\left_2025_12_07_01_37_34_634.jpg,E:\IMG\right_2025_12_07_01_37_34_634.jpg,0,0.5462245,0,30.08358
E:\IMG\center_2025_12_07_01_37_34_715.jpg,E:\IMG\left_2025_12_07_01_37_34_715.jpg,E:\IMG\right_2025_12_07_01_37_34_715.jpg,0,0.4238725,0,30.02739
E:\IMG\center_2025_12_07_01_37_34_789.jpg,E:\IMG\left_2025_12_07_01_37_34_789.jpg,E:\IMG\right_2025_12_07_01_37_34_789.jpg,0,0.6472231,0,30.09295
E:\IMG\center_2025_12_07_01_37_34_866.jpg,E:\IMG\left_2025_12_07_01_37_34_866.jpg,E:\IMG\right_2025_12_07_01_37_34_866.jpg,-0.05,0.8782375,0,30.14922
E:\IMG\center_2025_12_07_01_37_34_939.jpg,E:\IMG\left_2025_12_07_01_37_34_939.jpg,E:\IMG\right_2025_12_07_01_37_34_939.jpg,-0.2,1,0,30.18006
E:\IMG\center_2025_12_07_01_37_35_017.jpg,E:\IMG\left_2025_12_07_01_37_35_017.jpg,E:\IMG\right_2025_12_07_01_37_35_017.jpg,-0.4,0.944746,0,30.15757
E:\IMG\center_2025_12_07_01_37_35_096.jpg,E:\IMG\left_2025_12_07_01_37_35_096.jpg,E:\IMG\right_2025_12_07_01_37_35_096.jpg,0,0.7033963,0,30.13009
E:\IMG\center_2025_12_07_01_37_35_187.jpg,E:\IMG\left_2025_12_07_01_37_35_187.jpg,E:\IMG\right_2025_12_07_01_37_35_187.jpg,0,0.6764749,0,30.11757
E:\IMG\center_2025_12_07_01_37_35_266.jpg,E:\IMG\left_2025_12_07_01_37_35_266.jpg,E:\IMG\right_2025_12_07_01_37_35_266.jpg,0,0.9156989,0,30.15883
E:\IMG\center_2025_12_07_01_37_35_346.jpg,E:\IMG\left_2025_12_07_01_37_35_346.jpg,E:\IMG\right_2025_12_07_01_37_35_346.jpg,0,1,0,30.19013
E:\IMG\center_2025_12_07_01_37_35_423.jpg,E:\IMG\left_2025_12_07_01_37_35_423.jpg,E:\IMG\right_2025_12_07_01_37_35_423.jpg,0,1,0,30.19039
E:\IMG\center_2025_12_07_01_37_35_503.jpg,E:\IMG\left_2025_12_07_01_37_35_503.jpg,E:\IMG\right_2025_12_07_01_37_35_503.jpg,0,1,0,30.19032
E:\IMG\center_2025_12_07_01_37_35_583.jpg,E:\IMG\left_2025_12_07_01_37_35_583.jpg,E:\IMG\right_2025_12_07_01_37_35_583.jpg,0,1,0,30.19034
E:\IMG\center_2025_12_07_01_37_35_653.jpg,E:\IMG\left_2025_12_07_01_37_35_653.jpg,E:\IMG\right_2025_12_07_01_37_35_653.jpg,0,1,0,30.19031
E:\IMG\center_2025_12_07_01_37_35_735.jpg,E:\IMG\left_2025_12_07_01_37_35_735.jpg,E:\IMG\right_2025_12_07_01_37_35_735.jpg,0,1,0,30.19031
E:\IMG\center_2025_12_07_01_37_35_811.jpg,E:\IMG\left_2025_12_07_01_37_35_811.jpg,E:\IMG\right_2025_12_07_01_37_35_811.jpg,0,1,0,30.19028
E:\IMG\center_2025_12_07_01_37_35_889.jpg,E:\IMG\left_2025_12_07_01_37_35_889.jpg,E:\IMG\right_2025_12_07_01_37_35_889.jpg,0,1,0,30.1903
E:\IMG\center_2025_12_07_01_37_35_978.jpg,E:\IMG\left_2025_12_07_01_37_35_978.jpg,E:\IMG\right_2025_12_07_01_37_35_978.jpg,0,1,0,30.19029
E:\IMG\center_2025_12_07_01_37_36_058.jpg,E:\IMG\left_2025_12_07_01_37_36_058.jpg,E:\IMG\right_2025_12_07_01_37_36_058.jpg,-0.2,1,0,30.17983
E:\IMG\center_2025_12_07_01_37_36_127.jpg,E:\IMG\left_2025_12_07_01_37_36_127.jpg,E:\IMG\right_2025_12_07_01_37_36_127.jpg,0,1,0,30.1903
E:\IMG\center_2025_12_07_01_37_36_205.jpg,E:\IMG\left_2025_12_07_01_37_36_205.jpg,E:\IMG\right_2025_12_07_01_37_36_205.jpg,0,1,0,30.19026
E:\IMG\center_2025_12_07_01_37_36_282.jpg,E:\IMG\left_2025_12_07_01_37_36_282.jpg,E:\IMG\right_2025_12_07_01_37_36_282.jpg,0,1,0,30.19025
E:\IMG\center_2025_12_07_01_37_36_352.jpg,E:\IMG\left_2025_12_07_01_37_36_352.jpg,E:\IMG\right_2025_12_07_01_37_36_352.jpg,0,1,0,30.1903
E:\IMG\center_2025_12_07_01_37_36_435.jpg,E:\IMG\left_2025_12_07_01_37_36_435.jpg,E:\IMG\right_2025_12_07_01_37_36_435.jpg,0,1,0,30.19029
E:\IMG\center_2025_12_07_01_37_36_505.jpg,E:\IMG\left_2025_12_07_01_37_36_505.jpg,E:\IMG\right_2025_12_07_01_37_36_505.jpg,0,1,0,30.19028
E:\IMG\center_2025_12_07_01_37_36_574.jpg,E:\IMG\left_2025_12_07_01_37_36_574.jpg,E:\IMG\right_2025_12_07_01_37_36_574.jpg,0,1,0,30.19029
E:\IMG\center_2025_12_07_01_37_36_640.jpg,E:\IMG\left_2025_12_07_01_37_36_640.jpg,E:\IMG\right_2025_12_07_01_37_36_640.jpg,0,1,0,30.19029
E:\IMG\center_2025_12_07_01_37_36_708.jpg,E:\IMG\left_2025_12_07_01_37_36_708.jpg,E:\IMG\right_2025_12_07_01_37_36_708.jpg,0,1,0,30.19029
E:\IMG\center_2025_12_07_01_37_36_776.jpg,E:\IMG\left_2025_12_07_01_37_36_776.jpg,E:\IMG\right_2025_12_07_01_37_36_776.jpg,0,1,0,30.19031
E:\IMG\center_2025_12_07_01_37_36_859.jpg,E:\IMG\left_2025_12_07_01_37_36_859.jpg,E:\IMG\right_2025_12_07_01_37_36_859.jpg,-0.05,1,0,30.18972
E:\IMG\center_2025_12_07_01_37_36_927.jpg,E:\IMG\left_2025_12_07_01_37_36_927.jpg,E:\IMG\right_2025_12_07_01_37_36_927.jpg,-0.25,1,0,30.17476
E:\IMG\center_2025_12_07_01_37_36_994.jpg,E:\IMG\left_2025_12_07_01_37_36_994.jpg,E:\IMG\right_2025_12_07_01_37_36_994.jpg,0,1,0,30.19073
E:\IMG\center_2025_12_07_01_37_37_064.jpg,E:\IMG\left_2025_12_07_01_37_37_064.jpg,E:\IMG\right_2025_12_07_01_37_37_064.jpg,0,1,0,30.19003
E:\IMG\center_2025_12_07_01_37_37_149.jpg,E:\IMG\left_2025_12_07_01_37_37_149.jpg,E:\IMG\right_2025_12_07_01_37_37_149.jpg,0,1,0,30.19013
E:\IMG\center_2025_12_07_01_37_37_218.jpg,E:\IMG\left_2025_12_07_01_37_37_218.jpg,E:\IMG\right_2025_12_07_01_37_37_218.jpg,-0.05,1,0,30.18995
E:\IMG\center_2025_12_07_01_37_37_284.jpg,E:\IMG\left_2025_12_07_01_37_37_284.jpg,E:\IMG\right_2025_12_07_01_37_37_284.jpg,-0.25,1,0,30.17575
E:\IMG\center_2025_12_07_01_37_37_354.jpg,E:\IMG\left_2025_12_07_01_37_37_354.jpg,E:\IMG\right_2025_12_07_01_37_37_354.jpg,0,1,0,30.19055
E:\IMG\center_2025_12_07_01_37_37_438.jpg,E:\IMG\left_2025_12_07_01_37_37_438.jpg,E:\IMG\right_2025_12_07_01_37_37_438.jpg,0,1,0,30.19004
E:\IMG\center_2025_12_07_01_37_37_506.jpg,E:\IMG\left_2025_12_07_01_37_37_506.jpg,E:\IMG\right_2025_12_07_01_37_37_506.jpg,0,1,0,30.19023
E:\IMG\center_2025_12_07_01_37_37_575.jpg,E:\IMG\left_2025_12_07_01_37_37_575.jpg,E:\IMG\right_2025_12_07_01_37_37_575.jpg,0,1,0,30.19029
E:\IMG\center_2025_12_07_01_37_37_651.jpg,E:\IMG\left_2025_12_07_01_37_37_651.jpg,E:\IMG\right_2025_12_07_01_37_37_651.jpg,0,1,0,30.19028
E:\IMG\center_2025_12_07_01_37_37_730.jpg,E:\IMG\left_2025_12_07_01_37_37_730.jpg,E:\IMG\right_2025_12_07_01_37_37_730.jpg,0,1,0,30.19029
E:\IMG\center_2025_12_07_01_37_37_800.jpg,E:\IMG\left_2025_12_07_01_37_37_800.jpg,E:\IMG\right_2025_12_07_01_37_37_800.jpg,0,1,0,30.1903
E:\IMG\center_2025_12_07_01_37_37_870.jpg,E:\IMG\left_2025_12_07_01_37_37_870.jpg,E:\IMG\right_2025_12_07_01_37_37_870.jpg,0,1,0,30.35192
E:\IMG\center_2025_12_07_01_37_37_956.jpg,E:\IMG\left_2025_12_07_01_37_37_956.jpg,E:\IMG\right_2025_12_07_01_37_37_956.jpg,0,1,0,30.20807
E:\IMG\center_2025_12_07_01_37_38_028.jpg,E:\IMG\left_2025_12_07_01_37_38_028.jpg,E:\IMG\right_2025_12_07_01_37_38_028.jpg,0,1,0,30.19047
E:\IMG\center_2025_12_07_01_37_38_100.jpg,E:\IMG\left_2025_12_07_01_37_38_100.jpg,E:\IMG\right_2025_12_07_01_37_38_100.jpg,0,1,0,30.33586
E:\IMG\center_2025_12_07_01_37_38_169.jpg,E:\IMG\left_2025_12_07_01_37_38_169.jpg,E:\IMG\right_2025_12_07_01_37_38_169.jpg,0,1,0,30.18985
E:\IMG\center_2025_12_07_01_37_38_242.jpg,E:\IMG\left_2025_12_07_01_37_38_242.jpg,E:\IMG\right_2025_12_07_01_37_38_242.jpg,0,1,0,30.18821
E:\IMG\center_2025_12_07_01_37_38_316.jpg,E:\IMG\left_2025_12_07_01_37_38_316.jpg,E:\IMG\right_2025_12_07_01_37_38_316.jpg,0,1,0,30.1895
E:\IMG\center_2025_12_07_01_37_38_388.jpg,E:\IMG\left_2025_12_07_01_37_38_388.jpg,E:\IMG\right_2025_12_07_01_37_38_388.jpg,0,1,0,30.18988
E:\IMG\center_2025_12_07_01_37_38_457.jpg,E:\IMG\left_2025_12_07_01_37_38_457.jpg,E:\IMG\right_2025_12_07_01_37_38_457.jpg,0,1,0,30.18996
E:\IMG\center_2025_12_07_01_37_38_533.jpg,E:\IMG\left_2025_12_07_01_37_38_533.jpg,E:\IMG\right_2025_12_07_01_37_38_533.jpg,0,1,0,30.18995
E:\IMG\center_2025_12_07_01_37_38_605.jpg,E:\IMG\left_2025_12_07_01_37_38_605.jpg,E:\IMG\right_2025_12_07_01_37_38_605.jpg,0,1,0,30.18995
E:\IMG\center_2025_12_07_01_37_38_676.jpg,E:\IMG\left_2025_12_07_01_37_38_676.jpg,E:\IMG\right_2025_12_07_01_37_38_676.jpg,0,1,0,30.18993
E:\IMG\center_2025_12_07_01_37_38_756.jpg,E:\IMG\left_2025_12_07_01_37_38_756.jpg,E:\IMG\right_2025_12_07_01_37_38_756.jpg,0,1,0,30.18993
E:\IMG\center_2025_12_07_01_37_38_839.jpg,E:\IMG\left_2025_12_07_01_37_38_839.jpg,E:\IMG\right_2025_12_07_01_37_38_839.jpg,0,1,0,30.18994
E:\IMG\center_2025_12_07_01_37_38_914.jpg,E:\IMG\left_2025_12_07_01_37_38_914.jpg,E:\IMG\right_2025_12_07_01_37_38_914.jpg,0,1,0,30.18993
E:\IMG\center_2025_12_07_01_37_38_981.jpg,E:\IMG\left_2025_12_07_01_37_38_981.jpg,E:\IMG\right_2025_12_07_01_37_38_981.jpg,0,1,0,30.18992
E:\IMG\center_2025_12_07_01_37_39_056.jpg,E:\IMG\left_2025_12_07_01_37_39_056.jpg,E:\IMG\right_2025_12_07_01_37_39_056.jpg,0,1,0,30.18993
E:\IMG\center_2025_12_07_01_37_39_128.jpg,E:\IMG\left_2025_12_07_01_37_39_128.jpg,E:\IMG\right_2025_12_07_01_37_39_128.jpg,0,1,0,30.18993
E:\IMG\center_2025_12_07_01_37_39_206.jpg,E:\IMG\left_2025_12_07_01_37_39_206.jpg,E:\IMG\right_2025_12_07_01_37_39_206.jpg,0,1,0,30.18993
E:\IMG\center_2025_12_07_01_37_39_279.jpg,E:\IMG\left_2025_12_07_01_37_39_279.jpg,E:\IMG\right_2025_12_07_01_37_39_279.jpg,0,1,0,30.18992
E:\IMG\center_2025_12_07_01_37_39_355.jpg,E:\IMG\left_2025_12_07_01_37_39_355.jpg,E:\IMG\right_2025_12_07_01_37_39_355.jpg,0,1,0,30.18993
E:\IMG\center_2025_12_07_01_37_39_428.jpg,E:\IMG\left_2025_12_07_01_37_39_428.jpg,E:\IMG\right_2025_12_07_01_37_39_428.jpg,0,1,0,30.18992
E:\IMG\center_2025_12_07_01_37_39_504.jpg,E:\IMG\left_2025_12_07_01_37_39_504.jpg,E:\IMG\right_2025_12_07_01_37_39_504.jpg,0,1,0,30.18994
E:\IMG\center_2025_12_07_01_37_39_580.jpg,E:\IMG\left_2025_12_07_01_37_39_580.jpg,E:\IMG\right_2025_12_07_01_37_39_580.jpg,0,1,0,30.18993
E:\IMG\center_2025_12_07_01_37_39_656.jpg,E:\IMG\left_2025_12_07_01_37_39_656.jpg,E:\IMG\right_2025_12_07_01_37_39_656.jpg,0,1,0,30.18993
E:\IMG\center_2025_12_07_01_37_39_729.jpg,E:\IMG\left_2025_12_07_01_37_39_729.jpg,E:\IMG\right_2025_12_07_01_37_39_729.jpg,0,1,0,30.18991
E:\IMG\center_2025_12_07_01_37_39_802.jpg,E:\IMG\left_2025_12_07_01_37_39_802.jpg,E:\IMG\right_2025_12_07_01_37_39_802.jpg,0,1,0,30.18995
E:\IMG\center_2025_12_07_01_37_39_880.jpg,E:\IMG\left_2025_12_07_01_37_39_880.jpg,E:\IMG\right_2025_12_07_01_37_39_880.jpg,0,1,0,30.18992
E:\IMG\center_2025_12_07_01_37_39_955.jpg,E:\IMG\left_2025_12_07_01_37_39_955.jpg,E:\IMG\right_2025_12_07_01_37_39_955.jpg,0,1,0,30.18992
E:\IMG\center_2025_12_07_01_37_40_029.jpg,E:\IMG\left_2025_12_07_01_37_40_029.jpg,E:\IMG\right_2025_12_07_01_37_40_029.jpg,0,1,0,30.18993
E:\IMG\center_2025_12_07_01_37_40_104.jpg,E:\IMG\left_2025_12_07_01_37_40_104.jpg,E:\IMG\right_2025_12_07_01_37_40_104.jpg,0,1,0,30.18993
E:\IMG\center_2025_12_07_01_37_40_177.jpg,E:\IMG\left_2025_12_07_01_37_40_177.jpg,E:\IMG\right_2025_12_07_01_37_40_177.jpg,0,1,0,30.18993
E:\IMG\center_2025_12_07_01_37_40_249.jpg,E:\IMG\left_2025_12_07_01_37_40_249.jpg,E:\IMG\right_2025_12_07_01_37_40_249.jpg,0,1,0,30.18995
E:\IMG\center_2025_12_07_01_37_40_321.jpg,E:\IMG\left_2025_12_07_01_37_40_321.jpg,E:\IMG\right_2025_12_07_01_37_40_321.jpg,0,1,0,30.18994
E:\IMG\center_2025_12_07_01_37_40_394.jpg,E:\IMG\left_2025_12_07_01_37_40_394.jpg,E:\IMG\right_2025_12_07_01_37_40_394.jpg,0,1,0,30.18994
E:\IMG\center_2025_12_07_01_37_40_474.jpg,E:\IMG\left_2025_12_07_01_37_40_474.jpg,E:\IMG\right_2025_12_07_01_37_40_474.jpg,0,1,0,30.18992
E:\IMG\center_2025_12_07_01_37_40_552.jpg,E:\IMG\left_2025_12_07_01_37_40_552.jpg,E:\IMG\right_2025_12_07_01_37_40_552.jpg,0,1,0,30.18993
E:\IMG\center_2025_12_07_01_37_40_632.jpg,E:\IMG\left_2025_12_07_01_37_40_632.jpg,E:\IMG\right_2025_12_07_01_37_40_632.jpg,0,1,0,30.18995
E:\IMG\center_2025_12_07_01_37_40_712.jpg,E:\IMG\left_2025_12_07_01_37_40_712.jpg,E:\IMG\right_2025_12_07_01_37_40_712.jpg,0,1,0,30.18995
E:\IMG\center_2025_12_07_01_37_40_781.jpg,E:\IMG\left_2025_12_07_01_37_40_781.jpg,E:\IMG\right_2025_12_07_01_37_40_781.jpg,0,1,0,30.18993
E:\IMG\center_2025_12_07_01_37_40_856.jpg,E:\IMG\left_2025_12_07_01_37_40_856.jpg,E:\IMG\right_2025_12_07_01_37_40_856.jpg,0,1,0,30.18993
E:\IMG\center_2025_12_07_01_37_40_928.jpg,E:\IMG\left_2025_12_07_01_37_40_928.jpg,E:\IMG\right_2025_12_07_01_37_40_928.jpg,0,1,0,30.18994
E:\IMG\center_2025_12_07_01_37_41_004.jpg,E:\IMG\left_2025_12_07_01_37_41_004.jpg,E:\IMG\right_2025_12_07_01_37_41_004.jpg,0,1,0,30.18992
E:\IMG\center_2025_12_07_01_37_41_080.jpg,E:\IMG\left_2025_12_07_01_37_41_080.jpg,E:\IMG\right_2025_12_07_01_37_41_080.jpg,0,1,0,30.18993
E:\IMG\center_2025_12_07_01_37_41_154.jpg,E:\IMG\left_2025_12_07_01_37_41_154.jpg,E:\IMG\right_2025_12_07_01_37_41_154.jpg,0,1,0,30.18995
E:\IMG\center_2025_12_07_01_37_41_230.jpg,E:\IMG\left_2025_12_07_01_37_41_230.jpg,E:\IMG\right_2025_12_07_01_37_41_230.jpg,0,1,0,30.18993
E:\IMG\center_2025_12_07_01_37_41_303.jpg,E:\IMG\left_2025_12_07_01_37_41_303.jpg,E:\IMG\right_2025_12_07_01_37_41_303.jpg,0,1,0,30.18993
E:\IMG\center_2025_12_07_01_37_41_380.jpg,E:\IMG\left_2025_12_07_01_37_41_380.jpg,E:\IMG\right_2025_12_07_01_37_41_380.jpg,0,1,0,30.18992
E:\IMG\center_2025_12_07_01_37_41_454.jpg,E:\IMG\left_2025_12_07_01_37_41_454.jpg,E:\IMG\right_2025_12_07_01_37_41_454.jpg,0,1,0,30.18995
E:\IMG\center_2025_12_07_01_37_41_527.jpg,E:\IMG\left_2025_12_07_01_37_41_527.jpg,E:\IMG\right_2025_12_07_01_37_41_527.jpg,0,1,0,30.18995
E:\IMG\center_2025_12_07_01_37_41_600.jpg,E:\IMG\left_2025_12_07_01_37_41_600.jpg,E:\IMG\right_2025_12_07_01_37_41_600.jpg,0,1,0,30.18995
E:\IMG\center_2025_12_07_01_37_41_669.jpg,E:\IMG\left_2025_12_07_01_37_41_669.jpg,E:\IMG\right_2025_12_07_01_37_41_669.jpg,0,1,0,30.18996
E:\IMG\center_2025_12_07_01_37_41_737.jpg,E:\IMG\left_2025_12_07_01_37_41_737.jpg,E:\IMG\right_2025_12_07_01_37_41_737.jpg,0,1,0,30.18994
E:\IMG\center_2025_12_07_01_37_41_828.jpg,E:\IMG\left_2025_12_07_01_37_41_828.jpg,E:\IMG\right_2025_12_07_01_37_41_828.jpg,0,1,0,30.18993
E:\IMG\center_2025_12_07_01_37_41_902.jpg,E:\IMG\left_2025_12_07_01_37_41_902.jpg,E:\IMG\right_2025_12_07_01_37_41_902.jpg,0,1,0,30.18992
E:\IMG\center_2025_12_07_01_37_41_982.jpg,E:\IMG\left_2025_12_07_01_37_41_982.jpg,E:\IMG\right_2025_12_07_01_37_41_982.jpg,0,1,0,30.18992
E:\IMG\center_2025_12_07_01_37_42_054.jpg,E:\IMG\left_2025_12_07_01_37_42_054.jpg,E:\IMG\right_2025_12_07_01_37_42_054.jpg,0,1,0,30.18992
E:\IMG\center_2025_12_07_01_37_42_136.jpg,E:\IMG\left_2025_12_07_01_37_42_136.jpg,E:\IMG\right_2025_12_07_01_37_42_136.jpg,0,1,0,30.18995
E:\IMG\center_2025_12_07_01_37_42_220.jpg,E:\IMG\left_2025_12_07_01_37_42_220.jpg,E:\IMG\right_2025_12_07_01_37_42_220.jpg,0,1,0,30.18995
E:\IMG\center_2025_12_07_01_37_42_293.jpg,E:\IMG\left_2025_12_07_01_37_42_293.jpg,E:\IMG\right_2025_12_07_01_37_42_293.jpg,0,1,0,30.18992
E:\IMG\center_2025_12_07_01_37_42_363.jpg,E:\IMG\left_2025_12_07_01_37_42_363.jpg,E:\IMG\right_2025_12_07_01_37_42_363.jpg,0,1,0,30.18994
E:\IMG\center_2025_12_07_01_37_42_441.jpg,E:\IMG\left_2025_12_07_01_37_42_441.jpg,E:\IMG\right_2025_12_07_01_37_42_441.jpg,0,1,0,30.18993
E:\IMG\center_2025_12_07_01_37_42_517.jpg,E:\IMG\left_2025_12_07_01_37_42_517.jpg,E:\IMG\right_2025_12_07_01_37_42_517.jpg,0,1,0,30.18995
E:\IMG\center_2025_12_07_01_37_42_596.jpg,E:\IMG\left_2025_12_07_01_37_42_596.jpg,E:\IMG\right_2025_12_07_01_37_42_596.jpg,0,1,0,30.18994
E:\IMG\center_2025_12_07_01_37_42_672.jpg,E:\IMG\left_2025_12_07_01_37_42_672.jpg,E:\IMG\right_2025_12_07_01_37_42_672.jpg,0,1,0,30.18993
E:\IMG\center_2025_12_07_01_37_42_756.jpg,E:\IMG\left_2025_12_07_01_37_42_756.jpg,E:\IMG\right_2025_12_07_01_37_42_756.jpg,0,1,0,30.18992
E:\IMG\center_2025_12_07_01_37_42_841.jpg,E:\IMG\left_2025_12_07_01_37_42_841.jpg,E:\IMG\right_2025_12_07_01_37_42_841.jpg,0,1,0,30.18995
E:\IMG\center_2025_12_07_01_37_42_920.jpg,E:\IMG\left_2025_12_07_01_37_42_920.jpg,E:\IMG\right_2025_12_07_01_37_42_920.jpg,0,1,0,30.18993
E:\IMG\center_2025_12_07_01_37_43_004.jpg,E:\IMG\left_2025_12_07_01_37_43_004.jpg,E:\IMG\right_2025_12_07_01_37_43_004.jpg,0,1,0,30.18992
E:\IMG\center_2025_12_07_01_37_43_082.jpg,E:\IMG\left_2025_12_07_01_37_43_082.jpg,E:\IMG\right_2025_12_07_01_37_43_082.jpg,0,1,0,30.18992
E:\IMG\center_2025_12_07_01_37_43_167.jpg,E:\IMG\left_2025_12_07_01_37_43_167.jpg,E:\IMG\right_2025_12_07_01_37_43_167.jpg,0,1,0,30.18994
E:\IMG\center_2025_12_07_01_37_43_241.jpg,E:\IMG\left_2025_12_07_01_37_43_241.jpg,E:\IMG\right_2025_12_07_01_37_43_241.jpg,0,1,0,30.18995
E:\IMG\center_2025_12_07_01_37_43_316.jpg,E:\IMG\left_2025_12_07_01_37_43_316.jpg,E:\IMG\right_2025_12_07_01_37_43_316.jpg,0,1,0,30.18994
E:\IMG\center_2025_12_07_01_37_43_391.jpg,E:\IMG\left_2025_12_07_01_37_43_391.jpg,E:\IMG\right_2025_12_07_01_37_43_391.jpg,0,1,0,30.18993
E:\IMG\center_2025_12_07_01_37_43_469.jpg,E:\IMG\left_2025_12_07_01_37_43_469.jpg,E:\IMG\right_2025_12_07_01_37_43_469.jpg,-0.15,1,0,30.18396
E:\IMG\center_2025_12_07_01_37_43_550.jpg,E:\IMG\left_2025_12_07_01_37_43_550.jpg,E:\IMG\right_2025_12_07_01_37_43_550.jpg,0,1,0,30.18931
E:\IMG\center_2025_12_07_01_37_43_629.jpg,E:\IMG\left_2025_12_07_01_37_43_629.jpg,E:\IMG\right_2025_12_07_01_37_43_629.jpg,0,1,0,30.18989
E:\IMG\center_2025_12_07_01_37_43_710.jpg,E:\IMG\left_2025_12_07_01_37_43_710.jpg,E:\IMG\right_2025_12_07_01_37_43_710.jpg,0,1,0,30.18994
E:\IMG\center_2025_12_07_01_37_43_791.jpg,E:\IMG\left_2025_12_07_01_37_43_791.jpg,E:\IMG\right_2025_12_07_01_37_43_791.jpg,0,1,0,30.18996
E:\IMG\center_2025_12_07_01_37_43_857.jpg,E:\IMG\left_2025_12_07_01_37_43_857.jpg,E:\IMG\right_2025_12_07_01_37_43_857.jpg,0,1,0,30.18994
E:\IMG\center_2025_12_07_01_37_43_936.jpg,E:\IMG\left_2025_12_07_01_37_43_936.jpg,E:\IMG\right_2025_12_07_01_37_43_936.jpg,0,1,0,30.18997
E:\IMG\center_2025_12_07_01_37_44_008.jpg,E:\IMG\left_2025_12_07_01_37_44_008.jpg,E:\IMG\right_2025_12_07_01_37_44_008.jpg,0,1,0,30.18997
E:\IMG\center_2025_12_07_01_37_44_078.jpg,E:\IMG\left_2025_12_07_01_37_44_078.jpg,E:\IMG\right_2025_12_07_01_37_44_078.jpg,0,1,0,30.18998
E:\IMG\center_2025_12_07_01_37_44_158.jpg,E:\IMG\left_2025_12_07_01_37_44_158.jpg,E:\IMG\right_2025_12_07_01_37_44_158.jpg,0,1,0,30.18995
E:\IMG\center_2025_12_07_01_37_44_238.jpg,E:\IMG\left_2025_12_07_01_37_44_238.jpg,E:\IMG\right_2025_12_07_01_37_44_238.jpg,0,1,0,30.18998
E:\IMG\center_2025_12_07_01_37_44_324.jpg,E:\IMG\left_2025_12_07_01_37_44_324.jpg,E:\IMG\right_2025_12_07_01_37_44_324.jpg,0,1,0,30.18998
E:\IMG\center_2025_12_07_01_37_44_411.jpg,E:\IMG\left_2025_12_07_01_37_44_411.jpg,E:\IMG\right_2025_12_07_01_37_44_411.jpg,0,1,0,30.18996
E:\IMG\center_2025_12_07_01_37_44_482.jpg,E:\IMG\left_2025_12_07_01_37_44_482.jpg,E:\IMG\right_2025_12_07_01_37_44_482.jpg,0,1,0,30.18998
E:\IMG\center_2025_12_07_01_37_44_550.jpg,E:\IMG\left_2025_12_07_01_37_44_550.jpg,E:\IMG\right_2025_12_07_01_37_44_550.jpg,0,1,0,30.18998
E:\IMG\center_2025_12_07_01_37_44_618.jpg,E:\IMG\left_2025_12_07_01_37_44_618.jpg,E:\IMG\right_2025_12_07_01_37_44_618.jpg,0,1,0,30.18999
E:\IMG\center_2025_12_07_01_37_44_687.jpg,E:\IMG\left_2025_12_07_01_37_44_687.jpg,E:\IMG\right_2025_12_07_01_37_44_687.jpg,0,1,0,30.18997
E:\IMG\center_2025_12_07_01_37_44_776.jpg,E:\IMG\left_2025_12_07_01_37_44_776.jpg,E:\IMG\right_2025_12_07_01_37_44_776.jpg,0,1,0,30.18997
E:\IMG\center_2025_12_07_01_37_44_842.jpg,E:\IMG\left_2025_12_07_01_37_44_842.jpg,E:\IMG\right_2025_12_07_01_37_44_842.jpg,0,1,0,30.18998
E:\IMG\center_2025_12_07_01_37_44_916.jpg,E:\IMG\left_2025_12_07_01_37_44_916.jpg,E:\IMG\right_2025_12_07_01_37_44_916.jpg,0,1,0,30.18996
E:\IMG\center_2025_12_07_01_37_45_002.jpg,E:\IMG\left_2025_12_07_01_37_45_002.jpg,E:\IMG\right_2025_12_07_01_37_45_002.jpg,0,1,0,30.18997
E:\IMG\center_2025_12_07_01_37_45_089.jpg,E:\IMG\left_2025_12_07_01_37_45_089.jpg,E:\IMG\right_2025_12_07_01_37_45_089.jpg,0,1,0,30.18999
E:\IMG\center_2025_12_07_01_37_45_171.jpg,E:\IMG\left_2025_12_07_01_37_45_171.jpg,E:\IMG\right_2025_12_07_01_37_45_171.jpg,0,1,0,30.18997
E:\IMG\center_2025_12_07_01_37_45_262.jpg,E:\IMG\left_2025_12_07_01_37_45_262.jpg,E:\IMG\right_2025_12_07_01_37_45_262.jpg,0,1,0,30.18995
E:\IMG\center_2025_12_07_01_37_45_332.jpg,E:\IMG\left_2025_12_07_01_37_45_332.jpg,E:\IMG\right_2025_12_07_01_37_45_332.jpg,0,1,0,30.18997
E:\IMG\center_2025_12_07_01_37_45_399.jpg,E:\IMG\left_2025_12_07_01_37_45_399.jpg,E:\IMG\right_2025_12_07_01_37_45_399.jpg,0,1,0,30.18997
E:\IMG\center_2025_12_07_01_37_45_470.jpg,E:\IMG\left_2025_12_07_01_37_45_470.jpg,E:\IMG\right_2025_12_07_01_37_45_470.jpg,0,1,0,30.18997
E:\IMG\center_2025_12_07_01_37_45_542.jpg,E:\IMG\left_2025_12_07_01_37_45_542.jpg,E:\IMG\right_2025_12_07_01_37_45_542.jpg,0,1,0,30.18997
E:\IMG\center_2025_12_07_01_37_45_616.jpg,E:\IMG\left_2025_12_07_01_37_45_616.jpg,E:\IMG\right_2025_12_07_01_37_45_616.jpg,0,1,0,30.18997
E:\IMG\center_2025_12_07_01_37_45_687.jpg,E:\IMG\left_2025_12_07_01_37_45_687.jpg,E:\IMG\right_2025_12_07_01_37_45_687.jpg,0,1,0,30.18997
E:\IMG\center_2025_12_07_01_37_45_758.jpg,E:\IMG\left_2025_12_07_01_37_45_758.jpg,E:\IMG\right_2025_12_07_01_37_45_758.jpg,0,1,0,30.18998
E:\IMG\center_2025_12_07_01_37_45_833.jpg,E:\IMG\left_2025_12_07_01_37_45_833.jpg,E:\IMG\right_2025_12_07_01_37_45_833.jpg,0,1,0,30.18996
E:\IMG\center_2025_12_07_01_37_45_909.jpg,E:\IMG\left_2025_12_07_01_37_45_909.jpg,E:\IMG\right_2025_12_07_01_37_45_909.jpg,0,1,0,30.06101
E:\IMG\center_2025_12_07_01_37_45_985.jpg,E:\IMG\left_2025_12_07_01_37_45_985.jpg,E:\IMG\right_2025_12_07_01_37_45_985.jpg,0,1,0,30.54271
E:\IMG\center_2025_12_07_01_37_46_059.jpg,E:\IMG\left_2025_12_07_01_37_46_059.jpg,E:\IMG\right_2025_12_07_01_37_46_059.jpg,0,1,0,30.26884
E:\IMG\center_2025_12_07_01_37_46_141.jpg,E:\IMG\left_2025_12_07_01_37_46_141.jpg,E:\IMG\right_2025_12_07_01_37_46_141.jpg,-0.15,1,0,30.10583
E:\IMG\center_2025_12_07_01_37_46_229.jpg,E:\IMG\left_2025_12_07_01_37_46_229.jpg,E:\IMG\right_2025_12_07_01_37_46_229.jpg,0,0.7344034,0,29.81038
E:\IMG\center_2025_12_07_01_37_46_306.jpg,E:\IMG\left_2025_12_07_01_37_46_306.jpg,E:\IMG\right_2025_12_07_01_37_46_306.jpg,0,0.5027905,0,30.02958
E:\IMG\center_2025_12_07_01_37_46_380.jpg,E:\IMG\left_2025_12_07_01_37_46_380.jpg,E:\IMG\right_2025_12_07_01_37_46_380.jpg,0,0.5884086,0,30.08062
E:\IMG\center_2025_12_07_01_37_46_456.jpg,E:\IMG\left_2025_12_07_01_37_46_456.jpg,E:\IMG\right_2025_12_07_01_37_46_456.jpg,0,0.8172019,0,30.13169
E:\IMG\center_2025_12_07_01_37_46_534.jpg,E:\IMG\left_2025_12_07_01_37_46_534.jpg,E:\IMG\right_2025_12_07_01_37_46_534.jpg,0,1,0,30.18255
E:\IMG\center_2025_12_07_01_37_46_612.jpg,E:\IMG\left_2025_12_07_01_37_46_612.jpg,E:\IMG\right_2025_12_07_01_37_46_612.jpg,0,1,0,30.19037
E:\IMG\center_2025_12_07_01_37_46_694.jpg,E:\IMG\left_2025_12_07_01_37_46_694.jpg,E:\IMG\right_2025_12_07_01_37_46_694.jpg,0,1,0,30.19035
E:\IMG\center_2025_12_07_01_37_46_769.jpg,E:\IMG\left_2025_12_07_01_37_46_769.jpg,E:\IMG\right_2025_12_07_01_37_46_769.jpg,0,1,0,30.19031
E:\IMG\center_2025_12_07_01_37_46_847.jpg,E:\IMG\left_2025_12_07_01_37_46_847.jpg,E:\IMG\right_2025_12_07_01_37_46_847.jpg,-0.2,1,0,30.17987
E:\IMG\center_2025_12_07_01_37_46_926.jpg,E:\IMG\left_2025_12_07_01_37_46_926.jpg,E:\IMG\right_2025_12_07_01_37_46_926.jpg,0,0.7589587,0,30.12243
E:\IMG\center_2025_12_07_01_37_46_999.jpg,E:\IMG\left_2025_12_07_01_37_46_999.jpg,E:\IMG\right_2025_12_07_01_37_46_999.jpg,0,0.5381764,0,30.09048
E:\IMG\center_2025_12_07_01_37_47_076.jpg,E:\IMG\left_2025_12_07_01_37_47_076.jpg,E:\IMG\right_2025_12_07_01_37_47_076.jpg,0,0.7672645,0,30.12082
E:\IMG\center_2025_12_07_01_37_47_155.jpg,E:\IMG\left_2025_12_07_01_37_47_155.jpg,E:\IMG\right_2025_12_07_01_37_47_155.jpg,0,1,0,30.1755
E:\IMG\center_2025_12_07_01_37_47_235.jpg,E:\IMG\left_2025_12_07_01_37_47_235.jpg,E:\IMG\right_2025_12_07_01_37_47_235.jpg,0,1,0,30.1901
E:\IMG\center_2025_12_07_01_37_47_306.jpg,E:\IMG\left_2025_12_07_01_37_47_306.jpg,E:\IMG\right_2025_12_07_01_37_47_306.jpg,0,1,0,30.19029
E:\IMG\center_2025_12_07_01_37_47_381.jpg,E:\IMG\left_2025_12_07_01_37_47_381.jpg,E:\IMG\right_2025_12_07_01_37_47_381.jpg,-0.1,1,0,30.18773
E:\IMG\center_2025_12_07_01_37_47_463.jpg,E:\IMG\left_2025_12_07_01_37_47_463.jpg,E:\IMG\right_2025_12_07_01_37_47_463.jpg,-0.3,0.8676502,0,30.14915
E:\IMG\center_2025_12_07_01_37_47_530.jpg,E:\IMG\left_2025_12_07_01_37_47_530.jpg,E:\IMG\right_2025_12_07_01_37_47_530.jpg,0,0.6647254,0,30.11528
E:\IMG\center_2025_12_07_01_37_47_606.jpg,E:\IMG\left_2025_12_07_01_37_47_606.jpg,E:\IMG\right_2025_12_07_01_37_47_606.jpg,0,0.4372825,0,30.04189
E:\IMG\center_2025_12_07_01_37_47_679.jpg,E:\IMG\left_2025_12_07_01_37_47_679.jpg,E:\IMG\right_2025_12_07_01_37_47_679.jpg,0,0.2232874,0,30.00548
E:\IMG\center_2025_12_07_01_37_47_752.jpg,E:\IMG\left_2025_12_07_01_37_47_752.jpg,E:\IMG\right_2025_12_07_01_37_47_752.jpg,0,0.4461115,0,30.04345
E:\IMG\center_2025_12_07_01_37_47_825.jpg,E:\IMG\left_2025_12_07_01_37_47_825.jpg,E:\IMG\right_2025_12_07_01_37_47_825.jpg,0,0.6639874,0,30.10905
E:\IMG\center_2025_12_07_01_37_47_901.jpg,E:\IMG\left_2025_12_07_01_37_47_901.jpg,E:\IMG\right_2025_12_07_01_37_47_901.jpg,0,0.8902699,0,30.14603
E:\IMG\center_2025_12_07_01_37_47_972.jpg,E:\IMG\left_2025_12_07_01_37_47_972.jpg,E:\IMG\right_2025_12_07_01_37_47_972.jpg,-0.05,0.8126887,0,30.16204
E:\IMG\center_2025_12_07_01_37_48_045.jpg,E:\IMG\left_2025_12_07_01_37_48_045.jpg,E:\IMG\right_2025_12_07_01_37_48_045.jpg,-0.25,0.5973505,0,30.06865
E:\IMG\center_2025_12_07_01_37_48_116.jpg,E:\IMG\left_2025_12_07_01_37_48_116.jpg,E:\IMG\right_2025_12_07_01_37_48_116.jpg,0,0.3813884,0,30.05025
E:\IMG\center_2025_12_07_01_37_48_193.jpg,E:\IMG\left_2025_12_07_01_37_48_193.jpg,E:\IMG\right_2025_12_07_01_37_48_193.jpg,0,0.15163,0,29.97796
E:\IMG\center_2025_12_07_01_37_48_261.jpg,E:\IMG\left_2025_12_07_01_37_48_261.jpg,E:\IMG\right_2025_12_07_01_37_48_261.jpg,0,0.09275925,0,29.84616
E:\IMG\center_2025_12_07_01_37_48_334.jpg,E:\IMG\left_2025_12_07_01_37_48_334.jpg,E:\IMG\right_2025_12_07_01_37_48_334.jpg,0,0.3122987,0,29.7922
E:\IMG\center_2025_12_07_01_37_48_416.jpg,E:\IMG\left_2025_12_07_01_37_48_416.jpg,E:\IMG\right_2025_12_07_01_37_48_416.jpg,0,0.5576816,0,29.99442
E:\IMG\center_2025_12_07_01_37_48_500.jpg,E:\IMG\left_2025_12_07_01_37_48_500.jpg,E:\IMG\right_2025_12_07_01_37_48_500.jpg,-0.2,0.8114852,0,30.11711
E:\IMG\center_2025_12_07_01_37_48_573.jpg,E:\IMG\left_2025_12_07_01_37_48_573.jpg,E:\IMG\right_2025_12_07_01_37_48_573.jpg,0,0.5943605,0,30.10058
E:\IMG\center_2025_12_07_01_37_48_651.jpg,E:\IMG\left_2025_12_07_01_37_48_651.jpg,E:\IMG\right_2025_12_07_01_37_48_651.jpg,0,0.3625394,0,30.0223
E:\IMG\center_2025_12_07_01_37_48_717.jpg,E:\IMG\left_2025_12_07_01_37_48_717.jpg,E:\IMG\right_2025_12_07_01_37_48_717.jpg,0,0.1624304,0,29.99474
E:\IMG\center_2025_12_07_01_37_48_787.jpg,E:\IMG\left_2025_12_07_01_37_48_787.jpg,E:\IMG\right_2025_12_07_01_37_48_787.jpg,-0.15,0,0,29.80209
E:\IMG\center_2025_12_07_01_37_48_855.jpg,E:\IMG\left_2025_12_07_01_37_48_855.jpg,E:\IMG\right_2025_12_07_01_37_48_855.jpg,-0.3,0,0,29.58295
E:\IMG\center_2025_12_07_01_37_48_926.jpg,E:\IMG\left_2025_12_07_01_37_48_926.jpg,E:\IMG\right_2025_12_07_01_37_48_926.jpg,0,0,0,29.28359
E:\IMG\center_2025_12_07_01_37_48_993.jpg,E:\IMG\left_2025_12_07_01_37_48_993.jpg,E:\IMG\right_2025_12_07_01_37_48_993.jpg,0,0,0,29.10212
E:\IMG\center_2025_12_07_01_37_49_074.jpg,E:\IMG\left_2025_12_07_01_37_49_074.jpg,E:\IMG\right_2025_12_07_01_37_49_074.jpg,0,0,0,28.86653
E:\IMG\center_2025_12_07_01_37_49_167.jpg,E:\IMG\left_2025_12_07_01_37_49_167.jpg,E:\IMG\right_2025_12_07_01_37_49_167.jpg,0,0.1424148,0,28.63706
E:\IMG\center_2025_12_07_01_37_49_251.jpg,E:\IMG\left_2025_12_07_01_37_49_251.jpg,E:\IMG\right_2025_12_07_01_37_49_251.jpg,-0.15,0.396393,0,28.63819
E:\IMG\center_2025_12_07_01_37_49_319.jpg,E:\IMG\left_2025_12_07_01_37_49_319.jpg,E:\IMG\right_2025_12_07_01_37_49_319.jpg,-0.3,0.5979192,0,28.77292
E:\IMG\center_2025_12_07_01_37_49_413.jpg,E:\IMG\left_2025_12_07_01_37_49_413.jpg,E:\IMG\right_2025_12_07_01_37_49_413.jpg,-0.5500001,0.3161535,0,28.88108
E:\IMG\center_2025_12_07_01_37_49_483.jpg,E:\IMG\left_2025_12_07_01_37_49_483.jpg,E:\IMG\right_2025_12_07_01_37_49_483.jpg,0,0.1051989,0,28.83859
E:\IMG\center_2025_12_07_01_37_49_563.jpg,E:\IMG\left_2025_12_07_01_37_49_563.jpg,E:\IMG\right_2025_12_07_01_37_49_563.jpg,0,0,0,28.62639
E:\IMG\center_2025_12_07_01_37_49_631.jpg,E:\IMG\left_2025_12_07_01_37_49_631.jpg,E:\IMG\right_2025_12_07_01_37_49_631.jpg,0,0,0,28.39399
E:\IMG\center_2025_12_07_01_37_49_702.jpg,E:\IMG\left_2025_12_07_01_37_49_702.jpg,E:\IMG\right_2025_12_07_01_37_49_702.jpg,0,0,0,28.22222
E:\IMG\center_2025_12_07_01_37_49_773.jpg,E:\IMG\left_2025_12_07_01_37_49_773.jpg,E:\IMG\right_2025_12_07_01_37_49_773.jpg,0,0,0,27.99519
E:\IMG\center_2025_12_07_01_37_49_845.jpg,E:\IMG\left_2025_12_07_01_37_49_845.jpg,E:\IMG\right_2025_12_07_01_37_49_845.jpg,-0.2,0.0732924,0,27.77902
E:\IMG\center_2025_12_07_01_37_49_921.jpg,E:\IMG\left_2025_12_07_01_37_49_921.jpg,E:\IMG\right_2025_12_07_01_37_49_921.jpg,-0.35,0.3026526,0,27.67481
E:\IMG\center_2025_12_07_01_37_49_991.jpg,E:\IMG\left_2025_12_07_01_37_49_991.jpg,E:\IMG\right_2025_12_07_01_37_49_991.jpg,-0.5500001,0.5090883,0,27.69016
E:\IMG\center_2025_12_07_01_37_50_081.jpg,E:\IMG\left_2025_12_07_01_37_50_081.jpg,E:\IMG\right_2025_12_07_01_37_50_081.jpg,0,0.3834558,0,27.94329
E:\IMG\center_2025_12_07_01_37_50_150.jpg,E:\IMG\left_2025_12_07_01_37_50_150.jpg,E:\IMG\right_2025_12_07_01_37_50_150.jpg,0,0.1784838,0,27.98292
E:\IMG\center_2025_12_07_01_37_50_237.jpg,E:\IMG\left_2025_12_07_01_37_50_237.jpg,E:\IMG\right_2025_12_07_01_37_50_237.jpg,-0.15,0,0,27.81666
E:\IMG\center_2025_12_07_01_37_50_309.jpg,E:\IMG\left_2025_12_07_01_37_50_309.jpg,E:\IMG\right_2025_12_07_01_37_50_309.jpg,-0.35,0,0,27.53893
E:\IMG\center_2025_12_07_01_37_50_386.jpg,E:\IMG\left_2025_12_07_01_37_50_386.jpg,E:\IMG\right_2025_12_07_01_37_50_386.jpg,0,0,0,27.24632
E:\IMG\center_2025_12_07_01_37_50_453.jpg,E:\IMG\left_2025_12_07_01_37_50_453.jpg,E:\IMG\right_2025_12_07_01_37_50_453.jpg,0,0,0,27.0751
E:\IMG\center_2025_12_07_01_37_50_519.jpg,E:\IMG\left_2025_12_07_01_37_50_519.jpg,E:\IMG\right_2025_12_07_01_37_50_519.jpg,0,0.1394397,0,26.93318
E:\IMG\center_2025_12_07_01_37_50_598.jpg,E:\IMG\left_2025_12_07_01_37_50_598.jpg,E:\IMG\right_2025_12_07_01_37_50_598.jpg,0,0.3753567,0,26.9601
E:\IMG\center_2025_12_07_01_37_50_669.jpg,E:\IMG\left_2025_12_07_01_37_50_669.jpg,E:\IMG\right_2025_12_07_01_37_50_669.jpg,-0.2,0.5881734,0,27.19527
E:\IMG\center_2025_12_07_01_37_50_753.jpg,E:\IMG\left_2025_12_07_01_37_50_753.jpg,E:\IMG\right_2025_12_07_01_37_50_753.jpg,-0.4,0.336729,0,27.3617
E:\IMG\center_2025_12_07_01_37_50_840.jpg,E:\IMG\left_2025_12_07_01_37_50_840.jpg,E:\IMG\right_2025_12_07_01_37_50_840.jpg,-0.6000001,0.07600287,0,27.18706
E:\IMG\center_2025_12_07_01_37_50_907.jpg,E:\IMG\left_2025_12_07_01_37_50_907.jpg,E:\IMG\right_2025_12_07_01_37_50_907.jpg,0,0,0,26.8863
E:\IMG\center_2025_12_07_01_37_50_974.jpg,E:\IMG\left_2025_12_07_01_37_50_974.jpg,E:\IMG\right_2025_12_07_01_37_50_974.jpg,0,0,0,26.71062
E:\IMG\center_2025_12_07_01_37_51_043.jpg,E:\IMG\left_2025_12_07_01_37_51_043.jpg,E:\IMG\right_2025_12_07_01_37_51_043.jpg,0,0,0,26.5455
E:\IMG\center_2025_12_07_01_37_51_114.jpg,E:\IMG\left_2025_12_07_01_37_51_114.jpg,E:\IMG\right_2025_12_07_01_37_51_114.jpg,-0.2,0,0,26.32424
E:\IMG\center_2025_12_07_01_37_51_186.jpg,E:\IMG\left_2025_12_07_01_37_51_186.jpg,E:\IMG\right_2025_12_07_01_37_51_186.jpg,-0.4,0,0,26.04264
E:\IMG\center_2025_12_07_01_37_51_263.jpg,E:\IMG\left_2025_12_07_01_37_51_263.jpg,E:\IMG\right_2025_12_07_01_37_51_263.jpg,-0.5500001,0,0,25.77692
E:\IMG\center_2025_12_07_01_37_51_336.jpg,E:\IMG\left_2025_12_07_01_37_51_336.jpg,E:\IMG\right_2025_12_07_01_37_51_336.jpg,-0.7500002,0,0,25.35259
E:\IMG\center_2025_12_07_01_37_51_403.jpg,E:\IMG\left_2025_12_07_01_37_51_403.jpg,E:\IMG\right_2025_12_07_01_37_51_403.jpg,0,0.1302738,0,25.10896
E:\IMG\center_2025_12_07_01_37_51_478.jpg,E:\IMG\left_2025_12_07_01_37_51_478.jpg,E:\IMG\right_2025_12_07_01_37_51_478.jpg,0,0.3546354,0,25.09163
E:\IMG\center_2025_12_07_01_37_51_553.jpg,E:\IMG\left_2025_12_07_01_37_51_553.jpg,E:\IMG\right_2025_12_07_01_37_51_553.jpg,0,0.5777016,0,25.3534
E:\IMG\center_2025_12_07_01_37_51_644.jpg,E:\IMG\left_2025_12_07_01_37_51_644.jpg,E:\IMG\right_2025_12_07_01_37_51_644.jpg,-0.15,0.8512341,0,25.82941
E:\IMG\center_2025_12_07_01_37_51_732.jpg,E:\IMG\left_2025_12_07_01_37_51_732.jpg,E:\IMG\right_2025_12_07_01_37_51_732.jpg,-0.4,1,0,26.65155
E:\IMG\center_2025_12_07_01_37_51_827.jpg,E:\IMG\left_2025_12_07_01_37_51_827.jpg,E:\IMG\right_2025_12_07_01_37_51_827.jpg,-0.6500001,1,0,27.37961
E:\IMG\center_2025_12_07_01_37_51_920.jpg,E:\IMG\left_2025_12_07_01_37_51_920.jpg,E:\IMG\right_2025_12_07_01_37_51_920.jpg,0,1,0,27.90455
E:\IMG\center_2025_12_07_01_37_51_987.jpg,E:\IMG\left_2025_12_07_01_37_51_987.jpg,E:\IMG\right_2025_12_07_01_37_51_987.jpg,0,1,0,28.59012
E:\IMG\center_2025_12_07_01_37_52_055.jpg,E:\IMG\left_2025_12_07_01_37_52_055.jpg,E:\IMG\right_2025_12_07_01_37_52_055.jpg,0,0.8984242,0,29.09729
E:\IMG\center_2025_12_07_01_37_52_151.jpg,E:\IMG\left_2025_12_07_01_37_52_151.jpg,E:\IMG\right_2025_12_07_01_37_52_151.jpg,0,0.610477,0,29.70754
E:\IMG\center_2025_12_07_01_37_52_219.jpg,E:\IMG\left_2025_12_07_01_37_52_219.jpg,E:\IMG\right_2025_12_07_01_37_52_219.jpg,-0.15,0.403837,0,29.91197
E:\IMG\center_2025_12_07_01_37_52_316.jpg,E:\IMG\left_2025_12_07_01_37_52_316.jpg,E:\IMG\right_2025_12_07_01_37_52_316.jpg,0,0.5017303,0,30.05659
E:\IMG\center_2025_12_07_01_37_52_412.jpg,E:\IMG\left_2025_12_07_01_37_52_412.jpg,E:\IMG\right_2025_12_07_01_37_52_412.jpg,0,0.7895241,0,30.14075
E:\IMG\center_2025_12_07_01_37_52_493.jpg,E:\IMG\left_2025_12_07_01_37_52_493.jpg,E:\IMG\right_2025_12_07_01_37_52_493.jpg,0,1,0,30.17699
E:\IMG\center_2025_12_07_01_37_52_576.jpg,E:\IMG\left_2025_12_07_01_37_52_576.jpg,E:\IMG\right_2025_12_07_01_37_52_576.jpg,-0.1,1,0,30.18826
E:\IMG\center_2025_12_07_01_37_52_665.jpg,E:\IMG\left_2025_12_07_01_37_52_665.jpg,E:\IMG\right_2025_12_07_01_37_52_665.jpg,-0.35,1,0,30.16393
E:\IMG\center_2025_12_07_01_37_52_743.jpg,E:\IMG\left_2025_12_07_01_37_52_743.jpg,E:\IMG\right_2025_12_07_01_37_52_743.jpg,-0.5000001,1,0,30.14507
E:\IMG\center_2025_12_07_01_37_52_832.jpg,E:\IMG\left_2025_12_07_01_37_52_832.jpg,E:\IMG\right_2025_12_07_01_37_52_832.jpg,0,0.9304969,0,30.17034
E:\IMG\center_2025_12_07_01_37_52_902.jpg,E:\IMG\left_2025_12_07_01_37_52_902.jpg,E:\IMG\right_2025_12_07_01_37_52_902.jpg,0,0.7193095,0,30.12598
E:\IMG\center_2025_12_07_01_37_52_973.jpg,E:\IMG\left_2025_12_07_01_37_52_973.jpg,E:\IMG\right_2025_12_07_01_37_52_973.jpg,0,0.509452,0,30.07601
E:\IMG\center_2025_12_07_01_37_53_045.jpg,E:\IMG\left_2025_12_07_01_37_53_045.jpg,E:\IMG\right_2025_12_07_01_37_53_045.jpg,-0.1,0.2930416,0,30.00542
E:\IMG\center_2025_12_07_01_37_53_119.jpg,E:\IMG\left_2025_12_07_01_37_53_119.jpg,E:\IMG\right_2025_12_07_01_37_53_119.jpg,-0.25,0.0693808,0,29.93656
E:\IMG\center_2025_12_07_01_37_53_198.jpg,E:\IMG\left_2025_12_07_01_37_53_198.jpg,E:\IMG\right_2025_12_07_01_37_53_198.jpg,-0.45,0,0,29.60545
E:\IMG\center_2025_12_07_01_37_53_278.jpg,E:\IMG\left_2025_12_07_01_37_53_278.jpg,E:\IMG\right_2025_12_07_01_37_53_278.jpg,0,0,0,29.21722
E:\IMG\center_2025_12_07_01_37_53_360.jpg,E:\IMG\left_2025_12_07_01_37_53_360.jpg,E:\IMG\right_2025_12_07_01_37_53_360.jpg,0,0,0,28.95951
E:\IMG\center_2025_12_07_01_37_53_440.jpg,E:\IMG\left_2025_12_07_01_37_53_440.jpg,E:\IMG\right_2025_12_07_01_37_53_440.jpg,0,0,0,28.72162
E:\IMG\center_2025_12_07_01_37_53_530.jpg,E:\IMG\left_2025_12_07_01_37_53_530.jpg,E:\IMG\right_2025_12_07_01_37_53_530.jpg,0,0.1575936,0,28.47503
E:\IMG\center_2025_12_07_01_37_53_605.jpg,E:\IMG\left_2025_12_07_01_37_53_605.jpg,E:\IMG\right_2025_12_07_01_37_53_605.jpg,-0.2,0.3790713,0,28.51592
E:\IMG\center_2025_12_07_01_37_53_694.jpg,E:\IMG\left_2025_12_07_01_37_53_694.jpg,E:\IMG\right_2025_12_07_01_37_53_694.jpg,-0.4,0.6470253,0,28.69475
E:\IMG\center_2025_12_07_01_37_53_780.jpg,E:\IMG\left_2025_12_07_01_37_53_780.jpg,E:\IMG\right_2025_12_07_01_37_53_780.jpg,0,0.9058011,0,29.18962
E:\IMG\center_2025_12_07_01_37_53_860.jpg,E:\IMG\left_2025_12_07_01_37_53_860.jpg,E:\IMG\right_2025_12_07_01_37_53_860.jpg,0,1,0,29.89429
E:\IMG\center_2025_12_07_01_37_53_947.jpg,E:\IMG\left_2025_12_07_01_37_53_947.jpg,E:\IMG\right_2025_12_07_01_37_53_947.jpg,0,1,0,30.19025
E:\IMG\center_2025_12_07_01_37_54_034.jpg,E:\IMG\left_2025_12_07_01_37_54_034.jpg,E:\IMG\right_2025_12_07_01_37_54_034.jpg,-0.05,1,0,30.18989
E:\IMG\center_2025_12_07_01_37_54_118.jpg,E:\IMG\left_2025_12_07_01_37_54_118.jpg,E:\IMG\right_2025_12_07_01_37_54_118.jpg,-0.25,1,0,30.17675
E:\IMG\center_2025_12_07_01_37_54_206.jpg,E:\IMG\left_2025_12_07_01_37_54_206.jpg,E:\IMG\right_2025_12_07_01_37_54_206.jpg,0,1,0,30.18989
E:\IMG\center_2025_12_07_01_37_54_292.jpg,E:\IMG\left_2025_12_07_01_37_54_292.jpg,E:\IMG\right_2025_12_07_01_37_54_292.jpg,0,1,0,30.19029
E:\IMG\center_2025_12_07_01_37_54_379.jpg,E:\IMG\left_2025_12_07_01_37_54_379.jpg,E:\IMG\right_2025_12_07_01_37_54_379.jpg,0,1,0,30.19014
E:\IMG\center_2025_12_07_01_37_54_456.jpg,E:\IMG\left_2025_12_07_01_37_54_456.jpg,E:\IMG\right_2025_12_07_01_37_54_456.jpg,-0.15,1,0,30.18481
E:\IMG\center_2025_12_07_01_37_54_541.jpg,E:\IMG\left_2025_12_07_01_37_54_541.jpg,E:\IMG\right_2025_12_07_01_37_54_541.jpg,-0.35,1,0,30.16459
E:\IMG\center_2025_12_07_01_37_54_618.jpg,E:\IMG\left_2025_12_07_01_37_54_618.jpg,E:\IMG\right_2025_12_07_01_37_54_618.jpg,-0.5500001,1,0,30.14021
E:\IMG\center_2025_12_07_01_37_54_697.jpg,E:\IMG\left_2025_12_07_01_37_54_697.jpg,E:\IMG\right_2025_12_07_01_37_54_697.jpg,0,0.928174,0,30.17736
E:\IMG\center_2025_12_07_01_37_54_777.jpg,E:\IMG\left_2025_12_07_01_37_54_777.jpg,E:\IMG\right_2025_12_07_01_37_54_777.jpg,0,0.6905635,0,30.12494
E:\IMG\center_2025_12_07_01_37_54_861.jpg,E:\IMG\left_2025_12_07_01_37_54_861.jpg,E:\IMG\right_2025_12_07_01_37_54_861.jpg,0,0.4382833,0,30.05772
E:\IMG\center_2025_12_07_01_37_54_929.jpg,E:\IMG\left_2025_12_07_01_37_54_929.jpg,E:\IMG\right_2025_12_07_01_37_54_929.jpg,0,0.2322769,0,30.01575
E:\IMG\center_2025_12_07_01_37_54_997.jpg,E:\IMG\left_2025_12_07_01_37_54_997.jpg,E:\IMG\right_2025_12_07_01_37_54_997.jpg,0,0.02901188,0,29.92688
E:\IMG\center_2025_12_07_01_37_55_072.jpg,E:\IMG\left_2025_12_07_01_37_55_072.jpg,E:\IMG\right_2025_12_07_01_37_55_072.jpg,0,0.0765891,0,29.68857
E:\IMG\center_2025_12_07_01_37_55_143.jpg,E:\IMG\left_2025_12_07_01_37_55_143.jpg,E:\IMG\right_2025_12_07_01_37_55_143.jpg,0,0.2875971,0,29.62878
E:\IMG\center_2025_12_07_01_37_55_216.jpg,E:\IMG\left_2025_12_07_01_37_55_216.jpg,E:\IMG\right_2025_12_07_01_37_55_216.jpg,0,0.5063064,0,29.75719
E:\IMG\center_2025_12_07_01_37_55_288.jpg,E:\IMG\left_2025_12_07_01_37_55_288.jpg,E:\IMG\right_2025_12_07_01_37_55_288.jpg,0,0.7237213,0,30.12143
E:\IMG\center_2025_12_07_01_37_55_365.jpg,E:\IMG\left_2025_12_07_01_37_55_365.jpg,E:\IMG\right_2025_12_07_01_37_55_365.jpg,0,0.953053,0,30.18182
E:\IMG\center_2025_12_07_01_37_55_435.jpg,E:\IMG\left_2025_12_07_01_37_55_435.jpg,E:\IMG\right_2025_12_07_01_37_55_435.jpg,0,1,0,30.18919
E:\IMG\center_2025_12_07_01_37_55_504.jpg,E:\IMG\left_2025_12_07_01_37_55_504.jpg,E:\IMG\right_2025_12_07_01_37_55_504.jpg,0,1,0,30.19018
E:\IMG\center_2025_12_07_01_37_55_576.jpg,E:\IMG\left_2025_12_07_01_37_55_576.jpg,E:\IMG\right_2025_12_07_01_37_55_576.jpg,0,1,0,30.1903
E:\IMG\center_2025_12_07_01_37_55_652.jpg,E:\IMG\left_2025_12_07_01_37_55_652.jpg,E:\IMG\right_2025_12_07_01_37_55_652.jpg,0,1,0,30.19032
E:\IMG\center_2025_12_07_01_37_55_726.jpg,E:\IMG\left_2025_12_07_01_37_55_726.jpg,E:\IMG\right_2025_12_07_01_37_55_726.jpg,0,0.8503282,0,30.14865
E:\IMG\center_2025_12_07_01_37_55_798.jpg,E:\IMG\left_2025_12_07_01_37_55_798.jpg,E:\IMG\right_2025_12_07_01_37_55_798.jpg,0,0.631453,0,30.11343
E:\IMG\center_2025_12_07_01_37_55_883.jpg,E:\IMG\left_2025_12_07_01_37_55_883.jpg,E:\IMG\right_2025_12_07_01_37_55_883.jpg,0,0.7203439,0,30.10056
E:\IMG\center_2025_12_07_01_37_55_955.jpg,E:\IMG\left_2025_12_07_01_37_55_955.jpg,E:\IMG\right_2025_12_07_01_37_55_955.jpg,0.2,0.9336442,0,30.15211
E:\IMG\center_2025_12_07_01_37_56_034.jpg,E:\IMG\left_2025_12_07_01_37_56_034.jpg,E:\IMG\right_2025_12_07_01_37_56_034.jpg,0,0.6976651,0,30.12667
E:\IMG\center_2025_12_07_01_37_56_116.jpg,E:\IMG\left_2025_12_07_01_37_56_116.jpg,E:\IMG\right_2025_12_07_01_37_56_116.jpg,0,0.4501351,0,30.07326
E:\IMG\center_2025_12_07_01_37_56_203.jpg,E:\IMG\left_2025_12_07_01_37_56_203.jpg,E:\IMG\right_2025_12_07_01_37_56_203.jpg,0,0.1889017,0,30.01326
E:\IMG\center_2025_12_07_01_37_56_283.jpg,E:\IMG\left_2025_12_07_01_37_56_283.jpg,E:\IMG\right_2025_12_07_01_37_56_283.jpg,0,0.13963,0,29.85185
E:\IMG\center_2025_12_07_01_37_56_365.jpg,E:\IMG\left_2025_12_07_01_37_56_365.jpg,E:\IMG\right_2025_12_07_01_37_56_365.jpg,0,0.3807892,0,29.87491
E:\IMG\center_2025_12_07_01_37_56_460.jpg,E:\IMG\left_2025_12_07_01_37_56_460.jpg,E:\IMG\right_2025_12_07_01_37_56_460.jpg,0,0.6662769,0,30.08153
E:\IMG\center_2025_12_07_01_37_56_540.jpg,E:\IMG\left_2025_12_07_01_37_56_540.jpg,E:\IMG\right_2025_12_07_01_37_56_540.jpg,0,0.9087253,0,30.15395
E:\IMG\center_2025_12_07_01_37_56_614.jpg,E:\IMG\left_2025_12_07_01_37_56_614.jpg,E:\IMG\right_2025_12_07_01_37_56_614.jpg,0,1,0,30.19029
E:\IMG\center_2025_12_07_01_37_56_691.jpg,E:\IMG\left_2025_12_07_01_37_56_691.jpg,E:\IMG\right_2025_12_07_01_37_56_691.jpg,0,1,0,30.1903
E:\IMG\center_2025_12_07_01_37_56_762.jpg,E:\IMG\left_2025_12_07_01_37_56_762.jpg,E:\IMG\right_2025_12_07_01_37_56_762.jpg,0,1,0,30.19029
E:\IMG\center_2025_12_07_01_37_56_841.jpg,E:\IMG\left_2025_12_07_01_37_56_841.jpg,E:\IMG\right_2025_12_07_01_37_56_841.jpg,0,1,0,30.1903
E:\IMG\center_2025_12_07_01_37_56_914.jpg,E:\IMG\left_2025_12_07_01_37_56_914.jpg,E:\IMG\right_2025_12_07_01_37_56_914.jpg,0,1,0,30.19032
E:\IMG\center_2025_12_07_01_37_56_991.jpg,E:\IMG\left_2025_12_07_01_37_56_991.jpg,E:\IMG\right_2025_12_07_01_37_56_991.jpg,0,1,0,30.19031
E:\IMG\center_2025_12_07_01_37_57_069.jpg,E:\IMG\left_2025_12_07_01_37_57_069.jpg,E:\IMG\right_2025_12_07_01_37_57_069.jpg,0,1,0,30.19029
E:\IMG\center_2025_12_07_01_37_57_138.jpg,E:\IMG\left_2025_12_07_01_37_57_138.jpg,E:\IMG\right_2025_12_07_01_37_57_138.jpg,0,1,0,30.19034
E:\IMG\center_2025_12_07_01_37_57_211.jpg,E:\IMG\left_2025_12_07_01_37_57_211.jpg,E:\IMG\right_2025_12_07_01_37_57_211.jpg,0,1,0,30.1903
E:\IMG\center_2025_12_07_01_37_57_285.jpg,E:\IMG\left_2025_12_07_01_37_57_285.jpg,E:\IMG\right_2025_12_07_01_37_57_285.jpg,0,1,0,30.19031
E:\IMG\center_2025_12_07_01_37_57_375.jpg,E:\IMG\left_2025_12_07_01_37_57_375.jpg,E:\IMG\right_2025_12_07_01_37_57_375.jpg,0,1,0,30.19029
E:\IMG\center_2025_12_07_01_37_57_446.jpg,E:\IMG\left_2025_12_07_01_37_57_446.jpg,E:\IMG\right_2025_12_07_01_37_57_446.jpg,0,1,0,30.19026
E:\IMG\center_2025_12_07_01_37_57_518.jpg,E:\IMG\left_2025_12_07_01_37_57_518.jpg,E:\IMG\right_2025_12_07_01_37_57_518.jpg,0,1,0,30.19031
E:\IMG\center_2025_12_07_01_37_57_598.jpg,E:\IMG\left_2025_12_07_01_37_57_598.jpg,E:\IMG\right_2025_12_07_01_37_57_598.jpg,0,1,0,30.19031
E:\IMG\center_2025_12_07_01_37_57_666.jpg,E:\IMG\left_2025_12_07_01_37_57_666.jpg,E:\IMG\right_2025_12_07_01_37_57_666.jpg,0,1,0,30.19029
E:\IMG\center_2025_12_07_01_37_57_751.jpg,E:\IMG\left_2025_12_07_01_37_57_751.jpg,E:\IMG\right_2025_12_07_01_37_57_751.jpg,0,1,0,30.19032
E:\IMG\center_2025_12_07_01_37_57_835.jpg,E:\IMG\left_2025_12_07_01_37_57_835.jpg,E:\IMG\right_2025_12_07_01_37_57_835.jpg,0,1,0,30.19029
E:\IMG\center_2025_12_07_01_37_57_920.jpg,E:\IMG\left_2025_12_07_01_37_57_920.jpg,E:\IMG\right_2025_12_07_01_37_57_920.jpg,0,1,0,30.1903
E:\IMG\center_2025_12_07_01_37_58_010.jpg,E:\IMG\left_2025_12_07_01_37_58_010.jpg,E:\IMG\right_2025_12_07_01_37_58_010.jpg,0,1,0,30.19028
E:\IMG\center_2025_12_07_01_37_58_094.jpg,E:\IMG\left_2025_12_07_01_37_58_094.jpg,E:\IMG\right_2025_12_07_01_37_58_094.jpg,0,1,0,30.19027
E:\IMG\center_2025_12_07_01_37_58_176.jpg,E:\IMG\left_2025_12_07_01_37_58_176.jpg,E:\IMG\right_2025_12_07_01_37_58_176.jpg,0,1,0,30.19029
E:\IMG\center_2025_12_07_01_37_58_263.jpg,E:\IMG\left_2025_12_07_01_37_58_263.jpg,E:\IMG\right_2025_12_07_01_37_58_263.jpg,0,1,0,30.19034
E:\IMG\center_2025_12_07_01_37_58_347.jpg,E:\IMG\left_2025_12_07_01_37_58_347.jpg,E:\IMG\right_2025_12_07_01_37_58_347.jpg,0,1,0,30.1903
E:\IMG\center_2025_12_07_01_37_58_423.jpg,E:\IMG\left_2025_12_07_01_37_58_423.jpg,E:\IMG\right_2025_12_07_01_37_58_423.jpg,0,1,0,30.19029
E:\IMG\center_2025_12_07_01_37_58_499.jpg,E:\IMG\left_2025_12_07_01_37_58_499.jpg,E:\IMG\right_2025_12_07_01_37_58_499.jpg,0,0.9418975,0,30.19031
E:\IMG\center_2025_12_07_01_37_58_583.jpg,E:\IMG\left_2025_12_07_01_37_58_583.jpg,E:\IMG\right_2025_12_07_01_37_58_583.jpg,0,0.6881038,0,30.12337
E:\IMG\center_2025_12_07_01_37_58_660.jpg,E:\IMG\left_2025_12_07_01_37_58_660.jpg,E:\IMG\right_2025_12_07_01_37_58_660.jpg,0,0.4578019,0,30.06265
E:\IMG\center_2025_12_07_01_37_58_728.jpg,E:\IMG\left_2025_12_07_01_37_58_728.jpg,E:\IMG\right_2025_12_07_01_37_58_728.jpg,0,0.2517817,0,30.0088
E:\IMG\center_2025_12_07_01_37_58_809.jpg,E:\IMG\left_2025_12_07_01_37_58_809.jpg,E:\IMG\right_2025_12_07_01_37_58_809.jpg,0,0.01009092,0,29.89824
E:\IMG\center_2025_12_07_01_37_58_890.jpg,E:\IMG\left_2025_12_07_01_37_58_890.jpg,E:\IMG\right_2025_12_07_01_37_58_890.jpg,0,0,0,29.65729
E:\IMG\center_2025_12_07_01_37_58_974.jpg,E:\IMG\left_2025_12_07_01_37_58_974.jpg,E:\IMG\right_2025_12_07_01_37_58_974.jpg,0.05,0,0,29.4182
E:\IMG\center_2025_12_07_01_37_59_057.jpg,E:\IMG\left_2025_12_07_01_37_59_057.jpg,E:\IMG\right_2025_12_07_01_37_59_057.jpg,0.25,0,0,29.14845
E:\IMG\center_2025_12_07_01_37_59_130.jpg,E:\IMG\left_2025_12_07_01_37_59_130.jpg,E:\IMG\right_2025_12_07_01_37_59_130.jpg,0,0,0,28.86306
E:\IMG\center_2025_12_07_01_37_59_211.jpg,E:\IMG\left_2025_12_07_01_37_59_211.jpg,E:\IMG\right_2025_12_07_01_37_59_211.jpg,0,0,0,28.62717
E:\IMG\center_2025_12_07_01_37_59_290.jpg,E:\IMG\left_2025_12_07_01_37_59_290.jpg,E:\IMG\right_2025_12_07_01_37_59_290.jpg,0,0,0,28.39611
E:\IMG\center_2025_12_07_01_37_59_366.jpg,E:\IMG\left_2025_12_07_01_37_59_366.jpg,E:\IMG\right_2025_12_07_01_37_59_366.jpg,0,0.2253879,0,28.2635
E:\IMG\center_2025_12_07_01_37_59_444.jpg,E:\IMG\left_2025_12_07_01_37_59_444.jpg,E:\IMG\right_2025_12_07_01_37_59_444.jpg,0,0,0,28.15603
E:\IMG\center_2025_12_07_01_37_59_520.jpg,E:\IMG\left_2025_12_07_01_37_59_520.jpg,E:\IMG\right_2025_12_07_01_37_59_520.jpg,0,0,0,27.9839
E:\IMG\center_2025_12_07_01_37_59_597.jpg,E:\IMG\left_2025_12_07_01_37_59_597.jpg,E:\IMG\right_2025_12_07_01_37_59_597.jpg,0.05,0,0,27.75852
E:\IMG\center_2025_12_07_01_37_59_674.jpg,E:\IMG\left_2025_12_07_01_37_59_674.jpg,E:\IMG\right_2025_12_07_01_37_59_674.jpg,0.25,0,0,27.50344
E:\IMG\center_2025_12_07_01_37_59_752.jpg,E:\IMG\left_2025_12_07_01_37_59_752.jpg,E:\IMG\right_2025_12_07_01_37_59_752.jpg,0.45,0,0,27.17431
E:\IMG\center_2025_12_07_01_37_59_827.jpg,E:\IMG\left_2025_12_07_01_37_59_827.jpg,E:\IMG\right_2025_12_07_01_37_59_827.jpg,0,0,0,26.89561
E:\IMG\center_2025_12_07_01_37_59_905.jpg,E:\IMG\left_2025_12_07_01_37_59_905.jpg,E:\IMG\right_2025_12_07_01_37_59_905.jpg,0,0,0,26.67256
E:\IMG\center_2025_12_07_01_37_59_977.jpg,E:\IMG\left_2025_12_07_01_37_59_977.jpg,E:\IMG\right_2025_12_07_01_37_59_977.jpg,0,0,0,26.51009
E:\IMG\center_2025_12_07_01_38_00_048.jpg,E:\IMG\left_2025_12_07_01_38_00_048.jpg,E:\IMG\right_2025_12_07_01_38_00_048.jpg,0,0,0,26.29642
E:\IMG\center_2025_12_07_01_38_00_126.jpg,E:\IMG\left_2025_12_07_01_38_00_126.jpg,E:\IMG\right_2025_12_07_01_38_00_126.jpg,0.2,0,0,26.07009
E:\IMG\center_2025_12_07_01_38_00_195.jpg,E:\IMG\left_2025_12_07_01_38_00_195.jpg,E:\IMG\right_2025_12_07_01_38_00_195.jpg,0.35,0,0,25.85898
E:\IMG\center_2025_12_07_01_38_00_270.jpg,E:\IMG\left_2025_12_07_01_38_00_270.jpg,E:\IMG\right_2025_12_07_01_38_00_270.jpg,0,0,0,25.64201
E:\IMG\center_2025_12_07_01_38_00_341.jpg,E:\IMG\left_2025_12_07_01_38_00_341.jpg,E:\IMG\right_2025_12_07_01_38_00_341.jpg,0,0,0,25.48586
E:\IMG\center_2025_12_07_01_38_00_412.jpg,E:\IMG\left_2025_12_07_01_38_00_412.jpg,E:\IMG\right_2025_12_07_01_38_00_412.jpg,0,0,0,25.28075
E:\IMG\center_2025_12_07_01_38_00_483.jpg,E:\IMG\left_2025_12_07_01_38_00_483.jpg,E:\IMG\right_2025_12_07_01_38_00_483.jpg,0,0.1123653,0,25.14841
E:\IMG\center_2025_12_07_01_38_00_555.jpg,E:\IMG\left_2025_12_07_01_38_00_555.jpg,E:\IMG\right_2025_12_07_01_38_00_555.jpg,0,0.3759795,0,25.18095
E:\IMG\center_2025_12_07_01_38_00_627.jpg,E:\IMG\left_2025_12_07_01_38_00_627.jpg,E:\IMG\right_2025_12_07_01_38_00_627.jpg,0.2,0.159381,0,25.22823
E:\IMG\center_2025_12_07_01_38_00_703.jpg,E:\IMG\left_2025_12_07_01_38_00_703.jpg,E:\IMG\right_2025_12_07_01_38_00_703.jpg,0.35,0,0,25.06402
E:\IMG\center_2025_12_07_01_38_00_775.jpg,E:\IMG\left_2025_12_07_01_38_00_775.jpg,E:\IMG\right_2025_12_07_01_38_00_775.jpg,0.5500001,0,0,24.72522
E:\IMG\center_2025_12_07_01_38_00_842.jpg,E:\IMG\left_2025_12_07_01_38_00_842.jpg,E:\IMG\right_2025_12_07_01_38_00_842.jpg,0.7,0,0,24.42072
E:\IMG\center_2025_12_07_01_38_00_911.jpg,E:\IMG\left_2025_12_07_01_38_00_911.jpg,E:\IMG\right_2025_12_07_01_38_00_911.jpg,0,0,0,24.10914
E:\IMG\center_2025_12_07_01_38_00_985.jpg,E:\IMG\left_2025_12_07_01_38_00_985.jpg,E:\IMG\right_2025_12_07_01_38_00_985.jpg,0,0,0,23.89021
E:\IMG\center_2025_12_07_01_38_01_065.jpg,E:\IMG\left_2025_12_07_01_38_01_065.jpg,E:\IMG\right_2025_12_07_01_38_01_065.jpg,0.05,0,0,23.69248
E:\IMG\center_2025_12_07_01_38_01_141.jpg,E:\IMG\left_2025_12_07_01_38_01_141.jpg,E:\IMG\right_2025_12_07_01_38_01_141.jpg,0.2,0,0,23.53985
E:\IMG\center_2025_12_07_01_38_01_219.jpg,E:\IMG\left_2025_12_07_01_38_01_219.jpg,E:\IMG\right_2025_12_07_01_38_01_219.jpg,0.4,0,0,23.2843
E:\IMG\center_2025_12_07_01_38_01_303.jpg,E:\IMG\left_2025_12_07_01_38_01_303.jpg,E:\IMG\right_2025_12_07_01_38_01_303.jpg,0,0,0,23.01657
E:\IMG\center_2025_12_07_01_38_01_378.jpg,E:\IMG\left_2025_12_07_01_38_01_378.jpg,E:\IMG\right_2025_12_07_01_38_01_378.jpg,0,0,0,22.82088
E:\IMG\center_2025_12_07_01_38_01_460.jpg,E:\IMG\left_2025_12_07_01_38_01_460.jpg,E:\IMG\right_2025_12_07_01_38_01_460.jpg,0,0,0,22.63635
E:\IMG\center_2025_12_07_01_38_01_542.jpg,E:\IMG\left_2025_12_07_01_38_01_542.jpg,E:\IMG\right_2025_12_07_01_38_01_542.jpg,0.2,0.0502371,0,22.4429
E:\IMG\center_2025_12_07_01_38_01_623.jpg,E:\IMG\left_2025_12_07_01_38_01_623.jpg,E:\IMG\right_2025_12_07_01_38_01_623.jpg,0.4,0.2938092,0,22.37809
E:\IMG\center_2025_12_07_01_38_01_708.jpg,E:\IMG\left_2025_12_07_01_38_01_708.jpg,E:\IMG\right_2025_12_07_01_38_01_708.jpg,0.6500001,0.3892821,0,22.47325
E:\IMG\center_2025_12_07_01_38_01_783.jpg,E:\IMG\left_2025_12_07_01_38_01_783.jpg,E:\IMG\right_2025_12_07_01_38_01_783.jpg,0,0.21378,0,22.44384
E:\IMG\center_2025_12_07_01_38_01_857.jpg,E:\IMG\left_2025_12_07_01_38_01_857.jpg,E:\IMG\right_2025_12_07_01_38_01_857.jpg,0,0,0,22.28806
E:\IMG\center_2025_12_07_01_38_01_931.jpg,E:\IMG\left_2025_12_07_01_38_01_931.jpg,E:\IMG\right_2025_12_07_01_38_01_931.jpg,0,0,0,22.10974
E:\IMG\center_2025_12_07_01_38_02_009.jpg,E:\IMG\left_2025_12_07_01_38_02_009.jpg,E:\IMG\right_2025_12_07_01_38_02_009.jpg,0.2,0,0,21.9418
E:\IMG\center_2025_12_07_01_38_02_078.jpg,E:\IMG\left_2025_12_07_01_38_02_078.jpg,E:\IMG\right_2025_12_07_01_38_02_078.jpg,0.35,0,0,21.66558
E:\IMG\center_2025_12_07_01_38_02_156.jpg,E:\IMG\left_2025_12_07_01_38_02_156.jpg,E:\IMG\right_2025_12_07_01_38_02_156.jpg,0.5500001,0,0,21.36433
E:\IMG\center_2025_12_07_01_38_02_238.jpg,E:\IMG\left_2025_12_07_01_38_02_238.jpg,E:\IMG\right_2025_12_07_01_38_02_238.jpg,0.7500002,0,0,21.01066
E:\IMG\center_2025_12_07_01_38_02_317.jpg,E:\IMG\left_2025_12_07_01_38_02_317.jpg,E:\IMG\right_2025_12_07_01_38_02_317.jpg,0.9500002,0,0,20.59621
E:\IMG\center_2025_12_07_01_38_02_385.jpg,E:\IMG\left_2025_12_07_01_38_02_385.jpg,E:\IMG\right_2025_12_07_01_38_02_385.jpg,0,0.2043066,0,20.31545
E:\IMG\center_2025_12_07_01_38_02_469.jpg,E:\IMG\left_2025_12_07_01_38_02_469.jpg,E:\IMG\right_2025_12_07_01_38_02_469.jpg,0,0.1528956,0,20.26889
E:\IMG\center_2025_12_07_01_38_02_540.jpg,E:\IMG\left_2025_12_07_01_38_02_540.jpg,E:\IMG\right_2025_12_07_01_38_02_540.jpg,0,0,0,20.28465
E:\IMG\center_2025_12_07_01_38_02_610.jpg,E:\IMG\left_2025_12_07_01_38_02_610.jpg,E:\IMG\right_2025_12_07_01_38_02_610.jpg,0,0,0,20.11892
E:\IMG\center_2025_12_07_01_38_02_698.jpg,E:\IMG\left_2025_12_07_01_38_02_698.jpg,E:\IMG\right_2025_12_07_01_38_02_698.jpg,0,0,0,19.96836
E:\IMG\center_2025_12_07_01_38_02_771.jpg,E:\IMG\left_2025_12_07_01_38_02_771.jpg,E:\IMG\right_2025_12_07_01_38_02_771.jpg,0.2,0,0,19.84169
E:\IMG\center_2025_12_07_01_38_02_851.jpg,E:\IMG\left_2025_12_07_01_38_02_851.jpg,E:\IMG\right_2025_12_07_01_38_02_851.jpg,0.4,0,0,19.62248
E:\IMG\center_2025_12_07_01_38_02_934.jpg,E:\IMG\left_2025_12_07_01_38_02_934.jpg,E:\IMG\right_2025_12_07_01_38_02_934.jpg,0.6000001,0.2509569,0,19.43528
E:\IMG\center_2025_12_07_01_38_03_001.jpg,E:\IMG\left_2025_12_07_01_38_03_001.jpg,E:\IMG\right_2025_12_07_01_38_03_001.jpg,0.7500002,0.4024278,0,19.16845
E:\IMG\center_2025_12_07_01_38_03_069.jpg,E:\IMG\left_2025_12_07_01_38_03_069.jpg,E:\IMG\right_2025_12_07_01_38_03_069.jpg,0,0.4497924,0,19.41341
E:\IMG\center_2025_12_07_01_38_03_151.jpg,E:\IMG\left_2025_12_07_01_38_03_151.jpg,E:\IMG\right_2025_12_07_01_38_03_151.jpg,0,0.2073705,0,19.44008
E:\IMG\center_2025_12_07_01_38_03_222.jpg,E:\IMG\left_2025_12_07_01_38_03_222.jpg,E:\IMG\right_2025_12_07_01_38_03_222.jpg,0,0.03710613,0,19.68659
E:\IMG\center_2025_12_07_01_38_03_301.jpg,E:\IMG\left_2025_12_07_01_38_03_301.jpg,E:\IMG\right_2025_12_07_01_38_03_301.jpg,0,0.0547638,0,19.55058
E:\IMG\center_2025_12_07_01_38_03_369.jpg,E:\IMG\left_2025_12_07_01_38_03_369.jpg,E:\IMG\right_2025_12_07_01_38_03_369.jpg,0,0.2585373,0,19.53074
E:\IMG\center_2025_12_07_01_38_03_439.jpg,E:\IMG\left_2025_12_07_01_38_03_439.jpg,E:\IMG\right_2025_12_07_01_38_03_439.jpg,0.1,0.4657227,0,19.33105
E:\IMG\center_2025_12_07_01_38_03_506.jpg,E:\IMG\left_2025_12_07_01_38_03_506.jpg,E:\IMG\right_2025_12_07_01_38_03_506.jpg,0.3,0.6701493,0,19.73849
E:\IMG\center_2025_12_07_01_38_03_576.jpg,E:\IMG\left_2025_12_07_01_38_03_576.jpg,E:\IMG\right_2025_12_07_01_38_03_576.jpg,0.45,0.876102,0,20.32643
E:\IMG\center_2025_12_07_01_38_03_649.jpg,E:\IMG\left_2025_12_07_01_38_03_649.jpg,E:\IMG\right_2025_12_07_01_38_03_649.jpg,0,0.8748165,0,20.94957
E:\IMG\center_2025_12_07_01_38_03_723.jpg,E:\IMG\left_2025_12_07_01_38_03_723.jpg,E:\IMG\right_2025_12_07_01_38_03_723.jpg,0,0.7027005,0,21.2906
E:\IMG\center_2025_12_07_01_38_03_794.jpg,E:\IMG\left_2025_12_07_01_38_03_794.jpg,E:\IMG\right_2025_12_07_01_38_03_794.jpg,0,0.4428486,0,21.64495
E:\IMG\center_2025_12_07_01_38_03_870.jpg,E:\IMG\left_2025_12_07_01_38_03_870.jpg,E:\IMG\right_2025_12_07_01_38_03_870.jpg,0,0.5723528,0,21.91064
E:\IMG\center_2025_12_07_01_38_03_940.jpg,E:\IMG\left_2025_12_07_01_38_03_940.jpg,E:\IMG\right_2025_12_07_01_38_03_940.jpg,0,0.7844021,0,22.35039
E:\IMG\center_2025_12_07_01_38_04_018.jpg,E:\IMG\left_2025_12_07_01_38_04_018.jpg,E:\IMG\right_2025_12_07_01_38_04_018.jpg,0.2,1,0,22.99963
E:\IMG\center_2025_12_07_01_38_04_092.jpg,E:\IMG\left_2025_12_07_01_38_04_092.jpg,E:\IMG\right_2025_12_07_01_38_04_092.jpg,0.4,1,0,23.69613
E:\IMG\center_2025_12_07_01_38_04_166.jpg,E:\IMG\left_2025_12_07_01_38_04_166.jpg,E:\IMG\right_2025_12_07_01_38_04_166.jpg,0,1,0,24.34866
E:\IMG\center_2025_12_07_01_38_04_242.jpg,E:\IMG\left_2025_12_07_01_38_04_242.jpg,E:\IMG\right_2025_12_07_01_38_04_242.jpg,0,0.9449521,0,24.90197
E:\IMG\center_2025_12_07_01_38_04_315.jpg,E:\IMG\left_2025_12_07_01_38_04_315.jpg,E:\IMG\right_2025_12_07_01_38_04_315.jpg,0,0.6735291,0,25.46812
E:\IMG\center_2025_12_07_01_38_04_391.jpg,E:\IMG\left_2025_12_07_01_38_04_391.jpg,E:\IMG\right_2025_12_07_01_38_04_391.jpg,0,0.443727,0,25.80565
E:\IMG\center_2025_12_07_01_38_04_470.jpg,E:\IMG\left_2025_12_07_01_38_04_470.jpg,E:\IMG\right_2025_12_07_01_38_04_470.jpg,0,0.679372,0,26.13793
E:\IMG\center_2025_12_07_01_38_04_540.jpg,E:\IMG\left_2025_12_07_01_38_04_540.jpg,E:\IMG\right_2025_12_07_01_38_04_540.jpg,0.1,0.8925366,0,26.52239
E:\IMG\center_2025_12_07_01_38_04_616.jpg,E:\IMG\left_2025_12_07_01_38_04_616.jpg,E:\IMG\right_2025_12_07_01_38_04_616.jpg,0.3,1,0,27.20505
E:\IMG\center_2025_12_07_01_38_04_689.jpg,E:\IMG\left_2025_12_07_01_38_04_689.jpg,E:\IMG\right_2025_12_07_01_38_04_689.jpg,0,0.7820443,0,27.7976
E:\IMG\center_2025_12_07_01_38_04_767.jpg,E:\IMG\left_2025_12_07_01_38_04_767.jpg,E:\IMG\right_2025_12_07_01_38_04_767.jpg,0,0.5484964,0,28.22172
E:\IMG\center_2025_12_07_01_38_04_847.jpg,E:\IMG\left_2025_12_07_01_38_04_847.jpg,E:\IMG\right_2025_12_07_01_38_04_847.jpg,0,0.3126289,0,28.40233
E:\IMG\center_2025_12_07_01_38_04_917.jpg,E:\IMG\left_2025_12_07_01_38_04_917.jpg,E:\IMG\right_2025_12_07_01_38_04_917.jpg,0,0.09734197,0,28.40296
E:\IMG\center_2025_12_07_01_38_04_991.jpg,E:\IMG\left_2025_12_07_01_38_04_991.jpg,E:\IMG\right_2025_12_07_01_38_04_991.jpg,0.2,0,0,28.17947
E:\IMG\center_2025_12_07_01_38_05_065.jpg,E:\IMG\left_2025_12_07_01_38_05_065.jpg,E:\IMG\right_2025_12_07_01_38_05_065.jpg,0.4,0.1637406,0,27.91692
E:\IMG\center_2025_12_07_01_38_05_139.jpg,E:\IMG\left_2025_12_07_01_38_05_139.jpg,E:\IMG\right_2025_12_07_01_38_05_139.jpg,0,0.3856773,0,27.89329
E:\IMG\center_2025_12_07_01_38_05_212.jpg,E:\IMG\left_2025_12_07_01_38_05_212.jpg,E:\IMG\right_2025_12_07_01_38_05_212.jpg,0,0.1671417,0,27.94294
E:\IMG\center_2025_12_07_01_38_05_288.jpg,E:\IMG\left_2025_12_07_01_38_05_288.jpg,E:\IMG\right_2025_12_07_01_38_05_288.jpg,0,0,0,27.78342
E:\IMG\center_2025_12_07_01_38_05_355.jpg,E:\IMG\left_2025_12_07_01_38_05_355.jpg,E:\IMG\right_2025_12_07_01_38_05_355.jpg,0,0,0,27.61675
E:\IMG\center_2025_12_07_01_38_05_435.jpg,E:\IMG\left_2025_12_07_01_38_05_435.jpg,E:\IMG\right_2025_12_07_01_38_05_435.jpg,0,0,0,27.39447
E:\IMG\center_2025_12_07_01_38_05_508.jpg,E:\IMG\left_2025_12_07_01_38_05_508.jpg,E:\IMG\right_2025_12_07_01_38_05_508.jpg,0,0,0,27.17418
E:\IMG\center_2025_12_07_01_38_05_582.jpg,E:\IMG\left_2025_12_07_01_38_05_582.jpg,E:\IMG\right_2025_12_07_01_38_05_582.jpg,0,0,0,27.01014
E:\IMG\center_2025_12_07_01_38_05_652.jpg,E:\IMG\left_2025_12_07_01_38_05_652.jpg,E:\IMG\right_2025_12_07_01_38_05_652.jpg,0,0.2627076,0,26.92709
E:\IMG\center_2025_12_07_01_38_05_725.jpg,E:\IMG\left_2025_12_07_01_38_05_725.jpg,E:\IMG\right_2025_12_07_01_38_05_725.jpg,0,0.4811316,0,27.06704
E:\IMG\center_2025_12_07_01_38_05_795.jpg,E:\IMG\left_2025_12_07_01_38_05_795.jpg,E:\IMG\right_2025_12_07_01_38_05_795.jpg,0,0.6864733,0,27.33307
E:\IMG\center_2025_12_07_01_38_05_869.jpg,E:\IMG\left_2025_12_07_01_38_05_869.jpg,E:\IMG\right_2025_12_07_01_38_05_869.jpg,0,0.9144619,0,27.88271
E:\IMG\center_2025_12_07_01_38_05_949.jpg,E:\IMG\left_2025_12_07_01_38_05_949.jpg,E:\IMG\right_2025_12_07_01_38_05_949.jpg,0,1,0,28.60639
E:\IMG\center_2025_12_07_01_38_06_027.jpg,E:\IMG\left_2025_12_07_01_38_06_027.jpg,E:\IMG\right_2025_12_07_01_38_06_027.jpg,0,1,0,29.34382
E:\IMG\center_2025_12_07_01_38_06_102.jpg,E:\IMG\left_2025_12_07_01_38_06_102.jpg,E:\IMG\right_2025_12_07_01_38_06_102.jpg,0,1,0,29.89284
E:\IMG\center_2025_12_07_01_38_06_173.jpg,E:\IMG\left_2025_12_07_01_38_06_173.jpg,E:\IMG\right_2025_12_07_01_38_06_173.jpg,0,1,0,30.19005
E:\IMG\center_2025_12_07_01_38_06_246.jpg,E:\IMG\left_2025_12_07_01_38_06_246.jpg,E:\IMG\right_2025_12_07_01_38_06_246.jpg,-0.2,1,0,30.17985
E:\IMG\center_2025_12_07_01_38_06_316.jpg,E:\IMG\left_2025_12_07_01_38_06_316.jpg,E:\IMG\right_2025_12_07_01_38_06_316.jpg,0,1,0,30.18967
E:\IMG\center_2025_12_07_01_38_06_389.jpg,E:\IMG\left_2025_12_07_01_38_06_389.jpg,E:\IMG\right_2025_12_07_01_38_06_389.jpg,0,1,0,30.1902
E:\IMG\center_2025_12_07_01_38_06_466.jpg,E:\IMG\left_2025_12_07_01_38_06_466.jpg,E:\IMG\right_2025_12_07_01_38_06_466.jpg,0,1,0,30.19029
E:\IMG\center_2025_12_07_01_38_06_542.jpg,E:\IMG\left_2025_12_07_01_38_06_542.jpg,E:\IMG\right_2025_12_07_01_38_06_542.jpg,0,1,0,30.19032
E:\IMG\center_2025_12_07_01_38_06_620.jpg,E:\IMG\left_2025_12_07_01_38_06_620.jpg,E:\IMG\right_2025_12_07_01_38_06_620.jpg,0,1,0,30.1903
E:\IMG\center_2025_12_07_01_38_06_696.jpg,E:\IMG\left_2025_12_07_01_38_06_696.jpg,E:\IMG\right_2025_12_07_01_38_06_696.jpg,0,1,0,30.19031
E:\IMG\center_2025_12_07_01_38_06_777.jpg,E:\IMG\left_2025_12_07_01_38_06_777.jpg,E:\IMG\right_2025_12_07_01_38_06_777.jpg,0.05,1,0,30.18971
E:\IMG\center_2025_12_07_01_38_06_850.jpg,E:\IMG\left_2025_12_07_01_38_06_850.jpg,E:\IMG\right_2025_12_07_01_38_06_850.jpg,0.25,0.9457978,0,30.17473
E:\IMG\center_2025_12_07_01_38_06_927.jpg,E:\IMG\left_2025_12_07_01_38_06_927.jpg,E:\IMG\right_2025_12_07_01_38_06_927.jpg,0,0.7134628,0,30.12152
E:\IMG\center_2025_12_07_01_38_07_004.jpg,E:\IMG\left_2025_12_07_01_38_07_004.jpg,E:\IMG\right_2025_12_07_01_38_07_004.jpg,0,0.4847587,0,30.06884
E:\IMG\center_2025_12_07_01_38_07_075.jpg,E:\IMG\left_2025_12_07_01_38_07_075.jpg,E:\IMG\right_2025_12_07_01_38_07_075.jpg,0,0.2742535,0,30.02348
E:\IMG\center_2025_12_07_01_38_07_150.jpg,E:\IMG\left_2025_12_07_01_38_07_150.jpg,E:\IMG\right_2025_12_07_01_38_07_150.jpg,0,0.5013292,0,30.05377
E:\IMG\center_2025_12_07_01_38_07_218.jpg,E:\IMG\left_2025_12_07_01_38_07_218.jpg,E:\IMG\right_2025_12_07_01_38_07_218.jpg,0,0.7080577,0,30.09531
E:\IMG\center_2025_12_07_01_38_07_292.jpg,E:\IMG\left_2025_12_07_01_38_07_292.jpg,E:\IMG\right_2025_12_07_01_38_07_292.jpg,0,0.9266215,0,30.16224
E:\IMG\center_2025_12_07_01_38_07_369.jpg,E:\IMG\left_2025_12_07_01_38_07_369.jpg,E:\IMG\right_2025_12_07_01_38_07_369.jpg,0,1,0,30.19073
E:\IMG\center_2025_12_07_01_38_07_448.jpg,E:\IMG\left_2025_12_07_01_38_07_448.jpg,E:\IMG\right_2025_12_07_01_38_07_448.jpg,-0.2,1,0,30.17964
E:\IMG\center_2025_12_07_01_38_07_532.jpg,E:\IMG\left_2025_12_07_01_38_07_532.jpg,E:\IMG\right_2025_12_07_01_38_07_532.jpg,0,1,0,30.18926
E:\IMG\center_2025_12_07_01_38_07_603.jpg,E:\IMG\left_2025_12_07_01_38_07_603.jpg,E:\IMG\right_2025_12_07_01_38_07_603.jpg,0,1,0,30.19015
E:\IMG\center_2025_12_07_01_38_07_682.jpg,E:\IMG\left_2025_12_07_01_38_07_682.jpg,E:\IMG\right_2025_12_07_01_38_07_682.jpg,0,1,0,30.19024
E:\IMG\center_2025_12_07_01_38_07_756.jpg,E:\IMG\left_2025_12_07_01_38_07_756.jpg,E:\IMG\right_2025_12_07_01_38_07_756.jpg,0,1,0,30.19026
E:\IMG\center_2025_12_07_01_38_07_833.jpg,E:\IMG\left_2025_12_07_01_38_07_833.jpg,E:\IMG\right_2025_12_07_01_38_07_833.jpg,0,1,0,30.19032
E:\IMG\center_2025_12_07_01_38_07_915.jpg,E:\IMG\left_2025_12_07_01_38_07_915.jpg,E:\IMG\right_2025_12_07_01_38_07_915.jpg,0,1,0,30.19027
E:\IMG\center_2025_12_07_01_38_07_995.jpg,E:\IMG\left_2025_12_07_01_38_07_995.jpg,E:\IMG\right_2025_12_07_01_38_07_995.jpg,-0.1,1,0,30.18774
E:\IMG\center_2025_12_07_01_38_08_068.jpg,E:\IMG\left_2025_12_07_01_38_08_068.jpg,E:\IMG\right_2025_12_07_01_38_08_068.jpg,0,1,0,30.186
E:\IMG\center_2025_12_07_01_38_08_152.jpg,E:\IMG\left_2025_12_07_01_38_08_152.jpg,E:\IMG\right_2025_12_07_01_38_08_152.jpg,0,1,0,30.19
E:\IMG\center_2025_12_07_01_38_08_223.jpg,E:\IMG\left_2025_12_07_01_38_08_223.jpg,E:\IMG\right_2025_12_07_01_38_08_223.jpg,0,1,0,30.19023
E:\IMG\center_2025_12_07_01_38_08_294.jpg,E:\IMG\left_2025_12_07_01_38_08_294.jpg,E:\IMG\right_2025_12_07_01_38_08_294.jpg,0,1,0,30.19032
E:\IMG\center_2025_12_07_01_38_08_370.jpg,E:\IMG\left_2025_12_07_01_38_08_370.jpg,E:\IMG\right_2025_12_07_01_38_08_370.jpg,0,1,0,30.19028
E:\IMG\center_2025_12_07_01_38_08_449.jpg,E:\IMG\left_2025_12_07_01_38_08_449.jpg,E:\IMG\right_2025_12_07_01_38_08_449.jpg,0,1,0,30.19032
E:\IMG\center_2025_12_07_01_38_08_522.jpg,E:\IMG\left_2025_12_07_01_38_08_522.jpg,E:\IMG\right_2025_12_07_01_38_08_522.jpg,0,1,0,30.19027
E:\IMG\center_2025_12_07_01_38_08_600.jpg,E:\IMG\left_2025_12_07_01_38_08_600.jpg,E:\IMG\right_2025_12_07_01_38_08_600.jpg,0,1,0,30.19029
E:\IMG\center_2025_12_07_01_38_08_671.jpg,E:\IMG\left_2025_12_07_01_38_08_671.jpg,E:\IMG\right_2025_12_07_01_38_08_671.jpg,0,1,0,30.19029
E:\IMG\center_2025_12_07_01_38_08_748.jpg,E:\IMG\left_2025_12_07_01_38_08_748.jpg,E:\IMG\right_2025_12_07_01_38_08_748.jpg,0,1,0,30.19029
E:\IMG\center_2025_12_07_01_38_08_819.jpg,E:\IMG\left_2025_12_07_01_38_08_819.jpg,E:\IMG\right_2025_12_07_01_38_08_819.jpg,0,1,0,30.19028
E:\IMG\center_2025_12_07_01_38_08_894.jpg,E:\IMG\left_2025_12_07_01_38_08_894.jpg,E:\IMG\right_2025_12_07_01_38_08_894.jpg,0,1,0,30.19029
E:\IMG\center_2025_12_07_01_38_08_970.jpg,E:\IMG\left_2025_12_07_01_38_08_970.jpg,E:\IMG\right_2025_12_07_01_38_08_970.jpg,0,1,0,30.19032
E:\IMG\center_2025_12_07_01_38_09_046.jpg,E:\IMG\left_2025_12_07_01_38_09_046.jpg,E:\IMG\right_2025_12_07_01_38_09_046.jpg,-0.2,1,0,30.17982
E:\IMG\center_2025_12_07_01_38_09_119.jpg,E:\IMG\left_2025_12_07_01_38_09_119.jpg,E:\IMG\right_2025_12_07_01_38_09_119.jpg,0,1,0,30.18961
E:\IMG\center_2025_12_07_01_38_09_197.jpg,E:\IMG\left_2025_12_07_01_38_09_197.jpg,E:\IMG\right_2025_12_07_01_38_09_197.jpg,0,1,0,30.19024
E:\IMG\center_2025_12_07_01_38_09_267.jpg,E:\IMG\left_2025_12_07_01_38_09_267.jpg,E:\IMG\right_2025_12_07_01_38_09_267.jpg,0,1,0,30.19028
E:\IMG\center_2025_12_07_01_38_09_344.jpg,E:\IMG\left_2025_12_07_01_38_09_344.jpg,E:\IMG\right_2025_12_07_01_38_09_344.jpg,0,1,0,30.19028
E:\IMG\center_2025_12_07_01_38_09_419.jpg,E:\IMG\left_2025_12_07_01_38_09_419.jpg,E:\IMG\right_2025_12_07_01_38_09_419.jpg,0,1,0,30.19031
E:\IMG\center_2025_12_07_01_38_09_496.jpg,E:\IMG\left_2025_12_07_01_38_09_496.jpg,E:\IMG\right_2025_12_07_01_38_09_496.jpg,0,1,0,30.19027
E:\IMG\center_2025_12_07_01_38_09_569.jpg,E:\IMG\left_2025_12_07_01_38_09_569.jpg,E:\IMG\right_2025_12_07_01_38_09_569.jpg,-0.15,1,0,30.18426
E:\IMG\center_2025_12_07_01_38_09_648.jpg,E:\IMG\left_2025_12_07_01_38_09_648.jpg,E:\IMG\right_2025_12_07_01_38_09_648.jpg,0,1,0,30.18967
E:\IMG\center_2025_12_07_01_38_09_722.jpg,E:\IMG\left_2025_12_07_01_38_09_722.jpg,E:\IMG\right_2025_12_07_01_38_09_722.jpg,0,1,0,30.19024
E:\IMG\center_2025_12_07_01_38_09_800.jpg,E:\IMG\left_2025_12_07_01_38_09_800.jpg,E:\IMG\right_2025_12_07_01_38_09_800.jpg,0,1,0,30.1902
E:\IMG\center_2025_12_07_01_38_09_877.jpg,E:\IMG\left_2025_12_07_01_38_09_877.jpg,E:\IMG\right_2025_12_07_01_38_09_877.jpg,0,1,0,30.19031
E:\IMG\center_2025_12_07_01_38_09_956.jpg,E:\IMG\left_2025_12_07_01_38_09_956.jpg,E:\IMG\right_2025_12_07_01_38_09_956.jpg,-0.15,1,0,30.18455
E:\IMG\center_2025_12_07_01_38_10_033.jpg,E:\IMG\left_2025_12_07_01_38_10_033.jpg,E:\IMG\right_2025_12_07_01_38_10_033.jpg,-0.35,1,0,30.16381
E:\IMG\center_2025_12_07_01_38_10_116.jpg,E:\IMG\left_2025_12_07_01_38_10_116.jpg,E:\IMG\right_2025_12_07_01_38_10_116.jpg,0,1,0,30.18761
E:\IMG\center_2025_12_07_01_38_10_190.jpg,E:\IMG\left_2025_12_07_01_38_10_190.jpg,E:\IMG\right_2025_12_07_01_38_10_190.jpg,0,0.8801233,0,30.16807
E:\IMG\center_2025_12_07_01_38_10_269.jpg,E:\IMG\left_2025_12_07_01_38_10_269.jpg,E:\IMG\right_2025_12_07_01_38_10_269.jpg,0,0.6409979,0,30.11012
E:\IMG\center_2025_12_07_01_38_10_350.jpg,E:\IMG\left_2025_12_07_01_38_10_350.jpg,E:\IMG\right_2025_12_07_01_38_10_350.jpg,0,0.3982607,0,30.04891
E:\IMG\center_2025_12_07_01_38_10_419.jpg,E:\IMG\left_2025_12_07_01_38_10_419.jpg,E:\IMG\right_2025_12_07_01_38_10_419.jpg,-0.15,0.350363,0,29.99646
E:\IMG\center_2025_12_07_01_38_10_492.jpg,E:\IMG\left_2025_12_07_01_38_10_492.jpg,E:\IMG\right_2025_12_07_01_38_10_492.jpg,0,0.5686982,0,30.06247
E:\IMG\center_2025_12_07_01_38_10_577.jpg,E:\IMG\left_2025_12_07_01_38_10_577.jpg,E:\IMG\right_2025_12_07_01_38_10_577.jpg,0,0.827597,0,30.13041
E:\IMG\center_2025_12_07_01_38_10_660.jpg,E:\IMG\left_2025_12_07_01_38_10_660.jpg,E:\IMG\right_2025_12_07_01_38_10_660.jpg,0,1,0,30.1906
E:\IMG\center_2025_12_07_01_38_10_736.jpg,E:\IMG\left_2025_12_07_01_38_10_736.jpg,E:\IMG\right_2025_12_07_01_38_10_736.jpg,0,0.819856,0,30.14997
E:\IMG\center_2025_12_07_01_38_10_817.jpg,E:\IMG\left_2025_12_07_01_38_10_817.jpg,E:\IMG\right_2025_12_07_01_38_10_817.jpg,-0.2,0.5750834,0,30.08621
E:\IMG\center_2025_12_07_01_38_10_908.jpg,E:\IMG\left_2025_12_07_01_38_10_908.jpg,E:\IMG\right_2025_12_07_01_38_10_908.jpg,-0.45,0.3056594,0,29.96631
E:\IMG\center_2025_12_07_01_38_10_987.jpg,E:\IMG\left_2025_12_07_01_38_10_987.jpg,E:\IMG\right_2025_12_07_01_38_10_987.jpg,0,0.2127107,0,29.88168
E:\IMG\center_2025_12_07_01_38_11_064.jpg,E:\IMG\left_2025_12_07_01_38_11_064.jpg,E:\IMG\right_2025_12_07_01_38_11_064.jpg,0,0.4459013,0,29.93539
E:\IMG\center_2025_12_07_01_38_11_148.jpg,E:\IMG\left_2025_12_07_01_38_11_148.jpg,E:\IMG\right_2025_12_07_01_38_11_148.jpg,0,0.6976136,0,30.10151
E:\IMG\center_2025_12_07_01_38_11_232.jpg,E:\IMG\left_2025_12_07_01_38_11_232.jpg,E:\IMG\right_2025_12_07_01_38_11_232.jpg,-0.15,0.8396675,0,30.16087
E:\IMG\center_2025_12_07_01_38_11_298.jpg,E:\IMG\left_2025_12_07_01_38_11_298.jpg,E:\IMG\right_2025_12_07_01_38_11_298.jpg,-0.3,0.6373683,0,30.08657
E:\IMG\center_2025_12_07_01_38_11_371.jpg,E:\IMG\left_2025_12_07_01_38_11_371.jpg,E:\IMG\right_2025_12_07_01_38_11_371.jpg,-0.5000001,0.4211634,0,30.00856
E:\IMG\center_2025_12_07_01_38_11_452.jpg,E:\IMG\left_2025_12_07_01_38_11_452.jpg,E:\IMG\right_2025_12_07_01_38_11_452.jpg,-0.7,0.1781553,0,29.83196
E:\IMG\center_2025_12_07_01_38_11_533.jpg,E:\IMG\left_2025_12_07_01_38_11_533.jpg,E:\IMG\right_2025_12_07_01_38_11_533.jpg,0,0,0,29.53374
E:\IMG\center_2025_12_07_01_38_11_603.jpg,E:\IMG\left_2025_12_07_01_38_11_603.jpg,E:\IMG\right_2025_12_07_01_38_11_603.jpg,0,0,0,29.33784
E:\IMG\center_2025_12_07_01_38_11_686.jpg,E:\IMG\left_2025_12_07_01_38_11_686.jpg,E:\IMG\right_2025_12_07_01_38_11_686.jpg,0,0.0783264,0,29.0625
E:\IMG\center_2025_12_07_01_38_11_772.jpg,E:\IMG\left_2025_12_07_01_38_11_772.jpg,E:\IMG\right_2025_12_07_01_38_11_772.jpg,0,0.3345054,0,29.0542
E:\IMG\center_2025_12_07_01_38_11_849.jpg,E:\IMG\left_2025_12_07_01_38_11_849.jpg,E:\IMG\right_2025_12_07_01_38_11_849.jpg,0,0.568575,0,29.23944
E:\IMG\center_2025_12_07_01_38_11_916.jpg,E:\IMG\left_2025_12_07_01_38_11_916.jpg,E:\IMG\right_2025_12_07_01_38_11_916.jpg,0,0.7712442,0,29.54737
E:\IMG\center_2025_12_07_01_38_11_985.jpg,E:\IMG\left_2025_12_07_01_38_11_985.jpg,E:\IMG\right_2025_12_07_01_38_11_985.jpg,0,0.9751689,0,30.165
E:\IMG\center_2025_12_07_01_38_12_066.jpg,E:\IMG\left_2025_12_07_01_38_12_066.jpg,E:\IMG\right_2025_12_07_01_38_12_066.jpg,0,1,0,30.19098
E:\IMG\center_2025_12_07_01_38_12_134.jpg,E:\IMG\left_2025_12_07_01_38_12_134.jpg,E:\IMG\right_2025_12_07_01_38_12_134.jpg,0,1,0,30.19041
E:\IMG\center_2025_12_07_01_38_12_224.jpg,E:\IMG\left_2025_12_07_01_38_12_224.jpg,E:\IMG\right_2025_12_07_01_38_12_224.jpg,0,1,0,30.19028
E:\IMG\center_2025_12_07_01_38_12_301.jpg,E:\IMG\left_2025_12_07_01_38_12_301.jpg,E:\IMG\right_2025_12_07_01_38_12_301.jpg,-0.15,1,0,30.18232
E:\IMG\center_2025_12_07_01_38_12_400.jpg,E:\IMG\left_2025_12_07_01_38_12_400.jpg,E:\IMG\right_2025_12_07_01_38_12_400.jpg,0,0.7806985,0,30.15077
E:\IMG\center_2025_12_07_01_38_12_485.jpg,E:\IMG\left_2025_12_07_01_38_12_485.jpg,E:\IMG\right_2025_12_07_01_38_12_485.jpg,0,0.5279722,0,30.0636
E:\IMG\center_2025_12_07_01_38_12_568.jpg,E:\IMG\left_2025_12_07_01_38_12_568.jpg,E:\IMG\right_2025_12_07_01_38_12_568.jpg,-0.1,0.2781103,0,30.01382
E:\IMG\center_2025_12_07_01_38_12_636.jpg,E:\IMG\left_2025_12_07_01_38_12_636.jpg,E:\IMG\right_2025_12_07_01_38_12_636.jpg,-0.25,0.0740782,0,29.93259
E:\IMG\center_2025_12_07_01_38_12_706.jpg,E:\IMG\left_2025_12_07_01_38_12_706.jpg,E:\IMG\right_2025_12_07_01_38_12_706.jpg,-0.45,0,0,29.59776
E:\IMG\center_2025_12_07_01_38_12_801.jpg,E:\IMG\left_2025_12_07_01_38_12_801.jpg,E:\IMG\right_2025_12_07_01_38_12_801.jpg,0,0,0,29.30031
E:\IMG\center_2025_12_07_01_38_12_885.jpg,E:\IMG\left_2025_12_07_01_38_12_885.jpg,E:\IMG\right_2025_12_07_01_38_12_885.jpg,0,0,0,28.99927
E:\IMG\center_2025_12_07_01_38_12_977.jpg,E:\IMG\left_2025_12_07_01_38_12_977.jpg,E:\IMG\right_2025_12_07_01_38_12_977.jpg,-0.2,0,0,28.75641
E:\IMG\center_2025_12_07_01_38_13_065.jpg,E:\IMG\left_2025_12_07_01_38_13_065.jpg,E:\IMG\right_2025_12_07_01_38_13_065.jpg,-0.45,0,0,28.35803
E:\IMG\center_2025_12_07_01_38_13_132.jpg,E:\IMG\left_2025_12_07_01_38_13_132.jpg,E:\IMG\right_2025_12_07_01_38_13_132.jpg,-0.6000001,0,0,28.05232
E:\IMG\center_2025_12_07_01_38_13_201.jpg,E:\IMG\left_2025_12_07_01_38_13_201.jpg,E:\IMG\right_2025_12_07_01_38_13_201.jpg,-0.7500002,0,0,27.69856
E:\IMG\center_2025_12_07_01_38_13_272.jpg,E:\IMG\left_2025_12_07_01_38_13_272.jpg,E:\IMG\right_2025_12_07_01_38_13_272.jpg,0,0,0,27.41461
E:\IMG\center_2025_12_07_01_38_13_341.jpg,E:\IMG\left_2025_12_07_01_38_13_341.jpg,E:\IMG\right_2025_12_07_01_38_13_341.jpg,0,0,0,27.23733
E:\IMG\center_2025_12_07_01_38_13_410.jpg,E:\IMG\left_2025_12_07_01_38_13_410.jpg,E:\IMG\right_2025_12_07_01_38_13_410.jpg,-0.15,0,0,27.0158
E:\IMG\center_2025_12_07_01_38_13_478.jpg,E:\IMG\left_2025_12_07_01_38_13_478.jpg,E:\IMG\right_2025_12_07_01_38_13_478.jpg,-0.3,0,0,26.82731
E:\IMG\center_2025_12_07_01_38_13_547.jpg,E:\IMG\left_2025_12_07_01_38_13_547.jpg,E:\IMG\right_2025_12_07_01_38_13_547.jpg,-0.5000001,0,0,26.50342
E:\IMG\center_2025_12_07_01_38_13_621.jpg,E:\IMG\left_2025_12_07_01_38_13_621.jpg,E:\IMG\right_2025_12_07_01_38_13_621.jpg,-0.6500001,0,0,26.20346
E:\IMG\center_2025_12_07_01_38_13_713.jpg,E:\IMG\left_2025_12_07_01_38_13_713.jpg,E:\IMG\right_2025_12_07_01_38_13_713.jpg,0,0,0,25.6531
E:\IMG\center_2025_12_07_01_38_13_797.jpg,E:\IMG\left_2025_12_07_01_38_13_797.jpg,E:\IMG\right_2025_12_07_01_38_13_797.jpg,0,0,0,25.39162
E:\IMG\center_2025_12_07_01_38_13_865.jpg,E:\IMG\left_2025_12_07_01_38_13_865.jpg,E:\IMG\right_2025_12_07_01_38_13_865.jpg,0,0,0,25.17447
E:\IMG\center_2025_12_07_01_38_13_952.jpg,E:\IMG\left_2025_12_07_01_38_13_952.jpg,E:\IMG\right_2025_12_07_01_38_13_952.jpg,-0.2,0.1259748,0,24.98974
E:\IMG\center_2025_12_07_01_38_14_051.jpg,E:\IMG\left_2025_12_07_01_38_14_051.jpg,E:\IMG\right_2025_12_07_01_38_14_051.jpg,-0.45,0.4182702,0,25.00347
E:\IMG\center_2025_12_07_01_38_14_127.jpg,E:\IMG\left_2025_12_07_01_38_14_127.jpg,E:\IMG\right_2025_12_07_01_38_14_127.jpg,0,0.6522018,0,25.20802
E:\IMG\center_2025_12_07_01_38_14_196.jpg,E:\IMG\left_2025_12_07_01_38_14_196.jpg,E:\IMG\right_2025_12_07_01_38_14_196.jpg,0,0.8556933,0,25.58405
E:\IMG\center_2025_12_07_01_38_14_281.jpg,E:\IMG\left_2025_12_07_01_38_14_281.jpg,E:\IMG\right_2025_12_07_01_38_14_281.jpg,0,1,0,26.30141
E:\IMG\center_2025_12_07_01_38_14_354.jpg,E:\IMG\left_2025_12_07_01_38_14_354.jpg,E:\IMG\right_2025_12_07_01_38_14_354.jpg,-0.2,1,0,27.04705
E:\IMG\center_2025_12_07_01_38_14_438.jpg,E:\IMG\left_2025_12_07_01_38_14_438.jpg,E:\IMG\right_2025_12_07_01_38_14_438.jpg,-0.4,1,0,27.72135
E:\IMG\center_2025_12_07_01_38_14_524.jpg,E:\IMG\left_2025_12_07_01_38_14_524.jpg,E:\IMG\right_2025_12_07_01_38_14_524.jpg,0,1,0,28.59974
E:\IMG\center_2025_12_07_01_38_14_613.jpg,E:\IMG\left_2025_12_07_01_38_14_613.jpg,E:\IMG\right_2025_12_07_01_38_14_613.jpg,0,1,0,29.33332
E:\IMG\center_2025_12_07_01_38_14_701.jpg,E:\IMG\left_2025_12_07_01_38_14_701.jpg,E:\IMG\right_2025_12_07_01_38_14_701.jpg,0,1,0,30.06398
E:\IMG\center_2025_12_07_01_38_14_788.jpg,E:\IMG\left_2025_12_07_01_38_14_788.jpg,E:\IMG\right_2025_12_07_01_38_14_788.jpg,-0.15,1,0,30.1853
E:\IMG\center_2025_12_07_01_38_14_876.jpg,E:\IMG\left_2025_12_07_01_38_14_876.jpg,E:\IMG\right_2025_12_07_01_38_14_876.jpg,-0.35,1,0,30.16455
E:\IMG\center_2025_12_07_01_38_14_953.jpg,E:\IMG\left_2025_12_07_01_38_14_953.jpg,E:\IMG\right_2025_12_07_01_38_14_953.jpg,-0.5500001,1,0,30.13946
E:\IMG\center_2025_12_07_01_38_15_030.jpg,E:\IMG\left_2025_12_07_01_38_15_030.jpg,E:\IMG\right_2025_12_07_01_38_15_030.jpg,0,1,0,30.1865
E:\IMG\center_2025_12_07_01_38_15_118.jpg,E:\IMG\left_2025_12_07_01_38_15_118.jpg,E:\IMG\right_2025_12_07_01_38_15_118.jpg,0,1,0,30.18959
E:\IMG\center_2025_12_07_01_38_15_203.jpg,E:\IMG\left_2025_12_07_01_38_15_203.jpg,E:\IMG\right_2025_12_07_01_38_15_203.jpg,0,1,0,30.19023
E:\IMG\center_2025_12_07_01_38_15_270.jpg,E:\IMG\left_2025_12_07_01_38_15_270.jpg,E:\IMG\right_2025_12_07_01_38_15_270.jpg,0,1,0,30.19027
E:\IMG\center_2025_12_07_01_38_15_359.jpg,E:\IMG\left_2025_12_07_01_38_15_359.jpg,E:\IMG\right_2025_12_07_01_38_15_359.jpg,0,1,0,30.19035
E:\IMG\center_2025_12_07_01_38_15_439.jpg,E:\IMG\left_2025_12_07_01_38_15_439.jpg,E:\IMG\right_2025_12_07_01_38_15_439.jpg,-0.05,1,0,30.18923
E:\IMG\center_2025_12_07_01_38_15_529.jpg,E:\IMG\left_2025_12_07_01_38_15_529.jpg,E:\IMG\right_2025_12_07_01_38_15_529.jpg,-0.3,1,0,30.16944
E:\IMG\center_2025_12_07_01_38_15_601.jpg,E:\IMG\left_2025_12_07_01_38_15_601.jpg,E:\IMG\right_2025_12_07_01_38_15_601.jpg,0,1,0,30.19019
E:\IMG\center_2025_12_07_01_38_15_677.jpg,E:\IMG\left_2025_12_07_01_38_15_677.jpg,E:\IMG\right_2025_12_07_01_38_15_677.jpg,0,1,0,30.19
E:\IMG\center_2025_12_07_01_38_15_748.jpg,E:\IMG\left_2025_12_07_01_38_15_748.jpg,E:\IMG\right_2025_12_07_01_38_15_748.jpg,-0.05,1,0,30.19012
E:\IMG\center_2025_12_07_01_38_15_836.jpg,E:\IMG\left_2025_12_07_01_38_15_836.jpg,E:\IMG\right_2025_12_07_01_38_15_836.jpg,-0.25,1,0,30.17666
E:\IMG\center_2025_12_07_01_38_15_938.jpg,E:\IMG\left_2025_12_07_01_38_15_938.jpg,E:\IMG\right_2025_12_07_01_38_15_938.jpg,-0.5000001,1,0,30.14664
E:\IMG\center_2025_12_07_01_38_16_024.jpg,E:\IMG\left_2025_12_07_01_38_16_024.jpg,E:\IMG\right_2025_12_07_01_38_16_024.jpg,0,1,0,30.17109
E:\IMG\center_2025_12_07_01_38_16_115.jpg,E:\IMG\left_2025_12_07_01_38_16_115.jpg,E:\IMG\right_2025_12_07_01_38_16_115.jpg,0,1,0,30.18749
E:\IMG\center_2025_12_07_01_38_16_186.jpg,E:\IMG\left_2025_12_07_01_38_16_186.jpg,E:\IMG\right_2025_12_07_01_38_16_186.jpg,0,1,0,30.19014
E:\IMG\center_2025_12_07_01_38_16_264.jpg,E:\IMG\left_2025_12_07_01_38_16_264.jpg,E:\IMG\right_2025_12_07_01_38_16_264.jpg,0,1,0,30.19029
E:\IMG\center_2025_12_07_01_38_16_335.jpg,E:\IMG\left_2025_12_07_01_38_16_335.jpg,E:\IMG\right_2025_12_07_01_38_16_335.jpg,-0.15,1,0,30.18589
E:\IMG\center_2025_12_07_01_38_16_426.jpg,E:\IMG\left_2025_12_07_01_38_16_426.jpg,E:\IMG\right_2025_12_07_01_38_16_426.jpg,0,1,0,30.18979
E:\IMG\center_2025_12_07_01_38_16_493.jpg,E:\IMG\left_2025_12_07_01_38_16_493.jpg,E:\IMG\right_2025_12_07_01_38_16_493.jpg,0,1,0,30.19031
E:\IMG\center_2025_12_07_01_38_16_563.jpg,E:\IMG\left_2025_12_07_01_38_16_563.jpg,E:\IMG\right_2025_12_07_01_38_16_563.jpg,0,1,0,30.19031
E:\IMG\center_2025_12_07_01_38_16_649.jpg,E:\IMG\left_2025_12_07_01_38_16_649.jpg,E:\IMG\right_2025_12_07_01_38_16_649.jpg,0,1,0,30.19036
E:\IMG\center_2025_12_07_01_38_16_720.jpg,E:\IMG\left_2025_12_07_01_38_16_720.jpg,E:\IMG\right_2025_12_07_01_38_16_720.jpg,0,1,0,30.19034
E:\IMG\center_2025_12_07_01_38_16_791.jpg,E:\IMG\left_2025_12_07_01_38_16_791.jpg,E:\IMG\right_2025_12_07_01_38_16_791.jpg,0,1,0,30.19027
E:\IMG\center_2025_12_07_01_38_16_877.jpg,E:\IMG\left_2025_12_07_01_38_16_877.jpg,E:\IMG\right_2025_12_07_01_38_16_877.jpg,0,1,0,30.19029
E:\IMG\center_2025_12_07_01_38_16_952.jpg,E:\IMG\left_2025_12_07_01_38_16_952.jpg,E:\IMG\right_2025_12_07_01_38_16_952.jpg,-0.05,1,0,30.1897
E:\IMG\center_2025_12_07_01_38_17_020.jpg,E:\IMG\left_2025_12_07_01_38_17_020.jpg,E:\IMG\right_2025_12_07_01_38_17_020.jpg,-0.2,1,0,30.18007
E:\IMG\center_2025_12_07_01_38_17_087.jpg,E:\IMG\left_2025_12_07_01_38_17_087.jpg,E:\IMG\right_2025_12_07_01_38_17_087.jpg,0,1,0,30.19081
E:\IMG\center_2025_12_07_01_38_17_157.jpg,E:\IMG\left_2025_12_07_01_38_17_157.jpg,E:\IMG\right_2025_12_07_01_38_17_157.jpg,0,1,0,30.18981
E:\IMG\center_2025_12_07_01_38_17_227.jpg,E:\IMG\left_2025_12_07_01_38_17_227.jpg,E:\IMG\right_2025_12_07_01_38_17_227.jpg,0,1,0,30.19065
E:\IMG\center_2025_12_07_01_38_17_313.jpg,E:\IMG\left_2025_12_07_01_38_17_313.jpg,E:\IMG\right_2025_12_07_01_38_17_313.jpg,0,1,0,30.1903
E:\IMG\center_2025_12_07_01_38_17_384.jpg,E:\IMG\left_2025_12_07_01_38_17_384.jpg,E:\IMG\right_2025_12_07_01_38_17_384.jpg,0,1,0,30.19028
E:\IMG\center_2025_12_07_01_38_17_454.jpg,E:\IMG\left_2025_12_07_01_38_17_454.jpg,E:\IMG\right_2025_12_07_01_38_17_454.jpg,0,1,0,30.19034
E:\IMG\center_2025_12_07_01_38_17_523.jpg,E:\IMG\left_2025_12_07_01_38_17_523.jpg,E:\IMG\right_2025_12_07_01_38_17_523.jpg,-0.05,1,0,30.18977
E:\IMG\center_2025_12_07_01_38_17_595.jpg,E:\IMG\left_2025_12_07_01_38_17_595.jpg,E:\IMG\right_2025_12_07_01_38_17_595.jpg,-0.25,1,0,30.17488
E:\IMG\center_2025_12_07_01_38_17_667.jpg,E:\IMG\left_2025_12_07_01_38_17_667.jpg,E:\IMG\right_2025_12_07_01_38_17_667.jpg,-0.45,1,0,30.15156
E:\IMG\center_2025_12_07_01_38_17_736.jpg,E:\IMG\left_2025_12_07_01_38_17_736.jpg,E:\IMG\right_2025_12_07_01_38_17_736.jpg,-0.6000001,1,0,30.13324
E:\IMG\center_2025_12_07_01_38_17_813.jpg,E:\IMG\left_2025_12_07_01_38_17_813.jpg,E:\IMG\right_2025_12_07_01_38_17_813.jpg,0,1,0,30.18525
E:\IMG\center_2025_12_07_01_38_17_884.jpg,E:\IMG\left_2025_12_07_01_38_17_884.jpg,E:\IMG\right_2025_12_07_01_38_17_884.jpg,0,1,0,30.18889
E:\IMG\center_2025_12_07_01_38_17_956.jpg,E:\IMG\left_2025_12_07_01_38_17_956.jpg,E:\IMG\right_2025_12_07_01_38_17_956.jpg,0,1,0,30.18998
E:\IMG\center_2025_12_07_01_38_18_039.jpg,E:\IMG\left_2025_12_07_01_38_18_039.jpg,E:\IMG\right_2025_12_07_01_38_18_039.jpg,0,1,0,30.1903
E:\IMG\center_2025_12_07_01_38_18_120.jpg,E:\IMG\left_2025_12_07_01_38_18_120.jpg,E:\IMG\right_2025_12_07_01_38_18_120.jpg,0,1,0,30.19061
E:\IMG\center_2025_12_07_01_38_18_195.jpg,E:\IMG\left_2025_12_07_01_38_18_195.jpg,E:\IMG\right_2025_12_07_01_38_18_195.jpg,0,1,0,30.19032
E:\IMG\center_2025_12_07_01_38_18_263.jpg,E:\IMG\left_2025_12_07_01_38_18_263.jpg,E:\IMG\right_2025_12_07_01_38_18_263.jpg,0,1,0,30.19028
E:\IMG\center_2025_12_07_01_38_18_342.jpg,E:\IMG\left_2025_12_07_01_38_18_342.jpg,E:\IMG\right_2025_12_07_01_38_18_342.jpg,-0.1,1,0,30.18768
E:\IMG\center_2025_12_07_01_38_18_412.jpg,E:\IMG\left_2025_12_07_01_38_18_412.jpg,E:\IMG\right_2025_12_07_01_38_18_412.jpg,-0.3,1,0,30.16925
E:\IMG\center_2025_12_07_01_38_18_487.jpg,E:\IMG\left_2025_12_07_01_38_18_487.jpg,E:\IMG\right_2025_12_07_01_38_18_487.jpg,0,1,0,30.18832
E:\IMG\center_2025_12_07_01_38_18_558.jpg,E:\IMG\left_2025_12_07_01_38_18_558.jpg,E:\IMG\right_2025_12_07_01_38_18_558.jpg,0,1,0,30.18988
E:\IMG\center_2025_12_07_01_38_18_644.jpg,E:\IMG\left_2025_12_07_01_38_18_644.jpg,E:\IMG\right_2025_12_07_01_38_18_644.jpg,0,1,0,30.19021
E:\IMG\center_2025_12_07_01_38_18_715.jpg,E:\IMG\left_2025_12_07_01_38_18_715.jpg,E:\IMG\right_2025_12_07_01_38_18_715.jpg,-0.1,1,0,30.18845
E:\IMG\center_2025_12_07_01_38_18_791.jpg,E:\IMG\left_2025_12_07_01_38_18_791.jpg,E:\IMG\right_2025_12_07_01_38_18_791.jpg,0,1,0,30.19077
E:\IMG\center_2025_12_07_01_38_18_863.jpg,E:\IMG\left_2025_12_07_01_38_18_863.jpg,E:\IMG\right_2025_12_07_01_38_18_863.jpg,0,1,0,30.19001
E:\IMG\center_2025_12_07_01_38_18_938.jpg,E:\IMG\left_2025_12_07_01_38_18_938.jpg,E:\IMG\right_2025_12_07_01_38_18_938.jpg,0,1,0,30.1903
E:\IMG\center_2025_12_07_01_38_19_009.jpg,E:\IMG\left_2025_12_07_01_38_19_009.jpg,E:\IMG\right_2025_12_07_01_38_19_009.jpg,0,1,0,30.1903
E:\IMG\center_2025_12_07_01_38_19_086.jpg,E:\IMG\left_2025_12_07_01_38_19_086.jpg,E:\IMG\right_2025_12_07_01_38_19_086.jpg,0,1,0,30.19034
E:\IMG\center_2025_12_07_01_38_19_161.jpg,E:\IMG\left_2025_12_07_01_38_19_161.jpg,E:\IMG\right_2025_12_07_01_38_19_161.jpg,-0.05,1,0,30.18976
E:\IMG\center_2025_12_07_01_38_19_236.jpg,E:\IMG\left_2025_12_07_01_38_19_236.jpg,E:\IMG\right_2025_12_07_01_38_19_236.jpg,-0.25,1,0,30.1749
E:\IMG\center_2025_12_07_01_38_19_309.jpg,E:\IMG\left_2025_12_07_01_38_19_309.jpg,E:\IMG\right_2025_12_07_01_38_19_309.jpg,-0.45,1,0,30.15154
E:\IMG\center_2025_12_07_01_38_19_395.jpg,E:\IMG\left_2025_12_07_01_38_19_395.jpg,E:\IMG\right_2025_12_07_01_38_19_395.jpg,0,1,0,30.18834
E:\IMG\center_2025_12_07_01_38_19_472.jpg,E:\IMG\left_2025_12_07_01_38_19_472.jpg,E:\IMG\right_2025_12_07_01_38_19_472.jpg,0,1,0,30.18988
E:\IMG\center_2025_12_07_01_38_19_543.jpg,E:\IMG\left_2025_12_07_01_38_19_543.jpg,E:\IMG\right_2025_12_07_01_38_19_543.jpg,0,1,0,30.1902
E:\IMG\center_2025_12_07_01_38_19_617.jpg,E:\IMG\left_2025_12_07_01_38_19_617.jpg,E:\IMG\right_2025_12_07_01_38_19_617.jpg,0,1,0,30.19031
E:\IMG\center_2025_12_07_01_38_19_688.jpg,E:\IMG\left_2025_12_07_01_38_19_688.jpg,E:\IMG\right_2025_12_07_01_38_19_688.jpg,0,1,0,30.1903
E:\IMG\center_2025_12_07_01_38_19_758.jpg,E:\IMG\left_2025_12_07_01_38_19_758.jpg,E:\IMG\right_2025_12_07_01_38_19_758.jpg,0,1,0,30.1903
E:\IMG\center_2025_12_07_01_38_19_832.jpg,E:\IMG\left_2025_12_07_01_38_19_832.jpg,E:\IMG\right_2025_12_07_01_38_19_832.jpg,-0.15,1,0,30.18453
E:\IMG\center_2025_12_07_01_38_19_907.jpg,E:\IMG\left_2025_12_07_01_38_19_907.jpg,E:\IMG\right_2025_12_07_01_38_19_907.jpg,-0.35,1,0,30.16362
E:\IMG\center_2025_12_07_01_38_19_981.jpg,E:\IMG\left_2025_12_07_01_38_19_981.jpg,E:\IMG\right_2025_12_07_01_38_19_981.jpg,0,1,0,30.18914
E:\IMG\center_2025_12_07_01_38_20_059.jpg,E:\IMG\left_2025_12_07_01_38_20_059.jpg,E:\IMG\right_2025_12_07_01_38_20_059.jpg,0,1,0,30.18968
E:\IMG\center_2025_12_07_01_38_20_137.jpg,E:\IMG\left_2025_12_07_01_38_20_137.jpg,E:\IMG\right_2025_12_07_01_38_20_137.jpg,0,1,0,30.19018
E:\IMG\center_2025_12_07_01_38_20_212.jpg,E:\IMG\left_2025_12_07_01_38_20_212.jpg,E:\IMG\right_2025_12_07_01_38_20_212.jpg,0,1,0,30.19028
E:\IMG\center_2025_12_07_01_38_20_289.jpg,E:\IMG\left_2025_12_07_01_38_20_289.jpg,E:\IMG\right_2025_12_07_01_38_20_289.jpg,-0.15,1,0,30.18498
E:\IMG\center_2025_12_07_01_38_20_365.jpg,E:\IMG\left_2025_12_07_01_38_20_365.jpg,E:\IMG\right_2025_12_07_01_38_20_365.jpg,-0.35,1,0,30.16422
E:\IMG\center_2025_12_07_01_38_20_455.jpg,E:\IMG\left_2025_12_07_01_38_20_455.jpg,E:\IMG\right_2025_12_07_01_38_20_455.jpg,0,1,0,30.18953
E:\IMG\center_2025_12_07_01_38_20_535.jpg,E:\IMG\left_2025_12_07_01_38_20_535.jpg,E:\IMG\right_2025_12_07_01_38_20_535.jpg,0,1,0,30.19011
E:\IMG\center_2025_12_07_01_38_20_609.jpg,E:\IMG\left_2025_12_07_01_38_20_609.jpg,E:\IMG\right_2025_12_07_01_38_20_609.jpg,0,1,0,30.19027
E:\IMG\center_2025_12_07_01_38_20_686.jpg,E:\IMG\left_2025_12_07_01_38_20_686.jpg,E:\IMG\right_2025_12_07_01_38_20_686.jpg,0,1,0,30.19029
E:\IMG\center_2025_12_07_01_38_20_760.jpg,E:\IMG\left_2025_12_07_01_38_20_760.jpg,E:\IMG\right_2025_12_07_01_38_20_760.jpg,0,1,0,30.19029
E:\IMG\center_2025_12_07_01_38_20_832.jpg,E:\IMG\left_2025_12_07_01_38_20_832.jpg,E:\IMG\right_2025_12_07_01_38_20_832.jpg,-0.05,1,0,30.18967
E:\IMG\center_2025_12_07_01_38_20_906.jpg,E:\IMG\left_2025_12_07_01_38_20_906.jpg,E:\IMG\right_2025_12_07_01_38_20_906.jpg,0,1,0,30.19089
E:\IMG\center_2025_12_07_01_38_20_978.jpg,E:\IMG\left_2025_12_07_01_38_20_978.jpg,E:\IMG\right_2025_12_07_01_38_20_978.jpg,0,1,0,30.19017
E:\IMG\center_2025_12_07_01_38_21_051.jpg,E:\IMG\left_2025_12_07_01_38_21_051.jpg,E:\IMG\right_2025_12_07_01_38_21_051.jpg,0,1,0,30.19029
E:\IMG\center_2025_12_07_01_38_21_129.jpg,E:\IMG\left_2025_12_07_01_38_21_129.jpg,E:\IMG\right_2025_12_07_01_38_21_129.jpg,0,1,0,30.19029
E:\IMG\center_2025_12_07_01_38_21_206.jpg,E:\IMG\left_2025_12_07_01_38_21_206.jpg,E:\IMG\right_2025_12_07_01_38_21_206.jpg,0,1,0,30.19032
E:\IMG\center_2025_12_07_01_38_21_278.jpg,E:\IMG\left_2025_12_07_01_38_21_278.jpg,E:\IMG\right_2025_12_07_01_38_21_278.jpg,0,1,0,30.19031
E:\IMG\center_2025_12_07_01_38_21_351.jpg,E:\IMG\left_2025_12_07_01_38_21_351.jpg,E:\IMG\right_2025_12_07_01_38_21_351.jpg,-0.2,1,0,30.17991
E:\IMG\center_2025_12_07_01_38_21_421.jpg,E:\IMG\left_2025_12_07_01_38_21_421.jpg,E:\IMG\right_2025_12_07_01_38_21_421.jpg,-0.35,1,0,30.16352
E:\IMG\center_2025_12_07_01_38_21_499.jpg,E:\IMG\left_2025_12_07_01_38_21_499.jpg,E:\IMG\right_2025_12_07_01_38_21_499.jpg,0,1,0,30.17718
E:\IMG\center_2025_12_07_01_38_21_575.jpg,E:\IMG\left_2025_12_07_01_38_21_575.jpg,E:\IMG\right_2025_12_07_01_38_21_575.jpg,0,1,0,30.18825
E:\IMG\center_2025_12_07_01_38_21_648.jpg,E:\IMG\left_2025_12_07_01_38_21_648.jpg,E:\IMG\right_2025_12_07_01_38_21_648.jpg,0,1,0,30.1899
E:\IMG\center_2025_12_07_01_38_21_736.jpg,E:\IMG\left_2025_12_07_01_38_21_736.jpg,E:\IMG\right_2025_12_07_01_38_21_736.jpg,0,1,0,30.19024
E:\IMG\center_2025_12_07_01_38_21_806.jpg,E:\IMG\left_2025_12_07_01_38_21_806.jpg,E:\IMG\right_2025_12_07_01_38_21_806.jpg,0,1,0,30.18981
E:\IMG\center_2025_12_07_01_38_21_873.jpg,E:\IMG\left_2025_12_07_01_38_21_873.jpg,E:\IMG\right_2025_12_07_01_38_21_873.jpg,0,1,0,30.19033
E:\IMG\center_2025_12_07_01_38_21_942.jpg,E:\IMG\left_2025_12_07_01_38_21_942.jpg,E:\IMG\right_2025_12_07_01_38_21_942.jpg,0,1,0,30.1903
E:\IMG\center_2025_12_07_01_38_22_017.jpg,E:\IMG\left_2025_12_07_01_38_22_017.jpg,E:\IMG\right_2025_12_07_01_38_22_017.jpg,0,1,0,30.19066
E:\IMG\center_2025_12_07_01_38_22_092.jpg,E:\IMG\left_2025_12_07_01_38_22_092.jpg,E:\IMG\right_2025_12_07_01_38_22_092.jpg,-0.15,1,0,30.18427
E:\IMG\center_2025_12_07_01_38_22_170.jpg,E:\IMG\left_2025_12_07_01_38_22_170.jpg,E:\IMG\right_2025_12_07_01_38_22_170.jpg,-0.35,1,0,30.16349
E:\IMG\center_2025_12_07_01_38_22_261.jpg,E:\IMG\left_2025_12_07_01_38_22_261.jpg,E:\IMG\right_2025_12_07_01_38_22_261.jpg,0,1,0,30.18958
E:\IMG\center_2025_12_07_01_38_22_334.jpg,E:\IMG\left_2025_12_07_01_38_22_334.jpg,E:\IMG\right_2025_12_07_01_38_22_334.jpg,0,1,0,30.1901
E:\IMG\center_2025_12_07_01_38_22_419.jpg,E:\IMG\left_2025_12_07_01_38_22_419.jpg,E:\IMG\right_2025_12_07_01_38_22_419.jpg,0,1,0,30.19029
E:\IMG\center_2025_12_07_01_38_22_490.jpg,E:\IMG\left_2025_12_07_01_38_22_490.jpg,E:\IMG\right_2025_12_07_01_38_22_490.jpg,-0.05,1,0,30.18987
E:\IMG\center_2025_12_07_01_38_22_561.jpg,E:\IMG\left_2025_12_07_01_38_22_561.jpg,E:\IMG\right_2025_12_07_01_38_22_561.jpg,-0.2,1,0,30.18055
E:\IMG\center_2025_12_07_01_38_22_635.jpg,E:\IMG\left_2025_12_07_01_38_22_635.jpg,E:\IMG\right_2025_12_07_01_38_22_635.jpg,-0.4,1,0,30.15809
E:\IMG\center_2025_12_07_01_38_22_705.jpg,E:\IMG\left_2025_12_07_01_38_22_705.jpg,E:\IMG\right_2025_12_07_01_38_22_705.jpg,0,1,0,30.18901
E:\IMG\center_2025_12_07_01_38_22_792.jpg,E:\IMG\left_2025_12_07_01_38_22_792.jpg,E:\IMG\right_2025_12_07_01_38_22_792.jpg,0,1,0,30.19001
E:\IMG\center_2025_12_07_01_38_22_872.jpg,E:\IMG\left_2025_12_07_01_38_22_872.jpg,E:\IMG\right_2025_12_07_01_38_22_872.jpg,0,1,0,30.18994
E:\IMG\center_2025_12_07_01_38_22_947.jpg,E:\IMG\left_2025_12_07_01_38_22_947.jpg,E:\IMG\right_2025_12_07_01_38_22_947.jpg,0,1,0,30.19027
E:\IMG\center_2025_12_07_01_38_23_020.jpg,E:\IMG\left_2025_12_07_01_38_23_020.jpg,E:\IMG\right_2025_12_07_01_38_23_020.jpg,0,1,0,30.19031
E:\IMG\center_2025_12_07_01_38_23_099.jpg,E:\IMG\left_2025_12_07_01_38_23_099.jpg,E:\IMG\right_2025_12_07_01_38_23_099.jpg,0,1,0,30.18968
E:\IMG\center_2025_12_07_01_38_23_174.jpg,E:\IMG\left_2025_12_07_01_38_23_174.jpg,E:\IMG\right_2025_12_07_01_38_23_174.jpg,0,1,0,30.1903
E:\IMG\center_2025_12_07_01_38_23_245.jpg,E:\IMG\left_2025_12_07_01_38_23_245.jpg,E:\IMG\right_2025_12_07_01_38_23_245.jpg,-0.15,1,0,30.18425
E:\IMG\center_2025_12_07_01_38_23_317.jpg,E:\IMG\left_2025_12_07_01_38_23_317.jpg,E:\IMG\right_2025_12_07_01_38_23_317.jpg,-0.3,1,0,30.16925
E:\IMG\center_2025_12_07_01_38_23_387.jpg,E:\IMG\left_2025_12_07_01_38_23_387.jpg,E:\IMG\right_2025_12_07_01_38_23_387.jpg,0,1,0,30.18992
E:\IMG\center_2025_12_07_01_38_23_462.jpg,E:\IMG\left_2025_12_07_01_38_23_462.jpg,E:\IMG\right_2025_12_07_01_38_23_462.jpg,0,1,0,30.19011
E:\IMG\center_2025_12_07_01_38_23_533.jpg,E:\IMG\left_2025_12_07_01_38_23_533.jpg,E:\IMG\right_2025_12_07_01_38_23_533.jpg,0,1,0,30.19026
E:\IMG\center_2025_12_07_01_38_23_614.jpg,E:\IMG\left_2025_12_07_01_38_23_614.jpg,E:\IMG\right_2025_12_07_01_38_23_614.jpg,0,1,0,30.19029
E:\IMG\center_2025_12_07_01_38_23_683.jpg,E:\IMG\left_2025_12_07_01_38_23_683.jpg,E:\IMG\right_2025_12_07_01_38_23_683.jpg,0,1,0,30.19031
E:\IMG\center_2025_12_07_01_38_23_756.jpg,E:\IMG\left_2025_12_07_01_38_23_756.jpg,E:\IMG\right_2025_12_07_01_38_23_756.jpg,0,1,0,30.19032
E:\IMG\center_2025_12_07_01_38_23_831.jpg,E:\IMG\left_2025_12_07_01_38_23_831.jpg,E:\IMG\right_2025_12_07_01_38_23_831.jpg,-0.2,1,0,30.17999
E:\IMG\center_2025_12_07_01_38_23_908.jpg,E:\IMG\left_2025_12_07_01_38_23_908.jpg,E:\IMG\right_2025_12_07_01_38_23_908.jpg,0,1,0,30.1907
E:\IMG\center_2025_12_07_01_38_23_981.jpg,E:\IMG\left_2025_12_07_01_38_23_981.jpg,E:\IMG\right_2025_12_07_01_38_23_981.jpg,0,1,0,30.19006
E:\IMG\center_2025_12_07_01_38_24_053.jpg,E:\IMG\left_2025_12_07_01_38_24_053.jpg,E:\IMG\right_2025_12_07_01_38_24_053.jpg,0,1,0,30.19023
E:\IMG\center_2025_12_07_01_38_24_128.jpg,E:\IMG\left_2025_12_07_01_38_24_128.jpg,E:\IMG\right_2025_12_07_01_38_24_128.jpg,0,1,0,30.19029
E:\IMG\center_2025_12_07_01_38_24_206.jpg,E:\IMG\left_2025_12_07_01_38_24_206.jpg,E:\IMG\right_2025_12_07_01_38_24_206.jpg,0,1,0,30.19011
E:\IMG\center_2025_12_07_01_38_24_280.jpg,E:\IMG\left_2025_12_07_01_38_24_280.jpg,E:\IMG\right_2025_12_07_01_38_24_280.jpg,0,1,0,30.19032
E:\IMG\center_2025_12_07_01_38_24_371.jpg,E:\IMG\left_2025_12_07_01_38_24_371.jpg,E:\IMG\right_2025_12_07_01_38_24_371.jpg,0,1,0,30.1903
E:\IMG\center_2025_12_07_01_38_24_442.jpg,E:\IMG\left_2025_12_07_01_38_24_442.jpg,E:\IMG\right_2025_12_07_01_38_24_442.jpg,0,1,0,30.1903
E:\IMG\center_2025_12_07_01_38_24_517.jpg,E:\IMG\left_2025_12_07_01_38_24_517.jpg,E:\IMG\right_2025_12_07_01_38_24_517.jpg,-0.05,1,0,30.18973
E:\IMG\center_2025_12_07_01_38_24_597.jpg,E:\IMG\left_2025_12_07_01_38_24_597.jpg,E:\IMG\right_2025_12_07_01_38_24_597.jpg,0,1,0,30.18726
E:\IMG\center_2025_12_07_01_38_24_668.jpg,E:\IMG\left_2025_12_07_01_38_24_668.jpg,E:\IMG\right_2025_12_07_01_38_24_668.jpg,0,1,0,30.19013
E:\IMG\center_2025_12_07_01_38_24_739.jpg,E:\IMG\left_2025_12_07_01_38_24_739.jpg,E:\IMG\right_2025_12_07_01_38_24_739.jpg,0,1,0,30.19028
E:\IMG\center_2025_12_07_01_38_24_805.jpg,E:\IMG\left_2025_12_07_01_38_24_805.jpg,E:\IMG\right_2025_12_07_01_38_24_805.jpg,0,1,0,30.19029
E:\IMG\center_2025_12_07_01_38_24_880.jpg,E:\IMG\left_2025_12_07_01_38_24_880.jpg,E:\IMG\right_2025_12_07_01_38_24_880.jpg,0,1,0,30.19029
E:\IMG\center_2025_12_07_01_38_24_952.jpg,E:\IMG\left_2025_12_07_01_38_24_952.jpg,E:\IMG\right_2025_12_07_01_38_24_952.jpg,0,1,0,30.19029
E:\IMG\center_2025_12_07_01_38_25_023.jpg,E:\IMG\left_2025_12_07_01_38_25_023.jpg,E:\IMG\right_2025_12_07_01_38_25_023.jpg,0,1,0,30.1903
E:\IMG\center_2025_12_07_01_38_25_093.jpg,E:\IMG\left_2025_12_07_01_38_25_093.jpg,E:\IMG\right_2025_12_07_01_38_25_093.jpg,-0.1,1,0,30.18771
E:\IMG\center_2025_12_07_01_38_25_167.jpg,E:\IMG\left_2025_12_07_01_38_25_167.jpg,E:\IMG\right_2025_12_07_01_38_25_167.jpg,-0.3,1,0,30.16936
E:\IMG\center_2025_12_07_01_38_25_241.jpg,E:\IMG\left_2025_12_07_01_38_25_241.jpg,E:\IMG\right_2025_12_07_01_38_25_241.jpg,0,1,0,30.19009
E:\IMG\center_2025_12_07_01_38_25_313.jpg,E:\IMG\left_2025_12_07_01_38_25_313.jpg,E:\IMG\right_2025_12_07_01_38_25_313.jpg,0,1,0,30.18987
E:\IMG\center_2025_12_07_01_38_25_388.jpg,E:\IMG\left_2025_12_07_01_38_25_388.jpg,E:\IMG\right_2025_12_07_01_38_25_388.jpg,0,1,0,30.19021
E:\IMG\center_2025_12_07_01_38_25_468.jpg,E:\IMG\left_2025_12_07_01_38_25_468.jpg,E:\IMG\right_2025_12_07_01_38_25_468.jpg,0,1,0,30.19029
E:\IMG\center_2025_12_07_01_38_25_540.jpg,E:\IMG\left_2025_12_07_01_38_25_540.jpg,E:\IMG\right_2025_12_07_01_38_25_540.jpg,0,1,0,30.1903
E:\IMG\center_2025_12_07_01_38_25_611.jpg,E:\IMG\left_2025_12_07_01_38_25_611.jpg,E:\IMG\right_2025_12_07_01_38_25_611.jpg,0,1,0,30.19031
E:\IMG\center_2025_12_07_01_38_25_679.jpg,E:\IMG\left_2025_12_07_01_38_25_679.jpg,E:\IMG\right_2025_12_07_01_38_25_679.jpg,0,1,0,30.19032
E:\IMG\center_2025_12_07_01_38_25_753.jpg,E:\IMG\left_2025_12_07_01_38_25_753.jpg,E:\IMG\right_2025_12_07_01_38_25_753.jpg,-0.2,1,0,30.17997
E:\IMG\center_2025_12_07_01_38_25_829.jpg,E:\IMG\left_2025_12_07_01_38_25_829.jpg,E:\IMG\right_2025_12_07_01_38_25_829.jpg,0,1,0,30.19029
E:\IMG\center_2025_12_07_01_38_25_918.jpg,E:\IMG\left_2025_12_07_01_38_25_918.jpg,E:\IMG\right_2025_12_07_01_38_25_918.jpg,0,1,0,30.19024
E:\IMG\center_2025_12_07_01_38_25_984.jpg,E:\IMG\left_2025_12_07_01_38_25_984.jpg,E:\IMG\right_2025_12_07_01_38_25_984.jpg,0,1,0,30.19029
E:\IMG\center_2025_12_07_01_38_26_059.jpg,E:\IMG\left_2025_12_07_01_38_26_059.jpg,E:\IMG\right_2025_12_07_01_38_26_059.jpg,0,1,0,30.1903
E:\IMG\center_2025_12_07_01_38_26_132.jpg,E:\IMG\left_2025_12_07_01_38_26_132.jpg,E:\IMG\right_2025_12_07_01_38_26_132.jpg,0,1,0,30.19031
E:\IMG\center_2025_12_07_01_38_26_206.jpg,E:\IMG\left_2025_12_07_01_38_26_206.jpg,E:\IMG\right_2025_12_07_01_38_26_206.jpg,0,1,0,30.19031
E:\IMG\center_2025_12_07_01_38_26_283.jpg,E:\IMG\left_2025_12_07_01_38_26_283.jpg,E:\IMG\right_2025_12_07_01_38_26_283.jpg,0,1,0,30.19031
E:\IMG\center_2025_12_07_01_38_26_351.jpg,E:\IMG\left_2025_12_07_01_38_26_351.jpg,E:\IMG\right_2025_12_07_01_38_26_351.jpg,0,1,0,30.19028
E:\IMG\center_2025_12_07_01_38_26_422.jpg,E:\IMG\left_2025_12_07_01_38_26_422.jpg,E:\IMG\right_2025_12_07_01_38_26_422.jpg,0,1,0,30.19029
E:\IMG\center_2025_12_07_01_38_26_494.jpg,E:\IMG\left_2025_12_07_01_38_26_494.jpg,E:\IMG\right_2025_12_07_01_38_26_494.jpg,0,1,0,30.19031
E:\IMG\center_2025_12_07_01_38_26_569.jpg,E:\IMG\left_2025_12_07_01_38_26_569.jpg,E:\IMG\right_2025_12_07_01_38_26_569.jpg,0,1,0,30.19027
E:\IMG\center_2025_12_07_01_38_26_644.jpg,E:\IMG\left_2025_12_07_01_38_26_644.jpg,E:\IMG\right_2025_12_07_01_38_26_644.jpg,-0.05,1,0,30.18973
E:\IMG\center_2025_12_07_01_38_26_721.jpg,E:\IMG\left_2025_12_07_01_38_26_721.jpg,E:\IMG\right_2025_12_07_01_38_26_721.jpg,-0.25,1,0,30.17475
E:\IMG\center_2025_12_07_01_38_26_797.jpg,E:\IMG\left_2025_12_07_01_38_26_797.jpg,E:\IMG\right_2025_12_07_01_38_26_797.jpg,0,1,0,30.19014
E:\IMG\center_2025_12_07_01_38_26_868.jpg,E:\IMG\left_2025_12_07_01_38_26_868.jpg,E:\IMG\right_2025_12_07_01_38_26_868.jpg,0,1,0,30.19022
E:\IMG\center_2025_12_07_01_38_26_952.jpg,E:\IMG\left_2025_12_07_01_38_26_952.jpg,E:\IMG\right_2025_12_07_01_38_26_952.jpg,0,1,0,30.19028
E:\IMG\center_2025_12_07_01_38_27_038.jpg,E:\IMG\left_2025_12_07_01_38_27_038.jpg,E:\IMG\right_2025_12_07_01_38_27_038.jpg,0,1,0,30.19029
E:\IMG\center_2025_12_07_01_38_27_127.jpg,E:\IMG\left_2025_12_07_01_38_27_127.jpg,E:\IMG\right_2025_12_07_01_38_27_127.jpg,-0.05,1,0,30.18976
E:\IMG\center_2025_12_07_01_38_27_208.jpg,E:\IMG\left_2025_12_07_01_38_27_208.jpg,E:\IMG\right_2025_12_07_01_38_27_208.jpg,-0.25,1,0,30.17497
E:\IMG\center_2025_12_07_01_38_27_280.jpg,E:\IMG\left_2025_12_07_01_38_27_280.jpg,E:\IMG\right_2025_12_07_01_38_27_280.jpg,0,1,0,30.18933
E:\IMG\center_2025_12_07_01_38_27_347.jpg,E:\IMG\left_2025_12_07_01_38_27_347.jpg,E:\IMG\right_2025_12_07_01_38_27_347.jpg,0,1,0,30.19018
E:\IMG\center_2025_12_07_01_38_27_416.jpg,E:\IMG\left_2025_12_07_01_38_27_416.jpg,E:\IMG\right_2025_12_07_01_38_27_416.jpg,0,1,0,30.19025
E:\IMG\center_2025_12_07_01_38_27_507.jpg,E:\IMG\left_2025_12_07_01_38_27_507.jpg,E:\IMG\right_2025_12_07_01_38_27_507.jpg,0,1,0,30.19028
E:\IMG\center_2025_12_07_01_38_27_578.jpg,E:\IMG\left_2025_12_07_01_38_27_578.jpg,E:\IMG\right_2025_12_07_01_38_27_578.jpg,0,1,0,30.1903
E:\IMG\center_2025_12_07_01_38_27_647.jpg,E:\IMG\left_2025_12_07_01_38_27_647.jpg,E:\IMG\right_2025_12_07_01_38_27_647.jpg,0,1,0,30.19029
E:\IMG\center_2025_12_07_01_38_27_718.jpg,E:\IMG\left_2025_12_07_01_38_27_718.jpg,E:\IMG\right_2025_12_07_01_38_27_718.jpg,-0.1,1,0,30.18775
E:\IMG\center_2025_12_07_01_38_27_793.jpg,E:\IMG\left_2025_12_07_01_38_27_793.jpg,E:\IMG\right_2025_12_07_01_38_27_793.jpg,0,1,0,30.18996
E:\IMG\center_2025_12_07_01_38_27_864.jpg,E:\IMG\left_2025_12_07_01_38_27_864.jpg,E:\IMG\right_2025_12_07_01_38_27_864.jpg,0,1,0,30.19027
E:\IMG\center_2025_12_07_01_38_27_938.jpg,E:\IMG\left_2025_12_07_01_38_27_938.jpg,E:\IMG\right_2025_12_07_01_38_27_938.jpg,0,1,0,30.19029
E:\IMG\center_2025_12_07_01_38_28_011.jpg,E:\IMG\left_2025_12_07_01_38_28_011.jpg,E:\IMG\right_2025_12_07_01_38_28_011.jpg,0,1,0,30.1903
E:\IMG\center_2025_12_07_01_38_28_101.jpg,E:\IMG\left_2025_12_07_01_38_28_101.jpg,E:\IMG\right_2025_12_07_01_38_28_101.jpg,0,1,0,30.19029
E:\IMG\center_2025_12_07_01_38_28_181.jpg,E:\IMG\left_2025_12_07_01_38_28_181.jpg,E:\IMG\right_2025_12_07_01_38_28_181.jpg,0,1,0,30.1903
E:\IMG\center_2025_12_07_01_38_28_255.jpg,E:\IMG\left_2025_12_07_01_38_28_255.jpg,E:\IMG\right_2025_12_07_01_38_28_255.jpg,-0.1,1,0,30.18768
E:\IMG\center_2025_12_07_01_38_28_331.jpg,E:\IMG\left_2025_12_07_01_38_28_331.jpg,E:\IMG\right_2025_12_07_01_38_28_331.jpg,0,1,0,30.19105
E:\IMG\center_2025_12_07_01_38_28_398.jpg,E:\IMG\left_2025_12_07_01_38_28_398.jpg,E:\IMG\right_2025_12_07_01_38_28_398.jpg,0,1,0,30.19013
E:\IMG\center_2025_12_07_01_38_28_469.jpg,E:\IMG\left_2025_12_07_01_38_28_469.jpg,E:\IMG\right_2025_12_07_01_38_28_469.jpg,0,1,0,30.19028
E:\IMG\center_2025_12_07_01_38_28_540.jpg,E:\IMG\left_2025_12_07_01_38_28_540.jpg,E:\IMG\right_2025_12_07_01_38_28_540.jpg,0,1,0,30.19029
E:\IMG\center_2025_12_07_01_38_28_617.jpg,E:\IMG\left_2025_12_07_01_38_28_617.jpg,E:\IMG\right_2025_12_07_01_38_28_617.jpg,0,1,0,30.19029
E:\IMG\center_2025_12_07_01_38_28_694.jpg,E:\IMG\left_2025_12_07_01_38_28_694.jpg,E:\IMG\right_2025_12_07_01_38_28_694.jpg,0,1,0,30.1903
E:\IMG\center_2025_12_07_01_38_28_768.jpg,E:\IMG\left_2025_12_07_01_38_28_768.jpg,E:\IMG\right_2025_12_07_01_38_28_768.jpg,0,1,0,30.19031
E:\IMG\center_2025_12_07_01_38_28_847.jpg,E:\IMG\left_2025_12_07_01_38_28_847.jpg,E:\IMG\right_2025_12_07_01_38_28_847.jpg,-0.1,1,0,30.18768
E:\IMG\center_2025_12_07_01_38_28_924.jpg,E:\IMG\left_2025_12_07_01_38_28_924.jpg,E:\IMG\right_2025_12_07_01_38_28_924.jpg,0,1,0,30.19103
E:\IMG\center_2025_12_07_01_38_29_002.jpg,E:\IMG\left_2025_12_07_01_38_29_002.jpg,E:\IMG\right_2025_12_07_01_38_29_002.jpg,0,1,0,30.19014
E:\IMG\center_2025_12_07_01_38_29_078.jpg,E:\IMG\left_2025_12_07_01_38_29_078.jpg,E:\IMG\right_2025_12_07_01_38_29_078.jpg,0,1,0,30.19028
E:\IMG\center_2025_12_07_01_38_29_166.jpg,E:\IMG\left_2025_12_07_01_38_29_166.jpg,E:\IMG\right_2025_12_07_01_38_29_166.jpg,0,1,0,30.1903
E:\IMG\center_2025_12_07_01_38_29_235.jpg,E:\IMG\left_2025_12_07_01_38_29_235.jpg,E:\IMG\right_2025_12_07_01_38_29_235.jpg,0,1,0,30.19029
E:\IMG\center_2025_12_07_01_38_29_312.jpg,E:\IMG\left_2025_12_07_01_38_29_312.jpg,E:\IMG\right_2025_12_07_01_38_29_312.jpg,-0.2,1,0,30.18006
E:\IMG\center_2025_12_07_01_38_29_389.jpg,E:\IMG\left_2025_12_07_01_38_29_389.jpg,E:\IMG\right_2025_12_07_01_38_29_389.jpg,0,1,0,30.18933
E:\IMG\center_2025_12_07_01_38_29_468.jpg,E:\IMG\left_2025_12_07_01_38_29_468.jpg,E:\IMG\right_2025_12_07_01_38_29_468.jpg,0,1,0,30.19018
E:\IMG\center_2025_12_07_01_38_29_546.jpg,E:\IMG\left_2025_12_07_01_38_29_546.jpg,E:\IMG\right_2025_12_07_01_38_29_546.jpg,0,1,0,30.19027
E:\IMG\center_2025_12_07_01_38_29_625.jpg,E:\IMG\left_2025_12_07_01_38_29_625.jpg,E:\IMG\right_2025_12_07_01_38_29_625.jpg,0,1,0,30.1903
E:\IMG\center_2025_12_07_01_38_29_706.jpg,E:\IMG\left_2025_12_07_01_38_29_706.jpg,E:\IMG\right_2025_12_07_01_38_29_706.jpg,0,1,0,30.19029
E:\IMG\center_2025_12_07_01_38_29_786.jpg,E:\IMG\left_2025_12_07_01_38_29_786.jpg,E:\IMG\right_2025_12_07_01_38_29_786.jpg,-0.2,1,0,30.18005
E:\IMG\center_2025_12_07_01_38_29_865.jpg,E:\IMG\left_2025_12_07_01_38_29_865.jpg,E:\IMG\right_2025_12_07_01_38_29_865.jpg,0,1,0,30.19029
E:\IMG\center_2025_12_07_01_38_29_943.jpg,E:\IMG\left_2025_12_07_01_38_29_943.jpg,E:\IMG\right_2025_12_07_01_38_29_943.jpg,0,1,0,30.19024
E:\IMG\center_2025_12_07_01_38_30_022.jpg,E:\IMG\left_2025_12_07_01_38_30_022.jpg,E:\IMG\right_2025_12_07_01_38_30_022.jpg,0,1,0,30.19029
E:\IMG\center_2025_12_07_01_38_30_106.jpg,E:\IMG\left_2025_12_07_01_38_30_106.jpg,E:\IMG\right_2025_12_07_01_38_30_106.jpg,0,1,0,30.19031
E:\IMG\center_2025_12_07_01_38_30_182.jpg,E:\IMG\left_2025_12_07_01_38_30_182.jpg,E:\IMG\right_2025_12_07_01_38_30_182.jpg,0,1,0,30.1903
E:\IMG\center_2025_12_07_01_38_30_263.jpg,E:\IMG\left_2025_12_07_01_38_30_263.jpg,E:\IMG\right_2025_12_07_01_38_30_263.jpg,-0.1,1,0,30.1878
E:\IMG\center_2025_12_07_01_38_30_341.jpg,E:\IMG\left_2025_12_07_01_38_30_341.jpg,E:\IMG\right_2025_12_07_01_38_30_341.jpg,0,1,0,30.18602
E:\IMG\center_2025_12_07_01_38_30_421.jpg,E:\IMG\left_2025_12_07_01_38_30_421.jpg,E:\IMG\right_2025_12_07_01_38_30_421.jpg,0,1,0,30.19
E:\IMG\center_2025_12_07_01_38_30_500.jpg,E:\IMG\left_2025_12_07_01_38_30_500.jpg,E:\IMG\right_2025_12_07_01_38_30_500.jpg,0,1,0,30.19024
E:\IMG\center_2025_12_07_01_38_30_580.jpg,E:\IMG\left_2025_12_07_01_38_30_580.jpg,E:\IMG\right_2025_12_07_01_38_30_580.jpg,0,1,0,30.19028
E:\IMG\center_2025_12_07_01_38_30_669.jpg,E:\IMG\left_2025_12_07_01_38_30_669.jpg,E:\IMG\right_2025_12_07_01_38_30_669.jpg,0,1,0,30.1903
E:\IMG\center_2025_12_07_01_38_30_741.jpg,E:\IMG\left_2025_12_07_01_38_30_741.jpg,E:\IMG\right_2025_12_07_01_38_30_741.jpg,0,1,0,30.19029
E:\IMG\center_2025_12_07_01_38_30_826.jpg,E:\IMG\left_2025_12_07_01_38_30_826.jpg,E:\IMG\right_2025_12_07_01_38_30_826.jpg,0,1,0,30.19028
E:\IMG\center_2025_12_07_01_38_30_894.jpg,E:\IMG\left_2025_12_07_01_38_30_894.jpg,E:\IMG\right_2025_12_07_01_38_30_894.jpg,0,1,0,30.1903
E:\IMG\center_2025_12_07_01_38_30_962.jpg,E:\IMG\left_2025_12_07_01_38_30_962.jpg,E:\IMG\right_2025_12_07_01_38_30_962.jpg,0,1,0,30.19029
E:\IMG\center_2025_12_07_01_38_31_044.jpg,E:\IMG\left_2025_12_07_01_38_31_044.jpg,E:\IMG\right_2025_12_07_01_38_31_044.jpg,0,1,0,30.1903
E:\IMG\center_2025_12_07_01_38_31_126.jpg,E:\IMG\left_2025_12_07_01_38_31_126.jpg,E:\IMG\right_2025_12_07_01_38_31_126.jpg,-0.1,1,0,30.18767
E:\IMG\center_2025_12_07_01_38_31_206.jpg,E:\IMG\left_2025_12_07_01_38_31_206.jpg,E:\IMG\right_2025_12_07_01_38_31_206.jpg,0,1,0,30.19106
E:\IMG\center_2025_12_07_01_38_31_290.jpg,E:\IMG\left_2025_12_07_01_38_31_290.jpg,E:\IMG\right_2025_12_07_01_38_31_290.jpg,0,1,0,30.19024
E:\IMG\center_2025_12_07_01_38_31_372.jpg,E:\IMG\left_2025_12_07_01_38_31_372.jpg,E:\IMG\right_2025_12_07_01_38_31_372.jpg,0,1,0,30.19028
E:\IMG\center_2025_12_07_01_38_31_454.jpg,E:\IMG\left_2025_12_07_01_38_31_454.jpg,E:\IMG\right_2025_12_07_01_38_31_454.jpg,0,1,0,30.19029
E:\IMG\center_2025_12_07_01_38_31_536.jpg,E:\IMG\left_2025_12_07_01_38_31_536.jpg,E:\IMG\right_2025_12_07_01_38_31_536.jpg,0,1,0,30.19028
E:\IMG\center_2025_12_07_01_38_31_623.jpg,E:\IMG\left_2025_12_07_01_38_31_623.jpg,E:\IMG\right_2025_12_07_01_38_31_623.jpg,0,1,0,30.19036
E:\IMG\center_2025_12_07_01_38_31_704.jpg,E:\IMG\left_2025_12_07_01_38_31_704.jpg,E:\IMG\right_2025_12_07_01_38_31_704.jpg,-0.1,1,0,30.18769
E:\IMG\center_2025_12_07_01_38_31_788.jpg,E:\IMG\left_2025_12_07_01_38_31_788.jpg,E:\IMG\right_2025_12_07_01_38_31_788.jpg,0,1,0,30.19104
E:\IMG\center_2025_12_07_01_38_31_866.jpg,E:\IMG\left_2025_12_07_01_38_31_866.jpg,E:\IMG\right_2025_12_07_01_38_31_866.jpg,0,1,0,30.19023
E:\IMG\center_2025_12_07_01_38_31_946.jpg,E:\IMG\left_2025_12_07_01_38_31_946.jpg,E:\IMG\right_2025_12_07_01_38_31_946.jpg,0,1,0,30.19028
E:\IMG\center_2025_12_07_01_38_32_030.jpg,E:\IMG\left_2025_12_07_01_38_32_030.jpg,E:\IMG\right_2025_12_07_01_38_32_030.jpg,0,1,0,30.19031
E:\IMG\center_2025_12_07_01_38_32_112.jpg,E:\IMG\left_2025_12_07_01_38_32_112.jpg,E:\IMG\right_2025_12_07_01_38_32_112.jpg,0,1,0,30.19028
E:\IMG\center_2025_12_07_01_38_32_198.jpg,E:\IMG\left_2025_12_07_01_38_32_198.jpg,E:\IMG\right_2025_12_07_01_38_32_198.jpg,0,1,0,30.19029
E:\IMG\center_2025_12_07_01_38_32_287.jpg,E:\IMG\left_2025_12_07_01_38_32_287.jpg,E:\IMG\right_2025_12_07_01_38_32_287.jpg,0,1,0,30.19029
E:\IMG\center_2025_12_07_01_38_32_368.jpg,E:\IMG\left_2025_12_07_01_38_32_368.jpg,E:\IMG\right_2025_12_07_01_38_32_368.jpg,0,1,0,30.19029
E:\IMG\center_2025_12_07_01_38_32_446.jpg,E:\IMG\left_2025_12_07_01_38_32_446.jpg,E:\IMG\right_2025_12_07_01_38_32_446.jpg,0,1,0,30.19031
E:\IMG\center_2025_12_07_01_38_32_529.jpg,E:\IMG\left_2025_12_07_01_38_32_529.jpg,E:\IMG\right_2025_12_07_01_38_32_529.jpg,0,1,0,30.19031
E:\IMG\center_2025_12_07_01_38_32_613.jpg,E:\IMG\left_2025_12_07_01_38_32_613.jpg,E:\IMG\right_2025_12_07_01_38_32_613.jpg,0,1,0,30.19027
E:\IMG\center_2025_12_07_01_38_32_698.jpg,E:\IMG\left_2025_12_07_01_38_32_698.jpg,E:\IMG\right_2025_12_07_01_38_32_698.jpg,0,1,0,30.1903
E:\IMG\center_2025_12_07_01_38_32_785.jpg,E:\IMG\left_2025_12_07_01_38_32_785.jpg,E:\IMG\right_2025_12_07_01_38_32_785.jpg,-0.25,1,0,30.17473
E:\IMG\center_2025_12_07_01_38_32_866.jpg,E:\IMG\left_2025_12_07_01_38_32_866.jpg,E:\IMG\right_2025_12_07_01_38_32_866.jpg,0,1,0,30.19014
E:\IMG\center_2025_12_07_01_38_32_952.jpg,E:\IMG\left_2025_12_07_01_38_32_952.jpg,E:\IMG\right_2025_12_07_01_38_32_952.jpg,0,1,0,30.19023
E:\IMG\center_2025_12_07_01_38_33_036.jpg,E:\IMG\left_2025_12_07_01_38_33_036.jpg,E:\IMG\right_2025_12_07_01_38_33_036.jpg,0,1,0,30.19026
E:\IMG\center_2025_12_07_01_38_33_116.jpg,E:\IMG\left_2025_12_07_01_38_33_116.jpg,E:\IMG\right_2025_12_07_01_38_33_116.jpg,0,1,0,30.19031
E:\IMG\center_2025_12_07_01_38_33_211.jpg,E:\IMG\left_2025_12_07_01_38_33_211.jpg,E:\IMG\right_2025_12_07_01_38_33_211.jpg,0,1,0,30.19036
E:\IMG\center_2025_12_07_01_38_33_291.jpg,E:\IMG\left_2025_12_07_01_38_33_291.jpg,E:\IMG\right_2025_12_07_01_38_33_291.jpg,0,1,0,30.19031
E:\IMG\center_2025_12_07_01_38_33_370.jpg,E:\IMG\left_2025_12_07_01_38_33_370.jpg,E:\IMG\right_2025_12_07_01_38_33_370.jpg,0,1,0,30.1903
E:\IMG\center_2025_12_07_01_38_33_452.jpg,E:\IMG\left_2025_12_07_01_38_33_452.jpg,E:\IMG\right_2025_12_07_01_38_33_452.jpg,0,1,0,30.19029
E:\IMG\center_2025_12_07_01_38_33_543.jpg,E:\IMG\left_2025_12_07_01_38_33_543.jpg,E:\IMG\right_2025_12_07_01_38_33_543.jpg,0,1,0,30.1903
E:\IMG\center_2025_12_07_01_38_33_621.jpg,E:\IMG\left_2025_12_07_01_38_33_621.jpg,E:\IMG\right_2025_12_07_01_38_33_621.jpg,0,1,0,30.19029
E:\IMG\center_2025_12_07_01_38_33_710.jpg,E:\IMG\left_2025_12_07_01_38_33_710.jpg,E:\IMG\right_2025_12_07_01_38_33_710.jpg,0,1,0,30.19032
E:\IMG\center_2025_12_07_01_38_33_794.jpg,E:\IMG\left_2025_12_07_01_38_33_794.jpg,E:\IMG\right_2025_12_07_01_38_33_794.jpg,-0.15,1,0,30.18423
E:\IMG\center_2025_12_07_01_38_33_877.jpg,E:\IMG\left_2025_12_07_01_38_33_877.jpg,E:\IMG\right_2025_12_07_01_38_33_877.jpg,0,1,0,30.18968
E:\IMG\center_2025_12_07_01_38_33_972.jpg,E:\IMG\left_2025_12_07_01_38_33_972.jpg,E:\IMG\right_2025_12_07_01_38_33_972.jpg,0,1,0,30.19027
E:\IMG\center_2025_12_07_01_38_34_050.jpg,E:\IMG\left_2025_12_07_01_38_34_050.jpg,E:\IMG\right_2025_12_07_01_38_34_050.jpg,0,1,0,30.19026
E:\IMG\center_2025_12_07_01_38_34_133.jpg,E:\IMG\left_2025_12_07_01_38_34_133.jpg,E:\IMG\right_2025_12_07_01_38_34_133.jpg,0,1,0,30.19029
E:\IMG\center_2025_12_07_01_38_34_218.jpg,E:\IMG\left_2025_12_07_01_38_34_218.jpg,E:\IMG\right_2025_12_07_01_38_34_218.jpg,0,1,0,30.1903
E:\IMG\center_2025_12_07_01_38_34_304.jpg,E:\IMG\left_2025_12_07_01_38_34_304.jpg,E:\IMG\right_2025_12_07_01_38_34_304.jpg,0,1,0,30.19028
E:\IMG\center_2025_12_07_01_38_34_386.jpg,E:\IMG\left_2025_12_07_01_38_34_386.jpg,E:\IMG\right_2025_12_07_01_38_34_386.jpg,0,1,0,30.19022
E:\IMG\center_2025_12_07_01_38_34_453.jpg,E:\IMG\left_2025_12_07_01_38_34_453.jpg,E:\IMG\right_2025_12_07_01_38_34_453.jpg,0,1,0,30.19032
E:\IMG\center_2025_12_07_01_38_34_526.jpg,E:\IMG\left_2025_12_07_01_38_34_526.jpg,E:\IMG\right_2025_12_07_01_38_34_526.jpg,0,1,0,30.19031
E:\IMG\center_2025_12_07_01_38_34_615.jpg,E:\IMG\left_2025_12_07_01_38_34_615.jpg,E:\IMG\right_2025_12_07_01_38_34_615.jpg,0,1,0,30.1904
E:\IMG\center_2025_12_07_01_38_34_695.jpg,E:\IMG\left_2025_12_07_01_38_34_695.jpg,E:\IMG\right_2025_12_07_01_38_34_695.jpg,0,1,0,30.19029
E:\IMG\center_2025_12_07_01_38_34_782.jpg,E:\IMG\left_2025_12_07_01_38_34_782.jpg,E:\IMG\right_2025_12_07_01_38_34_782.jpg,-0.2,1,0,30.17982
E:\IMG\center_2025_12_07_01_38_34_867.jpg,E:\IMG\left_2025_12_07_01_38_34_867.jpg,E:\IMG\right_2025_12_07_01_38_34_867.jpg,0,1,0,30.19013
E:\IMG\center_2025_12_07_01_38_34_950.jpg,E:\IMG\left_2025_12_07_01_38_34_950.jpg,E:\IMG\right_2025_12_07_01_38_34_950.jpg,0,1,0,30.19028
E:\IMG\center_2025_12_07_01_38_35_035.jpg,E:\IMG\left_2025_12_07_01_38_35_035.jpg,E:\IMG\right_2025_12_07_01_38_35_035.jpg,0,1,0,30.1903
E:\IMG\center_2025_12_07_01_38_35_119.jpg,E:\IMG\left_2025_12_07_01_38_35_119.jpg,E:\IMG\right_2025_12_07_01_38_35_119.jpg,0,1,0,30.19032
E:\IMG\center_2025_12_07_01_38_35_203.jpg,E:\IMG\left_2025_12_07_01_38_35_203.jpg,E:\IMG\right_2025_12_07_01_38_35_203.jpg,0,1,0,30.19031
E:\IMG\center_2025_12_07_01_38_35_289.jpg,E:\IMG\left_2025_12_07_01_38_35_289.jpg,E:\IMG\right_2025_12_07_01_38_35_289.jpg,0,1,0,30.19029
E:\IMG\center_2025_12_07_01_38_35_375.jpg,E:\IMG\left_2025_12_07_01_38_35_375.jpg,E:\IMG\right_2025_12_07_01_38_35_375.jpg,0,1,0,30.19031
E:\IMG\center_2025_12_07_01_38_35_461.jpg,E:\IMG\left_2025_12_07_01_38_35_461.jpg,E:\IMG\right_2025_12_07_01_38_35_461.jpg,0,1,0,30.19032
E:\IMG\center_2025_12_07_01_38_35_545.jpg,E:\IMG\left_2025_12_07_01_38_35_545.jpg,E:\IMG\right_2025_12_07_01_38_35_545.jpg,-0.25,1,0,30.17477
E:\IMG\center_2025_12_07_01_38_35_614.jpg,E:\IMG\left_2025_12_07_01_38_35_614.jpg,E:\IMG\right_2025_12_07_01_38_35_614.jpg,0,1,0,30.18933
E:\IMG\center_2025_12_07_01_38_35_690.jpg,E:\IMG\left_2025_12_07_01_38_35_690.jpg,E:\IMG\right_2025_12_07_01_38_35_690.jpg,0,1,0,30.19017
E:\IMG\center_2025_12_07_01_38_35_776.jpg,E:\IMG\left_2025_12_07_01_38_35_776.jpg,E:\IMG\right_2025_12_07_01_38_35_776.jpg,0,1,0,30.19025
E:\IMG\center_2025_12_07_01_38_35_861.jpg,E:\IMG\left_2025_12_07_01_38_35_861.jpg,E:\IMG\right_2025_12_07_01_38_35_861.jpg,0,1,0,30.19029
E:\IMG\center_2025_12_07_01_38_35_948.jpg,E:\IMG\left_2025_12_07_01_38_35_948.jpg,E:\IMG\right_2025_12_07_01_38_35_948.jpg,0,1,0,30.1903
E:\IMG\center_2025_12_07_01_38_36_033.jpg,E:\IMG\left_2025_12_07_01_38_36_033.jpg,E:\IMG\right_2025_12_07_01_38_36_033.jpg,0,1,0,30.19041
E:\IMG\center_2025_12_07_01_38_36_117.jpg,E:\IMG\left_2025_12_07_01_38_36_117.jpg,E:\IMG\right_2025_12_07_01_38_36_117.jpg,0,1,0,30.1903
E:\IMG\center_2025_12_07_01_38_36_205.jpg,E:\IMG\left_2025_12_07_01_38_36_205.jpg,E:\IMG\right_2025_12_07_01_38_36_205.jpg,0,1,0,30.19031
E:\IMG\center_2025_12_07_01_38_36_287.jpg,E:\IMG\left_2025_12_07_01_38_36_287.jpg,E:\IMG\right_2025_12_07_01_38_36_287.jpg,0,1,0,30.1903
E:\IMG\center_2025_12_07_01_38_36_380.jpg,E:\IMG\left_2025_12_07_01_38_36_380.jpg,E:\IMG\right_2025_12_07_01_38_36_380.jpg,0,1,0,30.19028
E:\IMG\center_2025_12_07_01_38_36_469.jpg,E:\IMG\left_2025_12_07_01_38_36_469.jpg,E:\IMG\right_2025_12_07_01_38_36_469.jpg,0,1,0,30.19029
E:\IMG\center_2025_12_07_01_38_36_547.jpg,E:\IMG\left_2025_12_07_01_38_36_547.jpg,E:\IMG\right_2025_12_07_01_38_36_547.jpg,0,1,0,30.19032
E:\IMG\center_2025_12_07_01_38_36_632.jpg,E:\IMG\left_2025_12_07_01_38_36_632.jpg,E:\IMG\right_2025_12_07_01_38_36_632.jpg,0,1,0,30.1903
E:\IMG\center_2025_12_07_01_38_36_711.jpg,E:\IMG\left_2025_12_07_01_38_36_711.jpg,E:\IMG\right_2025_12_07_01_38_36_711.jpg,0,1,0,30.19032
E:\IMG\center_2025_12_07_01_38_36_795.jpg,E:\IMG\left_2025_12_07_01_38_36_795.jpg,E:\IMG\right_2025_12_07_01_38_36_795.jpg,0,1,0,30.19028
E:\IMG\center_2025_12_07_01_38_36_885.jpg,E:\IMG\left_2025_12_07_01_38_36_885.jpg,E:\IMG\right_2025_12_07_01_38_36_885.jpg,-0.2,1,0,30.17982
E:\IMG\center_2025_12_07_01_38_36_969.jpg,E:\IMG\left_2025_12_07_01_38_36_969.jpg,E:\IMG\right_2025_12_07_01_38_36_969.jpg,0,1,0,30.1893
E:\IMG\center_2025_12_07_01_38_37_048.jpg,E:\IMG\left_2025_12_07_01_38_37_048.jpg,E:\IMG\right_2025_12_07_01_38_37_048.jpg,0,1,0,30.19016
E:\IMG\center_2025_12_07_01_38_37_132.jpg,E:\IMG\left_2025_12_07_01_38_37_132.jpg,E:\IMG\right_2025_12_07_01_38_37_132.jpg,0,1,0,30.19027
E:\IMG\center_2025_12_07_01_38_37_216.jpg,E:\IMG\left_2025_12_07_01_38_37_216.jpg,E:\IMG\right_2025_12_07_01_38_37_216.jpg,0,1,0,30.19041
E:\IMG\center_2025_12_07_01_38_37_301.jpg,E:\IMG\left_2025_12_07_01_38_37_301.jpg,E:\IMG\right_2025_12_07_01_38_37_301.jpg,0,1,0,30.1903
E:\IMG\center_2025_12_07_01_38_37_369.jpg,E:\IMG\left_2025_12_07_01_38_37_369.jpg,E:\IMG\right_2025_12_07_01_38_37_369.jpg,0,1,0,30.19028
E:\IMG\center_2025_12_07_01_38_37_441.jpg,E:\IMG\left_2025_12_07_01_38_37_441.jpg,E:\IMG\right_2025_12_07_01_38_37_441.jpg,0,1,0,30.19044
E:\IMG\center_2025_12_07_01_38_37_511.jpg,E:\IMG\left_2025_12_07_01_38_37_511.jpg,E:\IMG\right_2025_12_07_01_38_37_511.jpg,0,1,0,30.19028
E:\IMG\center_2025_12_07_01_38_37_590.jpg,E:\IMG\left_2025_12_07_01_38_37_590.jpg,E:\IMG\right_2025_12_07_01_38_37_590.jpg,0,1,0,30.19032
E:\IMG\center_2025_12_07_01_38_37_667.jpg,E:\IMG\left_2025_12_07_01_38_37_667.jpg,E:\IMG\right_2025_12_07_01_38_37_667.jpg,0,1,0,30.19031
E:\IMG\center_2025_12_07_01_38_37_739.jpg,E:\IMG\left_2025_12_07_01_38_37_739.jpg,E:\IMG\right_2025_12_07_01_38_37_739.jpg,0,1,0,30.19028
E:\IMG\center_2025_12_07_01_38_37_818.jpg,E:\IMG\left_2025_12_07_01_38_37_818.jpg,E:\IMG\right_2025_12_07_01_38_37_818.jpg,0,1,0,30.19031
E:\IMG\center_2025_12_07_01_38_37_904.jpg,E:\IMG\left_2025_12_07_01_38_37_904.jpg,E:\IMG\right_2025_12_07_01_38_37_904.jpg,0,1,0,30.19027
E:\IMG\center_2025_12_07_01_38_37_991.jpg,E:\IMG\left_2025_12_07_01_38_37_991.jpg,E:\IMG\right_2025_12_07_01_38_37_991.jpg,-0.1,1,0,30.18766
E:\IMG\center_2025_12_07_01_38_38_077.jpg,E:\IMG\left_2025_12_07_01_38_38_077.jpg,E:\IMG\right_2025_12_07_01_38_38_077.jpg,0,1,0,30.18595
E:\IMG\center_2025_12_07_01_38_38_163.jpg,E:\IMG\left_2025_12_07_01_38_38_163.jpg,E:\IMG\right_2025_12_07_01_38_38_163.jpg,0,1,0,30.19015
E:\IMG\center_2025_12_07_01_38_38_247.jpg,E:\IMG\left_2025_12_07_01_38_38_247.jpg,E:\IMG\right_2025_12_07_01_38_38_247.jpg,0,1,0,30.19028
E:\IMG\center_2025_12_07_01_38_38_331.jpg,E:\IMG\left_2025_12_07_01_38_38_331.jpg,E:\IMG\right_2025_12_07_01_38_38_331.jpg,0,1,0,30.19032
E:\IMG\center_2025_12_07_01_38_38_416.jpg,E:\IMG\left_2025_12_07_01_38_38_416.jpg,E:\IMG\right_2025_12_07_01_38_38_416.jpg,0,1,0,30.19031
E:\IMG\center_2025_12_07_01_38_38_505.jpg,E:\IMG\left_2025_12_07_01_38_38_505.jpg,E:\IMG\right_2025_12_07_01_38_38_505.jpg,0,1,0,30.19031
E:\IMG\center_2025_12_07_01_38_38_588.jpg,E:\IMG\left_2025_12_07_01_38_38_588.jpg,E:\IMG\right_2025_12_07_01_38_38_588.jpg,0,1,0,30.19019
E:\IMG\center_2025_12_07_01_38_38_673.jpg,E:\IMG\left_2025_12_07_01_38_38_673.jpg,E:\IMG\right_2025_12_07_01_38_38_673.jpg,0,1,0,30.19027
E:\IMG\center_2025_12_07_01_38_38_755.jpg,E:\IMG\left_2025_12_07_01_38_38_755.jpg,E:\IMG\right_2025_12_07_01_38_38_755.jpg,0,1,0,30.19029
E:\IMG\center_2025_12_07_01_38_38_840.jpg,E:\IMG\left_2025_12_07_01_38_38_840.jpg,E:\IMG\right_2025_12_07_01_38_38_840.jpg,0,1,0,30.19047
E:\IMG\center_2025_12_07_01_38_38_927.jpg,E:\IMG\left_2025_12_07_01_38_38_927.jpg,E:\IMG\right_2025_12_07_01_38_38_927.jpg,0,1,0,30.19028
E:\IMG\center_2025_12_07_01_38_39_015.jpg,E:\IMG\left_2025_12_07_01_38_39_015.jpg,E:\IMG\right_2025_12_07_01_38_39_015.jpg,0,1,0,30.1903
E:\IMG\center_2025_12_07_01_38_39_113.jpg,E:\IMG\left_2025_12_07_01_38_39_113.jpg,E:\IMG\right_2025_12_07_01_38_39_113.jpg,-0.15,1,0,30.18422
E:\IMG\center_2025_12_07_01_38_39_197.jpg,E:\IMG\left_2025_12_07_01_38_39_197.jpg,E:\IMG\right_2025_12_07_01_38_39_197.jpg,0,1,0,30.19034
E:\IMG\center_2025_12_07_01_38_39_274.jpg,E:\IMG\left_2025_12_07_01_38_39_274.jpg,E:\IMG\right_2025_12_07_01_38_39_274.jpg,0,1,0,30.19031
E:\IMG\center_2025_12_07_01_38_39_356.jpg,E:\IMG\left_2025_12_07_01_38_39_356.jpg,E:\IMG\right_2025_12_07_01_38_39_356.jpg,0,1,0,30.19029
E:\IMG\center_2025_12_07_01_38_39_431.jpg,E:\IMG\left_2025_12_07_01_38_39_431.jpg,E:\IMG\right_2025_12_07_01_38_39_431.jpg,0,1,0,30.19029
E:\IMG\center_2025_12_07_01_38_39_513.jpg,E:\IMG\left_2025_12_07_01_38_39_513.jpg,E:\IMG\right_2025_12_07_01_38_39_513.jpg,0,1,0,30.1903
E:\IMG\center_2025_12_07_01_38_39_593.jpg,E:\IMG\left_2025_12_07_01_38_39_593.jpg,E:\IMG\right_2025_12_07_01_38_39_593.jpg,0,1,0,30.1903
E:\IMG\center_2025_12_07_01_38_39_676.jpg,E:\IMG\left_2025_12_07_01_38_39_676.jpg,E:\IMG\right_2025_12_07_01_38_39_676.jpg,0,1,0,30.19029
E:\IMG\center_2025_12_07_01_38_39_759.jpg,E:\IMG\left_2025_12_07_01_38_39_759.jpg,E:\IMG\right_2025_12_07_01_38_39_759.jpg,0,1,0,30.1903
E:\IMG\center_2025_12_07_01_38_39_851.jpg,E:\IMG\left_2025_12_07_01_38_39_851.jpg,E:\IMG\right_2025_12_07_01_38_39_851.jpg,-0.1,1,0,30.18771
E:\IMG\center_2025_12_07_01_38_39_923.jpg,E:\IMG\left_2025_12_07_01_38_39_923.jpg,E:\IMG\right_2025_12_07_01_38_39_923.jpg,0,1,0,30.18719
E:\IMG\center_2025_12_07_01_38_40_009.jpg,E:\IMG\left_2025_12_07_01_38_40_009.jpg,E:\IMG\right_2025_12_07_01_38_40_009.jpg,0,1,0,30.19014
E:\IMG\center_2025_12_07_01_38_40_085.jpg,E:\IMG\left_2025_12_07_01_38_40_085.jpg,E:\IMG\right_2025_12_07_01_38_40_085.jpg,0,1,0,30.19027
E:\IMG\center_2025_12_07_01_38_40_177.jpg,E:\IMG\left_2025_12_07_01_38_40_177.jpg,E:\IMG\right_2025_12_07_01_38_40_177.jpg,0,1,0,30.19033
E:\IMG\center_2025_12_07_01_38_40_247.jpg,E:\IMG\left_2025_12_07_01_38_40_247.jpg,E:\IMG\right_2025_12_07_01_38_40_247.jpg,0,1,0,30.19029
E:\IMG\center_2025_12_07_01_38_40_326.jpg,E:\IMG\left_2025_12_07_01_38_40_326.jpg,E:\IMG\right_2025_12_07_01_38_40_326.jpg,0,1,0,30.19028
E:\IMG\center_2025_12_07_01_38_40_414.jpg,E:\IMG\left_2025_12_07_01_38_40_414.jpg,E:\IMG\right_2025_12_07_01_38_40_414.jpg,-0.1,1,0,30.18768
E:\IMG\center_2025_12_07_01_38_40_488.jpg,E:\IMG\left_2025_12_07_01_38_40_488.jpg,E:\IMG\right_2025_12_07_01_38_40_488.jpg,-0.3,1,0,30.16929
E:\IMG\center_2025_12_07_01_38_40_567.jpg,E:\IMG\left_2025_12_07_01_38_40_567.jpg,E:\IMG\right_2025_12_07_01_38_40_567.jpg,0,1,0,30.18987
E:\IMG\center_2025_12_07_01_38_40_648.jpg,E:\IMG\left_2025_12_07_01_38_40_648.jpg,E:\IMG\right_2025_12_07_01_38_40_648.jpg,0,1,0,30.19016
E:\IMG\center_2025_12_07_01_38_40_728.jpg,E:\IMG\left_2025_12_07_01_38_40_728.jpg,E:\IMG\right_2025_12_07_01_38_40_728.jpg,0,1,0,30.19027
E:\IMG\center_2025_12_07_01_38_40_806.jpg,E:\IMG\left_2025_12_07_01_38_40_806.jpg,E:\IMG\right_2025_12_07_01_38_40_806.jpg,0,1,0,30.19031
E:\IMG\center_2025_12_07_01_38_40_886.jpg,E:\IMG\left_2025_12_07_01_38_40_886.jpg,E:\IMG\right_2025_12_07_01_38_40_886.jpg,0,1,0,30.19032
E:\IMG\center_2025_12_07_01_38_40_966.jpg,E:\IMG\left_2025_12_07_01_38_40_966.jpg,E:\IMG\right_2025_12_07_01_38_40_966.jpg,0,1,0,30.19032
E:\IMG\center_2025_12_07_01_38_41_046.jpg,E:\IMG\left_2025_12_07_01_38_41_046.jpg,E:\IMG\right_2025_12_07_01_38_41_046.jpg,0,1,0,30.19028
E:\IMG\center_2025_12_07_01_38_41_125.jpg,E:\IMG\left_2025_12_07_01_38_41_125.jpg,E:\IMG\right_2025_12_07_01_38_41_125.jpg,0,1,0,30.19029
E:\IMG\center_2025_12_07_01_38_41_219.jpg,E:\IMG\left_2025_12_07_01_38_41_219.jpg,E:\IMG\right_2025_12_07_01_38_41_219.jpg,0,1,0,30.19031
E:\IMG\center_2025_12_07_01_38_41_293.jpg,E:\IMG\left_2025_12_07_01_38_41_293.jpg,E:\IMG\right_2025_12_07_01_38_41_293.jpg,-0.05,1,0,30.18968
E:\IMG\center_2025_12_07_01_38_41_366.jpg,E:\IMG\left_2025_12_07_01_38_41_366.jpg,E:\IMG\right_2025_12_07_01_38_41_366.jpg,-0.25,1,0,30.17467
E:\IMG\center_2025_12_07_01_38_41_440.jpg,E:\IMG\left_2025_12_07_01_38_41_440.jpg,E:\IMG\right_2025_12_07_01_38_41_440.jpg,0,1,0,30.18935
E:\IMG\center_2025_12_07_01_38_41_522.jpg,E:\IMG\left_2025_12_07_01_38_41_522.jpg,E:\IMG\right_2025_12_07_01_38_41_522.jpg,0,1,0,30.19017
E:\IMG\center_2025_12_07_01_38_41_594.jpg,E:\IMG\left_2025_12_07_01_38_41_594.jpg,E:\IMG\right_2025_12_07_01_38_41_594.jpg,0,1,0,30.19029
E:\IMG\center_2025_12_07_01_38_41_678.jpg,E:\IMG\left_2025_12_07_01_38_41_678.jpg,E:\IMG\right_2025_12_07_01_38_41_678.jpg,0,1,0,30.1903
E:\IMG\center_2025_12_07_01_38_41_751.jpg,E:\IMG\left_2025_12_07_01_38_41_751.jpg,E:\IMG\right_2025_12_07_01_38_41_751.jpg,0,1,0,30.1903
E:\IMG\center_2025_12_07_01_38_41_821.jpg,E:\IMG\left_2025_12_07_01_38_41_821.jpg,E:\IMG\right_2025_12_07_01_38_41_821.jpg,0,1,0,30.19029
E:\IMG\center_2025_12_07_01_38_41_900.jpg,E:\IMG\left_2025_12_07_01_38_41_900.jpg,E:\IMG\right_2025_12_07_01_38_41_900.jpg,0,1,0,30.19028
E:\IMG\center_2025_12_07_01_38_41_970.jpg,E:\IMG\left_2025_12_07_01_38_41_970.jpg,E:\IMG\right_2025_12_07_01_38_41_970.jpg,0,1,0,30.19029
E:\IMG\center_2025_12_07_01_38_42_055.jpg,E:\IMG\left_2025_12_07_01_38_42_055.jpg,E:\IMG\right_2025_12_07_01_38_42_055.jpg,0,1,0,30.19028
E:\IMG\center_2025_12_07_01_38_42_122.jpg,E:\IMG\left_2025_12_07_01_38_42_122.jpg,E:\IMG\right_2025_12_07_01_38_42_122.jpg,0,1,0,30.19028
E:\IMG\center_2025_12_07_01_38_42_194.jpg,E:\IMG\left_2025_12_07_01_38_42_194.jpg,E:\IMG\right_2025_12_07_01_38_42_194.jpg,0,1,0,30.19032
E:\IMG\center_2025_12_07_01_38_42_270.jpg,E:\IMG\left_2025_12_07_01_38_42_270.jpg,E:\IMG\right_2025_12_07_01_38_42_270.jpg,0,1,0,30.19034
E:\IMG\center_2025_12_07_01_38_42_344.jpg,E:\IMG\left_2025_12_07_01_38_42_344.jpg,E:\IMG\right_2025_12_07_01_38_42_344.jpg,-0.2,1,0,30.1798
E:\IMG\center_2025_12_07_01_38_42_431.jpg,E:\IMG\left_2025_12_07_01_38_42_431.jpg,E:\IMG\right_2025_12_07_01_38_42_431.jpg,0,1,0,30.19025
E:\IMG\center_2025_12_07_01_38_42_520.jpg,E:\IMG\left_2025_12_07_01_38_42_520.jpg,E:\IMG\right_2025_12_07_01_38_42_520.jpg,0,1,0,30.19024
E:\IMG\center_2025_12_07_01_38_42_595.jpg,E:\IMG\left_2025_12_07_01_38_42_595.jpg,E:\IMG\right_2025_12_07_01_38_42_595.jpg,0,1,0,30.19028
E:\IMG\center_2025_12_07_01_38_42_671.jpg,E:\IMG\left_2025_12_07_01_38_42_671.jpg,E:\IMG\right_2025_12_07_01_38_42_671.jpg,0,1,0,30.19028
E:\IMG\center_2025_12_07_01_38_42_746.jpg,E:\IMG\left_2025_12_07_01_38_42_746.jpg,E:\IMG\right_2025_12_07_01_38_42_746.jpg,0,1,0,30.19028
E:\IMG\center_2025_12_07_01_38_42_823.jpg,E:\IMG\left_2025_12_07_01_38_42_823.jpg,E:\IMG\right_2025_12_07_01_38_42_823.jpg,0,1,0,30.19028
E:\IMG\center_2025_12_07_01_38_42_894.jpg,E:\IMG\left_2025_12_07_01_38_42_894.jpg,E:\IMG\right_2025_12_07_01_38_42_894.jpg,-0.1,1,0,30.18764
E:\IMG\center_2025_12_07_01_38_42_970.jpg,E:\IMG\left_2025_12_07_01_38_42_970.jpg,E:\IMG\right_2025_12_07_01_38_42_970.jpg,0,1,0,30.18597
E:\IMG\center_2025_12_07_01_38_43_055.jpg,E:\IMG\left_2025_12_07_01_38_43_055.jpg,E:\IMG\right_2025_12_07_01_38_43_055.jpg,0,1,0,30.19
E:\IMG\center_2025_12_07_01_38_43_125.jpg,E:\IMG\left_2025_12_07_01_38_43_125.jpg,E:\IMG\right_2025_12_07_01_38_43_125.jpg,0,1,0,30.19028
E:\IMG\center_2025_12_07_01_38_43_194.jpg,E:\IMG\left_2025_12_07_01_38_43_194.jpg,E:\IMG\right_2025_12_07_01_38_43_194.jpg,0,1,0,30.1903
E:\IMG\center_2025_12_07_01_38_43_266.jpg,E:\IMG\left_2025_12_07_01_38_43_266.jpg,E:\IMG\right_2025_12_07_01_38_43_266.jpg,0,1,0,30.19025
E:\IMG\center_2025_12_07_01_38_43_346.jpg,E:\IMG\left_2025_12_07_01_38_43_346.jpg,E:\IMG\right_2025_12_07_01_38_43_346.jpg,0,1,0,30.1903
E:\IMG\center_2025_12_07_01_38_43_417.jpg,E:\IMG\left_2025_12_07_01_38_43_417.jpg,E:\IMG\right_2025_12_07_01_38_43_417.jpg,0,1,0,30.19031
E:\IMG\center_2025_12_07_01_38_43_489.jpg,E:\IMG\left_2025_12_07_01_38_43_489.jpg,E:\IMG\right_2025_12_07_01_38_43_489.jpg,0,1,0,30.19031
E:\IMG\center_2025_12_07_01_38_43_574.jpg,E:\IMG\left_2025_12_07_01_38_43_574.jpg,E:\IMG\right_2025_12_07_01_38_43_574.jpg,0,1,0,30.19028
E:\IMG\center_2025_12_07_01_38_43_663.jpg,E:\IMG\left_2025_12_07_01_38_43_663.jpg,E:\IMG\right_2025_12_07_01_38_43_663.jpg,0,1,0,30.19031
E:\IMG\center_2025_12_07_01_38_43_736.jpg,E:\IMG\left_2025_12_07_01_38_43_736.jpg,E:\IMG\right_2025_12_07_01_38_43_736.jpg,-0.1,1,0,30.18769
E:\IMG\center_2025_12_07_01_38_43_810.jpg,E:\IMG\left_2025_12_07_01_38_43_810.jpg,E:\IMG\right_2025_12_07_01_38_43_810.jpg,0,1,0,30.19109
E:\IMG\center_2025_12_07_01_38_43_890.jpg,E:\IMG\left_2025_12_07_01_38_43_890.jpg,E:\IMG\right_2025_12_07_01_38_43_890.jpg,0,1,0,30.19022
E:\IMG\center_2025_12_07_01_38_43_957.jpg,E:\IMG\left_2025_12_07_01_38_43_957.jpg,E:\IMG\right_2025_12_07_01_38_43_957.jpg,0,1,0,30.19015
E:\IMG\center_2025_12_07_01_38_44_028.jpg,E:\IMG\left_2025_12_07_01_38_44_028.jpg,E:\IMG\right_2025_12_07_01_38_44_028.jpg,0,1,0,30.19032
E:\IMG\center_2025_12_07_01_38_44_099.jpg,E:\IMG\left_2025_12_07_01_38_44_099.jpg,E:\IMG\right_2025_12_07_01_38_44_099.jpg,0,1,0,30.19031
E:\IMG\center_2025_12_07_01_38_44_171.jpg,E:\IMG\left_2025_12_07_01_38_44_171.jpg,E:\IMG\right_2025_12_07_01_38_44_171.jpg,0,1,0,30.19028
E:\IMG\center_2025_12_07_01_38_44_251.jpg,E:\IMG\left_2025_12_07_01_38_44_251.jpg,E:\IMG\right_2025_12_07_01_38_44_251.jpg,0,1,0,30.19029
E:\IMG\center_2025_12_07_01_38_44_318.jpg,E:\IMG\left_2025_12_07_01_38_44_318.jpg,E:\IMG\right_2025_12_07_01_38_44_318.jpg,-0.15,1,0,30.18433
E:\IMG\center_2025_12_07_01_38_44_392.jpg,E:\IMG\left_2025_12_07_01_38_44_392.jpg,E:\IMG\right_2025_12_07_01_38_44_392.jpg,0,1,0,30.19102
E:\IMG\center_2025_12_07_01_38_44_465.jpg,E:\IMG\left_2025_12_07_01_38_44_465.jpg,E:\IMG\right_2025_12_07_01_38_44_465.jpg,0,1,0,30.19016
E:\IMG\center_2025_12_07_01_38_44_539.jpg,E:\IMG\left_2025_12_07_01_38_44_539.jpg,E:\IMG\right_2025_12_07_01_38_44_539.jpg,0,1,0,30.19024
E:\IMG\center_2025_12_07_01_38_44_617.jpg,E:\IMG\left_2025_12_07_01_38_44_617.jpg,E:\IMG\right_2025_12_07_01_38_44_617.jpg,0,1,0,30.19029
E:\IMG\center_2025_12_07_01_38_44_688.jpg,E:\IMG\left_2025_12_07_01_38_44_688.jpg,E:\IMG\right_2025_12_07_01_38_44_688.jpg,0,1,0,30.19026
E:\IMG\center_2025_12_07_01_38_44_761.jpg,E:\IMG\left_2025_12_07_01_38_44_761.jpg,E:\IMG\right_2025_12_07_01_38_44_761.jpg,0,1,0,30.1903
E:\IMG\center_2025_12_07_01_38_44_833.jpg,E:\IMG\left_2025_12_07_01_38_44_833.jpg,E:\IMG\right_2025_12_07_01_38_44_833.jpg,0,1,0,30.19027
E:\IMG\center_2025_12_07_01_38_44_910.jpg,E:\IMG\left_2025_12_07_01_38_44_910.jpg,E:\IMG\right_2025_12_07_01_38_44_910.jpg,0,1,0,30.19034
E:\IMG\center_2025_12_07_01_38_44_992.jpg,E:\IMG\left_2025_12_07_01_38_44_992.jpg,E:\IMG\right_2025_12_07_01_38_44_992.jpg,0,1,0,30.19032
E:\IMG\center_2025_12_07_01_38_45_081.jpg,E:\IMG\left_2025_12_07_01_38_45_081.jpg,E:\IMG\right_2025_12_07_01_38_45_081.jpg,-0.2,1,0,30.17984
E:\IMG\center_2025_12_07_01_38_45_156.jpg,E:\IMG\left_2025_12_07_01_38_45_156.jpg,E:\IMG\right_2025_12_07_01_38_45_156.jpg,0,1,0,30.19112
E:\IMG\center_2025_12_07_01_38_45_231.jpg,E:\IMG\left_2025_12_07_01_38_45_231.jpg,E:\IMG\right_2025_12_07_01_38_45_231.jpg,0,1,0,30.19007
E:\IMG\center_2025_12_07_01_38_45_304.jpg,E:\IMG\left_2025_12_07_01_38_45_304.jpg,E:\IMG\right_2025_12_07_01_38_45_304.jpg,0,1,0,30.19019
E:\IMG\center_2025_12_07_01_38_45_379.jpg,E:\IMG\left_2025_12_07_01_38_45_379.jpg,E:\IMG\right_2025_12_07_01_38_45_379.jpg,0,1,0,30.19047
E:\IMG\center_2025_12_07_01_38_45_450.jpg,E:\IMG\left_2025_12_07_01_38_45_450.jpg,E:\IMG\right_2025_12_07_01_38_45_450.jpg,0,1,0,30.19028
E:\IMG\center_2025_12_07_01_38_45_525.jpg,E:\IMG\left_2025_12_07_01_38_45_525.jpg,E:\IMG\right_2025_12_07_01_38_45_525.jpg,0,1,0,30.19031
E:\IMG\center_2025_12_07_01_38_45_593.jpg,E:\IMG\left_2025_12_07_01_38_45_593.jpg,E:\IMG\right_2025_12_07_01_38_45_593.jpg,0,1,0,30.19028
E:\IMG\center_2025_12_07_01_38_45_666.jpg,E:\IMG\left_2025_12_07_01_38_45_666.jpg,E:\IMG\right_2025_12_07_01_38_45_666.jpg,0,1,0,30.19027
E:\IMG\center_2025_12_07_01_38_45_737.jpg,E:\IMG\left_2025_12_07_01_38_45_737.jpg,E:\IMG\right_2025_12_07_01_38_45_737.jpg,0,1,0,30.19026
E:\IMG\center_2025_12_07_01_38_45_811.jpg,E:\IMG\left_2025_12_07_01_38_45_811.jpg,E:\IMG\right_2025_12_07_01_38_45_811.jpg,0,1,0,30.19027
E:\IMG\center_2025_12_07_01_38_45_881.jpg,E:\IMG\left_2025_12_07_01_38_45_881.jpg,E:\IMG\right_2025_12_07_01_38_45_881.jpg,0,1,0,30.19031
E:\IMG\center_2025_12_07_01_38_45_949.jpg,E:\IMG\left_2025_12_07_01_38_45_949.jpg,E:\IMG\right_2025_12_07_01_38_45_949.jpg,0,1,0,30.19032
E:\IMG\center_2025_12_07_01_38_46_022.jpg,E:\IMG\left_2025_12_07_01_38_46_022.jpg,E:\IMG\right_2025_12_07_01_38_46_022.jpg,0,1,0,30.19033
E:\IMG\center_2025_12_07_01_38_46_092.jpg,E:\IMG\left_2025_12_07_01_38_46_092.jpg,E:\IMG\right_2025_12_07_01_38_46_092.jpg,0,1,0,30.19028
E:\IMG\center_2025_12_07_01_38_46_168.jpg,E:\IMG\left_2025_12_07_01_38_46_168.jpg,E:\IMG\right_2025_12_07_01_38_46_168.jpg,-0.2,1,0,30.1798
E:\IMG\center_2025_12_07_01_38_46_236.jpg,E:\IMG\left_2025_12_07_01_38_46_236.jpg,E:\IMG\right_2025_12_07_01_38_46_236.jpg,0,1,0,30.19105
E:\IMG\center_2025_12_07_01_38_46_308.jpg,E:\IMG\left_2025_12_07_01_38_46_308.jpg,E:\IMG\right_2025_12_07_01_38_46_308.jpg,0,1,0,30.19022
E:\IMG\center_2025_12_07_01_38_46_381.jpg,E:\IMG\left_2025_12_07_01_38_46_381.jpg,E:\IMG\right_2025_12_07_01_38_46_381.jpg,0,1,0,30.19026
E:\IMG\center_2025_12_07_01_38_46_467.jpg,E:\IMG\left_2025_12_07_01_38_46_467.jpg,E:\IMG\right_2025_12_07_01_38_46_467.jpg,0,1,0,30.1903
E:\IMG\center_2025_12_07_01_38_46_543.jpg,E:\IMG\left_2025_12_07_01_38_46_543.jpg,E:\IMG\right_2025_12_07_01_38_46_543.jpg,0,1,0,30.19065
E:\IMG\center_2025_12_07_01_38_46_616.jpg,E:\IMG\left_2025_12_07_01_38_46_616.jpg,E:\IMG\right_2025_12_07_01_38_46_616.jpg,0,1,0,30.19032
E:\IMG\center_2025_12_07_01_38_46_694.jpg,E:\IMG\left_2025_12_07_01_38_46_694.jpg,E:\IMG\right_2025_12_07_01_38_46_694.jpg,0,1,0,30.19028
E:\IMG\center_2025_12_07_01_38_46_774.jpg,E:\IMG\left_2025_12_07_01_38_46_774.jpg,E:\IMG\right_2025_12_07_01_38_46_774.jpg,-0.15,1,0,30.18426
E:\IMG\center_2025_12_07_01_38_46_866.jpg,E:\IMG\left_2025_12_07_01_38_46_866.jpg,E:\IMG\right_2025_12_07_01_38_46_866.jpg,0,1,0,30.18935
E:\IMG\center_2025_12_07_01_38_46_938.jpg,E:\IMG\left_2025_12_07_01_38_46_938.jpg,E:\IMG\right_2025_12_07_01_38_46_938.jpg,0,1,0,30.19017
E:\IMG\center_2025_12_07_01_38_47_011.jpg,E:\IMG\left_2025_12_07_01_38_47_011.jpg,E:\IMG\right_2025_12_07_01_38_47_011.jpg,0,1,0,30.19024
E:\IMG\center_2025_12_07_01_38_47_088.jpg,E:\IMG\left_2025_12_07_01_38_47_088.jpg,E:\IMG\right_2025_12_07_01_38_47_088.jpg,-0.1,1,0,30.18818
E:\IMG\center_2025_12_07_01_38_47_157.jpg,E:\IMG\left_2025_12_07_01_38_47_157.jpg,E:\IMG\right_2025_12_07_01_38_47_157.jpg,-0.25,1,0,30.17554
E:\IMG\center_2025_12_07_01_38_47_229.jpg,E:\IMG\left_2025_12_07_01_38_47_229.jpg,E:\IMG\right_2025_12_07_01_38_47_229.jpg,0,1,0,30.18993
E:\IMG\center_2025_12_07_01_38_47_298.jpg,E:\IMG\left_2025_12_07_01_38_47_298.jpg,E:\IMG\right_2025_12_07_01_38_47_298.jpg,0,1,0,30.18951
E:\IMG\center_2025_12_07_01_38_47_368.jpg,E:\IMG\left_2025_12_07_01_38_47_368.jpg,E:\IMG\right_2025_12_07_01_38_47_368.jpg,0,1,0,30.19013
E:\IMG\center_2025_12_07_01_38_47_441.jpg,E:\IMG\left_2025_12_07_01_38_47_441.jpg,E:\IMG\right_2025_12_07_01_38_47_441.jpg,0,1,0,30.19065
E:\IMG\center_2025_12_07_01_38_47_512.jpg,E:\IMG\left_2025_12_07_01_38_47_512.jpg,E:\IMG\right_2025_12_07_01_38_47_512.jpg,0,1,0,30.19029
E:\IMG\center_2025_12_07_01_38_47_581.jpg,E:\IMG\left_2025_12_07_01_38_47_581.jpg,E:\IMG\right_2025_12_07_01_38_47_581.jpg,-0.05,1,0,30.18982
E:\IMG\center_2025_12_07_01_38_47_654.jpg,E:\IMG\left_2025_12_07_01_38_47_654.jpg,E:\IMG\right_2025_12_07_01_38_47_654.jpg,0,1,0,30.18782
E:\IMG\center_2025_12_07_01_38_47_722.jpg,E:\IMG\left_2025_12_07_01_38_47_722.jpg,E:\IMG\right_2025_12_07_01_38_47_722.jpg,0,1,0,30.1903
E:\IMG\center_2025_12_07_01_38_47_790.jpg,E:\IMG\left_2025_12_07_01_38_47_790.jpg,E:\IMG\right_2025_12_07_01_38_47_790.jpg,0,1,0,30.19027
E:\IMG\center_2025_12_07_01_38_47_881.jpg,E:\IMG\left_2025_12_07_01_38_47_881.jpg,E:\IMG\right_2025_12_07_01_38_47_881.jpg,0,1,0,30.19029
E:\IMG\center_2025_12_07_01_38_47_954.jpg,E:\IMG\left_2025_12_07_01_38_47_954.jpg,E:\IMG\right_2025_12_07_01_38_47_954.jpg,0,1,0,30.19026
E:\IMG\center_2025_12_07_01_38_48_023.jpg,E:\IMG\left_2025_12_07_01_38_48_023.jpg,E:\IMG\right_2025_12_07_01_38_48_023.jpg,0,1,0,30.19026
E:\IMG\center_2025_12_07_01_38_48_116.jpg,E:\IMG\left_2025_12_07_01_38_48_116.jpg,E:\IMG\right_2025_12_07_01_38_48_116.jpg,0,1,0,30.19032
E:\IMG\center_2025_12_07_01_38_48_201.jpg,E:\IMG\left_2025_12_07_01_38_48_201.jpg,E:\IMG\right_2025_12_07_01_38_48_201.jpg,-0.15,1,0,30.18426
E:\IMG\center_2025_12_07_01_38_48_288.jpg,E:\IMG\left_2025_12_07_01_38_48_288.jpg,E:\IMG\right_2025_12_07_01_38_48_288.jpg,-0.4,1,0,30.15746
E:\IMG\center_2025_12_07_01_38_48_378.jpg,E:\IMG\left_2025_12_07_01_38_48_378.jpg,E:\IMG\right_2025_12_07_01_38_48_378.jpg,0,1,0,30.18902
E:\IMG\center_2025_12_07_01_38_48_447.jpg,E:\IMG\left_2025_12_07_01_38_48_447.jpg,E:\IMG\right_2025_12_07_01_38_48_447.jpg,0,1,0,30.18994
E:\IMG\center_2025_12_07_01_38_48_516.jpg,E:\IMG\left_2025_12_07_01_38_48_516.jpg,E:\IMG\right_2025_12_07_01_38_48_516.jpg,0,1,0,30.19012
E:\IMG\center_2025_12_07_01_38_48_599.jpg,E:\IMG\left_2025_12_07_01_38_48_599.jpg,E:\IMG\right_2025_12_07_01_38_48_599.jpg,0,1,0,30.19026
E:\IMG\center_2025_12_07_01_38_48_687.jpg,E:\IMG\left_2025_12_07_01_38_48_687.jpg,E:\IMG\right_2025_12_07_01_38_48_687.jpg,0,1,0,30.19062
E:\IMG\center_2025_12_07_01_38_48_777.jpg,E:\IMG\left_2025_12_07_01_38_48_777.jpg,E:\IMG\right_2025_12_07_01_38_48_777.jpg,-0.2,1,0,30.18015
E:\IMG\center_2025_12_07_01_38_48_863.jpg,E:\IMG\left_2025_12_07_01_38_48_863.jpg,E:\IMG\right_2025_12_07_01_38_48_863.jpg,0,1,0,30.19065
E:\IMG\center_2025_12_07_01_38_48_951.jpg,E:\IMG\left_2025_12_07_01_38_48_951.jpg,E:\IMG\right_2025_12_07_01_38_48_951.jpg,0,1,0,30.19008
E:\IMG\center_2025_12_07_01_38_49_020.jpg,E:\IMG\left_2025_12_07_01_38_49_020.jpg,E:\IMG\right_2025_12_07_01_38_49_020.jpg,0,1,0,30.19028
E:\IMG\center_2025_12_07_01_38_49_106.jpg,E:\IMG\left_2025_12_07_01_38_49_106.jpg,E:\IMG\right_2025_12_07_01_38_49_106.jpg,0,1,0,30.19031
E:\IMG\center_2025_12_07_01_38_49_190.jpg,E:\IMG\left_2025_12_07_01_38_49_190.jpg,E:\IMG\right_2025_12_07_01_38_49_190.jpg,0,1,0,30.19031
E:\IMG\center_2025_12_07_01_38_49_278.jpg,E:\IMG\left_2025_12_07_01_38_49_278.jpg,E:\IMG\right_2025_12_07_01_38_49_278.jpg,0,1,0,30.19027
E:\IMG\center_2025_12_07_01_38_49_364.jpg,E:\IMG\left_2025_12_07_01_38_49_364.jpg,E:\IMG\right_2025_12_07_01_38_49_364.jpg,0,0.8822095,0,30.1903
E:\IMG\center_2025_12_07_01_38_49_430.jpg,E:\IMG\left_2025_12_07_01_38_49_430.jpg,E:\IMG\right_2025_12_07_01_38_49_430.jpg,0,0.6806947,0,30.11231
E:\IMG\center_2025_12_07_01_38_49_514.jpg,E:\IMG\left_2025_12_07_01_38_49_514.jpg,E:\IMG\right_2025_12_07_01_38_49_514.jpg,-0.1,0.43153,0,30.05179
E:\IMG\center_2025_12_07_01_38_49_582.jpg,E:\IMG\left_2025_12_07_01_38_49_582.jpg,E:\IMG\right_2025_12_07_01_38_49_582.jpg,-0.25,0.3561832,0,29.99241
E:\IMG\center_2025_12_07_01_38_49_665.jpg,E:\IMG\left_2025_12_07_01_38_49_665.jpg,E:\IMG\right_2025_12_07_01_38_49_665.jpg,0,0.6081823,0,30.07701
E:\IMG\center_2025_12_07_01_38_49_751.jpg,E:\IMG\left_2025_12_07_01_38_49_751.jpg,E:\IMG\right_2025_12_07_01_38_49_751.jpg,0,0.8645725,0,30.14262
E:\IMG\center_2025_12_07_01_38_49_834.jpg,E:\IMG\left_2025_12_07_01_38_49_834.jpg,E:\IMG\right_2025_12_07_01_38_49_834.jpg,0,1,0,30.18956
E:\IMG\center_2025_12_07_01_38_49_903.jpg,E:\IMG\left_2025_12_07_01_38_49_903.jpg,E:\IMG\right_2025_12_07_01_38_49_903.jpg,-0.15,1,0,30.18478
E:\IMG\center_2025_12_07_01_38_49_988.jpg,E:\IMG\left_2025_12_07_01_38_49_988.jpg,E:\IMG\right_2025_12_07_01_38_49_988.jpg,0,0.8061649,0,30.13117
E:\IMG\center_2025_12_07_01_38_50_057.jpg,E:\IMG\left_2025_12_07_01_38_50_057.jpg,E:\IMG\right_2025_12_07_01_38_50_057.jpg,0,0.6009545,0,30.10697
E:\IMG\center_2025_12_07_01_38_50_131.jpg,E:\IMG\left_2025_12_07_01_38_50_131.jpg,E:\IMG\right_2025_12_07_01_38_50_131.jpg,0,0.3782359,0,30.04322
E:\IMG\center_2025_12_07_01_38_50_212.jpg,E:\IMG\left_2025_12_07_01_38_50_212.jpg,E:\IMG\right_2025_12_07_01_38_50_212.jpg,0,0.6242989,0,30.08834
E:\IMG\center_2025_12_07_01_38_50_297.jpg,E:\IMG\left_2025_12_07_01_38_50_297.jpg,E:\IMG\right_2025_12_07_01_38_50_297.jpg,0,0.8770264,0,30.14431
E:\IMG\center_2025_12_07_01_38_50_376.jpg,E:\IMG\left_2025_12_07_01_38_50_376.jpg,E:\IMG\right_2025_12_07_01_38_50_376.jpg,-0.2,1,0,30.179
E:\IMG\center_2025_12_07_01_38_50_460.jpg,E:\IMG\left_2025_12_07_01_38_50_460.jpg,E:\IMG\right_2025_12_07_01_38_50_460.jpg,-0.4,1,0,30.15778
E:\IMG\center_2025_12_07_01_38_50_539.jpg,E:\IMG\left_2025_12_07_01_38_50_539.jpg,E:\IMG\right_2025_12_07_01_38_50_539.jpg,0,0.8125378,0,30.14075
E:\IMG\center_2025_12_07_01_38_50_617.jpg,E:\IMG\left_2025_12_07_01_38_50_617.jpg,E:\IMG\right_2025_12_07_01_38_50_617.jpg,0,0.5802634,0,30.09216
E:\IMG\center_2025_12_07_01_38_50_698.jpg,E:\IMG\left_2025_12_07_01_38_50_698.jpg,E:\IMG\right_2025_12_07_01_38_50_698.jpg,0,0.5717746,0,30.07441
E:\IMG\center_2025_12_07_01_38_50_770.jpg,E:\IMG\left_2025_12_07_01_38_50_770.jpg,E:\IMG\right_2025_12_07_01_38_50_770.jpg,0,0.7915546,0,30.12754
E:\IMG\center_2025_12_07_01_38_50_857.jpg,E:\IMG\left_2025_12_07_01_38_50_857.jpg,E:\IMG\right_2025_12_07_01_38_50_857.jpg,0,1,0,30.18496
E:\IMG\center_2025_12_07_01_38_50_930.jpg,E:\IMG\left_2025_12_07_01_38_50_930.jpg,E:\IMG\right_2025_12_07_01_38_50_930.jpg,0,1,0,30.19022
E:\IMG\center_2025_12_07_01_38_51_008.jpg,E:\IMG\left_2025_12_07_01_38_51_008.jpg,E:\IMG\right_2025_12_07_01_38_51_008.jpg,0,1,0,30.19029
E:\IMG\center_2025_12_07_01_38_51_076.jpg,E:\IMG\left_2025_12_07_01_38_51_076.jpg,E:\IMG\right_2025_12_07_01_38_51_076.jpg,0,1,0,30.19028
E:\IMG\center_2025_12_07_01_38_51_153.jpg,E:\IMG\left_2025_12_07_01_38_51_153.jpg,E:\IMG\right_2025_12_07_01_38_51_153.jpg,0,1,0,30.19025
E:\IMG\center_2025_12_07_01_38_51_228.jpg,E:\IMG\left_2025_12_07_01_38_51_228.jpg,E:\IMG\right_2025_12_07_01_38_51_228.jpg,-0.15,1,0,30.18473
E:\IMG\center_2025_12_07_01_38_51_307.jpg,E:\IMG\left_2025_12_07_01_38_51_307.jpg,E:\IMG\right_2025_12_07_01_38_51_307.jpg,-0.35,0.762997,0,30.11597
E:\IMG\center_2025_12_07_01_38_51_382.jpg,E:\IMG\left_2025_12_07_01_38_51_382.jpg,E:\IMG\right_2025_12_07_01_38_51_382.jpg,0,0.5896765,0,30.07511
E:\IMG\center_2025_12_07_01_38_51_458.jpg,E:\IMG\left_2025_12_07_01_38_51_458.jpg,E:\IMG\right_2025_12_07_01_38_51_458.jpg,0,0.4256149,0,30.01831
E:\IMG\center_2025_12_07_01_38_51_530.jpg,E:\IMG\left_2025_12_07_01_38_51_530.jpg,E:\IMG\right_2025_12_07_01_38_51_530.jpg,0,0.6422793,0,30.08774
E:\IMG\center_2025_12_07_01_38_51_606.jpg,E:\IMG\left_2025_12_07_01_38_51_606.jpg,E:\IMG\right_2025_12_07_01_38_51_606.jpg,0,0.8686905,0,30.14706
E:\IMG\center_2025_12_07_01_38_51_679.jpg,E:\IMG\left_2025_12_07_01_38_51_679.jpg,E:\IMG\right_2025_12_07_01_38_51_679.jpg,-0.05,1,0,30.1873
E:\IMG\center_2025_12_07_01_38_51_759.jpg,E:\IMG\left_2025_12_07_01_38_51_759.jpg,E:\IMG\right_2025_12_07_01_38_51_759.jpg,-0.25,1,0,30.17529
E:\IMG\center_2025_12_07_01_38_51_826.jpg,E:\IMG\left_2025_12_07_01_38_51_826.jpg,E:\IMG\right_2025_12_07_01_38_51_826.jpg,-0.45,0.8887132,0,30.13367
E:\IMG\center_2025_12_07_01_38_51_902.jpg,E:\IMG\left_2025_12_07_01_38_51_902.jpg,E:\IMG\right_2025_12_07_01_38_51_902.jpg,0,0.7045675,0,30.12559
E:\IMG\center_2025_12_07_01_38_51_973.jpg,E:\IMG\left_2025_12_07_01_38_51_973.jpg,E:\IMG\right_2025_12_07_01_38_51_973.jpg,0,0.6646399,0,30.0983
E:\IMG\center_2025_12_07_01_38_52_044.jpg,E:\IMG\left_2025_12_07_01_38_52_044.jpg,E:\IMG\right_2025_12_07_01_38_52_044.jpg,0,0.8774521,0,30.14957
E:\IMG\center_2025_12_07_01_38_52_116.jpg,E:\IMG\left_2025_12_07_01_38_52_116.jpg,E:\IMG\right_2025_12_07_01_38_52_116.jpg,0,1,0,30.18944
E:\IMG\center_2025_12_07_01_38_52_185.jpg,E:\IMG\left_2025_12_07_01_38_52_185.jpg,E:\IMG\right_2025_12_07_01_38_52_185.jpg,0,1,0,30.19024
E:\IMG\center_2025_12_07_01_38_52_260.jpg,E:\IMG\left_2025_12_07_01_38_52_260.jpg,E:\IMG\right_2025_12_07_01_38_52_260.jpg,0,1,0,30.19027
E:\IMG\center_2025_12_07_01_38_52_340.jpg,E:\IMG\left_2025_12_07_01_38_52_340.jpg,E:\IMG\right_2025_12_07_01_38_52_340.jpg,0,1,0,30.19031
E:\IMG\center_2025_12_07_01_38_52_409.jpg,E:\IMG\left_2025_12_07_01_38_52_409.jpg,E:\IMG\right_2025_12_07_01_38_52_409.jpg,-0.2,1,0,30.18
E:\IMG\center_2025_12_07_01_38_52_478.jpg,E:\IMG\left_2025_12_07_01_38_52_478.jpg,E:\IMG\right_2025_12_07_01_38_52_478.jpg,-0.35,0.9526537,0,30.16362
E:\IMG\center_2025_12_07_01_38_52_551.jpg,E:\IMG\left_2025_12_07_01_38_52_551.jpg,E:\IMG\right_2025_12_07_01_38_52_551.jpg,0,0.7337475,0,30.13333
E:\IMG\center_2025_12_07_01_38_52_620.jpg,E:\IMG\left_2025_12_07_01_38_52_620.jpg,E:\IMG\right_2025_12_07_01_38_52_620.jpg,0,0.5727523,0,30.08973
E:\IMG\center_2025_12_07_01_38_52_695.jpg,E:\IMG\left_2025_12_07_01_38_52_695.jpg,E:\IMG\right_2025_12_07_01_38_52_695.jpg,-0.05,0.3044767,0,30.02607
E:\IMG\center_2025_12_07_01_38_52_776.jpg,E:\IMG\left_2025_12_07_01_38_52_776.jpg,E:\IMG\right_2025_12_07_01_38_52_776.jpg,-0.25,0.06031393,0,29.9216
E:\IMG\center_2025_12_07_01_38_52_852.jpg,E:\IMG\left_2025_12_07_01_38_52_852.jpg,E:\IMG\right_2025_12_07_01_38_52_852.jpg,0,0.0485799,0,29.64195
E:\IMG\center_2025_12_07_01_38_52_924.jpg,E:\IMG\left_2025_12_07_01_38_52_924.jpg,E:\IMG\right_2025_12_07_01_38_52_924.jpg,0,0.2660295,0,29.55878
E:\IMG\center_2025_12_07_01_38_52_997.jpg,E:\IMG\left_2025_12_07_01_38_52_997.jpg,E:\IMG\right_2025_12_07_01_38_52_997.jpg,0,0.4434384,0,29.63322
E:\IMG\center_2025_12_07_01_38_53_064.jpg,E:\IMG\left_2025_12_07_01_38_53_064.jpg,E:\IMG\right_2025_12_07_01_38_53_064.jpg,0,0.6871194,0,29.94395
E:\IMG\center_2025_12_07_01_38_53_134.jpg,E:\IMG\left_2025_12_07_01_38_53_134.jpg,E:\IMG\right_2025_12_07_01_38_53_134.jpg,-0.05,0.8944041,0,30.1531
E:\IMG\center_2025_12_07_01_38_53_217.jpg,E:\IMG\left_2025_12_07_01_38_53_217.jpg,E:\IMG\right_2025_12_07_01_38_53_217.jpg,-0.25,0.8416179,0,30.14036
E:\IMG\center_2025_12_07_01_38_53_300.jpg,E:\IMG\left_2025_12_07_01_38_53_300.jpg,E:\IMG\right_2025_12_07_01_38_53_300.jpg,-0.45,0.6418371,0,30.07195
E:\IMG\center_2025_12_07_01_38_53_369.jpg,E:\IMG\left_2025_12_07_01_38_53_369.jpg,E:\IMG\right_2025_12_07_01_38_53_369.jpg,0,0.387408,0,30.03533
E:\IMG\center_2025_12_07_01_38_53_451.jpg,E:\IMG\left_2025_12_07_01_38_53_451.jpg,E:\IMG\right_2025_12_07_01_38_53_451.jpg,0,0.5351496,0,30.05874
E:\IMG\center_2025_12_07_01_38_53_532.jpg,E:\IMG\left_2025_12_07_01_38_53_532.jpg,E:\IMG\right_2025_12_07_01_38_53_532.jpg,0,0.7809767,0,30.12871
E:\IMG\center_2025_12_07_01_38_53_599.jpg,E:\IMG\left_2025_12_07_01_38_53_599.jpg,E:\IMG\right_2025_12_07_01_38_53_599.jpg,0,0.9819278,0,30.16385
E:\IMG\center_2025_12_07_01_38_53_683.jpg,E:\IMG\left_2025_12_07_01_38_53_683.jpg,E:\IMG\right_2025_12_07_01_38_53_683.jpg,0,1,0,30.19027
E:\IMG\center_2025_12_07_01_38_53_759.jpg,E:\IMG\left_2025_12_07_01_38_53_759.jpg,E:\IMG\right_2025_12_07_01_38_53_759.jpg,0,1,0,30.19028
E:\IMG\center_2025_12_07_01_38_53_840.jpg,E:\IMG\left_2025_12_07_01_38_53_840.jpg,E:\IMG\right_2025_12_07_01_38_53_840.jpg,0,1,0,30.19029
E:\IMG\center_2025_12_07_01_38_53_926.jpg,E:\IMG\left_2025_12_07_01_38_53_926.jpg,E:\IMG\right_2025_12_07_01_38_53_926.jpg,-0.2,1,0,30.17995
E:\IMG\center_2025_12_07_01_38_54_000.jpg,E:\IMG\left_2025_12_07_01_38_54_000.jpg,E:\IMG\right_2025_12_07_01_38_54_000.jpg,-0.35,1,0,30.16348
E:\IMG\center_2025_12_07_01_38_54_085.jpg,E:\IMG\left_2025_12_07_01_38_54_085.jpg,E:\IMG\right_2025_12_07_01_38_54_085.jpg,-0.6000001,0.8458732,0,30.10741
E:\IMG\center_2025_12_07_01_38_54_161.jpg,E:\IMG\left_2025_12_07_01_38_54_161.jpg,E:\IMG\right_2025_12_07_01_38_54_161.jpg,0,0.659251,0,30.10981
E:\IMG\center_2025_12_07_01_38_54_243.jpg,E:\IMG\left_2025_12_07_01_38_54_243.jpg,E:\IMG\right_2025_12_07_01_38_54_243.jpg,0,0.7106983,0,30.10625
E:\IMG\center_2025_12_07_01_38_54_322.jpg,E:\IMG\left_2025_12_07_01_38_54_322.jpg,E:\IMG\right_2025_12_07_01_38_54_322.jpg,0,0.9501706,0,30.16788
E:\IMG\center_2025_12_07_01_38_54_402.jpg,E:\IMG\left_2025_12_07_01_38_54_402.jpg,E:\IMG\right_2025_12_07_01_38_54_402.jpg,0,1,0,30.19056
E:\IMG\center_2025_12_07_01_38_54_479.jpg,E:\IMG\left_2025_12_07_01_38_54_479.jpg,E:\IMG\right_2025_12_07_01_38_54_479.jpg,-0.2,1,0,30.18131
E:\IMG\center_2025_12_07_01_38_54_557.jpg,E:\IMG\left_2025_12_07_01_38_54_557.jpg,E:\IMG\right_2025_12_07_01_38_54_557.jpg,-0.4,1,0,30.15867
E:\IMG\center_2025_12_07_01_38_54_637.jpg,E:\IMG\left_2025_12_07_01_38_54_637.jpg,E:\IMG\right_2025_12_07_01_38_54_637.jpg,-0.6000001,0.858619,0,30.119
E:\IMG\center_2025_12_07_01_38_54_716.jpg,E:\IMG\left_2025_12_07_01_38_54_716.jpg,E:\IMG\right_2025_12_07_01_38_54_716.jpg,0,0.6172673,0,30.1097
E:\IMG\center_2025_12_07_01_38_54_793.jpg,E:\IMG\left_2025_12_07_01_38_54_793.jpg,E:\IMG\right_2025_12_07_01_38_54_793.jpg,0,0.3905236,0,30.04084
E:\IMG\center_2025_12_07_01_38_54_879.jpg,E:\IMG\left_2025_12_07_01_38_54_879.jpg,E:\IMG\right_2025_12_07_01_38_54_879.jpg,0,0.3923128,0,30.02605
E:\IMG\center_2025_12_07_01_38_54_957.jpg,E:\IMG\left_2025_12_07_01_38_54_957.jpg,E:\IMG\right_2025_12_07_01_38_54_957.jpg,0,0.6265441,0,30.08532
E:\IMG\center_2025_12_07_01_38_55_031.jpg,E:\IMG\left_2025_12_07_01_38_55_031.jpg,E:\IMG\right_2025_12_07_01_38_55_031.jpg,0,0.8511406,0,30.14356
E:\IMG\center_2025_12_07_01_38_55_102.jpg,E:\IMG\left_2025_12_07_01_38_55_102.jpg,E:\IMG\right_2025_12_07_01_38_55_102.jpg,0,1,0,30.18858
E:\IMG\center_2025_12_07_01_38_55_173.jpg,E:\IMG\left_2025_12_07_01_38_55_173.jpg,E:\IMG\right_2025_12_07_01_38_55_173.jpg,0,1,0,30.19034
E:\IMG\center_2025_12_07_01_38_55_246.jpg,E:\IMG\left_2025_12_07_01_38_55_246.jpg,E:\IMG\right_2025_12_07_01_38_55_246.jpg,-0.15,1,0,30.18426
E:\IMG\center_2025_12_07_01_38_55_321.jpg,E:\IMG\left_2025_12_07_01_38_55_321.jpg,E:\IMG\right_2025_12_07_01_38_55_321.jpg,-0.3,1,0,30.1693
E:\IMG\center_2025_12_07_01_38_55_388.jpg,E:\IMG\left_2025_12_07_01_38_55_388.jpg,E:\IMG\right_2025_12_07_01_38_55_388.jpg,-0.5000001,1,0,30.14537
E:\IMG\center_2025_12_07_01_38_55_468.jpg,E:\IMG\left_2025_12_07_01_38_55_468.jpg,E:\IMG\right_2025_12_07_01_38_55_468.jpg,0,0.9010426,0,30.17264
E:\IMG\center_2025_12_07_01_38_55_549.jpg,E:\IMG\left_2025_12_07_01_38_55_549.jpg,E:\IMG\right_2025_12_07_01_38_55_549.jpg,0,0.6590039,0,30.11426
E:\IMG\center_2025_12_07_01_38_55_629.jpg,E:\IMG\left_2025_12_07_01_38_55_629.jpg,E:\IMG\right_2025_12_07_01_38_55_629.jpg,0,0.5138236,0,30.05365
E:\IMG\center_2025_12_07_01_38_55_710.jpg,E:\IMG\left_2025_12_07_01_38_55_710.jpg,E:\IMG\right_2025_12_07_01_38_55_710.jpg,0,0.7573711,0,30.11462
E:\IMG\center_2025_12_07_01_38_55_794.jpg,E:\IMG\left_2025_12_07_01_38_55_794.jpg,E:\IMG\right_2025_12_07_01_38_55_794.jpg,0,1,0,30.1783
E:\IMG\center_2025_12_07_01_38_55_874.jpg,E:\IMG\left_2025_12_07_01_38_55_874.jpg,E:\IMG\right_2025_12_07_01_38_55_874.jpg,0,1,0,30.19013
E:\IMG\center_2025_12_07_01_38_55_954.jpg,E:\IMG\left_2025_12_07_01_38_55_954.jpg,E:\IMG\right_2025_12_07_01_38_55_954.jpg,-0.1,1,0,30.18776
E:\IMG\center_2025_12_07_01_38_56_024.jpg,E:\IMG\left_2025_12_07_01_38_56_024.jpg,E:\IMG\right_2025_12_07_01_38_56_024.jpg,-0.3,1,0,30.1693
E:\IMG\center_2025_12_07_01_38_56_092.jpg,E:\IMG\left_2025_12_07_01_38_56_092.jpg,E:\IMG\right_2025_12_07_01_38_56_092.jpg,-0.45,1,0,30.15154
E:\IMG\center_2025_12_07_01_38_56_168.jpg,E:\IMG\left_2025_12_07_01_38_56_168.jpg,E:\IMG\right_2025_12_07_01_38_56_168.jpg,0,0.8560357,0,30.15996
E:\IMG\center_2025_12_07_01_38_56_236.jpg,E:\IMG\left_2025_12_07_01_38_56_236.jpg,E:\IMG\right_2025_12_07_01_38_56_236.jpg,0,0.6534472,0,30.10802
E:\IMG\center_2025_12_07_01_38_56_318.jpg,E:\IMG\left_2025_12_07_01_38_56_318.jpg,E:\IMG\right_2025_12_07_01_38_56_318.jpg,0,0.8059777,0,30.11825
E:\IMG\center_2025_12_07_01_38_56_401.jpg,E:\IMG\left_2025_12_07_01_38_56_401.jpg,E:\IMG\right_2025_12_07_01_38_56_401.jpg,0,1,0,30.17872
E:\IMG\center_2025_12_07_01_38_56_485.jpg,E:\IMG\left_2025_12_07_01_38_56_485.jpg,E:\IMG\right_2025_12_07_01_38_56_485.jpg,-0.05,1,0,30.18985
E:\IMG\center_2025_12_07_01_38_56_566.jpg,E:\IMG\left_2025_12_07_01_38_56_566.jpg,E:\IMG\right_2025_12_07_01_38_56_566.jpg,-0.25,1,0,30.17523
E:\IMG\center_2025_12_07_01_38_56_649.jpg,E:\IMG\left_2025_12_07_01_38_56_649.jpg,E:\IMG\right_2025_12_07_01_38_56_649.jpg,-0.45,1,0,30.15177
E:\IMG\center_2025_12_07_01_38_56_732.jpg,E:\IMG\left_2025_12_07_01_38_56_732.jpg,E:\IMG\right_2025_12_07_01_38_56_732.jpg,0,0.8514634,0,30.15851
E:\IMG\center_2025_12_07_01_38_56_816.jpg,E:\IMG\left_2025_12_07_01_38_56_816.jpg,E:\IMG\right_2025_12_07_01_38_56_816.jpg,0,0.5994814,0,30.09507
E:\IMG\center_2025_12_07_01_38_56_900.jpg,E:\IMG\left_2025_12_07_01_38_56_900.jpg,E:\IMG\right_2025_12_07_01_38_56_900.jpg,0,0.4642765,0,30.03235
E:\IMG\center_2025_12_07_01_38_56_969.jpg,E:\IMG\left_2025_12_07_01_38_56_969.jpg,E:\IMG\right_2025_12_07_01_38_56_969.jpg,0,0.6707311,0,30.0971
E:\IMG\center_2025_12_07_01_38_57_037.jpg,E:\IMG\left_2025_12_07_01_38_57_037.jpg,E:\IMG\right_2025_12_07_01_38_57_037.jpg,-0.05,0.8766711,0,30.1361
E:\IMG\center_2025_12_07_01_38_57_109.jpg,E:\IMG\left_2025_12_07_01_38_57_109.jpg,E:\IMG\right_2025_12_07_01_38_57_109.jpg,-0.25,1,0,30.17625
E:\IMG\center_2025_12_07_01_38_57_176.jpg,E:\IMG\left_2025_12_07_01_38_57_176.jpg,E:\IMG\right_2025_12_07_01_38_57_176.jpg,0,1,0,30.18943
E:\IMG\center_2025_12_07_01_38_57_244.jpg,E:\IMG\left_2025_12_07_01_38_57_244.jpg,E:\IMG\right_2025_12_07_01_38_57_244.jpg,0,1,0,30.19023
E:\IMG\center_2025_12_07_01_38_57_312.jpg,E:\IMG\left_2025_12_07_01_38_57_312.jpg,E:\IMG\right_2025_12_07_01_38_57_312.jpg,0,1,0,30.19028
E:\IMG\center_2025_12_07_01_38_57_384.jpg,E:\IMG\left_2025_12_07_01_38_57_384.jpg,E:\IMG\right_2025_12_07_01_38_57_384.jpg,0,1,0,30.19029
E:\IMG\center_2025_12_07_01_38_57_451.jpg,E:\IMG\left_2025_12_07_01_38_57_451.jpg,E:\IMG\right_2025_12_07_01_38_57_451.jpg,0,1,0,30.19029
E:\IMG\center_2025_12_07_01_38_57_520.jpg,E:\IMG\left_2025_12_07_01_38_57_520.jpg,E:\IMG\right_2025_12_07_01_38_57_520.jpg,0,1,0,30.19034
E:\IMG\center_2025_12_07_01_38_57_594.jpg,E:\IMG\left_2025_12_07_01_38_57_594.jpg,E:\IMG\right_2025_12_07_01_38_57_594.jpg,0,1,0,30.18997
E:\IMG\center_2025_12_07_01_38_57_665.jpg,E:\IMG\left_2025_12_07_01_38_57_665.jpg,E:\IMG\right_2025_12_07_01_38_57_665.jpg,0,1,0,30.19025
E:\IMG\center_2025_12_07_01_38_57_755.jpg,E:\IMG\left_2025_12_07_01_38_57_755.jpg,E:\IMG\right_2025_12_07_01_38_57_755.jpg,-0.2,1,0,30.17981
E:\IMG\center_2025_12_07_01_38_57_842.jpg,E:\IMG\left_2025_12_07_01_38_57_842.jpg,E:\IMG\right_2025_12_07_01_38_57_842.jpg,0,1,0,30.19082
E:\IMG\center_2025_12_07_01_38_57_915.jpg,E:\IMG\left_2025_12_07_01_38_57_915.jpg,E:\IMG\right_2025_12_07_01_38_57_915.jpg,0,1,0,30.19004
E:\IMG\center_2025_12_07_01_38_57_994.jpg,E:\IMG\left_2025_12_07_01_38_57_994.jpg,E:\IMG\right_2025_12_07_01_38_57_994.jpg,0,1,0,30.19023
E:\IMG\center_2025_12_07_01_38_58_077.jpg,E:\IMG\left_2025_12_07_01_38_58_077.jpg,E:\IMG\right_2025_12_07_01_38_58_077.jpg,0,1,0,30.1903
E:\IMG\center_2025_12_07_01_38_58_142.jpg,E:\IMG\left_2025_12_07_01_38_58_142.jpg,E:\IMG\right_2025_12_07_01_38_58_142.jpg,0,1,0,30.19028
E:\IMG\center_2025_12_07_01_38_58_222.jpg,E:\IMG\left_2025_12_07_01_38_58_222.jpg,E:\IMG\right_2025_12_07_01_38_58_222.jpg,0,1,0,30.19029
E:\IMG\center_2025_12_07_01_38_58_304.jpg,E:\IMG\left_2025_12_07_01_38_58_304.jpg,E:\IMG\right_2025_12_07_01_38_58_304.jpg,0,1,0,30.19044
E:\IMG\center_2025_12_07_01_38_58_376.jpg,E:\IMG\left_2025_12_07_01_38_58_376.jpg,E:\IMG\right_2025_12_07_01_38_58_376.jpg,0,1,0,30.19029
E:\IMG\center_2025_12_07_01_38_58_449.jpg,E:\IMG\left_2025_12_07_01_38_58_449.jpg,E:\IMG\right_2025_12_07_01_38_58_449.jpg,0,1,0,30.1903
E:\IMG\center_2025_12_07_01_38_58_518.jpg,E:\IMG\left_2025_12_07_01_38_58_518.jpg,E:\IMG\right_2025_12_07_01_38_58_518.jpg,0,1,0,30.19032
E:\IMG\center_2025_12_07_01_38_58_595.jpg,E:\IMG\left_2025_12_07_01_38_58_595.jpg,E:\IMG\right_2025_12_07_01_38_58_595.jpg,-0.1,1,0,30.18767
E:\IMG\center_2025_12_07_01_38_58_666.jpg,E:\IMG\left_2025_12_07_01_38_58_666.jpg,E:\IMG\right_2025_12_07_01_38_58_666.jpg,0,1,0,30.18596
E:\IMG\center_2025_12_07_01_38_58_735.jpg,E:\IMG\left_2025_12_07_01_38_58_735.jpg,E:\IMG\right_2025_12_07_01_38_58_735.jpg,0,1,0,30.19014
E:\IMG\center_2025_12_07_01_38_58_807.jpg,E:\IMG\left_2025_12_07_01_38_58_807.jpg,E:\IMG\right_2025_12_07_01_38_58_807.jpg,0,1,0,30.1902
E:\IMG\center_2025_12_07_01_38_58_887.jpg,E:\IMG\left_2025_12_07_01_38_58_887.jpg,E:\IMG\right_2025_12_07_01_38_58_887.jpg,0,1,0,30.19029
E:\IMG\center_2025_12_07_01_38_58_970.jpg,E:\IMG\left_2025_12_07_01_38_58_970.jpg,E:\IMG\right_2025_12_07_01_38_58_970.jpg,0,1,0,30.19028
E:\IMG\center_2025_12_07_01_38_59_039.jpg,E:\IMG\left_2025_12_07_01_38_59_039.jpg,E:\IMG\right_2025_12_07_01_38_59_039.jpg,0,1,0,30.19027
E:\IMG\center_2025_12_07_01_38_59_111.jpg,E:\IMG\left_2025_12_07_01_38_59_111.jpg,E:\IMG\right_2025_12_07_01_38_59_111.jpg,-0.2,1,0,30.18004
E:\IMG\center_2025_12_07_01_38_59_186.jpg,E:\IMG\left_2025_12_07_01_38_59_186.jpg,E:\IMG\right_2025_12_07_01_38_59_186.jpg,-0.4,1,0,30.15768
E:\IMG\center_2025_12_07_01_38_59_254.jpg,E:\IMG\left_2025_12_07_01_38_59_254.jpg,E:\IMG\right_2025_12_07_01_38_59_254.jpg,0,1,0,30.17726
E:\IMG\center_2025_12_07_01_38_59_327.jpg,E:\IMG\left_2025_12_07_01_38_59_327.jpg,E:\IMG\right_2025_12_07_01_38_59_327.jpg,0,1,0,30.18827
E:\IMG\center_2025_12_07_01_38_59_402.jpg,E:\IMG\left_2025_12_07_01_38_59_402.jpg,E:\IMG\right_2025_12_07_01_38_59_402.jpg,0,1,0,30.18975
E:\IMG\center_2025_12_07_01_38_59_474.jpg,E:\IMG\left_2025_12_07_01_38_59_474.jpg,E:\IMG\right_2025_12_07_01_38_59_474.jpg,0,1,0,30.19018
E:\IMG\center_2025_12_07_01_38_59_546.jpg,E:\IMG\left_2025_12_07_01_38_59_546.jpg,E:\IMG\right_2025_12_07_01_38_59_546.jpg,0,1,0,30.19029
E:\IMG\center_2025_12_07_01_38_59_617.jpg,E:\IMG\left_2025_12_07_01_38_59_617.jpg,E:\IMG\right_2025_12_07_01_38_59_617.jpg,0,1,0,30.19029
E:\IMG\center_2025_12_07_01_38_59_694.jpg,E:\IMG\left_2025_12_07_01_38_59_694.jpg,E:\IMG\right_2025_12_07_01_38_59_694.jpg,0,1,0,30.19027
E:\IMG\center_2025_12_07_01_38_59_765.jpg,E:\IMG\left_2025_12_07_01_38_59_765.jpg,E:\IMG\right_2025_12_07_01_38_59_765.jpg,-0.1,1,0,30.18775
E:\IMG\center_2025_12_07_01_38_59_835.jpg,E:\IMG\left_2025_12_07_01_38_59_835.jpg,E:\IMG\right_2025_12_07_01_38_59_835.jpg,-0.25,1,0,30.17484
E:\IMG\center_2025_12_07_01_38_59_907.jpg,E:\IMG\left_2025_12_07_01_38_59_907.jpg,E:\IMG\right_2025_12_07_01_38_59_907.jpg,0,1,0,30.18992
E:\IMG\center_2025_12_07_01_38_59_979.jpg,E:\IMG\left_2025_12_07_01_38_59_979.jpg,E:\IMG\right_2025_12_07_01_38_59_979.jpg,0,1,0,30.19019
E:\IMG\center_2025_12_07_01_39_00_053.jpg,E:\IMG\left_2025_12_07_01_39_00_053.jpg,E:\IMG\right_2025_12_07_01_39_00_053.jpg,0,1,0,30.19028
E:\IMG\center_2025_12_07_01_39_00_128.jpg,E:\IMG\left_2025_12_07_01_39_00_128.jpg,E:\IMG\right_2025_12_07_01_39_00_128.jpg,0,1,0,30.19018
E:\IMG\center_2025_12_07_01_39_00_200.jpg,E:\IMG\left_2025_12_07_01_39_00_200.jpg,E:\IMG\right_2025_12_07_01_39_00_200.jpg,0,1,0,30.19033
E:\IMG\center_2025_12_07_01_39_00_274.jpg,E:\IMG\left_2025_12_07_01_39_00_274.jpg,E:\IMG\right_2025_12_07_01_39_00_274.jpg,0,1,0,30.19031
E:\IMG\center_2025_12_07_01_39_00_362.jpg,E:\IMG\left_2025_12_07_01_39_00_362.jpg,E:\IMG\right_2025_12_07_01_39_00_362.jpg,0,1,0,30.19027
E:\IMG\center_2025_12_07_01_39_00_444.jpg,E:\IMG\left_2025_12_07_01_39_00_444.jpg,E:\IMG\right_2025_12_07_01_39_00_444.jpg,0,1,0,30.19031
E:\IMG\center_2025_12_07_01_39_00_514.jpg,E:\IMG\left_2025_12_07_01_39_00_514.jpg,E:\IMG\right_2025_12_07_01_39_00_514.jpg,0,1,0,30.1903
E:\IMG\center_2025_12_07_01_39_00_594.jpg,E:\IMG\left_2025_12_07_01_39_00_594.jpg,E:\IMG\right_2025_12_07_01_39_00_594.jpg,-0.05,1,0,30.18973
E:\IMG\center_2025_12_07_01_39_00_676.jpg,E:\IMG\left_2025_12_07_01_39_00_676.jpg,E:\IMG\right_2025_12_07_01_39_00_676.jpg,0,1,0,30.18721
E:\IMG\center_2025_12_07_01_39_00_753.jpg,E:\IMG\left_2025_12_07_01_39_00_753.jpg,E:\IMG\right_2025_12_07_01_39_00_753.jpg,0,1,0,30.1901
E:\IMG\center_2025_12_07_01_39_00_829.jpg,E:\IMG\left_2025_12_07_01_39_00_829.jpg,E:\IMG\right_2025_12_07_01_39_00_829.jpg,0,1,0,30.19027
E:\IMG\center_2025_12_07_01_39_00_898.jpg,E:\IMG\left_2025_12_07_01_39_00_898.jpg,E:\IMG\right_2025_12_07_01_39_00_898.jpg,0,1,0,30.19031
E:\IMG\center_2025_12_07_01_39_00_976.jpg,E:\IMG\left_2025_12_07_01_39_00_976.jpg,E:\IMG\right_2025_12_07_01_39_00_976.jpg,0,1,0,30.19036
E:\IMG\center_2025_12_07_01_39_01_051.jpg,E:\IMG\left_2025_12_07_01_39_01_051.jpg,E:\IMG\right_2025_12_07_01_39_01_051.jpg,0,1,0,30.19032
E:\IMG\center_2025_12_07_01_39_01_130.jpg,E:\IMG\left_2025_12_07_01_39_01_130.jpg,E:\IMG\right_2025_12_07_01_39_01_130.jpg,0,1,0,30.19032
E:\IMG\center_2025_12_07_01_39_01_203.jpg,E:\IMG\left_2025_12_07_01_39_01_203.jpg,E:\IMG\right_2025_12_07_01_39_01_203.jpg,0,1,0,30.19026
E:\IMG\center_2025_12_07_01_39_01_281.jpg,E:\IMG\left_2025_12_07_01_39_01_281.jpg,E:\IMG\right_2025_12_07_01_39_01_281.jpg,-0.1,1,0,30.18766
E:\IMG\center_2025_12_07_01_39_01_352.jpg,E:\IMG\left_2025_12_07_01_39_01_352.jpg,E:\IMG\right_2025_12_07_01_39_01_352.jpg,-0.3,1,0,30.16925
E:\IMG\center_2025_12_07_01_39_01_428.jpg,E:\IMG\left_2025_12_07_01_39_01_428.jpg,E:\IMG\right_2025_12_07_01_39_01_428.jpg,0,1,0,30.18988
E:\IMG\center_2025_12_07_01_39_01_503.jpg,E:\IMG\left_2025_12_07_01_39_01_503.jpg,E:\IMG\right_2025_12_07_01_39_01_503.jpg,0,1,0,30.19007
E:\IMG\center_2025_12_07_01_39_01_576.jpg,E:\IMG\left_2025_12_07_01_39_01_576.jpg,E:\IMG\right_2025_12_07_01_39_01_576.jpg,0,1,0,30.19032
E:\IMG\center_2025_12_07_01_39_01_643.jpg,E:\IMG\left_2025_12_07_01_39_01_643.jpg,E:\IMG\right_2025_12_07_01_39_01_643.jpg,0,1,0,30.19028
E:\IMG\center_2025_12_07_01_39_01_715.jpg,E:\IMG\left_2025_12_07_01_39_01_715.jpg,E:\IMG\right_2025_12_07_01_39_01_715.jpg,0,1,0,30.19028
E:\IMG\center_2025_12_07_01_39_01_784.jpg,E:\IMG\left_2025_12_07_01_39_01_784.jpg,E:\IMG\right_2025_12_07_01_39_01_784.jpg,0,1,0,30.1904
E:\IMG\center_2025_12_07_01_39_01_854.jpg,E:\IMG\left_2025_12_07_01_39_01_854.jpg,E:\IMG\right_2025_12_07_01_39_01_854.jpg,0,1,0,30.19033
E:\IMG\center_2025_12_07_01_39_01_927.jpg,E:\IMG\left_2025_12_07_01_39_01_927.jpg,E:\IMG\right_2025_12_07_01_39_01_927.jpg,-0.2,1,0,30.17988
E:\IMG\center_2025_12_07_01_39_02_002.jpg,E:\IMG\left_2025_12_07_01_39_02_002.jpg,E:\IMG\right_2025_12_07_01_39_02_002.jpg,0,1,0,30.1846
E:\IMG\center_2025_12_07_01_39_02_077.jpg,E:\IMG\left_2025_12_07_01_39_02_077.jpg,E:\IMG\right_2025_12_07_01_39_02_077.jpg,0,1,0,30.1898
E:\IMG\center_2025_12_07_01_39_02_151.jpg,E:\IMG\left_2025_12_07_01_39_02_151.jpg,E:\IMG\right_2025_12_07_01_39_02_151.jpg,0,1,0,30.19023
E:\IMG\center_2025_12_07_01_39_02_219.jpg,E:\IMG\left_2025_12_07_01_39_02_219.jpg,E:\IMG\right_2025_12_07_01_39_02_219.jpg,0,1,0,30.19029
E:\IMG\center_2025_12_07_01_39_02_288.jpg,E:\IMG\left_2025_12_07_01_39_02_288.jpg,E:\IMG\right_2025_12_07_01_39_02_288.jpg,0,1,0,30.19031
E:\IMG\center_2025_12_07_01_39_02_356.jpg,E:\IMG\left_2025_12_07_01_39_02_356.jpg,E:\IMG\right_2025_12_07_01_39_02_356.jpg,0,1,0,30.1903
E:\IMG\center_2025_12_07_01_39_02_427.jpg,E:\IMG\left_2025_12_07_01_39_02_427.jpg,E:\IMG\right_2025_12_07_01_39_02_427.jpg,0,1,0,30.1903
E:\IMG\center_2025_12_07_01_39_02_495.jpg,E:\IMG\left_2025_12_07_01_39_02_495.jpg,E:\IMG\right_2025_12_07_01_39_02_495.jpg,0,1,0,30.19036
E:\IMG\center_2025_12_07_01_39_02_569.jpg,E:\IMG\left_2025_12_07_01_39_02_569.jpg,E:\IMG\right_2025_12_07_01_39_02_569.jpg,0,1,0,30.19029
E:\IMG\center_2025_12_07_01_39_02_649.jpg,E:\IMG\left_2025_12_07_01_39_02_649.jpg,E:\IMG\right_2025_12_07_01_39_02_649.jpg,0,1,0,30.1903
E:\IMG\center_2025_12_07_01_39_02_732.jpg,E:\IMG\left_2025_12_07_01_39_02_732.jpg,E:\IMG\right_2025_12_07_01_39_02_732.jpg,0,1,0,30.19029
E:\IMG\center_2025_12_07_01_39_02_811.jpg,E:\IMG\left_2025_12_07_01_39_02_811.jpg,E:\IMG\right_2025_12_07_01_39_02_811.jpg,0,1,0,30.19029
E:\IMG\center_2025_12_07_01_39_02_893.jpg,E:\IMG\left_2025_12_07_01_39_02_893.jpg,E:\IMG\right_2025_12_07_01_39_02_893.jpg,-0.2,1,0,30.17982
E:\IMG\center_2025_12_07_01_39_02_967.jpg,E:\IMG\left_2025_12_07_01_39_02_967.jpg,E:\IMG\right_2025_12_07_01_39_02_967.jpg,0,1,0,30.18931
E:\IMG\center_2025_12_07_01_39_03_036.jpg,E:\IMG\left_2025_12_07_01_39_03_036.jpg,E:\IMG\right_2025_12_07_01_39_03_036.jpg,0,1,0,30.19015
E:\IMG\center_2025_12_07_01_39_03_106.jpg,E:\IMG\left_2025_12_07_01_39_03_106.jpg,E:\IMG\right_2025_12_07_01_39_03_106.jpg,0,1,0,30.19025
E:\IMG\center_2025_12_07_01_39_03_174.jpg,E:\IMG\left_2025_12_07_01_39_03_174.jpg,E:\IMG\right_2025_12_07_01_39_03_174.jpg,0,1,0,30.19031
E:\IMG\center_2025_12_07_01_39_03_257.jpg,E:\IMG\left_2025_12_07_01_39_03_257.jpg,E:\IMG\right_2025_12_07_01_39_03_257.jpg,0,1,0,30.19032
E:\IMG\center_2025_12_07_01_39_03_324.jpg,E:\IMG\left_2025_12_07_01_39_03_324.jpg,E:\IMG\right_2025_12_07_01_39_03_324.jpg,0,1,0,30.19031
E:\IMG\center_2025_12_07_01_39_03_393.jpg,E:\IMG\left_2025_12_07_01_39_03_393.jpg,E:\IMG\right_2025_12_07_01_39_03_393.jpg,-0.15,1,0,30.18437
E:\IMG\center_2025_12_07_01_39_03_460.jpg,E:\IMG\left_2025_12_07_01_39_03_460.jpg,E:\IMG\right_2025_12_07_01_39_03_460.jpg,0,1,0,30.18606
E:\IMG\center_2025_12_07_01_39_03_528.jpg,E:\IMG\left_2025_12_07_01_39_03_528.jpg,E:\IMG\right_2025_12_07_01_39_03_528.jpg,0,1,0,30.19001
E:\IMG\center_2025_12_07_01_39_03_599.jpg,E:\IMG\left_2025_12_07_01_39_03_599.jpg,E:\IMG\right_2025_12_07_01_39_03_599.jpg,0,1,0,30.19024
E:\IMG\center_2025_12_07_01_39_03_669.jpg,E:\IMG\left_2025_12_07_01_39_03_669.jpg,E:\IMG\right_2025_12_07_01_39_03_669.jpg,0,1,0,30.19029
E:\IMG\center_2025_12_07_01_39_03_750.jpg,E:\IMG\left_2025_12_07_01_39_03_750.jpg,E:\IMG\right_2025_12_07_01_39_03_750.jpg,0,1,0,30.19029
E:\IMG\center_2025_12_07_01_39_03_819.jpg,E:\IMG\left_2025_12_07_01_39_03_819.jpg,E:\IMG\right_2025_12_07_01_39_03_819.jpg,0,1,0,30.19031
E:\IMG\center_2025_12_07_01_39_03_891.jpg,E:\IMG\left_2025_12_07_01_39_03_891.jpg,E:\IMG\right_2025_12_07_01_39_03_891.jpg,0,1,0,30.19032
E:\IMG\center_2025_12_07_01_39_03_961.jpg,E:\IMG\left_2025_12_07_01_39_03_961.jpg,E:\IMG\right_2025_12_07_01_39_03_961.jpg,0,1,0,30.19029
E:\IMG\center_2025_12_07_01_39_04_030.jpg,E:\IMG\left_2025_12_07_01_39_04_030.jpg,E:\IMG\right_2025_12_07_01_39_04_030.jpg,-0.1,1,0,30.18768
E:\IMG\center_2025_12_07_01_39_04_098.jpg,E:\IMG\left_2025_12_07_01_39_04_098.jpg,E:\IMG\right_2025_12_07_01_39_04_098.jpg,0,1,0,30.29673
E:\IMG\center_2025_12_07_01_39_04_174.jpg,E:\IMG\left_2025_12_07_01_39_04_174.jpg,E:\IMG\right_2025_12_07_01_39_04_174.jpg,0,1,0,30.21138
E:\IMG\center_2025_12_07_01_39_04_246.jpg,E:\IMG\left_2025_12_07_01_39_04_246.jpg,E:\IMG\right_2025_12_07_01_39_04_246.jpg,0,1,0,30.19037
E:\IMG\center_2025_12_07_01_39_04_316.jpg,E:\IMG\left_2025_12_07_01_39_04_316.jpg,E:\IMG\right_2025_12_07_01_39_04_316.jpg,0,1,0,30.13364
E:\IMG\center_2025_12_07_01_39_04_382.jpg,E:\IMG\left_2025_12_07_01_39_04_382.jpg,E:\IMG\right_2025_12_07_01_39_04_382.jpg,0,1,0,30.1906
E:\IMG\center_2025_12_07_01_39_04_459.jpg,E:\IMG\left_2025_12_07_01_39_04_459.jpg,E:\IMG\right_2025_12_07_01_39_04_459.jpg,0,1,0,30.18871
E:\IMG\center_2025_12_07_01_39_04_529.jpg,E:\IMG\left_2025_12_07_01_39_04_529.jpg,E:\IMG\right_2025_12_07_01_39_04_529.jpg,0,1,0,30.18964
E:\IMG\center_2025_12_07_01_39_04_604.jpg,E:\IMG\left_2025_12_07_01_39_04_604.jpg,E:\IMG\right_2025_12_07_01_39_04_604.jpg,0,1,0,30.18992
E:\IMG\center_2025_12_07_01_39_04_672.jpg,E:\IMG\left_2025_12_07_01_39_04_672.jpg,E:\IMG\right_2025_12_07_01_39_04_672.jpg,0,1,0,30.18994
E:\IMG\center_2025_12_07_01_39_04_755.jpg,E:\IMG\left_2025_12_07_01_39_04_755.jpg,E:\IMG\right_2025_12_07_01_39_04_755.jpg,0,1,0,30.18995
E:\IMG\center_2025_12_07_01_39_04_824.jpg,E:\IMG\left_2025_12_07_01_39_04_824.jpg,E:\IMG\right_2025_12_07_01_39_04_824.jpg,0,1,0,30.18992
E:\IMG\center_2025_12_07_01_39_04_900.jpg,E:\IMG\left_2025_12_07_01_39_04_900.jpg,E:\IMG\right_2025_12_07_01_39_04_900.jpg,0,1,0,30.18993
E:\IMG\center_2025_12_07_01_39_04_977.jpg,E:\IMG\left_2025_12_07_01_39_04_977.jpg,E:\IMG\right_2025_12_07_01_39_04_977.jpg,0,1,0,30.18993
E:\IMG\center_2025_12_07_01_39_05_052.jpg,E:\IMG\left_2025_12_07_01_39_05_052.jpg,E:\IMG\right_2025_12_07_01_39_05_052.jpg,0,1,0,30.18992
E:\IMG\center_2025_12_07_01_39_05_129.jpg,E:\IMG\left_2025_12_07_01_39_05_129.jpg,E:\IMG\right_2025_12_07_01_39_05_129.jpg,0,1,0,30.18991
E:\IMG\center_2025_12_07_01_39_05_201.jpg,E:\IMG\left_2025_12_07_01_39_05_201.jpg,E:\IMG\right_2025_12_07_01_39_05_201.jpg,0,1,0,30.18992
E:\IMG\center_2025_12_07_01_39_05_276.jpg,E:\IMG\left_2025_12_07_01_39_05_276.jpg,E:\IMG\right_2025_12_07_01_39_05_276.jpg,0,1,0,30.18991
E:\IMG\center_2025_12_07_01_39_05_348.jpg,E:\IMG\left_2025_12_07_01_39_05_348.jpg,E:\IMG\right_2025_12_07_01_39_05_348.jpg,0,1,0,30.18991
E:\IMG\center_2025_12_07_01_39_05_434.jpg,E:\IMG\left_2025_12_07_01_39_05_434.jpg,E:\IMG\right_2025_12_07_01_39_05_434.jpg,0,1,0,30.18993
E:\IMG\center_2025_12_07_01_39_05_513.jpg,E:\IMG\left_2025_12_07_01_39_05_513.jpg,E:\IMG\right_2025_12_07_01_39_05_513.jpg,0,1,0,30.18993
E:\IMG\center_2025_12_07_01_39_05_597.jpg,E:\IMG\left_2025_12_07_01_39_05_597.jpg,E:\IMG\right_2025_12_07_01_39_05_597.jpg,0,1,0,30.18991
E:\IMG\center_2025_12_07_01_39_05_688.jpg,E:\IMG\left_2025_12_07_01_39_05_688.jpg,E:\IMG\right_2025_12_07_01_39_05_688.jpg,0,1,0,30.18992
E:\IMG\center_2025_12_07_01_39_05_761.jpg,E:\IMG\left_2025_12_07_01_39_05_761.jpg,E:\IMG\right_2025_12_07_01_39_05_761.jpg,0,1,0,30.18993
E:\IMG\center_2025_12_07_01_39_05_834.jpg,E:\IMG\left_2025_12_07_01_39_05_834.jpg,E:\IMG\right_2025_12_07_01_39_05_834.jpg,0,1,0,30.18994
E:\IMG\center_2025_12_07_01_39_05_906.jpg,E:\IMG\left_2025_12_07_01_39_05_906.jpg,E:\IMG\right_2025_12_07_01_39_05_906.jpg,0,1,0,30.18992
E:\IMG\center_2025_12_07_01_39_05_981.jpg,E:\IMG\left_2025_12_07_01_39_05_981.jpg,E:\IMG\right_2025_12_07_01_39_05_981.jpg,0,1,0,30.18992
E:\IMG\center_2025_12_07_01_39_06_057.jpg,E:\IMG\left_2025_12_07_01_39_06_057.jpg,E:\IMG\right_2025_12_07_01_39_06_057.jpg,0,1,0,30.18991
E:\IMG\center_2025_12_07_01_39_06_128.jpg,E:\IMG\left_2025_12_07_01_39_06_128.jpg,E:\IMG\right_2025_12_07_01_39_06_128.jpg,0,1,0,30.18993
E:\IMG\center_2025_12_07_01_39_06_206.jpg,E:\IMG\left_2025_12_07_01_39_06_206.jpg,E:\IMG\right_2025_12_07_01_39_06_206.jpg,0,1,0,30.18991
E:\IMG\center_2025_12_07_01_39_06_283.jpg,E:\IMG\left_2025_12_07_01_39_06_283.jpg,E:\IMG\right_2025_12_07_01_39_06_283.jpg,0,1,0,30.18992
E:\IMG\center_2025_12_07_01_39_06_359.jpg,E:\IMG\left_2025_12_07_01_39_06_359.jpg,E:\IMG\right_2025_12_07_01_39_06_359.jpg,0,1,0,30.1899
E:\IMG\center_2025_12_07_01_39_06_432.jpg,E:\IMG\left_2025_12_07_01_39_06_432.jpg,E:\IMG\right_2025_12_07_01_39_06_432.jpg,0,1,0,30.1899
E:\IMG\center_2025_12_07_01_39_06_511.jpg,E:\IMG\left_2025_12_07_01_39_06_511.jpg,E:\IMG\right_2025_12_07_01_39_06_511.jpg,0,1,0,30.1899
E:\IMG\center_2025_12_07_01_39_06_586.jpg,E:\IMG\left_2025_12_07_01_39_06_586.jpg,E:\IMG\right_2025_12_07_01_39_06_586.jpg,0,1,0,30.18991
E:\IMG\center_2025_12_07_01_39_06_660.jpg,E:\IMG\left_2025_12_07_01_39_06_660.jpg,E:\IMG\right_2025_12_07_01_39_06_660.jpg,0,1,0,30.18993
E:\IMG\center_2025_12_07_01_39_06_742.jpg,E:\IMG\left_2025_12_07_01_39_06_742.jpg,E:\IMG\right_2025_12_07_01_39_06_742.jpg,0,1,0,30.18992
E:\IMG\center_2025_12_07_01_39_06_809.jpg,E:\IMG\left_2025_12_07_01_39_06_809.jpg,E:\IMG\right_2025_12_07_01_39_06_809.jpg,0,1,0,30.18992
E:\IMG\center_2025_12_07_01_39_06_881.jpg,E:\IMG\left_2025_12_07_01_39_06_881.jpg,E:\IMG\right_2025_12_07_01_39_06_881.jpg,0,1,0,30.18991
E:\IMG\center_2025_12_07_01_39_06_958.jpg,E:\IMG\left_2025_12_07_01_39_06_958.jpg,E:\IMG\right_2025_12_07_01_39_06_958.jpg,-0.1,1,0,30.18737
E:\IMG\center_2025_12_07_01_39_07_035.jpg,E:\IMG\left_2025_12_07_01_39_07_035.jpg,E:\IMG\right_2025_12_07_01_39_07_035.jpg,0,1,0,30.18996
E:\IMG\center_2025_12_07_01_39_07_108.jpg,E:\IMG\left_2025_12_07_01_39_07_108.jpg,E:\IMG\right_2025_12_07_01_39_07_108.jpg,0,1,0,30.18992
E:\IMG\center_2025_12_07_01_39_07_186.jpg,E:\IMG\left_2025_12_07_01_39_07_186.jpg,E:\IMG\right_2025_12_07_01_39_07_186.jpg,0,1,0,30.18992
E:\IMG\center_2025_12_07_01_39_07_261.jpg,E:\IMG\left_2025_12_07_01_39_07_261.jpg,E:\IMG\right_2025_12_07_01_39_07_261.jpg,0,1,0,30.18992
E:\IMG\center_2025_12_07_01_39_07_339.jpg,E:\IMG\left_2025_12_07_01_39_07_339.jpg,E:\IMG\right_2025_12_07_01_39_07_339.jpg,0,1,0,30.18995
E:\IMG\center_2025_12_07_01_39_07_421.jpg,E:\IMG\left_2025_12_07_01_39_07_421.jpg,E:\IMG\right_2025_12_07_01_39_07_421.jpg,0,1,0,30.18996
E:\IMG\center_2025_12_07_01_39_07_494.jpg,E:\IMG\left_2025_12_07_01_39_07_494.jpg,E:\IMG\right_2025_12_07_01_39_07_494.jpg,0,1,0,30.18993
E:\IMG\center_2025_12_07_01_39_07_570.jpg,E:\IMG\left_2025_12_07_01_39_07_570.jpg,E:\IMG\right_2025_12_07_01_39_07_570.jpg,0,1,0,30.18993
E:\IMG\center_2025_12_07_01_39_07_644.jpg,E:\IMG\left_2025_12_07_01_39_07_644.jpg,E:\IMG\right_2025_12_07_01_39_07_644.jpg,-0.1,1,0,30.18737
E:\IMG\center_2025_12_07_01_39_07_724.jpg,E:\IMG\left_2025_12_07_01_39_07_724.jpg,E:\IMG\right_2025_12_07_01_39_07_724.jpg,0,1,0,30.18998
E:\IMG\center_2025_12_07_01_39_07_803.jpg,E:\IMG\left_2025_12_07_01_39_07_803.jpg,E:\IMG\right_2025_12_07_01_39_07_803.jpg,0,1,0,30.18992
E:\IMG\center_2025_12_07_01_39_07_885.jpg,E:\IMG\left_2025_12_07_01_39_07_885.jpg,E:\IMG\right_2025_12_07_01_39_07_885.jpg,0,1,0,30.18994
E:\IMG\center_2025_12_07_01_39_07_957.jpg,E:\IMG\left_2025_12_07_01_39_07_957.jpg,E:\IMG\right_2025_12_07_01_39_07_957.jpg,0,1,0,30.18994
E:\IMG\center_2025_12_07_01_39_08_034.jpg,E:\IMG\left_2025_12_07_01_39_08_034.jpg,E:\IMG\right_2025_12_07_01_39_08_034.jpg,0,1,0,30.18995
E:\IMG\center_2025_12_07_01_39_08_114.jpg,E:\IMG\left_2025_12_07_01_39_08_114.jpg,E:\IMG\right_2025_12_07_01_39_08_114.jpg,0,1,0,30.18993
E:\IMG\center_2025_12_07_01_39_08_190.jpg,E:\IMG\left_2025_12_07_01_39_08_190.jpg,E:\IMG\right_2025_12_07_01_39_08_190.jpg,0,1,0,30.18994
E:\IMG\center_2025_12_07_01_39_08_263.jpg,E:\IMG\left_2025_12_07_01_39_08_263.jpg,E:\IMG\right_2025_12_07_01_39_08_263.jpg,0,1,0,30.18996
E:\IMG\center_2025_12_07_01_39_08_345.jpg,E:\IMG\left_2025_12_07_01_39_08_345.jpg,E:\IMG\right_2025_12_07_01_39_08_345.jpg,0,1,0,30.18995
E:\IMG\center_2025_12_07_01_39_08_425.jpg,E:\IMG\left_2025_12_07_01_39_08_425.jpg,E:\IMG\right_2025_12_07_01_39_08_425.jpg,0,1,0,30.18992
E:\IMG\center_2025_12_07_01_39_08_498.jpg,E:\IMG\left_2025_12_07_01_39_08_498.jpg,E:\IMG\right_2025_12_07_01_39_08_498.jpg,0,1,0,30.18994
E:\IMG\center_2025_12_07_01_39_08_569.jpg,E:\IMG\left_2025_12_07_01_39_08_569.jpg,E:\IMG\right_2025_12_07_01_39_08_569.jpg,0,1,0,30.18995
E:\IMG\center_2025_12_07_01_39_08_641.jpg,E:\IMG\left_2025_12_07_01_39_08_641.jpg,E:\IMG\right_2025_12_07_01_39_08_641.jpg,0,1,0,30.18993
E:\IMG\center_2025_12_07_01_39_08_718.jpg,E:\IMG\left_2025_12_07_01_39_08_718.jpg,E:\IMG\right_2025_12_07_01_39_08_718.jpg,0,1,0,30.18992
E:\IMG\center_2025_12_07_01_39_08_803.jpg,E:\IMG\left_2025_12_07_01_39_08_803.jpg,E:\IMG\right_2025_12_07_01_39_08_803.jpg,0,1,0,30.18993
E:\IMG\center_2025_12_07_01_39_08_880.jpg,E:\IMG\left_2025_12_07_01_39_08_880.jpg,E:\IMG\right_2025_12_07_01_39_08_880.jpg,0,1,0,30.18995
E:\IMG\center_2025_12_07_01_39_08_960.jpg,E:\IMG\left_2025_12_07_01_39_08_960.jpg,E:\IMG\right_2025_12_07_01_39_08_960.jpg,0,1,0,30.18994
E:\IMG\center_2025_12_07_01_39_09_044.jpg,E:\IMG\left_2025_12_07_01_39_09_044.jpg,E:\IMG\right_2025_12_07_01_39_09_044.jpg,0,1,0,30.18993
E:\IMG\center_2025_12_07_01_39_09_119.jpg,E:\IMG\left_2025_12_07_01_39_09_119.jpg,E:\IMG\right_2025_12_07_01_39_09_119.jpg,-0.15,1,0,30.18397
E:\IMG\center_2025_12_07_01_39_09_198.jpg,E:\IMG\left_2025_12_07_01_39_09_198.jpg,E:\IMG\right_2025_12_07_01_39_09_198.jpg,0,1,0,30.18932
E:\IMG\center_2025_12_07_01_39_09_281.jpg,E:\IMG\left_2025_12_07_01_39_09_281.jpg,E:\IMG\right_2025_12_07_01_39_09_281.jpg,0,1,0,30.18991
E:\IMG\center_2025_12_07_01_39_09_357.jpg,E:\IMG\left_2025_12_07_01_39_09_357.jpg,E:\IMG\right_2025_12_07_01_39_09_357.jpg,0,1,0,30.18996
E:\IMG\center_2025_12_07_01_39_09_436.jpg,E:\IMG\left_2025_12_07_01_39_09_436.jpg,E:\IMG\right_2025_12_07_01_39_09_436.jpg,0,1,0,30.18995
E:\IMG\center_2025_12_07_01_39_09_521.jpg,E:\IMG\left_2025_12_07_01_39_09_521.jpg,E:\IMG\right_2025_12_07_01_39_09_521.jpg,0,1,0,30.18998
E:\IMG\center_2025_12_07_01_39_09_591.jpg,E:\IMG\left_2025_12_07_01_39_09_591.jpg,E:\IMG\right_2025_12_07_01_39_09_591.jpg,0,1,0,30.18996
E:\IMG\center_2025_12_07_01_39_09_671.jpg,E:\IMG\left_2025_12_07_01_39_09_671.jpg,E:\IMG\right_2025_12_07_01_39_09_671.jpg,0,1,0,30.19
E:\IMG\center_2025_12_07_01_39_09_748.jpg,E:\IMG\left_2025_12_07_01_39_09_748.jpg,E:\IMG\right_2025_12_07_01_39_09_748.jpg,0,1,0,30.18999
E:\IMG\center_2025_12_07_01_39_09_815.jpg,E:\IMG\left_2025_12_07_01_39_09_815.jpg,E:\IMG\right_2025_12_07_01_39_09_815.jpg,0,1,0,30.18998
E:\IMG\center_2025_12_07_01_39_09_893.jpg,E:\IMG\left_2025_12_07_01_39_09_893.jpg,E:\IMG\right_2025_12_07_01_39_09_893.jpg,0,1,0,30.18998
E:\IMG\center_2025_12_07_01_39_09_976.jpg,E:\IMG\left_2025_12_07_01_39_09_976.jpg,E:\IMG\right_2025_12_07_01_39_09_976.jpg,0,1,0,30.18998
E:\IMG\center_2025_12_07_01_39_10_056.jpg,E:\IMG\left_2025_12_07_01_39_10_056.jpg,E:\IMG\right_2025_12_07_01_39_10_056.jpg,0,1,0,30.18999
E:\IMG\center_2025_12_07_01_39_10_145.jpg,E:\IMG\left_2025_12_07_01_39_10_145.jpg,E:\IMG\right_2025_12_07_01_39_10_145.jpg,0,1,0,30.18998
E:\IMG\center_2025_12_07_01_39_10_230.jpg,E:\IMG\left_2025_12_07_01_39_10_230.jpg,E:\IMG\right_2025_12_07_01_39_10_230.jpg,0,1,0,30.18997
E:\IMG\center_2025_12_07_01_39_10_315.jpg,E:\IMG\left_2025_12_07_01_39_10_315.jpg,E:\IMG\right_2025_12_07_01_39_10_315.jpg,0,1,0,30.18997
E:\IMG\center_2025_12_07_01_39_10_401.jpg,E:\IMG\left_2025_12_07_01_39_10_401.jpg,E:\IMG\right_2025_12_07_01_39_10_401.jpg,0,1,0,30.18996
E:\IMG\center_2025_12_07_01_39_10_468.jpg,E:\IMG\left_2025_12_07_01_39_10_468.jpg,E:\IMG\right_2025_12_07_01_39_10_468.jpg,0,1,0,30.18997
E:\IMG\center_2025_12_07_01_39_10_554.jpg,E:\IMG\left_2025_12_07_01_39_10_554.jpg,E:\IMG\right_2025_12_07_01_39_10_554.jpg,0,1,0,30.19
E:\IMG\center_2025_12_07_01_39_10_630.jpg,E:\IMG\left_2025_12_07_01_39_10_630.jpg,E:\IMG\right_2025_12_07_01_39_10_630.jpg,0,1,0,30.18998
E:\IMG\center_2025_12_07_01_39_10_710.jpg,E:\IMG\left_2025_12_07_01_39_10_710.jpg,E:\IMG\right_2025_12_07_01_39_10_710.jpg,0,1,0,30.18996
E:\IMG\center_2025_12_07_01_39_10_798.jpg,E:\IMG\left_2025_12_07_01_39_10_798.jpg,E:\IMG\right_2025_12_07_01_39_10_798.jpg,0,1,0,30.18998
E:\IMG\center_2025_12_07_01_39_10_886.jpg,E:\IMG\left_2025_12_07_01_39_10_886.jpg,E:\IMG\right_2025_12_07_01_39_10_886.jpg,0,1,0,30.18998
E:\IMG\center_2025_12_07_01_39_10_954.jpg,E:\IMG\left_2025_12_07_01_39_10_954.jpg,E:\IMG\right_2025_12_07_01_39_10_954.jpg,0,1,0,30.18997
E:\IMG\center_2025_12_07_01_39_11_043.jpg,E:\IMG\left_2025_12_07_01_39_11_043.jpg,E:\IMG\right_2025_12_07_01_39_11_043.jpg,0,1,0,30.18998
E:\IMG\center_2025_12_07_01_39_11_113.jpg,E:\IMG\left_2025_12_07_01_39_11_113.jpg,E:\IMG\right_2025_12_07_01_39_11_113.jpg,0,1,0,30.18998
E:\IMG\center_2025_12_07_01_39_11_200.jpg,E:\IMG\left_2025_12_07_01_39_11_200.jpg,E:\IMG\right_2025_12_07_01_39_11_200.jpg,0,1,0,30.18999
E:\IMG\center_2025_12_07_01_39_11_268.jpg,E:\IMG\left_2025_12_07_01_39_11_268.jpg,E:\IMG\right_2025_12_07_01_39_11_268.jpg,-0.15,1,0,30.18403
E:\IMG\center_2025_12_07_01_39_11_339.jpg,E:\IMG\left_2025_12_07_01_39_11_339.jpg,E:\IMG\right_2025_12_07_01_39_11_339.jpg,0,1,0,30.19069
E:\IMG\center_2025_12_07_01_39_11_410.jpg,E:\IMG\left_2025_12_07_01_39_11_410.jpg,E:\IMG\right_2025_12_07_01_39_11_410.jpg,0,1,0,30.18993
E:\IMG\center_2025_12_07_01_39_11_479.jpg,E:\IMG\left_2025_12_07_01_39_11_479.jpg,E:\IMG\right_2025_12_07_01_39_11_479.jpg,0,1,0,30.18997
E:\IMG\center_2025_12_07_01_39_11_550.jpg,E:\IMG\left_2025_12_07_01_39_11_550.jpg,E:\IMG\right_2025_12_07_01_39_11_550.jpg,0,1,0,30.18999
E:\IMG\center_2025_12_07_01_39_11_619.jpg,E:\IMG\left_2025_12_07_01_39_11_619.jpg,E:\IMG\right_2025_12_07_01_39_11_619.jpg,0,1,0,30.18998
E:\IMG\center_2025_12_07_01_39_11_696.jpg,E:\IMG\left_2025_12_07_01_39_11_696.jpg,E:\IMG\right_2025_12_07_01_39_11_696.jpg,0,1,0,30.19001
E:\IMG\center_2025_12_07_01_39_11_787.jpg,E:\IMG\left_2025_12_07_01_39_11_787.jpg,E:\IMG\right_2025_12_07_01_39_11_787.jpg,0,1,0,30.19003
E:\IMG\center_2025_12_07_01_39_11_858.jpg,E:\IMG\left_2025_12_07_01_39_11_858.jpg,E:\IMG\right_2025_12_07_01_39_11_858.jpg,0,1,0,30.19003
E:\IMG\center_2025_12_07_01_39_11_931.jpg,E:\IMG\left_2025_12_07_01_39_11_931.jpg,E:\IMG\right_2025_12_07_01_39_11_931.jpg,0,1,0,30.19
E:\IMG\center_2025_12_07_01_39_12_004.jpg,E:\IMG\left_2025_12_07_01_39_12_004.jpg,E:\IMG\right_2025_12_07_01_39_12_004.jpg,0,1,0,30.19003
E:\IMG\center_2025_12_07_01_39_12_078.jpg,E:\IMG\left_2025_12_07_01_39_12_078.jpg,E:\IMG\right_2025_12_07_01_39_12_078.jpg,-0.15,1,0,30.18408
E:\IMG\center_2025_12_07_01_39_12_156.jpg,E:\IMG\left_2025_12_07_01_39_12_156.jpg,E:\IMG\right_2025_12_07_01_39_12_156.jpg,0,1,0,30.0621
E:\IMG\center_2025_12_07_01_39_12_230.jpg,E:\IMG\left_2025_12_07_01_39_12_230.jpg,E:\IMG\right_2025_12_07_01_39_12_230.jpg,0,1,0,29.81532
E:\IMG\center_2025_12_07_01_39_12_303.jpg,E:\IMG\left_2025_12_07_01_39_12_303.jpg,E:\IMG\right_2025_12_07_01_39_12_303.jpg,0,1,0,30.32036
E:\IMG\center_2025_12_07_01_39_12_376.jpg,E:\IMG\left_2025_12_07_01_39_12_376.jpg,E:\IMG\right_2025_12_07_01_39_12_376.jpg,0,1,0,30.0865
E:\IMG\center_2025_12_07_01_39_12_450.jpg,E:\IMG\left_2025_12_07_01_39_12_450.jpg,E:\IMG\right_2025_12_07_01_39_12_450.jpg,0,1,0,29.8974
E:\IMG\center_2025_12_07_01_39_12_525.jpg,E:\IMG\left_2025_12_07_01_39_12_525.jpg,E:\IMG\right_2025_12_07_01_39_12_525.jpg,0,1,0,30.17639
E:\IMG\center_2025_12_07_01_39_12_604.jpg,E:\IMG\left_2025_12_07_01_39_12_604.jpg,E:\IMG\right_2025_12_07_01_39_12_604.jpg,0,1,0,30.18963
E:\IMG\center_2025_12_07_01_39_12_680.jpg,E:\IMG\left_2025_12_07_01_39_12_680.jpg,E:\IMG\right_2025_12_07_01_39_12_680.jpg,0,1,0,30.19063
E:\IMG\center_2025_12_07_01_39_12_757.jpg,E:\IMG\left_2025_12_07_01_39_12_757.jpg,E:\IMG\right_2025_12_07_01_39_12_757.jpg,0,1,0,30.19073
E:\IMG\center_2025_12_07_01_39_12_836.jpg,E:\IMG\left_2025_12_07_01_39_12_836.jpg,E:\IMG\right_2025_12_07_01_39_12_836.jpg,0,1,0,30.19047
E:\IMG\center_2025_12_07_01_39_12_911.jpg,E:\IMG\left_2025_12_07_01_39_12_911.jpg,E:\IMG\right_2025_12_07_01_39_12_911.jpg,0,1,0,30.19039
E:\IMG\center_2025_12_07_01_39_12_989.jpg,E:\IMG\left_2025_12_07_01_39_12_989.jpg,E:\IMG\right_2025_12_07_01_39_12_989.jpg,0,1,0,30.1903
E:\IMG\center_2025_12_07_01_39_13_068.jpg,E:\IMG\left_2025_12_07_01_39_13_068.jpg,E:\IMG\right_2025_12_07_01_39_13_068.jpg,-0.2,1,0,30.17983
E:\IMG\center_2025_12_07_01_39_13_142.jpg,E:\IMG\left_2025_12_07_01_39_13_142.jpg,E:\IMG\right_2025_12_07_01_39_13_142.jpg,0,1,0,30.19102
E:\IMG\center_2025_12_07_01_39_13_220.jpg,E:\IMG\left_2025_12_07_01_39_13_220.jpg,E:\IMG\right_2025_12_07_01_39_13_220.jpg,0,1,0,30.19016
E:\IMG\center_2025_12_07_01_39_13_295.jpg,E:\IMG\left_2025_12_07_01_39_13_295.jpg,E:\IMG\right_2025_12_07_01_39_13_295.jpg,0,1,0,30.19027
E:\IMG\center_2025_12_07_01_39_13_373.jpg,E:\IMG\left_2025_12_07_01_39_13_373.jpg,E:\IMG\right_2025_12_07_01_39_13_373.jpg,0,1,0,30.19029
E:\IMG\center_2025_12_07_01_39_13_449.jpg,E:\IMG\left_2025_12_07_01_39_13_449.jpg,E:\IMG\right_2025_12_07_01_39_13_449.jpg,0,1,0,30.19031
E:\IMG\center_2025_12_07_01_39_13_524.jpg,E:\IMG\left_2025_12_07_01_39_13_524.jpg,E:\IMG\right_2025_12_07_01_39_13_524.jpg,-0.15,1,0,30.18449
E:\IMG\center_2025_12_07_01_39_13_608.jpg,E:\IMG\left_2025_12_07_01_39_13_608.jpg,E:\IMG\right_2025_12_07_01_39_13_608.jpg,0,1,0,30.19063
E:\IMG\center_2025_12_07_01_39_13_704.jpg,E:\IMG\left_2025_12_07_01_39_13_704.jpg,E:\IMG\right_2025_12_07_01_39_13_704.jpg,0,1,0,30.19009
E:\IMG\center_2025_12_07_01_39_13_776.jpg,E:\IMG\left_2025_12_07_01_39_13_776.jpg,E:\IMG\right_2025_12_07_01_39_13_776.jpg,0,1,0,30.19025
E:\IMG\center_2025_12_07_01_39_13_849.jpg,E:\IMG\left_2025_12_07_01_39_13_849.jpg,E:\IMG\right_2025_12_07_01_39_13_849.jpg,0,1,0,30.19029
E:\IMG\center_2025_12_07_01_39_13_922.jpg,E:\IMG\left_2025_12_07_01_39_13_922.jpg,E:\IMG\right_2025_12_07_01_39_13_922.jpg,0,1,0,30.19031
E:\IMG\center_2025_12_07_01_39_13_997.jpg,E:\IMG\left_2025_12_07_01_39_13_997.jpg,E:\IMG\right_2025_12_07_01_39_13_997.jpg,-0.05,1,0,30.18977
E:\IMG\center_2025_12_07_01_39_14_071.jpg,E:\IMG\left_2025_12_07_01_39_14_071.jpg,E:\IMG\right_2025_12_07_01_39_14_071.jpg,-0.25,1,0,30.17501
E:\IMG\center_2025_12_07_01_39_14_140.jpg,E:\IMG\left_2025_12_07_01_39_14_140.jpg,E:\IMG\right_2025_12_07_01_39_14_140.jpg,0,1,0,30.18307
E:\IMG\center_2025_12_07_01_39_14_230.jpg,E:\IMG\left_2025_12_07_01_39_14_230.jpg,E:\IMG\right_2025_12_07_01_39_14_230.jpg,0,0.8974576,0,30.15683
E:\IMG\center_2025_12_07_01_39_14_328.jpg,E:\IMG\left_2025_12_07_01_39_14_328.jpg,E:\IMG\right_2025_12_07_01_39_14_328.jpg,0,0.6014062,0,30.07913
E:\IMG\center_2025_12_07_01_39_14_402.jpg,E:\IMG\left_2025_12_07_01_39_14_402.jpg,E:\IMG\right_2025_12_07_01_39_14_402.jpg,0,0.5094031,0,30.04613
E:\IMG\center_2025_12_07_01_39_14_477.jpg,E:\IMG\left_2025_12_07_01_39_14_477.jpg,E:\IMG\right_2025_12_07_01_39_14_477.jpg,-0.2,0.7346914,0,30.10223
E:\IMG\center_2025_12_07_01_39_14_556.jpg,E:\IMG\left_2025_12_07_01_39_14_556.jpg,E:\IMG\right_2025_12_07_01_39_14_556.jpg,0,0.970123,0,30.16997
E:\IMG\center_2025_12_07_01_39_14_631.jpg,E:\IMG\left_2025_12_07_01_39_14_631.jpg,E:\IMG\right_2025_12_07_01_39_14_631.jpg,0,1,0,30.19014
E:\IMG\center_2025_12_07_01_39_14_703.jpg,E:\IMG\left_2025_12_07_01_39_14_703.jpg,E:\IMG\right_2025_12_07_01_39_14_703.jpg,0,0.8554012,0,30.16866
E:\IMG\center_2025_12_07_01_39_14_771.jpg,E:\IMG\left_2025_12_07_01_39_14_771.jpg,E:\IMG\right_2025_12_07_01_39_14_771.jpg,0,0.6522841,0,30.12082
E:\IMG\center_2025_12_07_01_39_14_853.jpg,E:\IMG\left_2025_12_07_01_39_14_853.jpg,E:\IMG\right_2025_12_07_01_39_14_853.jpg,0,0.4044137,0,30.06456
E:\IMG\center_2025_12_07_01_39_14_940.jpg,E:\IMG\left_2025_12_07_01_39_14_940.jpg,E:\IMG\right_2025_12_07_01_39_14_940.jpg,0,0.1454534,0,29.98498
E:\IMG\center_2025_12_07_01_39_15_022.jpg,E:\IMG\left_2025_12_07_01_39_15_022.jpg,E:\IMG\right_2025_12_07_01_39_15_022.jpg,0,0.3934051,0,29.98888
E:\IMG\center_2025_12_07_01_39_15_093.jpg,E:\IMG\left_2025_12_07_01_39_15_093.jpg,E:\IMG\right_2025_12_07_01_39_15_093.jpg,-0.05,0.6061943,0,30.07902
E:\IMG\center_2025_12_07_01_39_15_162.jpg,E:\IMG\left_2025_12_07_01_39_15_162.jpg,E:\IMG\right_2025_12_07_01_39_15_162.jpg,-0.2,0.8115047,0,30.11732
E:\IMG\center_2025_12_07_01_39_15_249.jpg,E:\IMG\left_2025_12_07_01_39_15_249.jpg,E:\IMG\right_2025_12_07_01_39_15_249.jpg,0,1,0,30.18967
E:\IMG\center_2025_12_07_01_39_15_317.jpg,E:\IMG\left_2025_12_07_01_39_15_317.jpg,E:\IMG\right_2025_12_07_01_39_15_317.jpg,0,0.8541607,0,30.167
E:\IMG\center_2025_12_07_01_39_15_401.jpg,E:\IMG\left_2025_12_07_01_39_15_401.jpg,E:\IMG\right_2025_12_07_01_39_15_401.jpg,0,0.6022381,0,30.10173
E:\IMG\center_2025_12_07_01_39_15_487.jpg,E:\IMG\left_2025_12_07_01_39_15_487.jpg,E:\IMG\right_2025_12_07_01_39_15_487.jpg,0,0.3427684,0,30.03649
E:\IMG\center_2025_12_07_01_39_15_554.jpg,E:\IMG\left_2025_12_07_01_39_15_554.jpg,E:\IMG\right_2025_12_07_01_39_15_554.jpg,0,0.1421542,0,29.98653
E:\IMG\center_2025_12_07_01_39_15_646.jpg,E:\IMG\left_2025_12_07_01_39_15_646.jpg,E:\IMG\right_2025_12_07_01_39_15_646.jpg,-0.2,0.2838818,0,29.88417
E:\IMG\center_2025_12_07_01_39_15_733.jpg,E:\IMG\left_2025_12_07_01_39_15_733.jpg,E:\IMG\right_2025_12_07_01_39_15_733.jpg,-0.4,0.5478172,0,29.93749
E:\IMG\center_2025_12_07_01_39_15_802.jpg,E:\IMG\left_2025_12_07_01_39_15_802.jpg,E:\IMG\right_2025_12_07_01_39_15_802.jpg,-0.5500001,0.7020712,0,30.06933
E:\IMG\center_2025_12_07_01_39_15_888.jpg,E:\IMG\left_2025_12_07_01_39_15_888.jpg,E:\IMG\right_2025_12_07_01_39_15_888.jpg,0,0.4964549,0,30.07184
E:\IMG\center_2025_12_07_01_39_15_965.jpg,E:\IMG\left_2025_12_07_01_39_15_965.jpg,E:\IMG\right_2025_12_07_01_39_15_965.jpg,0,0.2676611,0,29.99849
E:\IMG\center_2025_12_07_01_39_16_050.jpg,E:\IMG\left_2025_12_07_01_39_16_050.jpg,E:\IMG\right_2025_12_07_01_39_16_050.jpg,0,0.0108551,0,29.90878
E:\IMG\center_2025_12_07_01_39_16_123.jpg,E:\IMG\left_2025_12_07_01_39_16_123.jpg,E:\IMG\right_2025_12_07_01_39_16_123.jpg,-0.05,0,0,29.72748
E:\IMG\center_2025_12_07_01_39_16_207.jpg,E:\IMG\left_2025_12_07_01_39_16_207.jpg,E:\IMG\right_2025_12_07_01_39_16_207.jpg,-0.3,0,0,29.38157
E:\IMG\center_2025_12_07_01_39_16_274.jpg,E:\IMG\left_2025_12_07_01_39_16_274.jpg,E:\IMG\right_2025_12_07_01_39_16_274.jpg,-0.45,0,0,29.11391
E:\IMG\center_2025_12_07_01_39_16_342.jpg,E:\IMG\left_2025_12_07_01_39_16_342.jpg,E:\IMG\right_2025_12_07_01_39_16_342.jpg,-0.6000001,0,0,28.79652
E:\IMG\center_2025_12_07_01_39_16_412.jpg,E:\IMG\left_2025_12_07_01_39_16_412.jpg,E:\IMG\right_2025_12_07_01_39_16_412.jpg,0,0,0,28.35358
E:\IMG\center_2025_12_07_01_39_16_482.jpg,E:\IMG\left_2025_12_07_01_39_16_482.jpg,E:\IMG\right_2025_12_07_01_39_16_482.jpg,0,0,0,28.14369
E:\IMG\center_2025_12_07_01_39_16_569.jpg,E:\IMG\left_2025_12_07_01_39_16_569.jpg,E:\IMG\right_2025_12_07_01_39_16_569.jpg,0,0.1338045,0,27.87009
E:\IMG\center_2025_12_07_01_39_16_639.jpg,E:\IMG\left_2025_12_07_01_39_16_639.jpg,E:\IMG\right_2025_12_07_01_39_16_639.jpg,0,0.3462015,0,27.86789
E:\IMG\center_2025_12_07_01_39_16_727.jpg,E:\IMG\left_2025_12_07_01_39_16_727.jpg,E:\IMG\right_2025_12_07_01_39_16_727.jpg,-0.25,0.6094674,0,28.13354
E:\IMG\center_2025_12_07_01_39_16_796.jpg,E:\IMG\left_2025_12_07_01_39_16_796.jpg,E:\IMG\right_2025_12_07_01_39_16_796.jpg,-0.4,0.6625596,0,28.40236
E:\IMG\center_2025_12_07_01_39_16_883.jpg,E:\IMG\left_2025_12_07_01_39_16_883.jpg,E:\IMG\right_2025_12_07_01_39_16_883.jpg,-0.6000001,0.4022152,0,28.5297
E:\IMG\center_2025_12_07_01_39_16_949.jpg,E:\IMG\left_2025_12_07_01_39_16_949.jpg,E:\IMG\right_2025_12_07_01_39_16_949.jpg,-0.8000001,0.2012955,0,28.35292
E:\IMG\center_2025_12_07_01_39_17_031.jpg,E:\IMG\left_2025_12_07_01_39_17_031.jpg,E:\IMG\right_2025_12_07_01_39_17_031.jpg,0,0,0,28.13055
E:\IMG\center_2025_12_07_01_39_17_101.jpg,E:\IMG\left_2025_12_07_01_39_17_101.jpg,E:\IMG\right_2025_12_07_01_39_17_101.jpg,0,0,0,27.9468
E:\IMG\center_2025_12_07_01_39_17_172.jpg,E:\IMG\left_2025_12_07_01_39_17_172.jpg,E:\IMG\right_2025_12_07_01_39_17_172.jpg,-0.2,0,0,27.72013
E:\IMG\center_2025_12_07_01_39_17_260.jpg,E:\IMG\left_2025_12_07_01_39_17_260.jpg,E:\IMG\right_2025_12_07_01_39_17_260.jpg,-0.4,0,0,27.43943
E:\IMG\center_2025_12_07_01_39_17_329.jpg,E:\IMG\left_2025_12_07_01_39_17_329.jpg,E:\IMG\right_2025_12_07_01_39_17_329.jpg,0,0,0,27.20537
E:\IMG\center_2025_12_07_01_39_17_397.jpg,E:\IMG\left_2025_12_07_01_39_17_397.jpg,E:\IMG\right_2025_12_07_01_39_17_397.jpg,0,0.141204,0,27.06129
E:\IMG\center_2025_12_07_01_39_17_486.jpg,E:\IMG\left_2025_12_07_01_39_17_486.jpg,E:\IMG\right_2025_12_07_01_39_17_486.jpg,0,0.4061541,0,27.15173
E:\IMG\center_2025_12_07_01_39_17_557.jpg,E:\IMG\left_2025_12_07_01_39_17_557.jpg,E:\IMG\right_2025_12_07_01_39_17_557.jpg,0,0.6211008,0,27.34224
E:\IMG\center_2025_12_07_01_39_17_644.jpg,E:\IMG\left_2025_12_07_01_39_17_644.jpg,E:\IMG\right_2025_12_07_01_39_17_644.jpg,-0.25,0.8884152,0,27.97795
E:\IMG\center_2025_12_07_01_39_17_713.jpg,E:\IMG\left_2025_12_07_01_39_17_713.jpg,E:\IMG\right_2025_12_07_01_39_17_713.jpg,-0.4,1,0,28.43052
E:\IMG\center_2025_12_07_01_39_17_782.jpg,E:\IMG\left_2025_12_07_01_39_17_782.jpg,E:\IMG\right_2025_12_07_01_39_17_782.jpg,-0.5500001,1,0,28.86227
E:\IMG\center_2025_12_07_01_39_17_853.jpg,E:\IMG\left_2025_12_07_01_39_17_853.jpg,E:\IMG\right_2025_12_07_01_39_17_853.jpg,0,1,0,29.45574
E:\IMG\center_2025_12_07_01_39_17_942.jpg,E:\IMG\left_2025_12_07_01_39_17_942.jpg,E:\IMG\right_2025_12_07_01_39_17_942.jpg,0,0.7267735,0,30.04207
E:\IMG\center_2025_12_07_01_39_18_011.jpg,E:\IMG\left_2025_12_07_01_39_18_011.jpg,E:\IMG\right_2025_12_07_01_39_18_011.jpg,-0.05,0.5196087,0,30.08041
E:\IMG\center_2025_12_07_01_39_18_084.jpg,E:\IMG\left_2025_12_07_01_39_18_084.jpg,E:\IMG\right_2025_12_07_01_39_18_084.jpg,-0.25,0.3009921,0,29.99781
E:\IMG\center_2025_12_07_01_39_18_162.jpg,E:\IMG\left_2025_12_07_01_39_18_162.jpg,E:\IMG\right_2025_12_07_01_39_18_162.jpg,-0.4,0.06629853,0,29.90258
E:\IMG\center_2025_12_07_01_39_18_243.jpg,E:\IMG\left_2025_12_07_01_39_18_243.jpg,E:\IMG\right_2025_12_07_01_39_18_243.jpg,-0.6000001,0,0,29.49972
E:\IMG\center_2025_12_07_01_39_18_326.jpg,E:\IMG\left_2025_12_07_01_39_18_326.jpg,E:\IMG\right_2025_12_07_01_39_18_326.jpg,-0.8500001,0,0,28.86058
E:\IMG\center_2025_12_07_01_39_18_398.jpg,E:\IMG\left_2025_12_07_01_39_18_398.jpg,E:\IMG\right_2025_12_07_01_39_18_398.jpg,0,0,0,28.54997
E:\IMG\center_2025_12_07_01_39_18_477.jpg,E:\IMG\left_2025_12_07_01_39_18_477.jpg,E:\IMG\right_2025_12_07_01_39_18_477.jpg,0,0.2379204,0,28.37369
E:\IMG\center_2025_12_07_01_39_18_560.jpg,E:\IMG\left_2025_12_07_01_39_18_560.jpg,E:\IMG\right_2025_12_07_01_39_18_560.jpg,0,0.4892154,0,28.47991
E:\IMG\center_2025_12_07_01_39_18_630.jpg,E:\IMG\left_2025_12_07_01_39_18_630.jpg,E:\IMG\right_2025_12_07_01_39_18_630.jpg,0,0.6987468,0,28.81817
E:\IMG\center_2025_12_07_01_39_18_698.jpg,E:\IMG\left_2025_12_07_01_39_18_698.jpg,E:\IMG\right_2025_12_07_01_39_18_698.jpg,0,0.9025206,0,29.21569
E:\IMG\center_2025_12_07_01_39_18_766.jpg,E:\IMG\left_2025_12_07_01_39_18_766.jpg,E:\IMG\right_2025_12_07_01_39_18_766.jpg,-0.2,1,0,29.91145
E:\IMG\center_2025_12_07_01_39_18_834.jpg,E:\IMG\left_2025_12_07_01_39_18_834.jpg,E:\IMG\right_2025_12_07_01_39_18_834.jpg,-0.35,1,0,30.16527
E:\IMG\center_2025_12_07_01_39_18_907.jpg,E:\IMG\left_2025_12_07_01_39_18_907.jpg,E:\IMG\right_2025_12_07_01_39_18_907.jpg,-0.5500001,1,0,30.13983
E:\IMG\center_2025_12_07_01_39_18_984.jpg,E:\IMG\left_2025_12_07_01_39_18_984.jpg,E:\IMG\right_2025_12_07_01_39_18_984.jpg,0,0.9215542,0,30.18478
E:\IMG\center_2025_12_07_01_39_19_054.jpg,E:\IMG\left_2025_12_07_01_39_19_054.jpg,E:\IMG\right_2025_12_07_01_39_19_054.jpg,0,0.7096484,0,30.12886
E:\IMG\center_2025_12_07_01_39_19_140.jpg,E:\IMG\left_2025_12_07_01_39_19_140.jpg,E:\IMG\right_2025_12_07_01_39_19_140.jpg,0,0.453866,0,30.0767
E:\IMG\center_2025_12_07_01_39_19_226.jpg,E:\IMG\left_2025_12_07_01_39_19_226.jpg,E:\IMG\right_2025_12_07_01_39_19_226.jpg,-0.15,0.1955405,0,29.97621
E:\IMG\center_2025_12_07_01_39_19_299.jpg,E:\IMG\left_2025_12_07_01_39_19_299.jpg,E:\IMG\right_2025_12_07_01_39_19_299.jpg,-0.3,0,0,29.83216
E:\IMG\center_2025_12_07_01_39_19_372.jpg,E:\IMG\left_2025_12_07_01_39_19_372.jpg,E:\IMG\right_2025_12_07_01_39_19_372.jpg,-0.5000001,0,0,29.45899
E:\IMG\center_2025_12_07_01_39_19_450.jpg,E:\IMG\left_2025_12_07_01_39_19_450.jpg,E:\IMG\right_2025_12_07_01_39_19_450.jpg,0,0.1557105,0,29.09122
E:\IMG\center_2025_12_07_01_39_19_526.jpg,E:\IMG\left_2025_12_07_01_39_19_526.jpg,E:\IMG\right_2025_12_07_01_39_19_526.jpg,0,0.3828429,0,29.11443
E:\IMG\center_2025_12_07_01_39_19_601.jpg,E:\IMG\left_2025_12_07_01_39_19_601.jpg,E:\IMG\right_2025_12_07_01_39_19_601.jpg,0,0.610344,0,29.2776
E:\IMG\center_2025_12_07_01_39_19_687.jpg,E:\IMG\left_2025_12_07_01_39_19_687.jpg,E:\IMG\right_2025_12_07_01_39_19_687.jpg,0,0.8661045,0,29.88465
E:\IMG\center_2025_12_07_01_39_19_766.jpg,E:\IMG\left_2025_12_07_01_39_19_766.jpg,E:\IMG\right_2025_12_07_01_39_19_766.jpg,0,1,0,30.18956
E:\IMG\center_2025_12_07_01_39_19_851.jpg,E:\IMG\left_2025_12_07_01_39_19_851.jpg,E:\IMG\right_2025_12_07_01_39_19_851.jpg,-0.1,1,0,30.18819
E:\IMG\center_2025_12_07_01_39_19_933.jpg,E:\IMG\left_2025_12_07_01_39_19_933.jpg,E:\IMG\right_2025_12_07_01_39_19_933.jpg,0,1,0,30.19009
E:\IMG\center_2025_12_07_01_39_20_018.jpg,E:\IMG\left_2025_12_07_01_39_20_018.jpg,E:\IMG\right_2025_12_07_01_39_20_018.jpg,0,1,0,30.19028
E:\IMG\center_2025_12_07_01_39_20_104.jpg,E:\IMG\left_2025_12_07_01_39_20_104.jpg,E:\IMG\right_2025_12_07_01_39_20_104.jpg,0,1,0,30.19028
E:\IMG\center_2025_12_07_01_39_20_190.jpg,E:\IMG\left_2025_12_07_01_39_20_190.jpg,E:\IMG\right_2025_12_07_01_39_20_190.jpg,0,1,0,30.19032
E:\IMG\center_2025_12_07_01_39_20_274.jpg,E:\IMG\left_2025_12_07_01_39_20_274.jpg,E:\IMG\right_2025_12_07_01_39_20_274.jpg,0,1,0,30.19032
E:\IMG\center_2025_12_07_01_39_20_356.jpg,E:\IMG\left_2025_12_07_01_39_20_356.jpg,E:\IMG\right_2025_12_07_01_39_20_356.jpg,0,1,0,30.19038
E:\IMG\center_2025_12_07_01_39_20_438.jpg,E:\IMG\left_2025_12_07_01_39_20_438.jpg,E:\IMG\right_2025_12_07_01_39_20_438.jpg,-0.1,1,0,30.18765
E:\IMG\center_2025_12_07_01_39_20_516.jpg,E:\IMG\left_2025_12_07_01_39_20_516.jpg,E:\IMG\right_2025_12_07_01_39_20_516.jpg,0,1,0,30.19108
E:\IMG\center_2025_12_07_01_39_20_594.jpg,E:\IMG\left_2025_12_07_01_39_20_594.jpg,E:\IMG\right_2025_12_07_01_39_20_594.jpg,0,1,0,30.1901
E:\IMG\center_2025_12_07_01_39_20_676.jpg,E:\IMG\left_2025_12_07_01_39_20_676.jpg,E:\IMG\right_2025_12_07_01_39_20_676.jpg,0,1,0,30.19029
E:\IMG\center_2025_12_07_01_39_20_755.jpg,E:\IMG\left_2025_12_07_01_39_20_755.jpg,E:\IMG\right_2025_12_07_01_39_20_755.jpg,0,1,0,30.19028
E:\IMG\center_2025_12_07_01_39_20_824.jpg,E:\IMG\left_2025_12_07_01_39_20_824.jpg,E:\IMG\right_2025_12_07_01_39_20_824.jpg,-0.1,1,0,30.18779
E:\IMG\center_2025_12_07_01_39_20_896.jpg,E:\IMG\left_2025_12_07_01_39_20_896.jpg,E:\IMG\right_2025_12_07_01_39_20_896.jpg,-0.25,1,0,30.17505
E:\IMG\center_2025_12_07_01_39_20_970.jpg,E:\IMG\left_2025_12_07_01_39_20_970.jpg,E:\IMG\right_2025_12_07_01_39_20_970.jpg,0,1,0,30.18887
E:\IMG\center_2025_12_07_01_39_21_039.jpg,E:\IMG\left_2025_12_07_01_39_21_039.jpg,E:\IMG\right_2025_12_07_01_39_21_039.jpg,0,1,0,30.1901
E:\IMG\center_2025_12_07_01_39_21_109.jpg,E:\IMG\left_2025_12_07_01_39_21_109.jpg,E:\IMG\right_2025_12_07_01_39_21_109.jpg,0,1,0,30.19023
E:\IMG\center_2025_12_07_01_39_21_179.jpg,E:\IMG\left_2025_12_07_01_39_21_179.jpg,E:\IMG\right_2025_12_07_01_39_21_179.jpg,0,1,0,30.19025
E:\IMG\center_2025_12_07_01_39_21_247.jpg,E:\IMG\left_2025_12_07_01_39_21_247.jpg,E:\IMG\right_2025_12_07_01_39_21_247.jpg,0,1,0,30.1903
E:\IMG\center_2025_12_07_01_39_21_319.jpg,E:\IMG\left_2025_12_07_01_39_21_319.jpg,E:\IMG\right_2025_12_07_01_39_21_319.jpg,0,1,0,30.19023
E:\IMG\center_2025_12_07_01_39_21_392.jpg,E:\IMG\left_2025_12_07_01_39_21_392.jpg,E:\IMG\right_2025_12_07_01_39_21_392.jpg,-0.15,1,0,30.18438
E:\IMG\center_2025_12_07_01_39_21_477.jpg,E:\IMG\left_2025_12_07_01_39_21_477.jpg,E:\IMG\right_2025_12_07_01_39_21_477.jpg,0,1,0,30.18467
E:\IMG\center_2025_12_07_01_39_21_565.jpg,E:\IMG\left_2025_12_07_01_39_21_565.jpg,E:\IMG\right_2025_12_07_01_39_21_565.jpg,0,1,0,30.19004
E:\IMG\center_2025_12_07_01_39_21_639.jpg,E:\IMG\left_2025_12_07_01_39_21_639.jpg,E:\IMG\right_2025_12_07_01_39_21_639.jpg,0,1,0,30.19021
E:\IMG\center_2025_12_07_01_39_21_716.jpg,E:\IMG\left_2025_12_07_01_39_21_716.jpg,E:\IMG\right_2025_12_07_01_39_21_716.jpg,0,1,0,30.1903
E:\IMG\center_2025_12_07_01_39_21_788.jpg,E:\IMG\left_2025_12_07_01_39_21_788.jpg,E:\IMG\right_2025_12_07_01_39_21_788.jpg,0,1,0,30.19036
E:\IMG\center_2025_12_07_01_39_21_867.jpg,E:\IMG\left_2025_12_07_01_39_21_867.jpg,E:\IMG\right_2025_12_07_01_39_21_867.jpg,0,1,0,30.1903
E:\IMG\center_2025_12_07_01_39_21_948.jpg,E:\IMG\left_2025_12_07_01_39_21_948.jpg,E:\IMG\right_2025_12_07_01_39_21_948.jpg,0,1,0,30.19031
E:\IMG\center_2025_12_07_01_39_22_027.jpg,E:\IMG\left_2025_12_07_01_39_22_027.jpg,E:\IMG\right_2025_12_07_01_39_22_027.jpg,0,1,0,30.1902
E:\IMG\center_2025_12_07_01_39_22_114.jpg,E:\IMG\left_2025_12_07_01_39_22_114.jpg,E:\IMG\right_2025_12_07_01_39_22_114.jpg,0,1,0,30.19029
E:\IMG\center_2025_12_07_01_39_22_193.jpg,E:\IMG\left_2025_12_07_01_39_22_193.jpg,E:\IMG\right_2025_12_07_01_39_22_193.jpg,0,1,0,30.19029
E:\IMG\center_2025_12_07_01_39_22_271.jpg,E:\IMG\left_2025_12_07_01_39_22_271.jpg,E:\IMG\right_2025_12_07_01_39_22_271.jpg,0,1,0,30.19033
E:\IMG\center_2025_12_07_01_39_22_354.jpg,E:\IMG\left_2025_12_07_01_39_22_354.jpg,E:\IMG\right_2025_12_07_01_39_22_354.jpg,0,1,0,30.19026
E:\IMG\center_2025_12_07_01_39_22_437.jpg,E:\IMG\left_2025_12_07_01_39_22_437.jpg,E:\IMG\right_2025_12_07_01_39_22_437.jpg,0,1,0,30.1903
E:\IMG\center_2025_12_07_01_39_22_523.jpg,E:\IMG\left_2025_12_07_01_39_22_523.jpg,E:\IMG\right_2025_12_07_01_39_22_523.jpg,0,0.827599,0,30.16745
E:\IMG\center_2025_12_07_01_39_22_597.jpg,E:\IMG\left_2025_12_07_01_39_22_597.jpg,E:\IMG\right_2025_12_07_01_39_22_597.jpg,0,0.602536,0,30.11285
E:\IMG\center_2025_12_07_01_39_22_679.jpg,E:\IMG\left_2025_12_07_01_39_22_679.jpg,E:\IMG\right_2025_12_07_01_39_22_679.jpg,-0.15,0.3584437,0,30.04581
E:\IMG\center_2025_12_07_01_39_22_768.jpg,E:\IMG\left_2025_12_07_01_39_22_768.jpg,E:\IMG\right_2025_12_07_01_39_22_768.jpg,0,0.09364302,0,29.94524
E:\IMG\center_2025_12_07_01_39_22_840.jpg,E:\IMG\left_2025_12_07_01_39_22_840.jpg,E:\IMG\right_2025_12_07_01_39_22_840.jpg,0,0,0,29.783
E:\IMG\center_2025_12_07_01_39_22_924.jpg,E:\IMG\left_2025_12_07_01_39_22_924.jpg,E:\IMG\right_2025_12_07_01_39_22_924.jpg,0,0,0,29.48418
E:\IMG\center_2025_12_07_01_39_22_996.jpg,E:\IMG\left_2025_12_07_01_39_22_996.jpg,E:\IMG\right_2025_12_07_01_39_22_996.jpg,0,0,0,29.30613
E:\IMG\center_2025_12_07_01_39_23_072.jpg,E:\IMG\left_2025_12_07_01_39_23_072.jpg,E:\IMG\right_2025_12_07_01_39_23_072.jpg,0,0,0,29.07047
E:\IMG\center_2025_12_07_01_39_23_146.jpg,E:\IMG\left_2025_12_07_01_39_23_146.jpg,E:\IMG\right_2025_12_07_01_39_23_146.jpg,0,0,0,28.8367
E:\IMG\center_2025_12_07_01_39_23_222.jpg,E:\IMG\left_2025_12_07_01_39_23_222.jpg,E:\IMG\right_2025_12_07_01_39_23_222.jpg,-0.15,0,0,28.65392
E:\IMG\center_2025_12_07_01_39_23_295.jpg,E:\IMG\left_2025_12_07_01_39_23_295.jpg,E:\IMG\right_2025_12_07_01_39_23_295.jpg,0,0,0,28.3968
E:\IMG\center_2025_12_07_01_39_23_365.jpg,E:\IMG\left_2025_12_07_01_39_23_365.jpg,E:\IMG\right_2025_12_07_01_39_23_365.jpg,0,0,0,28.16695
E:\IMG\center_2025_12_07_01_39_23_440.jpg,E:\IMG\left_2025_12_07_01_39_23_440.jpg,E:\IMG\right_2025_12_07_01_39_23_440.jpg,0,0,0,27.99664
E:\IMG\center_2025_12_07_01_39_23_507.jpg,E:\IMG\left_2025_12_07_01_39_23_507.jpg,E:\IMG\right_2025_12_07_01_39_23_507.jpg,0,0,0,27.77142
E:\IMG\center_2025_12_07_01_39_23_576.jpg,E:\IMG\left_2025_12_07_01_39_23_576.jpg,E:\IMG\right_2025_12_07_01_39_23_576.jpg,0,0,0,27.60375
E:\IMG\center_2025_12_07_01_39_23_644.jpg,E:\IMG\left_2025_12_07_01_39_23_644.jpg,E:\IMG\right_2025_12_07_01_39_23_644.jpg,0,0.1430277,0,27.44617
E:\IMG\center_2025_12_07_01_39_23_732.jpg,E:\IMG\left_2025_12_07_01_39_23_732.jpg,E:\IMG\right_2025_12_07_01_39_23_732.jpg,0,0.4061205,0,27.47656
E:\IMG\center_2025_12_07_01_39_23_799.jpg,E:\IMG\left_2025_12_07_01_39_23_799.jpg,E:\IMG\right_2025_12_07_01_39_23_799.jpg,0,0.6066315,0,27.67097
E:\IMG\center_2025_12_07_01_39_23_886.jpg,E:\IMG\left_2025_12_07_01_39_23_886.jpg,E:\IMG\right_2025_12_07_01_39_23_886.jpg,0,0.8689413,0,28.30824
E:\IMG\center_2025_12_07_01_39_23_976.jpg,E:\IMG\left_2025_12_07_01_39_23_976.jpg,E:\IMG\right_2025_12_07_01_39_23_976.jpg,0,0.9182062,0,29.00565
E:\IMG\center_2025_12_07_01_39_24_056.jpg,E:\IMG\left_2025_12_07_01_39_24_056.jpg,E:\IMG\right_2025_12_07_01_39_24_056.jpg,0,0.6761662,0,29.56381
E:\IMG\center_2025_12_07_01_39_24_139.jpg,E:\IMG\left_2025_12_07_01_39_24_139.jpg,E:\IMG\right_2025_12_07_01_39_24_139.jpg,0,0.4257658,0,29.86859
E:\IMG\center_2025_12_07_01_39_24_229.jpg,E:\IMG\left_2025_12_07_01_39_24_229.jpg,E:\IMG\right_2025_12_07_01_39_24_229.jpg,0.1,0.157882,0,29.9009
E:\IMG\center_2025_12_07_01_39_24_307.jpg,E:\IMG\left_2025_12_07_01_39_24_307.jpg,E:\IMG\right_2025_12_07_01_39_24_307.jpg,0.3,0,0,29.67751
E:\IMG\center_2025_12_07_01_39_24_394.jpg,E:\IMG\left_2025_12_07_01_39_24_394.jpg,E:\IMG\right_2025_12_07_01_39_24_394.jpg,0,0,0,29.3747
E:\IMG\center_2025_12_07_01_39_24_474.jpg,E:\IMG\left_2025_12_07_01_39_24_474.jpg,E:\IMG\right_2025_12_07_01_39_24_474.jpg,0,0.1866972,0,29.19335
E:\IMG\center_2025_12_07_01_39_24_555.jpg,E:\IMG\left_2025_12_07_01_39_24_555.jpg,E:\IMG\right_2025_12_07_01_39_24_555.jpg,0,0.4303761,0,29.25215
E:\IMG\center_2025_12_07_01_39_24_646.jpg,E:\IMG\left_2025_12_07_01_39_24_646.jpg,E:\IMG\right_2025_12_07_01_39_24_646.jpg,0,0.1595739,0,29.30222
E:\IMG\center_2025_12_07_01_39_24_717.jpg,E:\IMG\left_2025_12_07_01_39_24_717.jpg,E:\IMG\right_2025_12_07_01_39_24_717.jpg,0,0,0,29.17978
E:\IMG\center_2025_12_07_01_39_24_783.jpg,E:\IMG\left_2025_12_07_01_39_24_783.jpg,E:\IMG\right_2025_12_07_01_39_24_783.jpg,0,0,0,29.00347
E:\IMG\center_2025_12_07_01_39_24_862.jpg,E:\IMG\left_2025_12_07_01_39_24_862.jpg,E:\IMG\right_2025_12_07_01_39_24_862.jpg,0,0,0,28.77026
E:\IMG\center_2025_12_07_01_39_24_934.jpg,E:\IMG\left_2025_12_07_01_39_24_934.jpg,E:\IMG\right_2025_12_07_01_39_24_934.jpg,0,0,0,28.5389
E:\IMG\center_2025_12_07_01_39_25_015.jpg,E:\IMG\left_2025_12_07_01_39_25_015.jpg,E:\IMG\right_2025_12_07_01_39_25_015.jpg,0,0.119505,0,28.33332
E:\IMG\center_2025_12_07_01_39_25_096.jpg,E:\IMG\left_2025_12_07_01_39_25_096.jpg,E:\IMG\right_2025_12_07_01_39_25_096.jpg,0,0.3624711,0,28.33275
E:\IMG\center_2025_12_07_01_39_25_174.jpg,E:\IMG\left_2025_12_07_01_39_25_174.jpg,E:\IMG\right_2025_12_07_01_39_25_174.jpg,0,0.6016056,0,28.56466
E:\IMG\center_2025_12_07_01_39_25_258.jpg,E:\IMG\left_2025_12_07_01_39_25_258.jpg,E:\IMG\right_2025_12_07_01_39_25_258.jpg,0,0.8512098,0,29.022
E:\IMG\center_2025_12_07_01_39_25_336.jpg,E:\IMG\left_2025_12_07_01_39_25_336.jpg,E:\IMG\right_2025_12_07_01_39_25_336.jpg,0,1,0,29.70001
E:\IMG\center_2025_12_07_01_39_25_414.jpg,E:\IMG\left_2025_12_07_01_39_25_414.jpg,E:\IMG\right_2025_12_07_01_39_25_414.jpg,0,1,0,30.19149
E:\IMG\center_2025_12_07_01_39_25_498.jpg,E:\IMG\left_2025_12_07_01_39_25_498.jpg,E:\IMG\right_2025_12_07_01_39_25_498.jpg,0,1,0,30.19016
E:\IMG\center_2025_12_07_01_39_25_572.jpg,E:\IMG\left_2025_12_07_01_39_25_572.jpg,E:\IMG\right_2025_12_07_01_39_25_572.jpg,0,0.7730377,0,30.14489
E:\IMG\center_2025_12_07_01_39_25_648.jpg,E:\IMG\left_2025_12_07_01_39_25_648.jpg,E:\IMG\right_2025_12_07_01_39_25_648.jpg,0,0.545669,0,30.08701
E:\IMG\center_2025_12_07_01_39_25_719.jpg,E:\IMG\left_2025_12_07_01_39_25_719.jpg,E:\IMG\right_2025_12_07_01_39_25_719.jpg,0,0.3356585,0,30.04152
E:\IMG\center_2025_12_07_01_39_25_786.jpg,E:\IMG\left_2025_12_07_01_39_25_786.jpg,E:\IMG\right_2025_12_07_01_39_25_786.jpg,0.2,0.1315082,0,29.96016
E:\IMG\center_2025_12_07_01_39_25_861.jpg,E:\IMG\left_2025_12_07_01_39_25_861.jpg,E:\IMG\right_2025_12_07_01_39_25_861.jpg,0.35,0,0,29.75725
E:\IMG\center_2025_12_07_01_39_25_939.jpg,E:\IMG\left_2025_12_07_01_39_25_939.jpg,E:\IMG\right_2025_12_07_01_39_25_939.jpg,0,0,0,29.51036
E:\IMG\center_2025_12_07_01_39_26_014.jpg,E:\IMG\left_2025_12_07_01_39_26_014.jpg,E:\IMG\right_2025_12_07_01_39_26_014.jpg,0,0,0,29.27136
E:\IMG\center_2025_12_07_01_39_26_093.jpg,E:\IMG\left_2025_12_07_01_39_26_093.jpg,E:\IMG\right_2025_12_07_01_39_26_093.jpg,0,0,0,29.03561
E:\IMG\center_2025_12_07_01_39_26_166.jpg,E:\IMG\left_2025_12_07_01_39_26_166.jpg,E:\IMG\right_2025_12_07_01_39_26_166.jpg,0.15,0,0,28.79499
E:\IMG\center_2025_12_07_01_39_26_242.jpg,E:\IMG\left_2025_12_07_01_39_26_242.jpg,E:\IMG\right_2025_12_07_01_39_26_242.jpg,0.3,0,0,28.57985
E:\IMG\center_2025_12_07_01_39_26_316.jpg,E:\IMG\left_2025_12_07_01_39_26_316.jpg,E:\IMG\right_2025_12_07_01_39_26_316.jpg,0.5000001,0,0,28.22009
E:\IMG\center_2025_12_07_01_39_26_394.jpg,E:\IMG\left_2025_12_07_01_39_26_394.jpg,E:\IMG\right_2025_12_07_01_39_26_394.jpg,0.7,0,0,27.77539
E:\IMG\center_2025_12_07_01_39_26_462.jpg,E:\IMG\left_2025_12_07_01_39_26_462.jpg,E:\IMG\right_2025_12_07_01_39_26_462.jpg,0,0,0,27.56352
E:\IMG\center_2025_12_07_01_39_26_536.jpg,E:\IMG\left_2025_12_07_01_39_26_536.jpg,E:\IMG\right_2025_12_07_01_39_26_536.jpg,0,0,0,27.32356
E:\IMG\center_2025_12_07_01_39_26_605.jpg,E:\IMG\left_2025_12_07_01_39_26_605.jpg,E:\IMG\right_2025_12_07_01_39_26_605.jpg,0,0.2086839,0,27.19627
E:\IMG\center_2025_12_07_01_39_26_676.jpg,E:\IMG\left_2025_12_07_01_39_26_676.jpg,E:\IMG\right_2025_12_07_01_39_26_676.jpg,0.05,0.4206651,0,27.26647
E:\IMG\center_2025_12_07_01_39_26_748.jpg,E:\IMG\left_2025_12_07_01_39_26_748.jpg,E:\IMG\right_2025_12_07_01_39_26_748.jpg,0.25,0.4159818,0,27.48664
E:\IMG\center_2025_12_07_01_39_26_816.jpg,E:\IMG\left_2025_12_07_01_39_26_816.jpg,E:\IMG\right_2025_12_07_01_39_26_816.jpg,0.4,0.2109387,0,27.49686
E:\IMG\center_2025_12_07_01_39_26_892.jpg,E:\IMG\left_2025_12_07_01_39_26_892.jpg,E:\IMG\right_2025_12_07_01_39_26_892.jpg,0.6000001,0,0,27.22091
E:\IMG\center_2025_12_07_01_39_26_971.jpg,E:\IMG\left_2025_12_07_01_39_26_971.jpg,E:\IMG\right_2025_12_07_01_39_26_971.jpg,0,0,0,26.79887
E:\IMG\center_2025_12_07_01_39_27_039.jpg,E:\IMG\left_2025_12_07_01_39_27_039.jpg,E:\IMG\right_2025_12_07_01_39_27_039.jpg,0,0,0,26.59311
E:\IMG\center_2025_12_07_01_39_27_119.jpg,E:\IMG\left_2025_12_07_01_39_27_119.jpg,E:\IMG\right_2025_12_07_01_39_27_119.jpg,0,0,0,26.36501
E:\IMG\center_2025_12_07_01_39_27_194.jpg,E:\IMG\left_2025_12_07_01_39_27_194.jpg,E:\IMG\right_2025_12_07_01_39_27_194.jpg,0.05,0,0,26.15063
E:\IMG\center_2025_12_07_01_39_27_270.jpg,E:\IMG\left_2025_12_07_01_39_27_270.jpg,E:\IMG\right_2025_12_07_01_39_27_270.jpg,0.25,0,0,25.92109
E:\IMG\center_2025_12_07_01_39_27_352.jpg,E:\IMG\left_2025_12_07_01_39_27_352.jpg,E:\IMG\right_2025_12_07_01_39_27_352.jpg,0,0,0,25.67138
E:\IMG\center_2025_12_07_01_39_27_432.jpg,E:\IMG\left_2025_12_07_01_39_27_432.jpg,E:\IMG\right_2025_12_07_01_39_27_432.jpg,0,0.0415239,0,25.46091
E:\IMG\center_2025_12_07_01_39_27_512.jpg,E:\IMG\left_2025_12_07_01_39_27_512.jpg,E:\IMG\right_2025_12_07_01_39_27_512.jpg,0,0.2848644,0,25.40494
E:\IMG\center_2025_12_07_01_39_27_583.jpg,E:\IMG\left_2025_12_07_01_39_27_583.jpg,E:\IMG\right_2025_12_07_01_39_27_583.jpg,0,0.497547,0,25.50441
E:\IMG\center_2025_12_07_01_39_27_657.jpg,E:\IMG\left_2025_12_07_01_39_27_657.jpg,E:\IMG\right_2025_12_07_01_39_27_657.jpg,0.2,0.6868408,0,25.85468
E:\IMG\center_2025_12_07_01_39_27_736.jpg,E:\IMG\left_2025_12_07_01_39_27_736.jpg,E:\IMG\right_2025_12_07_01_39_27_736.jpg,0.4,0.9565467,0,26.36241
E:\IMG\center_2025_12_07_01_39_27_814.jpg,E:\IMG\left_2025_12_07_01_39_27_814.jpg,E:\IMG\right_2025_12_07_01_39_27_814.jpg,0.6000001,0.7222506,0,26.81537
E:\IMG\center_2025_12_07_01_39_27_895.jpg,E:\IMG\left_2025_12_07_01_39_27_895.jpg,E:\IMG\right_2025_12_07_01_39_27_895.jpg,0,0.4811238,0,27.15538
E:\IMG\center_2025_12_07_01_39_27_972.jpg,E:\IMG\left_2025_12_07_01_39_27_972.jpg,E:\IMG\right_2025_12_07_01_39_27_972.jpg,0,0.2487084,0,27.2977
E:\IMG\center_2025_12_07_01_39_28_055.jpg,E:\IMG\left_2025_12_07_01_39_28_055.jpg,E:\IMG\right_2025_12_07_01_39_28_055.jpg,0.2,0.372756,0,27.31775
E:\IMG\center_2025_12_07_01_39_28_135.jpg,E:\IMG\left_2025_12_07_01_39_28_135.jpg,E:\IMG\right_2025_12_07_01_39_28_135.jpg,0.4,0.5050611,0,27.48832
E:\IMG\center_2025_12_07_01_39_28_210.jpg,E:\IMG\left_2025_12_07_01_39_28_210.jpg,E:\IMG\right_2025_12_07_01_39_28_210.jpg,0.6000001,0.2777097,0,27.4929
E:\IMG\center_2025_12_07_01_39_28_291.jpg,E:\IMG\left_2025_12_07_01_39_28_291.jpg,E:\IMG\right_2025_12_07_01_39_28_291.jpg,0.8000001,0.03614848,0,27.1763
E:\IMG\center_2025_12_07_01_39_28_359.jpg,E:\IMG\left_2025_12_07_01_39_28_359.jpg,E:\IMG\right_2025_12_07_01_39_28_359.jpg,0.9500002,0,0,26.77604
E:\IMG\center_2025_12_07_01_39_28_432.jpg,E:\IMG\left_2025_12_07_01_39_28_432.jpg,E:\IMG\right_2025_12_07_01_39_28_432.jpg,1,0,0,26.24653
E:\IMG\center_2025_12_07_01_39_28_513.jpg,E:\IMG\left_2025_12_07_01_39_28_513.jpg,E:\IMG\right_2025_12_07_01_39_28_513.jpg,1,0,0,25.82471
E:\IMG\center_2025_12_07_01_39_28_586.jpg,E:\IMG\left_2025_12_07_01_39_28_586.jpg,E:\IMG\right_2025_12_07_01_39_28_586.jpg,0,0.114399,0,25.50197
E:\IMG\center_2025_12_07_01_39_28_658.jpg,E:\IMG\left_2025_12_07_01_39_28_658.jpg,E:\IMG\right_2025_12_07_01_39_28_658.jpg,0,0.3291837,0,25.48483
E:\IMG\center_2025_12_07_01_39_28_725.jpg,E:\IMG\left_2025_12_07_01_39_28_725.jpg,E:\IMG\right_2025_12_07_01_39_28_725.jpg,0,0.532695,0,25.65741
E:\IMG\center_2025_12_07_01_39_28_796.jpg,E:\IMG\left_2025_12_07_01_39_28_796.jpg,E:\IMG\right_2025_12_07_01_39_28_796.jpg,0,0.7439628,0,25.94595
E:\IMG\center_2025_12_07_01_39_28_867.jpg,E:\IMG\left_2025_12_07_01_39_28_867.jpg,E:\IMG\right_2025_12_07_01_39_28_867.jpg,0,0.95622,0,26.55881
E:\IMG\center_2025_12_07_01_39_28_946.jpg,E:\IMG\left_2025_12_07_01_39_28_946.jpg,E:\IMG\right_2025_12_07_01_39_28_946.jpg,0,1,0,27.30933
E:\IMG\center_2025_12_07_01_39_29_020.jpg,E:\IMG\left_2025_12_07_01_39_29_020.jpg,E:\IMG\right_2025_12_07_01_39_29_020.jpg,0.15,1,0,27.86324
E:\IMG\center_2025_12_07_01_39_29_088.jpg,E:\IMG\left_2025_12_07_01_39_29_088.jpg,E:\IMG\right_2025_12_07_01_39_29_088.jpg,0.35,1,0,28.54228
E:\IMG\center_2025_12_07_01_39_29_169.jpg,E:\IMG\left_2025_12_07_01_39_29_169.jpg,E:\IMG\right_2025_12_07_01_39_29_169.jpg,0,1,0,29.20369
E:\IMG\center_2025_12_07_01_39_29_245.jpg,E:\IMG\left_2025_12_07_01_39_29_245.jpg,E:\IMG\right_2025_12_07_01_39_29_245.jpg,0,1,0,29.92859
E:\IMG\center_2025_12_07_01_39_29_321.jpg,E:\IMG\left_2025_12_07_01_39_29_321.jpg,E:\IMG\right_2025_12_07_01_39_29_321.jpg,0,1,0,30.19057
E:\IMG\center_2025_12_07_01_39_29_393.jpg,E:\IMG\left_2025_12_07_01_39_29_393.jpg,E:\IMG\right_2025_12_07_01_39_29_393.jpg,0,1,0,30.19027
E:\IMG\center_2025_12_07_01_39_29_474.jpg,E:\IMG\left_2025_12_07_01_39_29_474.jpg,E:\IMG\right_2025_12_07_01_39_29_474.jpg,0,1,0,30.19063
E:\IMG\center_2025_12_07_01_39_29_550.jpg,E:\IMG\left_2025_12_07_01_39_29_550.jpg,E:\IMG\right_2025_12_07_01_39_29_550.jpg,0,1,0,30.19033
E:\IMG\center_2025_12_07_01_39_29_624.jpg,E:\IMG\left_2025_12_07_01_39_29_624.jpg,E:\IMG\right_2025_12_07_01_39_29_624.jpg,0.2,1,0,30.18015
E:\IMG\center_2025_12_07_01_39_29_699.jpg,E:\IMG\left_2025_12_07_01_39_29_699.jpg,E:\IMG\right_2025_12_07_01_39_29_699.jpg,0.35,1,0,30.16368
E:\IMG\center_2025_12_07_01_39_29_778.jpg,E:\IMG\left_2025_12_07_01_39_29_778.jpg,E:\IMG\right_2025_12_07_01_39_29_778.jpg,0.5500001,1,0,30.13951
E:\IMG\center_2025_12_07_01_39_29_847.jpg,E:\IMG\left_2025_12_07_01_39_29_847.jpg,E:\IMG\right_2025_12_07_01_39_29_847.jpg,0,1,0,30.18657
E:\IMG\center_2025_12_07_01_39_29_918.jpg,E:\IMG\left_2025_12_07_01_39_29_918.jpg,E:\IMG\right_2025_12_07_01_39_29_918.jpg,0,1,0,30.18924
E:\IMG\center_2025_12_07_01_39_29_990.jpg,E:\IMG\left_2025_12_07_01_39_29_990.jpg,E:\IMG\right_2025_12_07_01_39_29_990.jpg,0,1,0,30.19024
E:\IMG\center_2025_12_07_01_39_30_067.jpg,E:\IMG\left_2025_12_07_01_39_30_067.jpg,E:\IMG\right_2025_12_07_01_39_30_067.jpg,0,0.8262229,0,30.15882
E:\IMG\center_2025_12_07_01_39_30_141.jpg,E:\IMG\left_2025_12_07_01_39_30_141.jpg,E:\IMG\right_2025_12_07_01_39_30_141.jpg,0,0.6521164,0,30.11226
E:\IMG\center_2025_12_07_01_39_30_216.jpg,E:\IMG\left_2025_12_07_01_39_30_216.jpg,E:\IMG\right_2025_12_07_01_39_30_216.jpg,0,0.3806188,0,30.04252
E:\IMG\center_2025_12_07_01_39_30_289.jpg,E:\IMG\left_2025_12_07_01_39_30_289.jpg,E:\IMG\right_2025_12_07_01_39_30_289.jpg,0,0.1605577,0,29.98983
E:\IMG\center_2025_12_07_01_39_30_366.jpg,E:\IMG\left_2025_12_07_01_39_30_366.jpg,E:\IMG\right_2025_12_07_01_39_30_366.jpg,0,0,0,29.81459
E:\IMG\center_2025_12_07_01_39_30_437.jpg,E:\IMG\left_2025_12_07_01_39_30_437.jpg,E:\IMG\right_2025_12_07_01_39_30_437.jpg,0.1,0,0,29.63223
E:\IMG\center_2025_12_07_01_39_30_511.jpg,E:\IMG\left_2025_12_07_01_39_30_511.jpg,E:\IMG\right_2025_12_07_01_39_30_511.jpg,0.3,0,0,29.34288
E:\IMG\center_2025_12_07_01_39_30_582.jpg,E:\IMG\left_2025_12_07_01_39_30_582.jpg,E:\IMG\right_2025_12_07_01_39_30_582.jpg,0,0,0,29.13457
E:\IMG\center_2025_12_07_01_39_30_656.jpg,E:\IMG\left_2025_12_07_01_39_30_656.jpg,E:\IMG\right_2025_12_07_01_39_30_656.jpg,0,0,0,28.89676
E:\IMG\center_2025_12_07_01_39_30_725.jpg,E:\IMG\left_2025_12_07_01_39_30_725.jpg,E:\IMG\right_2025_12_07_01_39_30_725.jpg,0,0,0,28.66367
E:\IMG\center_2025_12_07_01_39_30_795.jpg,E:\IMG\left_2025_12_07_01_39_30_795.jpg,E:\IMG\right_2025_12_07_01_39_30_795.jpg,0,0,0,28.49049
E:\IMG\center_2025_12_07_01_39_30_872.jpg,E:\IMG\left_2025_12_07_01_39_30_872.jpg,E:\IMG\right_2025_12_07_01_39_30_872.jpg,0,0,0,28.26136
E:\IMG\center_2025_12_07_01_39_30_950.jpg,E:\IMG\left_2025_12_07_01_39_30_950.jpg,E:\IMG\right_2025_12_07_01_39_30_950.jpg,0,0,0,28.03409
E:\IMG\center_2025_12_07_01_39_31_017.jpg,E:\IMG\left_2025_12_07_01_39_31_017.jpg,E:\IMG\right_2025_12_07_01_39_31_017.jpg,0,0.0985857,0,27.86487
E:\IMG\center_2025_12_07_01_39_31_090.jpg,E:\IMG\left_2025_12_07_01_39_31_090.jpg,E:\IMG\right_2025_12_07_01_39_31_090.jpg,0,0.3164532,0,27.83538
E:\IMG\center_2025_12_07_01_39_31_167.jpg,E:\IMG\left_2025_12_07_01_39_31_167.jpg,E:\IMG\right_2025_12_07_01_39_31_167.jpg,0,0.5476122,0,28.02596
E:\IMG\center_2025_12_07_01_39_31_237.jpg,E:\IMG\left_2025_12_07_01_39_31_237.jpg,E:\IMG\right_2025_12_07_01_39_31_237.jpg,0,0.7605408,0,28.3357
E:\IMG\center_2025_12_07_01_39_31_313.jpg,E:\IMG\left_2025_12_07_01_39_31_313.jpg,E:\IMG\right_2025_12_07_01_39_31_313.jpg,0,0.9871811,0,28.94253
E:\IMG\center_2025_12_07_01_39_31_388.jpg,E:\IMG\left_2025_12_07_01_39_31_388.jpg,E:\IMG\right_2025_12_07_01_39_31_388.jpg,0,1,0,29.67718
E:\IMG\center_2025_12_07_01_39_31_463.jpg,E:\IMG\left_2025_12_07_01_39_31_463.jpg,E:\IMG\right_2025_12_07_01_39_31_463.jpg,0,1,0,30.18448
E:\IMG\center_2025_12_07_01_39_31_538.jpg,E:\IMG\left_2025_12_07_01_39_31_538.jpg,E:\IMG\right_2025_12_07_01_39_31_538.jpg,0,1,0,30.19026
E:\IMG\center_2025_12_07_01_39_31_616.jpg,E:\IMG\left_2025_12_07_01_39_31_616.jpg,E:\IMG\right_2025_12_07_01_39_31_616.jpg,0,1,0,30.19019
E:\IMG\center_2025_12_07_01_39_31_689.jpg,E:\IMG\left_2025_12_07_01_39_31_689.jpg,E:\IMG\right_2025_12_07_01_39_31_689.jpg,0,0.7791265,0,30.14558
E:\IMG\center_2025_12_07_01_39_31_765.jpg,E:\IMG\left_2025_12_07_01_39_31_765.jpg,E:\IMG\right_2025_12_07_01_39_31_765.jpg,0,0.5514658,0,30.08736
E:\IMG\center_2025_12_07_01_39_31_844.jpg,E:\IMG\left_2025_12_07_01_39_31_844.jpg,E:\IMG\right_2025_12_07_01_39_31_844.jpg,0.05,0.3139609,0,30.0234
E:\IMG\center_2025_12_07_01_39_31_924.jpg,E:\IMG\left_2025_12_07_01_39_31_924.jpg,E:\IMG\right_2025_12_07_01_39_31_924.jpg,0,0.07312028,0,29.89901
E:\IMG\center_2025_12_07_01_39_31_998.jpg,E:\IMG\left_2025_12_07_01_39_31_998.jpg,E:\IMG\right_2025_12_07_01_39_31_998.jpg,0,0,0,29.73396
E:\IMG\center_2025_12_07_01_39_32_072.jpg,E:\IMG\left_2025_12_07_01_39_32_072.jpg,E:\IMG\right_2025_12_07_01_39_32_072.jpg,0,0.1061907,0,29.5106
E:\IMG\center_2025_12_07_01_39_32_151.jpg,E:\IMG\left_2025_12_07_01_39_32_151.jpg,E:\IMG\right_2025_12_07_01_39_32_151.jpg,0,0.3463392,0,29.482
E:\IMG\center_2025_12_07_01_39_32_232.jpg,E:\IMG\left_2025_12_07_01_39_32_232.jpg,E:\IMG\right_2025_12_07_01_39_32_232.jpg,0,0.5868792,0,29.68667
E:\IMG\center_2025_12_07_01_39_32_303.jpg,E:\IMG\left_2025_12_07_01_39_32_303.jpg,E:\IMG\right_2025_12_07_01_39_32_303.jpg,0,0.8020044,0,30.11695
E:\IMG\center_2025_12_07_01_39_32_393.jpg,E:\IMG\left_2025_12_07_01_39_32_393.jpg,E:\IMG\right_2025_12_07_01_39_32_393.jpg,0,1,0,30.19443
E:\IMG\center_2025_12_07_01_39_32_463.jpg,E:\IMG\left_2025_12_07_01_39_32_463.jpg,E:\IMG\right_2025_12_07_01_39_32_463.jpg,0,1,0,30.19007
E:\IMG\center_2025_12_07_01_39_32_535.jpg,E:\IMG\left_2025_12_07_01_39_32_535.jpg,E:\IMG\right_2025_12_07_01_39_32_535.jpg,0,1,0,30.19027
E:\IMG\center_2025_12_07_01_39_32_613.jpg,E:\IMG\left_2025_12_07_01_39_32_613.jpg,E:\IMG\right_2025_12_07_01_39_32_613.jpg,0,1,0,30.19029
E:\IMG\center_2025_12_07_01_39_32_689.jpg,E:\IMG\left_2025_12_07_01_39_32_689.jpg,E:\IMG\right_2025_12_07_01_39_32_689.jpg,0,1,0,30.19028
E:\IMG\center_2025_12_07_01_39_32_771.jpg,E:\IMG\left_2025_12_07_01_39_32_771.jpg,E:\IMG\right_2025_12_07_01_39_32_771.jpg,0,0.8151865,0,30.15857
E:\IMG\center_2025_12_07_01_39_32_843.jpg,E:\IMG\left_2025_12_07_01_39_32_843.jpg,E:\IMG\right_2025_12_07_01_39_32_843.jpg,0,0.5962783,0,30.11479
E:\IMG\center_2025_12_07_01_39_32_921.jpg,E:\IMG\left_2025_12_07_01_39_32_921.jpg,E:\IMG\right_2025_12_07_01_39_32_921.jpg,0.2,0.3643834,0,30.02395
E:\IMG\center_2025_12_07_01_39_32_998.jpg,E:\IMG\left_2025_12_07_01_39_32_998.jpg,E:\IMG\right_2025_12_07_01_39_32_998.jpg,0,0.1309015,0,29.97831
E:\IMG\center_2025_12_07_01_39_33_070.jpg,E:\IMG\left_2025_12_07_01_39_33_070.jpg,E:\IMG\right_2025_12_07_01_39_33_070.jpg,0,0,0,29.78149
E:\IMG\center_2025_12_07_01_39_33_150.jpg,E:\IMG\left_2025_12_07_01_39_33_150.jpg,E:\IMG\right_2025_12_07_01_39_33_150.jpg,0,0.1838049,0,29.59688
E:\IMG\center_2025_12_07_01_39_33_226.jpg,E:\IMG\left_2025_12_07_01_39_33_226.jpg,E:\IMG\right_2025_12_07_01_39_33_226.jpg,0,0.4095519,0,29.63284
E:\IMG\center_2025_12_07_01_39_33_309.jpg,E:\IMG\left_2025_12_07_01_39_33_309.jpg,E:\IMG\right_2025_12_07_01_39_33_309.jpg,0,0.6593028,0,29.89772
E:\IMG\center_2025_12_07_01_39_33_385.jpg,E:\IMG\left_2025_12_07_01_39_33_385.jpg,E:\IMG\right_2025_12_07_01_39_33_385.jpg,0,0.8854809,0,30.16892
E:\IMG\center_2025_12_07_01_39_33_458.jpg,E:\IMG\left_2025_12_07_01_39_33_458.jpg,E:\IMG\right_2025_12_07_01_39_33_458.jpg,0,1,0,30.18856
E:\IMG\center_2025_12_07_01_39_33_535.jpg,E:\IMG\left_2025_12_07_01_39_33_535.jpg,E:\IMG\right_2025_12_07_01_39_33_535.jpg,0,1,0,30.1902
E:\IMG\center_2025_12_07_01_39_33_609.jpg,E:\IMG\left_2025_12_07_01_39_33_609.jpg,E:\IMG\right_2025_12_07_01_39_33_609.jpg,0,1,0,30.19029
E:\IMG\center_2025_12_07_01_39_33_686.jpg,E:\IMG\left_2025_12_07_01_39_33_686.jpg,E:\IMG\right_2025_12_07_01_39_33_686.jpg,0,1,0,30.19028
E:\IMG\center_2025_12_07_01_39_33_766.jpg,E:\IMG\left_2025_12_07_01_39_33_766.jpg,E:\IMG\right_2025_12_07_01_39_33_766.jpg,0,1,0,30.19044
E:\IMG\center_2025_12_07_01_39_33_842.jpg,E:\IMG\left_2025_12_07_01_39_33_842.jpg,E:\IMG\right_2025_12_07_01_39_33_842.jpg,0,1,0,30.19029
E:\IMG\center_2025_12_07_01_39_33_910.jpg,E:\IMG\left_2025_12_07_01_39_33_910.jpg,E:\IMG\right_2025_12_07_01_39_33_910.jpg,0,1,0,30.1903
E:\IMG\center_2025_12_07_01_39_33_986.jpg,E:\IMG\left_2025_12_07_01_39_33_986.jpg,E:\IMG\right_2025_12_07_01_39_33_986.jpg,0,1,0,30.1903
E:\IMG\center_2025_12_07_01_39_34_062.jpg,E:\IMG\left_2025_12_07_01_39_34_062.jpg,E:\IMG\right_2025_12_07_01_39_34_062.jpg,-0.15,1,0,30.18425
E:\IMG\center_2025_12_07_01_39_34_140.jpg,E:\IMG\left_2025_12_07_01_39_34_140.jpg,E:\IMG\right_2025_12_07_01_39_34_140.jpg,0,1,0,30.18966
E:\IMG\center_2025_12_07_01_39_34_212.jpg,E:\IMG\left_2025_12_07_01_39_34_212.jpg,E:\IMG\right_2025_12_07_01_39_34_212.jpg,0,1,0,30.19039
E:\IMG\center_2025_12_07_01_39_34_289.jpg,E:\IMG\left_2025_12_07_01_39_34_289.jpg,E:\IMG\right_2025_12_07_01_39_34_289.jpg,0,1,0,30.19027
E:\IMG\center_2025_12_07_01_39_34_364.jpg,E:\IMG\left_2025_12_07_01_39_34_364.jpg,E:\IMG\right_2025_12_07_01_39_34_364.jpg,0,1,0,30.1903
E:\IMG\center_2025_12_07_01_39_34_444.jpg,E:\IMG\left_2025_12_07_01_39_34_444.jpg,E:\IMG\right_2025_12_07_01_39_34_444.jpg,0,1,0,30.19028
E:\IMG\center_2025_12_07_01_39_34_520.jpg,E:\IMG\left_2025_12_07_01_39_34_520.jpg,E:\IMG\right_2025_12_07_01_39_34_520.jpg,0,1,0,30.19031
E:\IMG\center_2025_12_07_01_39_34_607.jpg,E:\IMG\left_2025_12_07_01_39_34_607.jpg,E:\IMG\right_2025_12_07_01_39_34_607.jpg,0,1,0,30.19032
E:\IMG\center_2025_12_07_01_39_34_681.jpg,E:\IMG\left_2025_12_07_01_39_34_681.jpg,E:\IMG\right_2025_12_07_01_39_34_681.jpg,-0.1,1,0,30.18771
E:\IMG\center_2025_12_07_01_39_34_762.jpg,E:\IMG\left_2025_12_07_01_39_34_762.jpg,E:\IMG\right_2025_12_07_01_39_34_762.jpg,-0.3,1,0,30.16926
E:\IMG\center_2025_12_07_01_39_34_840.jpg,E:\IMG\left_2025_12_07_01_39_34_840.jpg,E:\IMG\right_2025_12_07_01_39_34_840.jpg,0,1,0,30.17934
E:\IMG\center_2025_12_07_01_39_34_915.jpg,E:\IMG\left_2025_12_07_01_39_34_915.jpg,E:\IMG\right_2025_12_07_01_39_34_915.jpg,0,1,0,30.18871
E:\IMG\center_2025_12_07_01_39_34_994.jpg,E:\IMG\left_2025_12_07_01_39_34_994.jpg,E:\IMG\right_2025_12_07_01_39_34_994.jpg,0,0.7617544,0,30.14059
E:\IMG\center_2025_12_07_01_39_35_076.jpg,E:\IMG\left_2025_12_07_01_39_35_076.jpg,E:\IMG\right_2025_12_07_01_39_35_076.jpg,0,0.5190493,0,30.0828
E:\IMG\center_2025_12_07_01_39_35_147.jpg,E:\IMG\left_2025_12_07_01_39_35_147.jpg,E:\IMG\right_2025_12_07_01_39_35_147.jpg,0,0.3025253,0,30.02369
E:\IMG\center_2025_12_07_01_39_35_217.jpg,E:\IMG\left_2025_12_07_01_39_35_217.jpg,E:\IMG\right_2025_12_07_01_39_35_217.jpg,-0.1,0.09762017,0,29.96147
E:\IMG\center_2025_12_07_01_39_35_291.jpg,E:\IMG\left_2025_12_07_01_39_35_291.jpg,E:\IMG\right_2025_12_07_01_39_35_291.jpg,-0.3,0.1239228,0,29.72121
E:\IMG\center_2025_12_07_01_39_35_368.jpg,E:\IMG\left_2025_12_07_01_39_35_368.jpg,E:\IMG\right_2025_12_07_01_39_35_368.jpg,0,0.3533463,0,29.69913
E:\IMG\center_2025_12_07_01_39_35_446.jpg,E:\IMG\left_2025_12_07_01_39_35_446.jpg,E:\IMG\right_2025_12_07_01_39_35_446.jpg,0,0.5891235,0,29.91917
E:\IMG\center_2025_12_07_01_39_35_518.jpg,E:\IMG\left_2025_12_07_01_39_35_518.jpg,E:\IMG\right_2025_12_07_01_39_35_518.jpg,0,0.8045985,0,30.13844
E:\IMG\center_2025_12_07_01_39_35_594.jpg,E:\IMG\left_2025_12_07_01_39_35_594.jpg,E:\IMG\right_2025_12_07_01_39_35_594.jpg,-0.1,1,0,30.18736
E:\IMG\center_2025_12_07_01_39_35_677.jpg,E:\IMG\left_2025_12_07_01_39_35_677.jpg,E:\IMG\right_2025_12_07_01_39_35_677.jpg,-0.3,1,0,30.17045
E:\IMG\center_2025_12_07_01_39_35_757.jpg,E:\IMG\left_2025_12_07_01_39_35_757.jpg,E:\IMG\right_2025_12_07_01_39_35_757.jpg,0,1,0,30.17953
E:\IMG\center_2025_12_07_01_39_35_835.jpg,E:\IMG\left_2025_12_07_01_39_35_835.jpg,E:\IMG\right_2025_12_07_01_39_35_835.jpg,0,0.8772247,0,30.16521
E:\IMG\center_2025_12_07_01_39_35_916.jpg,E:\IMG\left_2025_12_07_01_39_35_916.jpg,E:\IMG\right_2025_12_07_01_39_35_916.jpg,0,0.6349651,0,30.11045
E:\IMG\center_2025_12_07_01_39_35_997.jpg,E:\IMG\left_2025_12_07_01_39_35_997.jpg,E:\IMG\right_2025_12_07_01_39_35_997.jpg,0,0.3916188,0,30.04404
E:\IMG\center_2025_12_07_01_39_36_081.jpg,E:\IMG\left_2025_12_07_01_39_36_081.jpg,E:\IMG\right_2025_12_07_01_39_36_081.jpg,-0.15,0.2819187,0,29.98195
E:\IMG\center_2025_12_07_01_39_36_163.jpg,E:\IMG\left_2025_12_07_01_39_36_163.jpg,E:\IMG\right_2025_12_07_01_39_36_163.jpg,-0.35,0.5279589,0,30.03239
E:\IMG\center_2025_12_07_01_39_36_242.jpg,E:\IMG\left_2025_12_07_01_39_36_242.jpg,E:\IMG\right_2025_12_07_01_39_36_242.jpg,0,0.7684371,0,30.12092
E:\IMG\center_2025_12_07_01_39_36_333.jpg,E:\IMG\left_2025_12_07_01_39_36_333.jpg,E:\IMG\right_2025_12_07_01_39_36_333.jpg,0,1,0,30.19672
E:\IMG\center_2025_12_07_01_39_36_408.jpg,E:\IMG\left_2025_12_07_01_39_36_408.jpg,E:\IMG\right_2025_12_07_01_39_36_408.jpg,0,1,0,30.19039
E:\IMG\center_2025_12_07_01_39_36_490.jpg,E:\IMG\left_2025_12_07_01_39_36_490.jpg,E:\IMG\right_2025_12_07_01_39_36_490.jpg,-0.05,1,0,30.18982
E:\IMG\center_2025_12_07_01_39_36_574.jpg,E:\IMG\left_2025_12_07_01_39_36_574.jpg,E:\IMG\right_2025_12_07_01_39_36_574.jpg,-0.25,1,0,30.17515
E:\IMG\center_2025_12_07_01_39_36_656.jpg,E:\IMG\left_2025_12_07_01_39_36_656.jpg,E:\IMG\right_2025_12_07_01_39_36_656.jpg,-0.45,1,0,30.15186
E:\IMG\center_2025_12_07_01_39_36_735.jpg,E:\IMG\left_2025_12_07_01_39_36_735.jpg,E:\IMG\right_2025_12_07_01_39_36_735.jpg,-0.6500001,1,0,30.1273
E:\IMG\center_2025_12_07_01_39_36_817.jpg,E:\IMG\left_2025_12_07_01_39_36_817.jpg,E:\IMG\right_2025_12_07_01_39_36_817.jpg,0,0.7546312,0,30.1261
E:\IMG\center_2025_12_07_01_39_36_899.jpg,E:\IMG\left_2025_12_07_01_39_36_899.jpg,E:\IMG\right_2025_12_07_01_39_36_899.jpg,0,0.506721,0,30.07016
E:\IMG\center_2025_12_07_01_39_36_984.jpg,E:\IMG\left_2025_12_07_01_39_36_984.jpg,E:\IMG\right_2025_12_07_01_39_36_984.jpg,-0.15,0.2504712,0,30.0153
E:\IMG\center_2025_12_07_01_39_37_052.jpg,E:\IMG\left_2025_12_07_01_39_37_052.jpg,E:\IMG\right_2025_12_07_01_39_37_052.jpg,-0.3,0.04954471,0,29.90058
E:\IMG\center_2025_12_07_01_39_37_130.jpg,E:\IMG\left_2025_12_07_01_39_37_130.jpg,E:\IMG\right_2025_12_07_01_39_37_130.jpg,-0.5000001,0,0,29.54416
E:\IMG\center_2025_12_07_01_39_37_217.jpg,E:\IMG\left_2025_12_07_01_39_37_217.jpg,E:\IMG\right_2025_12_07_01_39_37_217.jpg,-0.7,0.135792,0,29.11026
E:\IMG\center_2025_12_07_01_39_37_287.jpg,E:\IMG\left_2025_12_07_01_39_37_287.jpg,E:\IMG\right_2025_12_07_01_39_37_287.jpg,0,0.3429015,0,29.07632
E:\IMG\center_2025_12_07_01_39_37_367.jpg,E:\IMG\left_2025_12_07_01_39_37_367.jpg,E:\IMG\right_2025_12_07_01_39_37_367.jpg,0,0.5855094,0,29.26365
E:\IMG\center_2025_12_07_01_39_37_453.jpg,E:\IMG\left_2025_12_07_01_39_37_453.jpg,E:\IMG\right_2025_12_07_01_39_37_453.jpg,0,0.8467603,0,29.70847
E:\IMG\center_2025_12_07_01_39_37_544.jpg,E:\IMG\left_2025_12_07_01_39_37_544.jpg,E:\IMG\right_2025_12_07_01_39_37_544.jpg,0,1,0,30.19024
E:\IMG\center_2025_12_07_01_39_37_614.jpg,E:\IMG\left_2025_12_07_01_39_37_614.jpg,E:\IMG\right_2025_12_07_01_39_37_614.jpg,0,1,0,30.18722
E:\IMG\center_2025_12_07_01_39_37_703.jpg,E:\IMG\left_2025_12_07_01_39_37_703.jpg,E:\IMG\right_2025_12_07_01_39_37_703.jpg,0,1,0,30.19063
E:\IMG\center_2025_12_07_01_39_37_788.jpg,E:\IMG\left_2025_12_07_01_39_37_788.jpg,E:\IMG\right_2025_12_07_01_39_37_788.jpg,-0.05,1,0,30.19016
E:\IMG\center_2025_12_07_01_39_37_876.jpg,E:\IMG\left_2025_12_07_01_39_37_876.jpg,E:\IMG\right_2025_12_07_01_39_37_876.jpg,-0.25,1,0,30.17541
E:\IMG\center_2025_12_07_01_39_37_947.jpg,E:\IMG\left_2025_12_07_01_39_37_947.jpg,E:\IMG\right_2025_12_07_01_39_37_947.jpg,-0.45,1,0,30.15154
E:\IMG\center_2025_12_07_01_39_38_031.jpg,E:\IMG\left_2025_12_07_01_39_38_031.jpg,E:\IMG\right_2025_12_07_01_39_38_031.jpg,0,1,0,30.18836
E:\IMG\center_2025_12_07_01_39_38_123.jpg,E:\IMG\left_2025_12_07_01_39_38_123.jpg,E:\IMG\right_2025_12_07_01_39_38_123.jpg,0,0.9202222,0,30.18901
E:\IMG\center_2025_12_07_01_39_38_216.jpg,E:\IMG\left_2025_12_07_01_39_38_216.jpg,E:\IMG\right_2025_12_07_01_39_38_216.jpg,-0.05,0.6426538,0,30.11864
E:\IMG\center_2025_12_07_01_39_38_299.jpg,E:\IMG\left_2025_12_07_01_39_38_299.jpg,E:\IMG\right_2025_12_07_01_39_38_299.jpg,-0.25,0.394145,0,30.03344
E:\IMG\center_2025_12_07_01_39_38_396.jpg,E:\IMG\left_2025_12_07_01_39_38_396.jpg,E:\IMG\right_2025_12_07_01_39_38_396.jpg,0,0.2860507,0,29.97788
E:\IMG\center_2025_12_07_01_39_38_481.jpg,E:\IMG\left_2025_12_07_01_39_38_481.jpg,E:\IMG\right_2025_12_07_01_39_38_481.jpg,-0.05,0.5401043,0,30.06232
E:\IMG\center_2025_12_07_01_39_38_548.jpg,E:\IMG\left_2025_12_07_01_39_38_548.jpg,E:\IMG\right_2025_12_07_01_39_38_548.jpg,-0.25,0.7427006,0,30.10672
E:\IMG\center_2025_12_07_01_39_38_626.jpg,E:\IMG\left_2025_12_07_01_39_38_626.jpg,E:\IMG\right_2025_12_07_01_39_38_626.jpg,-0.45,0.9722078,0,30.15113
E:\IMG\center_2025_12_07_01_39_38_714.jpg,E:\IMG\left_2025_12_07_01_39_38_714.jpg,E:\IMG\right_2025_12_07_01_39_38_714.jpg,-0.6500001,0.9308896,0,30.12778
E:\IMG\center_2025_12_07_01_39_38_780.jpg,E:\IMG\left_2025_12_07_01_39_38_780.jpg,E:\IMG\right_2025_12_07_01_39_38_780.jpg,0,0.7302784,0,30.14173
E:\IMG\center_2025_12_07_01_39_38_849.jpg,E:\IMG\left_2025_12_07_01_39_38_849.jpg,E:\IMG\right_2025_12_07_01_39_38_849.jpg,0,0.521851,0,30.07856
E:\IMG\center_2025_12_07_01_39_38_917.jpg,E:\IMG\left_2025_12_07_01_39_38_917.jpg,E:\IMG\right_2025_12_07_01_39_38_917.jpg,-0.1,0.3199252,0,30.03349
E:\IMG\center_2025_12_07_01_39_38_986.jpg,E:\IMG\left_2025_12_07_01_39_38_986.jpg,E:\IMG\right_2025_12_07_01_39_38_986.jpg,-0.3,0.1111867,0,29.92565
E:\IMG\center_2025_12_07_01_39_39_056.jpg,E:\IMG\left_2025_12_07_01_39_39_056.jpg,E:\IMG\right_2025_12_07_01_39_39_056.jpg,-0.45,0,0,29.68272
E:\IMG\center_2025_12_07_01_39_39_127.jpg,E:\IMG\left_2025_12_07_01_39_39_127.jpg,E:\IMG\right_2025_12_07_01_39_39_127.jpg,-0.6500001,0,0,29.23838
E:\IMG\center_2025_12_07_01_39_39_216.jpg,E:\IMG\left_2025_12_07_01_39_39_216.jpg,E:\IMG\right_2025_12_07_01_39_39_216.jpg,-0.8500001,0,0,28.7114
E:\IMG\center_2025_12_07_01_39_39_283.jpg,E:\IMG\left_2025_12_07_01_39_39_283.jpg,E:\IMG\right_2025_12_07_01_39_39_283.jpg,0,0,0,28.40278
E:\IMG\center_2025_12_07_01_39_39_371.jpg,E:\IMG\left_2025_12_07_01_39_39_371.jpg,E:\IMG\right_2025_12_07_01_39_39_371.jpg,0,0,0,28.07013
E:\IMG\center_2025_12_07_01_39_39_456.jpg,E:\IMG\left_2025_12_07_01_39_39_456.jpg,E:\IMG\right_2025_12_07_01_39_39_456.jpg,0,0,0,27.83767
E:\IMG\center_2025_12_07_01_39_39_523.jpg,E:\IMG\left_2025_12_07_01_39_39_523.jpg,E:\IMG\right_2025_12_07_01_39_39_523.jpg,0,0.2028258,0,27.73167
E:\IMG\center_2025_12_07_01_39_39_593.jpg,E:\IMG\left_2025_12_07_01_39_39_593.jpg,E:\IMG\right_2025_12_07_01_39_39_593.jpg,-0.05,0.4117608,0,27.78473
E:\IMG\center_2025_12_07_01_39_39_686.jpg,E:\IMG\left_2025_12_07_01_39_39_686.jpg,E:\IMG\right_2025_12_07_01_39_39_686.jpg,-0.3,0.6907776,0,28.14043
E:\IMG\center_2025_12_07_01_39_39_765.jpg,E:\IMG\left_2025_12_07_01_39_39_765.jpg,E:\IMG\right_2025_12_07_01_39_39_765.jpg,-0.5000001,0.9278196,0,28.59306
E:\IMG\center_2025_12_07_01_39_39_850.jpg,E:\IMG\left_2025_12_07_01_39_39_850.jpg,E:\IMG\right_2025_12_07_01_39_39_850.jpg,0,0.8917414,0,29.12542
E:\IMG\center_2025_12_07_01_39_39_938.jpg,E:\IMG\left_2025_12_07_01_39_39_938.jpg,E:\IMG\right_2025_12_07_01_39_39_938.jpg,0,0.6267289,0,29.60657
E:\IMG\center_2025_12_07_01_39_40_027.jpg,E:\IMG\left_2025_12_07_01_39_40_027.jpg,E:\IMG\right_2025_12_07_01_39_40_027.jpg,0,0.3587914,0,29.90899
E:\IMG\center_2025_12_07_01_39_40_113.jpg,E:\IMG\left_2025_12_07_01_39_40_113.jpg,E:\IMG\right_2025_12_07_01_39_40_113.jpg,0,0.1013971,0,29.90088
E:\IMG\center_2025_12_07_01_39_40_198.jpg,E:\IMG\left_2025_12_07_01_39_40_198.jpg,E:\IMG\right_2025_12_07_01_39_40_198.jpg,0,0.3565267,0,29.86735
E:\IMG\center_2025_12_07_01_39_40_286.jpg,E:\IMG\left_2025_12_07_01_39_40_286.jpg,E:\IMG\right_2025_12_07_01_39_40_286.jpg,-0.2,0.6231193,0,30.0736
E:\IMG\center_2025_12_07_01_39_40_373.jpg,E:\IMG\left_2025_12_07_01_39_40_373.jpg,E:\IMG\right_2025_12_07_01_39_40_373.jpg,-0.4,0.8833828,0,30.11419
E:\IMG\center_2025_12_07_01_39_40_463.jpg,E:\IMG\left_2025_12_07_01_39_40_463.jpg,E:\IMG\right_2025_12_07_01_39_40_463.jpg,0,1,0,30.18523
E:\IMG\center_2025_12_07_01_39_40_547.jpg,E:\IMG\left_2025_12_07_01_39_40_547.jpg,E:\IMG\right_2025_12_07_01_39_40_547.jpg,0,0.8024242,0,30.15657
E:\IMG\center_2025_12_07_01_39_40_614.jpg,E:\IMG\left_2025_12_07_01_39_40_614.jpg,E:\IMG\right_2025_12_07_01_39_40_614.jpg,0,0.5993413,0,30.10498
E:\IMG\center_2025_12_07_01_39_40_700.jpg,E:\IMG\left_2025_12_07_01_39_40_700.jpg,E:\IMG\right_2025_12_07_01_39_40_700.jpg,0,0.3431788,0,30.03272
E:\IMG\center_2025_12_07_01_39_40_772.jpg,E:\IMG\left_2025_12_07_01_39_40_772.jpg,E:\IMG\right_2025_12_07_01_39_40_772.jpg,0,0.5588167,0,30.06612
E:\IMG\center_2025_12_07_01_39_40_857.jpg,E:\IMG\left_2025_12_07_01_39_40_857.jpg,E:\IMG\right_2025_12_07_01_39_40_857.jpg,-0.05,0.8134006,0,30.12877
E:\IMG\center_2025_12_07_01_39_40_924.jpg,E:\IMG\left_2025_12_07_01_39_40_924.jpg,E:\IMG\right_2025_12_07_01_39_40_924.jpg,-0.2,1,0,30.16902
E:\IMG\center_2025_12_07_01_39_40_992.jpg,E:\IMG\left_2025_12_07_01_39_40_992.jpg,E:\IMG\right_2025_12_07_01_39_40_992.jpg,0,1,0,30.18313
E:\IMG\center_2025_12_07_01_39_41_060.jpg,E:\IMG\left_2025_12_07_01_39_41_060.jpg,E:\IMG\right_2025_12_07_01_39_41_060.jpg,0,0.8619739,0,30.16499
E:\IMG\center_2025_12_07_01_39_41_131.jpg,E:\IMG\left_2025_12_07_01_39_41_131.jpg,E:\IMG\right_2025_12_07_01_39_41_131.jpg,0,0.6502633,0,30.12244
E:\IMG\center_2025_12_07_01_39_41_220.jpg,E:\IMG\left_2025_12_07_01_39_41_220.jpg,E:\IMG\right_2025_12_07_01_39_41_220.jpg,0,0.3820849,0,30.04922
E:\IMG\center_2025_12_07_01_39_41_310.jpg,E:\IMG\left_2025_12_07_01_39_41_310.jpg,E:\IMG\right_2025_12_07_01_39_41_310.jpg,-0.1,0.1120216,0,29.97029
E:\IMG\center_2025_12_07_01_39_41_397.jpg,E:\IMG\left_2025_12_07_01_39_41_397.jpg,E:\IMG\right_2025_12_07_01_39_41_397.jpg,0,0.2461684,0,29.80946
E:\IMG\center_2025_12_07_01_39_41_489.jpg,E:\IMG\left_2025_12_07_01_39_41_489.jpg,E:\IMG\right_2025_12_07_01_39_41_489.jpg,0,0.5208859,0,29.98756
E:\IMG\center_2025_12_07_01_39_41_561.jpg,E:\IMG\left_2025_12_07_01_39_41_561.jpg,E:\IMG\right_2025_12_07_01_39_41_561.jpg,0,0.7383167,0,30.10619
E:\IMG\center_2025_12_07_01_39_41_644.jpg,E:\IMG\left_2025_12_07_01_39_41_644.jpg,E:\IMG\right_2025_12_07_01_39_41_644.jpg,0,0.9895376,0,30.19074
E:\IMG\center_2025_12_07_01_39_41_712.jpg,E:\IMG\left_2025_12_07_01_39_41_712.jpg,E:\IMG\right_2025_12_07_01_39_41_712.jpg,0,1,0,30.18995
E:\IMG\center_2025_12_07_01_39_41_780.jpg,E:\IMG\left_2025_12_07_01_39_41_780.jpg,E:\IMG\right_2025_12_07_01_39_41_780.jpg,-0.1,1,0,30.18788
E:\IMG\center_2025_12_07_01_39_41_848.jpg,E:\IMG\left_2025_12_07_01_39_41_848.jpg,E:\IMG\right_2025_12_07_01_39_41_848.jpg,-0.3,1,0,30.1695
E:\IMG\center_2025_12_07_01_39_41_917.jpg,E:\IMG\left_2025_12_07_01_39_41_917.jpg,E:\IMG\right_2025_12_07_01_39_41_917.jpg,-0.45,1,0,30.15163
E:\IMG\center_2025_12_07_01_39_42_008.jpg,E:\IMG\left_2025_12_07_01_39_42_008.jpg,E:\IMG\right_2025_12_07_01_39_42_008.jpg,0,0.792697,0,30.13053
E:\IMG\center_2025_12_07_01_39_42_080.jpg,E:\IMG\left_2025_12_07_01_39_42_080.jpg,E:\IMG\right_2025_12_07_01_39_42_080.jpg,0,0.5742632,0,30.10013
E:\IMG\center_2025_12_07_01_39_42_163.jpg,E:\IMG\left_2025_12_07_01_39_42_163.jpg,E:\IMG\right_2025_12_07_01_39_42_163.jpg,0,0.3815462,0,30.02903
E:\IMG\center_2025_12_07_01_39_42_233.jpg,E:\IMG\left_2025_12_07_01_39_42_233.jpg,E:\IMG\right_2025_12_07_01_39_42_233.jpg,-0.2,0.1128296,0,29.95378
E:\IMG\center_2025_12_07_01_39_42_301.jpg,E:\IMG\left_2025_12_07_01_39_42_301.jpg,E:\IMG\right_2025_12_07_01_39_42_301.jpg,-0.35,0,0,29.74564
E:\IMG\center_2025_12_07_01_39_42_372.jpg,E:\IMG\left_2025_12_07_01_39_42_372.jpg,E:\IMG\right_2025_12_07_01_39_42_372.jpg,0,0.2096817,0,29.58109
E:\IMG\center_2025_12_07_01_39_42_443.jpg,E:\IMG\left_2025_12_07_01_39_42_443.jpg,E:\IMG\right_2025_12_07_01_39_42_443.jpg,0,0.4224912,0,29.6238
E:\IMG\center_2025_12_07_01_39_42_511.jpg,E:\IMG\left_2025_12_07_01_39_42_511.jpg,E:\IMG\right_2025_12_07_01_39_42_511.jpg,0,0.6278694,0,29.88798
E:\IMG\center_2025_12_07_01_39_42_580.jpg,E:\IMG\left_2025_12_07_01_39_42_580.jpg,E:\IMG\right_2025_12_07_01_39_42_580.jpg,0,0.8335947,0,30.13973
E:\IMG\center_2025_12_07_01_39_42_654.jpg,E:\IMG\left_2025_12_07_01_39_42_654.jpg,E:\IMG\right_2025_12_07_01_39_42_654.jpg,0,1,0,30.18856
E:\IMG\center_2025_12_07_01_39_42_722.jpg,E:\IMG\left_2025_12_07_01_39_42_722.jpg,E:\IMG\right_2025_12_07_01_39_42_722.jpg,0,1,0,30.19027
E:\IMG\center_2025_12_07_01_39_42_795.jpg,E:\IMG\left_2025_12_07_01_39_42_795.jpg,E:\IMG\right_2025_12_07_01_39_42_795.jpg,0,1,0,30.19028
E:\IMG\center_2025_12_07_01_39_42_864.jpg,E:\IMG\left_2025_12_07_01_39_42_864.jpg,E:\IMG\right_2025_12_07_01_39_42_864.jpg,-0.15,1,0,30.18428
E:\IMG\center_2025_12_07_01_39_42_936.jpg,E:\IMG\left_2025_12_07_01_39_42_936.jpg,E:\IMG\right_2025_12_07_01_39_42_936.jpg,-0.3,1,0,30.16927
E:\IMG\center_2025_12_07_01_39_43_008.jpg,E:\IMG\left_2025_12_07_01_39_43_008.jpg,E:\IMG\right_2025_12_07_01_39_43_008.jpg,0,0.9200986,0,30.16434
E:\IMG\center_2025_12_07_01_39_43_090.jpg,E:\IMG\left_2025_12_07_01_39_43_090.jpg,E:\IMG\right_2025_12_07_01_39_43_090.jpg,0,0.6742399,0,30.10237
E:\IMG\center_2025_12_07_01_39_43_175.jpg,E:\IMG\left_2025_12_07_01_39_43_175.jpg,E:\IMG\right_2025_12_07_01_39_43_175.jpg,0,0.4190009,0,30.03635
E:\IMG\center_2025_12_07_01_39_43_244.jpg,E:\IMG\left_2025_12_07_01_39_43_244.jpg,E:\IMG\right_2025_12_07_01_39_43_244.jpg,-0.15,0.211961,0,30.00078
E:\IMG\center_2025_12_07_01_39_43_327.jpg,E:\IMG\left_2025_12_07_01_39_43_327.jpg,E:\IMG\right_2025_12_07_01_39_43_327.jpg,-0.4,0,0,29.71734
E:\IMG\center_2025_12_07_01_39_43_414.jpg,E:\IMG\left_2025_12_07_01_39_43_414.jpg,E:\IMG\right_2025_12_07_01_39_43_414.jpg,-0.6000001,0.2620338,0,29.40597
E:\IMG\center_2025_12_07_01_39_43_488.jpg,E:\IMG\left_2025_12_07_01_39_43_488.jpg,E:\IMG\right_2025_12_07_01_39_43_488.jpg,0,0.4862142,0,29.43366
E:\IMG\center_2025_12_07_01_39_43_559.jpg,E:\IMG\left_2025_12_07_01_39_43_559.jpg,E:\IMG\right_2025_12_07_01_39_43_559.jpg,0,0.6959248,0,29.66698
E:\IMG\center_2025_12_07_01_39_43_627.jpg,E:\IMG\left_2025_12_07_01_39_43_627.jpg,E:\IMG\right_2025_12_07_01_39_43_627.jpg,0,0.4922329,0,30.00965
E:\IMG\center_2025_12_07_01_39_43_702.jpg,E:\IMG\left_2025_12_07_01_39_43_702.jpg,E:\IMG\right_2025_12_07_01_39_43_702.jpg,0,0.2678677,0,30.01443
E:\IMG\center_2025_12_07_01_39_43_776.jpg,E:\IMG\left_2025_12_07_01_39_43_776.jpg,E:\IMG\right_2025_12_07_01_39_43_776.jpg,0,0.3169561,0,29.97039
E:\IMG\center_2025_12_07_01_39_43_847.jpg,E:\IMG\left_2025_12_07_01_39_43_847.jpg,E:\IMG\right_2025_12_07_01_39_43_847.jpg,0,0.5306035,0,30.05229
E:\IMG\center_2025_12_07_01_39_43_922.jpg,E:\IMG\left_2025_12_07_01_39_43_922.jpg,E:\IMG\right_2025_12_07_01_39_43_922.jpg,0,0.7567702,0,30.11392
E:\IMG\center_2025_12_07_01_39_43_995.jpg,E:\IMG\left_2025_12_07_01_39_43_995.jpg,E:\IMG\right_2025_12_07_01_39_43_995.jpg,0,0.9745741,0,30.17146
E:\IMG\center_2025_12_07_01_39_44_075.jpg,E:\IMG\left_2025_12_07_01_39_44_075.jpg,E:\IMG\right_2025_12_07_01_39_44_075.jpg,0,1,0,30.19041
E:\IMG\center_2025_12_07_01_39_44_151.jpg,E:\IMG\left_2025_12_07_01_39_44_151.jpg,E:\IMG\right_2025_12_07_01_39_44_151.jpg,0,1,0,30.1903
E:\IMG\center_2025_12_07_01_39_44_231.jpg,E:\IMG\left_2025_12_07_01_39_44_231.jpg,E:\IMG\right_2025_12_07_01_39_44_231.jpg,-0.05,1,0,30.18953
E:\IMG\center_2025_12_07_01_39_44_306.jpg,E:\IMG\left_2025_12_07_01_39_44_306.jpg,E:\IMG\right_2025_12_07_01_39_44_306.jpg,-0.25,1,0,30.17473
E:\IMG\center_2025_12_07_01_39_44_381.jpg,E:\IMG\left_2025_12_07_01_39_44_381.jpg,E:\IMG\right_2025_12_07_01_39_44_381.jpg,0,1,0,30.19074
E:\IMG\center_2025_12_07_01_39_44_463.jpg,E:\IMG\left_2025_12_07_01_39_44_463.jpg,E:\IMG\right_2025_12_07_01_39_44_463.jpg,0,1,0,30.19007
E:\IMG\center_2025_12_07_01_39_44_541.jpg,E:\IMG\left_2025_12_07_01_39_44_541.jpg,E:\IMG\right_2025_12_07_01_39_44_541.jpg,0,1,0,30.19023
E:\IMG\center_2025_12_07_01_39_44_614.jpg,E:\IMG\left_2025_12_07_01_39_44_614.jpg,E:\IMG\right_2025_12_07_01_39_44_614.jpg,0,1,0,30.19028
E:\IMG\center_2025_12_07_01_39_44_697.jpg,E:\IMG\left_2025_12_07_01_39_44_697.jpg,E:\IMG\right_2025_12_07_01_39_44_697.jpg,-0.05,1,0,30.18978
E:\IMG\center_2025_12_07_01_39_44_773.jpg,E:\IMG\left_2025_12_07_01_39_44_773.jpg,E:\IMG\right_2025_12_07_01_39_44_773.jpg,-0.25,1,0,30.17517
E:\IMG\center_2025_12_07_01_39_44_852.jpg,E:\IMG\left_2025_12_07_01_39_44_852.jpg,E:\IMG\right_2025_12_07_01_39_44_852.jpg,0,1,0,30.1889
E:\IMG\center_2025_12_07_01_39_44_927.jpg,E:\IMG\left_2025_12_07_01_39_44_927.jpg,E:\IMG\right_2025_12_07_01_39_44_927.jpg,0,1,0,30.19001
E:\IMG\center_2025_12_07_01_39_44_996.jpg,E:\IMG\left_2025_12_07_01_39_44_996.jpg,E:\IMG\right_2025_12_07_01_39_44_996.jpg,0,1,0,30.19041
E:\IMG\center_2025_12_07_01_39_45_076.jpg,E:\IMG\left_2025_12_07_01_39_45_076.jpg,E:\IMG\right_2025_12_07_01_39_45_076.jpg,-0.15,1,0,30.18523
E:\IMG\center_2025_12_07_01_39_45_147.jpg,E:\IMG\left_2025_12_07_01_39_45_147.jpg,E:\IMG\right_2025_12_07_01_39_45_147.jpg,-0.35,1,0,30.16474
E:\IMG\center_2025_12_07_01_39_45_220.jpg,E:\IMG\left_2025_12_07_01_39_45_220.jpg,E:\IMG\right_2025_12_07_01_39_45_220.jpg,0,1,0,30.17971
E:\IMG\center_2025_12_07_01_39_45_303.jpg,E:\IMG\left_2025_12_07_01_39_45_303.jpg,E:\IMG\right_2025_12_07_01_39_45_303.jpg,0,1,0,30.1888
E:\IMG\center_2025_12_07_01_39_45_377.jpg,E:\IMG\left_2025_12_07_01_39_45_377.jpg,E:\IMG\right_2025_12_07_01_39_45_377.jpg,0,1,0,30.19
E:\IMG\center_2025_12_07_01_39_45_449.jpg,E:\IMG\left_2025_12_07_01_39_45_449.jpg,E:\IMG\right_2025_12_07_01_39_45_449.jpg,0,1,0,30.19027
E:\IMG\center_2025_12_07_01_39_45_532.jpg,E:\IMG\left_2025_12_07_01_39_45_532.jpg,E:\IMG\right_2025_12_07_01_39_45_532.jpg,0,1,0,30.19028
E:\IMG\center_2025_12_07_01_39_45_613.jpg,E:\IMG\left_2025_12_07_01_39_45_613.jpg,E:\IMG\right_2025_12_07_01_39_45_613.jpg,0,1,0,30.19029
E:\IMG\center_2025_12_07_01_39_45_691.jpg,E:\IMG\left_2025_12_07_01_39_45_691.jpg,E:\IMG\right_2025_12_07_01_39_45_691.jpg,0,1,0,30.19028
E:\IMG\center_2025_12_07_01_39_45_769.jpg,E:\IMG\left_2025_12_07_01_39_45_769.jpg,E:\IMG\right_2025_12_07_01_39_45_769.jpg,0,1,0,30.19028
E:\IMG\center_2025_12_07_01_39_45_843.jpg,E:\IMG\left_2025_12_07_01_39_45_843.jpg,E:\IMG\right_2025_12_07_01_39_45_843.jpg,0,1,0,30.19027
E:\IMG\center_2025_12_07_01_39_45_920.jpg,E:\IMG\left_2025_12_07_01_39_45_920.jpg,E:\IMG\right_2025_12_07_01_39_45_920.jpg,0,1,0,30.19029
E:\IMG\center_2025_12_07_01_39_45_988.jpg,E:\IMG\left_2025_12_07_01_39_45_988.jpg,E:\IMG\right_2025_12_07_01_39_45_988.jpg,0,1,0,30.19025
E:\IMG\center_2025_12_07_01_39_46_067.jpg,E:\IMG\left_2025_12_07_01_39_46_067.jpg,E:\IMG\right_2025_12_07_01_39_46_067.jpg,0,1,0,30.1903
E:\IMG\center_2025_12_07_01_39_46_149.jpg,E:\IMG\left_2025_12_07_01_39_46_149.jpg,E:\IMG\right_2025_12_07_01_39_46_149.jpg,-0.15,1,0,30.18447
E:\IMG\center_2025_12_07_01_39_46_222.jpg,E:\IMG\left_2025_12_07_01_39_46_222.jpg,E:\IMG\right_2025_12_07_01_39_46_222.jpg,0,1,0,30.18597
E:\IMG\center_2025_12_07_01_39_46_291.jpg,E:\IMG\left_2025_12_07_01_39_46_291.jpg,E:\IMG\right_2025_12_07_01_39_46_291.jpg,0,1,0,30.18997
E:\IMG\center_2025_12_07_01_39_46_367.jpg,E:\IMG\left_2025_12_07_01_39_46_367.jpg,E:\IMG\right_2025_12_07_01_39_46_367.jpg,0,1,0,30.19022
E:\IMG\center_2025_12_07_01_39_46_439.jpg,E:\IMG\left_2025_12_07_01_39_46_439.jpg,E:\IMG\right_2025_12_07_01_39_46_439.jpg,-0.1,1,0,30.18833
E:\IMG\center_2025_12_07_01_39_46_514.jpg,E:\IMG\left_2025_12_07_01_39_46_514.jpg,E:\IMG\right_2025_12_07_01_39_46_514.jpg,-0.3,1,0,30.17025
E:\IMG\center_2025_12_07_01_39_46_593.jpg,E:\IMG\left_2025_12_07_01_39_46_593.jpg,E:\IMG\right_2025_12_07_01_39_46_593.jpg,-0.5000001,1,0,30.14607
E:\IMG\center_2025_12_07_01_39_46_670.jpg,E:\IMG\left_2025_12_07_01_39_46_670.jpg,E:\IMG\right_2025_12_07_01_39_46_670.jpg,-0.7,1,0,30.1215
E:\IMG\center_2025_12_07_01_39_46_746.jpg,E:\IMG\left_2025_12_07_01_39_46_746.jpg,E:\IMG\right_2025_12_07_01_39_46_746.jpg,0,1,0,30.17514
E:\IMG\center_2025_12_07_01_39_46_821.jpg,E:\IMG\left_2025_12_07_01_39_46_821.jpg,E:\IMG\right_2025_12_07_01_39_46_821.jpg,0,1,0,30.18628
E:\IMG\center_2025_12_07_01_39_46_896.jpg,E:\IMG\left_2025_12_07_01_39_46_896.jpg,E:\IMG\right_2025_12_07_01_39_46_896.jpg,0,0.773473,0,30.1438
E:\IMG\center_2025_12_07_01_39_46_971.jpg,E:\IMG\left_2025_12_07_01_39_46_971.jpg,E:\IMG\right_2025_12_07_01_39_46_971.jpg,0,0.999025,0,30.17025
E:\IMG\center_2025_12_07_01_39_47_044.jpg,E:\IMG\left_2025_12_07_01_39_47_044.jpg,E:\IMG\right_2025_12_07_01_39_47_044.jpg,0,1,0,30.19087
E:\IMG\center_2025_12_07_01_39_47_120.jpg,E:\IMG\left_2025_12_07_01_39_47_120.jpg,E:\IMG\right_2025_12_07_01_39_47_120.jpg,0,1,0,30.19033
E:\IMG\center_2025_12_07_01_39_47_203.jpg,E:\IMG\left_2025_12_07_01_39_47_203.jpg,E:\IMG\right_2025_12_07_01_39_47_203.jpg,0,1,0,30.18972
E:\IMG\center_2025_12_07_01_39_47_278.jpg,E:\IMG\left_2025_12_07_01_39_47_278.jpg,E:\IMG\right_2025_12_07_01_39_47_278.jpg,0,1,0,30.19032
E:\IMG\center_2025_12_07_01_39_47_354.jpg,E:\IMG\left_2025_12_07_01_39_47_354.jpg,E:\IMG\right_2025_12_07_01_39_47_354.jpg,0,1,0,30.19029
E:\IMG\center_2025_12_07_01_39_47_432.jpg,E:\IMG\left_2025_12_07_01_39_47_432.jpg,E:\IMG\right_2025_12_07_01_39_47_432.jpg,0,1,0,30.19028
E:\IMG\center_2025_12_07_01_39_47_505.jpg,E:\IMG\left_2025_12_07_01_39_47_505.jpg,E:\IMG\right_2025_12_07_01_39_47_505.jpg,0,1,0,30.19006
E:\IMG\center_2025_12_07_01_39_47_582.jpg,E:\IMG\left_2025_12_07_01_39_47_582.jpg,E:\IMG\right_2025_12_07_01_39_47_582.jpg,0,1,0,30.19018
E:\IMG\center_2025_12_07_01_39_47_655.jpg,E:\IMG\left_2025_12_07_01_39_47_655.jpg,E:\IMG\right_2025_12_07_01_39_47_655.jpg,0.2,0.779166,0,30.13742
E:\IMG\center_2025_12_07_01_39_47_734.jpg,E:\IMG\left_2025_12_07_01_39_47_734.jpg,E:\IMG\right_2025_12_07_01_39_47_734.jpg,0,0.5455998,0,30.09653
E:\IMG\center_2025_12_07_01_39_47_804.jpg,E:\IMG\left_2025_12_07_01_39_47_804.jpg,E:\IMG\right_2025_12_07_01_39_47_804.jpg,0,0.3342237,0,30.01717
E:\IMG\center_2025_12_07_01_39_47_881.jpg,E:\IMG\left_2025_12_07_01_39_47_881.jpg,E:\IMG\right_2025_12_07_01_39_47_881.jpg,0,0.105903,0,29.96984
E:\IMG\center_2025_12_07_01_39_47_956.jpg,E:\IMG\left_2025_12_07_01_39_47_956.jpg,E:\IMG\right_2025_12_07_01_39_47_956.jpg,0,0,0,29.76033
E:\IMG\center_2025_12_07_01_39_48_042.jpg,E:\IMG\left_2025_12_07_01_39_48_042.jpg,E:\IMG\right_2025_12_07_01_39_48_042.jpg,-0.05,0,0,29.521
E:\IMG\center_2025_12_07_01_39_48_128.jpg,E:\IMG\left_2025_12_07_01_39_48_128.jpg,E:\IMG\right_2025_12_07_01_39_48_128.jpg,0,0.0846495,0,29.23155
E:\IMG\center_2025_12_07_01_39_48_198.jpg,E:\IMG\left_2025_12_07_01_39_48_198.jpg,E:\IMG\right_2025_12_07_01_39_48_198.jpg,0,0.2976009,0,29.17422
E:\IMG\center_2025_12_07_01_39_48_274.jpg,E:\IMG\left_2025_12_07_01_39_48_274.jpg,E:\IMG\right_2025_12_07_01_39_48_274.jpg,0,0.5227983,0,29.32664
E:\IMG\center_2025_12_07_01_39_48_346.jpg,E:\IMG\left_2025_12_07_01_39_48_346.jpg,E:\IMG\right_2025_12_07_01_39_48_346.jpg,0,0.7383186,0,29.72983
E:\IMG\center_2025_12_07_01_39_48_416.jpg,E:\IMG\left_2025_12_07_01_39_48_416.jpg,E:\IMG\right_2025_12_07_01_39_48_416.jpg,0,0.949707,0,30.14509
E:\IMG\center_2025_12_07_01_39_48_483.jpg,E:\IMG\left_2025_12_07_01_39_48_483.jpg,E:\IMG\right_2025_12_07_01_39_48_483.jpg,0,1,0,30.19055
E:\IMG\center_2025_12_07_01_39_48_558.jpg,E:\IMG\left_2025_12_07_01_39_48_558.jpg,E:\IMG\right_2025_12_07_01_39_48_558.jpg,0,1,0,30.19007
E:\IMG\center_2025_12_07_01_39_48_629.jpg,E:\IMG\left_2025_12_07_01_39_48_629.jpg,E:\IMG\right_2025_12_07_01_39_48_629.jpg,-0.15,1,0,30.18423
E:\IMG\center_2025_12_07_01_39_48_699.jpg,E:\IMG\left_2025_12_07_01_39_48_699.jpg,E:\IMG\right_2025_12_07_01_39_48_699.jpg,-0.3,1,0,30.16906
E:\IMG\center_2025_12_07_01_39_48_776.jpg,E:\IMG\left_2025_12_07_01_39_48_776.jpg,E:\IMG\right_2025_12_07_01_39_48_776.jpg,0,1,0,30.1897
E:\IMG\center_2025_12_07_01_39_48_845.jpg,E:\IMG\left_2025_12_07_01_39_48_845.jpg,E:\IMG\right_2025_12_07_01_39_48_845.jpg,0,0.8599906,0,30.15124
E:\IMG\center_2025_12_07_01_39_48_925.jpg,E:\IMG\left_2025_12_07_01_39_48_925.jpg,E:\IMG\right_2025_12_07_01_39_48_925.jpg,0,0.618013,0,30.087
E:\IMG\center_2025_12_07_01_39_49_001.jpg,E:\IMG\left_2025_12_07_01_39_49_001.jpg,E:\IMG\right_2025_12_07_01_39_49_001.jpg,-0.05,0.3885667,0,30.05025
E:\IMG\center_2025_12_07_01_39_49_075.jpg,E:\IMG\left_2025_12_07_01_39_49_075.jpg,E:\IMG\right_2025_12_07_01_39_49_075.jpg,-0.25,0.1707787,0,29.97541
E:\IMG\center_2025_12_07_01_39_49_153.jpg,E:\IMG\left_2025_12_07_01_39_49_153.jpg,E:\IMG\right_2025_12_07_01_39_49_153.jpg,0,0,0,29.71178
E:\IMG\center_2025_12_07_01_39_49_228.jpg,E:\IMG\left_2025_12_07_01_39_49_228.jpg,E:\IMG\right_2025_12_07_01_39_49_228.jpg,0,0,0,29.46593
E:\IMG\center_2025_12_07_01_39_49_304.jpg,E:\IMG\left_2025_12_07_01_39_49_304.jpg,E:\IMG\right_2025_12_07_01_39_49_304.jpg,0,0,0,29.22739
E:\IMG\center_2025_12_07_01_39_49_381.jpg,E:\IMG\left_2025_12_07_01_39_49_381.jpg,E:\IMG\right_2025_12_07_01_39_49_381.jpg,0,0,0,29.05065
E:\IMG\center_2025_12_07_01_39_49_457.jpg,E:\IMG\left_2025_12_07_01_39_49_457.jpg,E:\IMG\right_2025_12_07_01_39_49_457.jpg,-0.1,0,0,28.81483
E:\IMG\center_2025_12_07_01_39_49_532.jpg,E:\IMG\left_2025_12_07_01_39_49_532.jpg,E:\IMG\right_2025_12_07_01_39_49_532.jpg,0,0,0,28.55277
E:\IMG\center_2025_12_07_01_39_49_605.jpg,E:\IMG\left_2025_12_07_01_39_49_605.jpg,E:\IMG\right_2025_12_07_01_39_49_605.jpg,0,0,0,28.32233
E:\IMG\center_2025_12_07_01_39_49_677.jpg,E:\IMG\left_2025_12_07_01_39_49_677.jpg,E:\IMG\right_2025_12_07_01_39_49_677.jpg,0,0,0,28.15107
E:\IMG\center_2025_12_07_01_39_49_752.jpg,E:\IMG\left_2025_12_07_01_39_49_752.jpg,E:\IMG\right_2025_12_07_01_39_49_752.jpg,0,0,0,27.92459
E:\IMG\center_2025_12_07_01_39_49_827.jpg,E:\IMG\left_2025_12_07_01_39_49_827.jpg,E:\IMG\right_2025_12_07_01_39_49_827.jpg,0,0,0,27.70003
E:\IMG\center_2025_12_07_01_39_49_897.jpg,E:\IMG\left_2025_12_07_01_39_49_897.jpg,E:\IMG\right_2025_12_07_01_39_49_897.jpg,0,0,0,27.53281
E:\IMG\center_2025_12_07_01_39_49_980.jpg,E:\IMG\left_2025_12_07_01_39_49_980.jpg,E:\IMG\right_2025_12_07_01_39_49_980.jpg,0,0,0,27.31142
E:\IMG\center_2025_12_07_01_39_50_075.jpg,E:\IMG\left_2025_12_07_01_39_50_075.jpg,E:\IMG\right_2025_12_07_01_39_50_075.jpg,0,0,0,27.0372
E:\IMG\center_2025_12_07_01_39_50_160.jpg,E:\IMG\left_2025_12_07_01_39_50_160.jpg,E:\IMG\right_2025_12_07_01_39_50_160.jpg,-0.2,0,0,26.80142
E:\IMG\center_2025_12_07_01_39_50_241.jpg,E:\IMG\left_2025_12_07_01_39_50_241.jpg,E:\IMG\right_2025_12_07_01_39_50_241.jpg,0,0,0,26.58389
E:\IMG\center_2025_12_07_01_39_50_316.jpg,E:\IMG\left_2025_12_07_01_39_50_316.jpg,E:\IMG\right_2025_12_07_01_39_50_316.jpg,0,0,0,26.36972
E:\IMG\center_2025_12_07_01_39_50_411.jpg,E:\IMG\left_2025_12_07_01_39_50_411.jpg,E:\IMG\right_2025_12_07_01_39_50_411.jpg,0,0,0,26.10481
E:\IMG\center_2025_12_07_01_39_50_509.jpg,E:\IMG\left_2025_12_07_01_39_50_509.jpg,E:\IMG\right_2025_12_07_01_39_50_509.jpg,0,0,0,25.8427
E:\IMG\center_2025_12_07_01_39_50_602.jpg,E:\IMG\left_2025_12_07_01_39_50_602.jpg,E:\IMG\right_2025_12_07_01_39_50_602.jpg,0,0.1942266,0,25.68876
E:\IMG\center_2025_12_07_01_39_50_694.jpg,E:\IMG\left_2025_12_07_01_39_50_694.jpg,E:\IMG\right_2025_12_07_01_39_50_694.jpg,0,0.4691952,0,25.82933
E:\IMG\center_2025_12_07_01_39_50_775.jpg,E:\IMG\left_2025_12_07_01_39_50_775.jpg,E:\IMG\right_2025_12_07_01_39_50_775.jpg,0,0.7121565,0,26.19909
E:\IMG\center_2025_12_07_01_39_50_853.jpg,E:\IMG\left_2025_12_07_01_39_50_853.jpg,E:\IMG\right_2025_12_07_01_39_50_853.jpg,0,0.9482142,0,26.79475
E:\IMG\center_2025_12_07_01_39_50_925.jpg,E:\IMG\left_2025_12_07_01_39_50_925.jpg,E:\IMG\right_2025_12_07_01_39_50_925.jpg,0,0.9342196,0,27.52309
E:\IMG\center_2025_12_07_01_39_51_014.jpg,E:\IMG\left_2025_12_07_01_39_51_014.jpg,E:\IMG\right_2025_12_07_01_39_51_014.jpg,0,0.6674665,0,28.09386
E:\IMG\center_2025_12_07_01_39_51_083.jpg,E:\IMG\left_2025_12_07_01_39_51_083.jpg,E:\IMG\right_2025_12_07_01_39_51_083.jpg,0,0.4618002,0,28.34476
E:\IMG\center_2025_12_07_01_39_51_151.jpg,E:\IMG\left_2025_12_07_01_39_51_151.jpg,E:\IMG\right_2025_12_07_01_39_51_151.jpg,-0.15,0.2577003,0,28.46067
E:\IMG\center_2025_12_07_01_39_51_227.jpg,E:\IMG\left_2025_12_07_01_39_51_227.jpg,E:\IMG\right_2025_12_07_01_39_51_227.jpg,0,0.03007743,0,28.33438
E:\IMG\center_2025_12_07_01_39_51_305.jpg,E:\IMG\left_2025_12_07_01_39_51_305.jpg,E:\IMG\right_2025_12_07_01_39_51_305.jpg,0,0,0,28.11279
E:\IMG\center_2025_12_07_01_39_51_381.jpg,E:\IMG\left_2025_12_07_01_39_51_381.jpg,E:\IMG\right_2025_12_07_01_39_51_381.jpg,0,0,0,27.94335
E:\IMG\center_2025_12_07_01_39_51_460.jpg,E:\IMG\left_2025_12_07_01_39_51_460.jpg,E:\IMG\right_2025_12_07_01_39_51_460.jpg,0,0,0,27.71858
E:\IMG\center_2025_12_07_01_39_51_532.jpg,E:\IMG\left_2025_12_07_01_39_51_532.jpg,E:\IMG\right_2025_12_07_01_39_51_532.jpg,0,0,0,27.49568
E:\IMG\center_2025_12_07_01_39_51_609.jpg,E:\IMG\left_2025_12_07_01_39_51_609.jpg,E:\IMG\right_2025_12_07_01_39_51_609.jpg,0,0,0,27.27459
